station_id,station_name,latitude,longitude,year,month,date,month_id,season,split,rainfall_mm,CCS,CDR,CHIRPS,ERA5,GSMaP_Gauge,GSMaP_MVK,IMERG,LST,NDVI,PDIR,PERSIANN,Distance_Sea_meter,Land_Aspect_Degree_30m,Land_Khulna_SRTM_DEM,Land_Slope_Degree_30m,month_sin,month_cos,raster_x,raster_y,inside_raster_bounds,valid_predictor_count,missing_predictor_count,all_predictors_available
CL504,Dumuria,22.8093,89.4145,2017,1,2017-01-01,2017_01,Winter,train,0.0,1.0,5.44762659072876,3.7757585048675537,0.4241399765014648,0.0,3.242605209350586,0.0010000000474974,22.76499938964844,0.4519999921321869,12.070197105407717,0.0485039800405502,57738.24609375,152.4185333251953,5.504084587097168,1.9329872131347656,0.4999999999999999,0.8660254037844387,89.4145,22.8093,True,15,0,True
CL510,Khulna,22.8319,89.55,2017,1,2017-01-01,2017_01,Winter,train,0.0,1.0,6.215548515319824,4.313318729400635,0.4090563058853149,0.0,2.5015628337860107,1.850521039159503e-05,24.895000457763672,0.3783000111579895,11.374858856201172,0.2605306208133697,56018.875,154.1371307373047,6.754478931427002,2.105170726776123,0.4999999999999999,0.8660254037844387,89.55,22.8319,True,15,0,True
CL515,Paikgacha,22.585,89.3182,2017,1,2017-01-01,2017_01,Winter,train,0.0,0.6250718832015991,4.270296573638916,4.934360027313232,0.3701248466968536,0.0,2.5667271614074707,0.0010000000474974,23.049999237060547,0.2904999852180481,4.497903823852539,0.0,37890.0703125,129.93092346191406,4.656047344207764,1.6002691984176636,0.4999999999999999,0.8660254037844387,89.3182,22.585,True,15,0,True
CL517,Rupsa,22.79,89.59,2017,1,2017-01-01,2017_01,Winter,train,0.0,1.0,6.369730472564697,5.610559463500977,0.3673664629459381,0.0,1.89395534992218,0.0002770677383523,23.170000076293945,0.3680000007152557,12.297443389892578,0.3266940414905548,50599.09375,140.3240509033203,3.7103257179260254,1.5449576377868652,0.4999999999999999,0.8660254037844387,89.59,22.79,True,15,0,True
CL504,Dumuria,22.8093,89.4145,2017,2,2017-02-01,2017_02,Winter,train,0.0,0.0,0.0,5.261413097381592,2.83451247215271,0.456497460603714,2.186530113220215,0.0023738772142678,26.540000915527344,0.5673999786376953,0.0,0.0,57738.24609375,152.4185333251953,5.504084587097168,1.9329872131347656,0.8660254037844386,0.5000000000000001,89.4145,22.8093,True,15,0,True
CL510,Khulna,22.8319,89.55,2017,2,2017-02-01,2017_02,Winter,train,0.0,0.0,0.0,5.011327743530273,3.353447914123535,0.9344951510429382,6.169003009796143,0.0029850888531655,29.075000762939453,0.3811999857425689,0.0,0.0,56018.875,154.1371307373047,6.754478931427002,2.105170726776123,0.8660254037844386,0.5000000000000001,89.55,22.8319,True,15,0,True
CL515,Paikgacha,22.585,89.3182,2017,2,2017-02-01,2017_02,Winter,train,0.0,0.0,0.0,6.224285125732422,2.465494632720948,0.2406346797943115,0.0,0.0058266837149858,26.420000076293945,0.3136999905109405,0.0,0.0,37890.0703125,129.93092346191406,4.656047344207764,1.6002691984176636,0.8660254037844386,0.5000000000000001,89.3182,22.585,True,15,0,True
CL517,Rupsa,22.79,89.59,2017,2,2017-02-01,2017_02,Winter,train,0.0,0.0,0.0,5.437217712402344,3.558164119720459,0.871608316898346,2.106011152267456,0.003000000026077,27.065000534057617,0.3804999887943268,0.0,0.0,50599.09375,140.3240509033203,3.7103257179260254,1.5449576377868652,0.8660254037844386,0.5000000000000001,89.59,22.79,True,15,0,True
CL504,Dumuria,22.8093,89.4145,2017,3,2017-03-01,2017_03,Pre_Monsoon,train,45.3,1.209463119506836,29.185630798339844,46.57527923583984,94.10717010498048,104.29589080810548,40.09891891479492,0.0871526449918747,27.68000030517578,0.6751000285148621,19.1273193359375,4.051131725311279,57738.24609375,152.4185333251953,5.504084587097168,1.9329872131347656,1.0,6.123233995736766e-17,89.4145,22.8093,True,15,0,True
CL510,Khulna,22.8319,89.55,2017,3,2017-03-01,2017_03,Pre_Monsoon,train,82.0,1.942852258682251,29.622970581054688,48.65273284912109,94.20515441894533,111.24446105957033,40.49989318847656,0.0913144126534462,30.98500061035156,0.4691999852657318,18.68099975585937,5.113947868347168,56018.875,154.1371307373047,6.754478931427002,2.105170726776123,1.0,6.123233995736766e-17,89.55,22.8319,True,15,0,True
CL515,Paikgacha,22.585,89.3182,2017,3,2017-03-01,2017_03,Pre_Monsoon,train,72.0,1.12716805934906,43.89655303955078,41.1439208984375,107.8869400024414,100.6636734008789,66.19490051269531,0.0950682163238525,28.1200008392334,0.4146000146865845,10.30284309387207,5.171968460083008,37890.0703125,129.93092346191406,4.656047344207764,1.6002691984176636,1.0,6.123233995736766e-17,89.3182,22.585,True,15,0,True
CL517,Rupsa,22.79,89.59,2017,3,2017-03-01,2017_03,Pre_Monsoon,train,125.1,1.6631284952163696,30.59374046325684,47.63445663452149,96.16213989257812,120.72447967529295,42.67280578613281,0.0954247787594795,27.940000534057617,0.5239999890327454,19.46890640258789,5.505076885223389,50599.09375,140.3240509033203,3.7103257179260254,1.5449576377868652,1.0,6.123233995736766e-17,89.59,22.79,True,15,0,True
CL504,Dumuria,22.8093,89.4145,2017,4,2017-04-01,2017_04,Pre_Monsoon,train,152.3,43.26873397827149,103.59473419189452,91.6747817993164,97.7466049194336,126.94550323486328,315.0303039550781,0.154740035533905,30.549999237060547,0.5590999722480774,71.73521423339844,98.79840087890624,57738.24609375,152.4185333251953,5.504084587097168,1.9329872131347656,0.8660254037844387,-0.4999999999999998,89.4145,22.8093,True,15,0,True
CL510,Khulna,22.8319,89.55,2017,4,2017-04-01,2017_04,Pre_Monsoon,train,106.0,68.10215759277344,117.345458984375,114.84046936035156,109.51277923583984,219.11099243164065,391.9819030761719,0.1763846576213836,32.24333190917969,0.4438000023365021,99.01174926757812,109.3413314819336,56018.875,154.1371307373047,6.754478931427002,2.105170726776123,0.8660254037844387,-0.4999999999999998,89.55,22.8319,True,15,0,True
CL515,Paikgacha,22.585,89.3182,2017,4,2017-04-01,2017_04,Pre_Monsoon,train,197.0,42.360084533691406,93.4624252319336,69.52942657470703,66.47954559326172,84.02977752685547,230.169677734375,0.1245606169104576,29.270000457763672,0.2669000029563904,80.48725128173828,85.29838562011719,37890.0703125,129.93092346191406,4.656047344207764,1.6002691984176636,0.8660254037844387,-0.4999999999999998,89.3182,22.585,True,15,0,True
CL517,Rupsa,22.79,89.59,2017,4,2017-04-01,2017_04,Pre_Monsoon,train,142.1,57.40389633178711,121.46307373046876,115.64031982421876,106.42444610595705,169.7224578857422,415.6298828125,0.1808773577213287,30.676666259765625,0.4422000050544739,98.69358825683594,111.6475830078125,50599.09375,140.3240509033203,3.7103257179260254,1.5449576377868652,0.8660254037844387,-0.4999999999999998,89.59,22.79,True,15,0,True
CL504,Dumuria,22.8093,89.4145,2017,5,2017-05-01,2017_05,Pre_Monsoon,train,6.9,72.28823852539062,122.73860168457033,186.10769653320312,110.27947235107422,187.7878875732422,203.31643676757807,0.1773710548877716,33.290000915527344,0.5008999705314636,127.01284790039062,146.8968505859375,57738.24609375,152.4185333251953,5.504084587097168,1.9329872131347656,0.4999999999999999,-0.8660254037844387,89.4145,22.8093,True,15,0,True
CL510,Khulna,22.8319,89.55,2017,5,2017-05-01,2017_05,Pre_Monsoon,train,234.0,54.54630279541016,128.80113220214844,171.6942901611328,115.32898712158205,180.47027587890625,191.915771484375,0.1816509366035461,34.040000915527344,0.4402999877929687,116.12860870361328,138.62124633789062,56018.875,154.1371307373047,6.754478931427002,2.105170726776123,0.4999999999999999,-0.8660254037844387,89.55,22.8319,True,15,0,True
CL515,Paikgacha,22.585,89.3182,2017,5,2017-05-01,2017_05,Pre_Monsoon,train,194.0,73.09782409667969,115.8418960571289,108.01226043701172,93.9297332763672,168.272705078125,118.43428802490234,0.1612545400857925,29.7549991607666,0.3553999960422516,122.89356994628906,128.08937072753906,37890.0703125,129.93092346191406,4.656047344207764,1.6002691984176636,0.4999999999999999,-0.8660254037844387,89.3182,22.585,True,15,0,True
CL517,Rupsa,22.79,89.59,2017,5,2017-05-01,2017_05,Pre_Monsoon,train,255.7,54.89383316040039,130.46051025390625,158.72430419921875,114.4032211303711,181.1000366210937,187.48475646972656,0.1766168177127838,31.46999931335449,0.4476000070571899,124.32311248779295,134.8761749267578,50599.09375,140.3240509033203,3.7103257179260254,1.5449576377868652,0.4999999999999999,-0.8660254037844387,89.59,22.79,True,15,0,True
CL504,Dumuria,22.8093,89.4145,2017,6,2017-06-01,2017_06,Monsoon,train,114.3,647.1091918945312,416.6460876464844,349.75079345703125,365.14544677734375,376.4000854492188,658.820068359375,0.4731560051441192,32.22999954223633,0.5644000172615051,830.4907836914062,586.4852294921875,57738.24609375,152.4185333251953,5.504084587097168,1.9329872131347656,1.2246467991473532e-16,-1.0,89.4145,22.8093,True,15,0,True
CL510,Khulna,22.8319,89.55,2017,6,2017-06-01,2017_06,Monsoon,train,456.0,728.1311645507812,435.9090270996094,365.2119140625,387.8407897949219,412.4395751953125,728.8864135742188,0.5018065571784973,30.46999931335449,0.4740999937057495,873.6295166015625,627.28955078125,56018.875,154.1371307373047,6.754478931427002,2.105170726776123,1.2246467991473532e-16,-1.0,89.55,22.8319,True,15,0,True
CL515,Paikgacha,22.585,89.3182,2017,6,2017-06-01,2017_06,Monsoon,train,624.0,550.3270874023438,415.4376220703125,339.3491516113281,325.2250366210937,353.0617370605469,324.7289428710937,0.4671918451786041,30.36000061035156,0.3858000040054321,839.0213012695312,541.75048828125,37890.0703125,129.93092346191406,4.656047344207764,1.6002691984176636,1.2246467991473532e-16,-1.0,89.3182,22.585,True,15,0,True
CL517,Rupsa,22.79,89.59,2017,6,2017-06-01,2017_06,Monsoon,train,331.1,648.3245849609375,442.0848083496094,343.17791748046875,389.339111328125,415.3482055664063,709.695068359375,0.5167378783226013,29.729999542236328,0.3526999950408935,851.0066528320312,637.8936767578125,50599.09375,140.3240509033203,3.7103257179260254,1.5449576377868652,1.2246467991473532e-16,-1.0,89.59,22.79,True,15,0,True
CL515,Paikgacha,22.585,89.3182,2017,7,2017-07-01,2017_07,Monsoon,train,687.0,538.3988647460938,551.3002319335938,612.36279296875,483.2467956542969,1055.496337890625,408.9248352050781,0.8365566730499268,26.46999931335449,0.1928000003099441,570.6531372070312,396.4943237304688,37890.0703125,129.93092346191406,4.656047344207764,1.6002691984176636,-0.4999999999999997,-0.8660254037844388,89.3182,22.585,True,15,0,True
CL504,Dumuria,22.8093,89.4145,2017,8,2017-08-01,2017_08,Monsoon,train,165.5,384.5021057128906,422.39208984375,339.9882507324219,353.6378479003906,406.6220397949219,242.43099975585932,0.4356352686882019,31.56999969482422,0.7103999853134155,463.9288635253906,223.63397216796875,57738.24609375,152.4185333251953,5.504084587097168,1.9329872131347656,-0.8660254037844385,-0.5000000000000004,89.4145,22.8093,True,15,0,True
CL504,Dumuria,22.8093,89.4145,2017,9,2017-09-01,2017_09,Monsoon,train,193.6,277.52978515625,280.9236145019531,177.7333221435547,293.8680419921875,253.62730407714844,211.1174774169922,0.3206205368041992,30.58333396911621,0.7276999950408936,389.478271484375,251.2536163330078,57738.24609375,152.4185333251953,5.504084587097168,1.9329872131347656,-1.0,-1.8369701987210292e-16,89.4145,22.8093,True,15,0,True
CL510,Khulna,22.8319,89.55,2017,9,2017-09-01,2017_09,Monsoon,train,213.0,295.5818786621094,291.981689453125,177.11753845214844,288.2962646484375,304.1723937988281,236.9289703369141,0.3283234238624573,32.07666778564453,0.5874000191688538,413.3799133300781,277.8189697265625,56018.875,154.1371307373047,6.754478931427002,2.105170726776123,-1.0,-1.8369701987210292e-16,89.55,22.8319,True,15,0,True
CL515,Paikgacha,22.585,89.3182,2017,9,2017-09-01,2017_09,Monsoon,train,393.0,328.9671630859375,288.8719482421875,205.4071807861328,275.7062072753906,281.2574768066406,194.3035430908203,0.3323100507259369,30.09666633605957,0.336899995803833,471.0258483886719,259.7890625,37890.0703125,129.93092346191406,4.656047344207764,1.6002691984176636,-1.0,-1.8369701987210292e-16,89.3182,22.585,True,15,0,True
CL517,Rupsa,22.79,89.59,2017,9,2017-09-01,2017_09,Monsoon,train,155.3,324.989013671875,295.9418640136719,170.06446838378906,279.5148010253906,294.3345031738281,250.23812866210932,0.331836849451065,30.670000076293945,0.703000009059906,457.5291137695313,287.01666259765625,50599.09375,140.3240509033203,3.7103257179260254,1.5449576377868652,-1.0,-1.8369701987210292e-16,89.59,22.79,True,15,0,True
CL504,Dumuria,22.8093,89.4145,2017,10,2017-10-01,2017_10,Post_Monsoon,train,704.3,212.65689086914065,261.8665466308594,380.276123046875,225.40182495117188,635.1213989257812,296.300048828125,0.5101298093795776,28.88999938964844,0.6050000190734863,243.95187377929688,161.41590881347656,57738.24609375,152.4185333251953,5.504084587097168,1.9329872131347656,-0.8660254037844386,0.5000000000000001,89.4145,22.8093,True,15,0,True
CL510,Khulna,22.8319,89.55,2017,10,2017-10-01,2017_10,Post_Monsoon,train,325.0,184.3636779785156,260.220458984375,339.78253173828125,231.03895568847656,683.4063720703125,296.308349609375,0.5107915997505188,31.209999084472656,0.5372999906539917,245.7198944091797,165.87680053710938,56018.875,154.1371307373047,6.754478931427002,2.105170726776123,-0.8660254037844386,0.5000000000000001,89.55,22.8319,True,15,0,True
CL515,Paikgacha,22.585,89.3182,2017,10,2017-10-01,2017_10,Post_Monsoon,train,442.0,258.1963195800781,285.3441162109375,451.0262451171875,228.94297790527344,626.3214111328125,358.2123413085937,0.5105531215667725,29.049999237060547,0.45660001039505,373.1638793945313,188.4850616455078,37890.0703125,129.93092346191406,4.656047344207764,1.6002691984176636,-0.8660254037844386,0.5000000000000001,89.3182,22.585,True,15,0,True
CL517,Rupsa,22.79,89.59,2017,10,2017-10-01,2017_10,Post_Monsoon,train,435.2,164.8421173095703,260.6370544433594,324.2369384765625,230.16612243652344,673.483642578125,288.310791015625,0.5145132541656494,28.450000762939453,0.6399000287055969,263.0467224121094,168.78781127929688,50599.09375,140.3240509033203,3.7103257179260254,1.5449576377868652,-0.8660254037844386,0.5000000000000001,89.59,22.79,True,15,0,True
CL504,Dumuria,22.8093,89.4145,2017,11,2017-11-01,2017_11,Post_Monsoon,train,0.0,72.15234375,22.87349510192871,25.39308738708496,37.22478866577149,42.53903579711914,122.33871459960938,0.0389610901474952,27.06999969482422,0.6243000030517578,60.961463928222656,69.8961410522461,57738.24609375,152.4185333251953,5.504084587097168,1.9329872131347656,-0.5000000000000004,0.8660254037844384,89.4145,22.8093,True,15,0,True
CL510,Khulna,22.8319,89.55,2017,11,2017-11-01,2017_11,Post_Monsoon,train,25.0,78.78138732910156,21.653053283691406,22.283626556396484,34.9825325012207,37.43382263183594,108.52578735351562,0.0368278846144676,29.200000762939453,0.5275999903678894,61.66868209838867,72.56568908691406,56018.875,154.1371307373047,6.754478931427002,2.105170726776123,-0.5000000000000004,0.8660254037844384,89.55,22.8319,True,15,0,True
CL515,Paikgacha,22.585,89.3182,2017,11,2017-11-01,2017_11,Post_Monsoon,train,11.0,35.83383560180664,23.184648513793945,35.25038146972656,47.64273452758789,43.10091400146485,100.88385772705078,0.0422817729413509,26.584999084472656,0.4970000088214874,47.08773040771485,62.07557678222656,37890.0703125,129.93092346191406,4.656047344207764,1.6002691984176636,-0.5000000000000004,0.8660254037844384,89.3182,22.585,True,15,0,True
CL517,Rupsa,22.79,89.59,2017,11,2017-11-01,2017_11,Post_Monsoon,train,4.2,58.343353271484375,21.27427101135254,24.18739891052246,35.8795280456543,36.544189453125,103.01563262939452,0.0356489121913909,27.09000015258789,0.661899983882904,60.3642692565918,72.8897705078125,50599.09375,140.3240509033203,3.7103257179260254,1.5449576377868652,-0.5000000000000004,0.8660254037844384,89.59,22.79,True,15,0,True
CL504,Dumuria,22.8093,89.4145,2017,12,2017-12-01,2017_12,Winter,train,10.0,4.611607074737549,55.47282409667969,19.722244262695312,85.63365936279297,100.35997772216795,113.23121643066406,0.0676656514406204,23.9950008392334,0.5519999861717224,14.449459075927734,24.818883895874023,57738.24609375,152.4185333251953,5.504084587097168,1.9329872131347656,-2.4492935982947064e-16,1.0,89.4145,22.8093,True,15,0,True
CL510,Khulna,22.8319,89.55,2017,12,2017-12-01,2017_12,Winter,train,45.0,1.732926368713379,59.73414611816406,19.228979110717773,91.42705535888672,96.0325164794922,115.54519653320312,0.0715307220816612,25.84499931335449,0.4629000127315521,16.719602584838867,26.50066566467285,56018.875,154.1371307373047,6.754478931427002,2.105170726776123,-2.4492935982947064e-16,1.0,89.55,22.8319,True,15,0,True
CL515,Paikgacha,22.585,89.3182,2017,12,2017-12-01,2017_12,Winter,train,28.0,8.38501262664795,58.56445693969727,21.79868507385254,81.52603912353516,101.66263580322266,122.98485565185548,0.0700422823429107,23.225000381469727,0.4557999968528747,25.889951705932617,37.76728820800781,37890.0703125,129.93092346191406,4.656047344207764,1.6002691984176636,-2.4492935982947064e-16,1.0,89.3182,22.585,True,15,0,True
CL517,Rupsa,22.79,89.59,2017,12,2017-12-01,2017_12,Winter,train,23.7,2.230647325515747,61.33688735961914,15.139525413513184,92.8871078491211,96.50182342529295,117.0418701171875,0.074529230594635,24.57999992370605,0.4796000123023987,15.268487930297852,27.827587127685547,50599.09375,140.3240509033203,3.7103257179260254,1.5449576377868652,-2.4492935982947064e-16,1.0,89.59,22.79,True,15,0,True
CL504,Dumuria,22.8093,89.4145,2018,1,2018-01-01,2018_01,Winter,train,0.0,1.1265356540679932,5.91526985168457,5.197333812713623,0.0219406653195619,0.0,4.273915767669678,0.0,21.375,0.4765999913215637,6.0,19.649808883666992,57738.24609375,152.4185333251953,5.504084587097168,1.9329872131347656,0.4999999999999999,0.8660254037844387,89.4145,22.8093,True,15,0,True
CL510,Khulna,22.8319,89.55,2018,1,2018-01-01,2018_01,Winter,train,0.0,1.1568297147750854,6.857882022857666,5.833812713623047,0.0314911268651485,0.0,0.1025792732834816,0.0,23.059999465942383,0.425599992275238,5.72236442565918,22.314428329467773,56018.875,154.1371307373047,6.754478931427002,2.105170726776123,0.4999999999999999,0.8660254037844387,89.55,22.8319,True,15,0,True
CL515,Paikgacha,22.585,89.3182,2018,1,2018-01-01,2018_01,Winter,train,0.0,1.7965545654296875,7.493883609771728,6.605417251586914,0.0025390104856342,0.0,1.312245488166809,0.0003541142796166,21.31999969482422,0.3454999923706054,5.0,23.02764129638672,37890.0703125,129.93092346191406,4.656047344207764,1.6002691984176636,0.4999999999999999,0.8660254037844387,89.3182,22.585,True,15,0,True
CL517,Rupsa,22.79,89.59,2018,1,2018-01-01,2018_01,Winter,train,0.0,3.0955519676208496,7.251952171325684,7.445221900939941,0.0286123473197221,0.0,0.0,0.0,21.51499938964844,0.3039999902248382,5.423454284667969,23.364879608154297,50599.09375,140.3240509033203,3.7103257179260254,1.5449576377868652,0.4999999999999999,0.8660254037844387,89.59,22.79,True,15,0,True
CL504,Dumuria,22.8093,89.4145,2018,2,2018-02-01,2018_02,Winter,train,0.0,5.790536880493164,7.283226013183594,14.95350742340088,2.0538601875305176,1.5220255851745603,1.5053554773330688,0.0043890746310353,26.670000076293945,0.5884000062942505,41.64653015136719,1.8923341035842896,57738.24609375,152.4185333251953,5.504084587097168,1.9329872131347656,0.8660254037844386,0.5000000000000001,89.4145,22.8093,True,15,0,True
CL510,Khulna,22.8319,89.55,2018,2,2018-02-01,2018_02,Winter,train,0.0,13.338417053222656,7.154187202453613,15.370426177978516,2.129473924636841,1.264338493347168,3.720142364501953,0.0046115703880786,28.809999465942383,0.3722000122070312,44.03156661987305,2.837773323059082,56018.875,154.1371307373047,6.754478931427002,2.105170726776123,0.8660254037844386,0.5000000000000001,89.55,22.8319,True,15,0,True
CL515,Paikgacha,22.585,89.3182,2018,2,2018-02-01,2018_02,Winter,train,0.0,10.052699089050291,7.525013446807861,17.710479736328125,0.8872508406639099,3.190953016281128,2.662322521209717,0.0031346855685114,26.59000015258789,0.2818999886512756,20.31587791442871,1.9767096042633057,37890.0703125,129.93092346191406,4.656047344207764,1.6002691984176636,0.8660254037844386,0.5000000000000001,89.3182,22.585,True,15,0,True
CL517,Rupsa,22.79,89.59,2018,2,2018-02-01,2018_02,Winter,train,0.0,12.813676834106444,7.1391215324401855,16.719959259033203,1.852971434593201,1.0692157745361328,3.6726365089416495,0.0039903270080685,27.239999771118164,0.3163999915122986,37.87271881103516,3.1712217330932617,50599.09375,140.3240509033203,3.7103257179260254,1.5449576377868652,0.8660254037844386,0.5000000000000001,89.59,22.79,True,15,0,True
CL504,Dumuria,22.8093,89.4145,2018,3,2018-03-01,2018_03,Pre_Monsoon,train,0.0,12.629868507385254,21.86729049682617,20.11363410949707,26.34144592285156,3.8586556911468506,8.935731887817383,0.0073969797231256,29.315000534057617,0.6703000068664551,24.838987350463867,49.26505279541016,57738.24609375,152.4185333251953,5.504084587097168,1.9329872131347656,1.0,6.123233995736766e-17,89.4145,22.8093,True,15,0,True
CL510,Khulna,22.8319,89.55,2018,3,2018-03-01,2018_03,Pre_Monsoon,train,0.0,10.110243797302246,19.22600746154785,21.344337463378903,25.59630012512207,2.794963121414185,6.595705509185791,0.0078057856298983,31.7450008392334,0.4417000114917755,33.72540664672852,42.62214279174805,56018.875,154.1371307373047,6.754478931427002,2.105170726776123,1.0,6.123233995736766e-17,89.55,22.8319,True,15,0,True
CL515,Paikgacha,22.585,89.3182,2018,3,2018-03-01,2018_03,Pre_Monsoon,train,8.0,13.629263877868652,17.7386417388916,17.985321044921875,23.98200798034668,5.30031156539917,16.41109848022461,0.0078390836715698,29.450000762939453,0.3783999979496002,44.81967544555664,55.293216705322266,37890.0703125,129.93092346191406,4.656047344207764,1.6002691984176636,1.0,6.123233995736766e-17,89.3182,22.585,True,15,0,True
CL517,Rupsa,22.79,89.59,2018,3,2018-03-01,2018_03,Pre_Monsoon,train,6.4,8.94234561920166,18.10857009887696,21.469669342041016,25.22909164428711,2.5693068504333496,7.121716499328613,0.0073566297069191,30.13999938964844,0.4478000104427337,34.49919128417969,40.54605102539063,50599.09375,140.3240509033203,3.7103257179260254,1.5449576377868652,1.0,6.123233995736766e-17,89.59,22.79,True,15,0,True
CL504,Dumuria,22.8093,89.4145,2018,4,2018-04-01,2018_04,Pre_Monsoon,train,115.0,86.9499740600586,163.87643432617188,120.14558410644533,138.99154663085938,137.2021026611328,418.5176086425781,0.176693320274353,29.0766658782959,0.5842000246047974,217.07052612304688,209.0193634033203,57738.24609375,152.4185333251953,5.504084587097168,1.9329872131347656,0.8660254037844387,-0.4999999999999998,89.4145,22.8093,True,15,0,True
CL510,Khulna,22.8319,89.55,2018,4,2018-04-01,2018_04,Pre_Monsoon,train,135.0,139.17620849609375,177.19317626953125,124.87223052978516,153.82005310058594,131.45480346679688,326.0818176269531,0.1864554584026336,31.196666717529297,0.4896000027656555,228.09634399414065,214.8697967529297,56018.875,154.1371307373047,6.754478931427002,2.105170726776123,0.8660254037844387,-0.4999999999999998,89.55,22.8319,True,15,0,True
CL515,Paikgacha,22.585,89.3182,2018,4,2018-04-01,2018_04,Pre_Monsoon,train,109.0,102.34127044677734,176.89503479003906,116.88951110839844,114.37767028808594,106.6410675048828,301.569580078125,0.1447974592447281,30.15666580200196,0.4083000123500824,303.0728759765625,205.3491973876953,37890.0703125,129.93092346191406,4.656047344207764,1.6002691984176636,0.8660254037844387,-0.4999999999999998,89.3182,22.585,True,15,0,True
CL517,Rupsa,22.79,89.59,2018,4,2018-04-01,2018_04,Pre_Monsoon,train,108.9,121.3461456298828,182.31411743164065,121.1283721923828,152.81192016601562,135.6471710205078,299.5727844238281,0.1803554147481918,30.06333351135254,0.479200005531311,221.0574951171875,216.9765014648437,50599.09375,140.3240509033203,3.7103257179260254,1.5449576377868652,0.8660254037844387,-0.4999999999999998,89.59,22.79,True,15,0,True
CL504,Dumuria,22.8093,89.4145,2018,5,2018-05-01,2018_05,Pre_Monsoon,train,237.2,98.4189453125,245.2681884765625,229.13705444335932,309.84619140625,236.4146270751953,312.1781311035156,0.2959136664867401,29.31999969482422,0.555899977684021,168.8253631591797,176.12583923339844,57738.24609375,152.4185333251953,5.504084587097168,1.9329872131347656,0.4999999999999999,-0.8660254037844387,89.4145,22.8093,True,15,0,True
CL510,Khulna,22.8319,89.55,2018,5,2018-05-01,2018_05,Pre_Monsoon,train,220.0,122.40364837646484,295.4701232910156,235.84312438964844,324.2228088378906,287.7333068847656,347.10498046875,0.3061155378818512,28.325000762939453,0.3156000077724457,194.16102600097656,205.3544769287109,56018.875,154.1371307373047,6.754478931427002,2.105170726776123,0.4999999999999999,-0.8660254037844387,89.55,22.8319,True,15,0,True
CL515,Paikgacha,22.585,89.3182,2018,5,2018-05-01,2018_05,Pre_Monsoon,train,109.0,68.78239440917969,217.25393676757807,143.76255798339844,285.6752014160156,227.3541717529297,210.1484222412109,0.2896054089069366,25.559999465942383,0.4083999991416931,127.82805633544922,159.53831481933594,37890.0703125,129.93092346191406,4.656047344207764,1.6002691984176636,0.4999999999999999,-0.8660254037844387,89.3182,22.585,True,15,0,True
CL517,Rupsa,22.79,89.59,2018,5,2018-05-01,2018_05,Pre_Monsoon,train,174.5,94.85311889648438,310.041015625,226.692123413086,322.1883544921875,287.3013916015625,388.4598083496094,0.3092277348041534,27.020000457763672,0.4126000106334686,169.0443115234375,213.95480346679688,50599.09375,140.3240509033203,3.7103257179260254,1.5449576377868652,0.4999999999999999,-0.8660254037844387,89.59,22.79,True,15,0,True
CL515,Paikgacha,22.585,89.3182,2018,6,2018-06-01,2018_06,Monsoon,train,148.0,435.0530395507813,382.3494567871094,297.0251159667969,325.39019775390625,389.65576171875,374.1551513671875,0.4567264318466186,28.549999237060547,0.4828999936580658,530.3423461914062,389.3890380859375,37890.0703125,129.93092346191406,4.656047344207764,1.6002691984176636,1.2246467991473532e-16,-1.0,89.3182,22.585,True,15,0,True
CL517,Rupsa,22.79,89.59,2018,6,2018-06-01,2018_06,Monsoon,train,224.3,357.7212829589844,353.22784423828125,249.811279296875,354.26287841796875,396.7462463378906,328.1847839355469,0.4312188327312469,28.01000022888184,0.4704000055789947,406.6408386230469,313.1982727050781,50599.09375,140.3240509033203,3.7103257179260254,1.5449576377868652,1.2246467991473532e-16,-1.0,89.59,22.79,True,15,0,True
CL515,Paikgacha,22.585,89.3182,2018,7,2018-07-01,2018_07,Monsoon,train,425.0,361.5401916503906,397.0032958984375,407.9876403808594,364.8565368652344,465.7307739257813,229.9093170166016,0.5775142908096313,29.950000762939453,0.321399986743927,423.7251586914063,257.2324523925781,37890.0703125,129.93092346191406,4.656047344207764,1.6002691984176636,-0.4999999999999997,-0.8660254037844388,89.3182,22.585,True,15,0,True
CL517,Rupsa,22.79,89.59,2018,7,2018-07-01,2018_07,Monsoon,train,428.5,319.57672119140625,384.6000671386719,337.9445495605469,348.9808654785156,539.8223266601562,156.66937255859375,0.5549994707107544,31.56999969482422,0.4704000055789947,380.8208312988281,263.2802734375,50599.09375,140.3240509033203,3.7103257179260254,1.5449576377868652,-0.4999999999999997,-0.8660254037844388,89.59,22.79,True,15,0,True
CL504,Dumuria,22.8093,89.4145,2018,9,2018-09-01,2018_09,Monsoon,train,11.3,361.9353637695313,176.90936279296875,133.72836303710938,154.92355346679688,168.3668975830078,86.3232650756836,0.1948430091142654,31.325000762939453,0.7135000228881836,207.5001678466797,101.92501068115234,57738.24609375,152.4185333251953,5.504084587097168,1.9329872131347656,-1.0,-1.8369701987210292e-16,89.4145,22.8093,True,15,0,True
CL510,Khulna,22.8319,89.55,2018,9,2018-09-01,2018_09,Monsoon,train,165.0,190.0856170654297,186.2277984619141,142.50267028808594,156.71168518066406,158.94674682617188,84.50365447998047,0.1896241605281829,33.45000076293945,0.6460000276565552,214.1080474853516,113.24427032470705,56018.875,154.1371307373047,6.754478931427002,2.105170726776123,-1.0,-1.8369701987210292e-16,89.55,22.8319,True,15,0,True
CL515,Paikgacha,22.585,89.3182,2018,9,2018-09-01,2018_09,Monsoon,train,193.0,317.2606811523437,168.80950927734375,156.59947204589844,171.08984375,216.18960571289065,116.06764221191406,0.2479679733514785,31.670000076293945,0.4490000009536743,306.7428283691406,93.73421478271484,37890.0703125,129.93092346191406,4.656047344207764,1.6002691984176636,-1.0,-1.8369701987210292e-16,89.3182,22.585,True,15,0,True
CL517,Rupsa,22.79,89.59,2018,9,2018-09-01,2018_09,Monsoon,train,122.0,186.2533416748047,188.3837127685547,140.05548095703125,162.10243225097656,146.48207092285156,92.9311981201172,0.1903461962938308,31.690000534057617,0.6184999942779541,237.4139709472656,116.07962036132812,50599.09375,140.3240509033203,3.7103257179260254,1.5449576377868652,-1.0,-1.8369701987210292e-16,89.59,22.79,True,15,0,True
CL504,Dumuria,22.8093,89.4145,2018,10,2018-10-01,2018_10,Post_Monsoon,train,13.8,131.84066772460938,125.63916015625,78.20376586914062,112.93463134765624,62.64633941650391,111.9329071044922,0.1275192201137542,29.8700008392334,0.6366999745368958,105.94049835205078,81.69148254394531,57738.24609375,152.4185333251953,5.504084587097168,1.9329872131347656,-0.8660254037844386,0.5000000000000001,89.4145,22.8093,True,15,0,True
CL510,Khulna,22.8319,89.55,2018,10,2018-10-01,2018_10,Post_Monsoon,train,46.0,105.96307373046876,135.79977416992188,81.39015197753906,119.92157745361328,67.04487609863281,127.82096862792967,0.1322669833898544,32.1966667175293,0.5503000020980835,99.67229461669922,84.92079162597656,56018.875,154.1371307373047,6.754478931427002,2.105170726776123,-0.8660254037844386,0.5000000000000001,89.55,22.8319,True,15,0,True
CL515,Paikgacha,22.585,89.3182,2018,10,2018-10-01,2018_10,Post_Monsoon,train,91.0,270.8419494628906,132.67425537109375,83.10797119140625,125.94392395019533,74.30016326904297,172.8807373046875,0.1436417698860168,28.956666946411133,0.4401000142097473,105.6264190673828,98.31961059570312,37890.0703125,129.93092346191406,4.656047344207764,1.6002691984176636,-0.8660254037844386,0.5000000000000001,89.3182,22.585,True,15,0,True
CL517,Rupsa,22.79,89.59,2018,10,2018-10-01,2018_10,Post_Monsoon,train,42.4,87.72509002685547,139.40325927734375,77.83061981201172,126.26914978027344,69.57530975341797,148.5811767578125,0.137933924794197,28.94333267211914,0.6492000222206116,99.61141204833984,86.79641723632812,50599.09375,140.3240509033203,3.7103257179260254,1.5449576377868652,-0.8660254037844386,0.5000000000000001,89.59,22.79,True,15,0,True
CL504,Dumuria,22.8093,89.4145,2018,11,2018-11-01,2018_11,Post_Monsoon,train,0.0,2.2804503440856934,2.635737180709839,5.104951858520508,4.306020259857178,0.0938021466135978,6.752465724945068,0.0023659721482545,26.565000534057617,0.6096000075340271,8.308619499206543,0.3847914338111877,57738.24609375,152.4185333251953,5.504084587097168,1.9329872131347656,-0.5000000000000004,0.8660254037844384,89.4145,22.8093,True,15,0,True
CL510,Khulna,22.8319,89.55,2018,11,2018-11-01,2018_11,Post_Monsoon,train,0.0,0.942852258682251,3.631190538406372,5.125629425048828,4.213407039642334,0.0874587371945381,5.324394702911377,0.0020000000949949,29.625,0.4891999959945678,3.9363417625427246,0.1639564931392669,56018.875,154.1371307373047,6.754478931427002,2.105170726776123,-0.5000000000000004,0.8660254037844384,89.55,22.8319,True,15,0,True
CL515,Paikgacha,22.585,89.3182,2018,11,2018-11-01,2018_11,Post_Monsoon,train,0.0,3.1402032375335693,1.927213788032532,6.127057075500488,4.521761417388916,0.4189072251319885,3.219377040863037,0.0047082286328077,26.69499969482422,0.3980000019073486,6.434661388397217,0.0852551311254501,37890.0703125,129.93092346191406,4.656047344207764,1.6002691984176636,-0.5000000000000004,0.8660254037844384,89.3182,22.585,True,15,0,True
CL517,Rupsa,22.79,89.59,2018,11,2018-11-01,2018_11,Post_Monsoon,train,0.0,1.0,3.90334677696228,4.89740514755249,4.077657222747803,0.1165056824684143,2.669713020324707,0.0020000000949949,27.270000457763672,0.6262000203132629,2.9120593070983887,0.0713598653674125,50599.09375,140.3240509033203,3.7103257179260254,1.5449576377868652,-0.5000000000000004,0.8660254037844384,89.59,22.79,True,15,0,True
CL504,Dumuria,22.8093,89.4145,2018,12,2018-12-01,2018_12,Winter,train,0.0,1.0,12.426512718200684,5.179353713989258,26.25770378112793,18.56561279296875,23.77835273742676,0.0169920958578586,23.59000015258789,0.5471000075340271,8.9992094039917,0.225779578089714,57738.24609375,152.4185333251953,5.504084587097168,1.9329872131347656,-2.4492935982947064e-16,1.0,89.4145,22.8093,True,15,0,True
CL510,Khulna,22.8319,89.55,2018,12,2018-12-01,2018_12,Winter,train,0.0,1.673904538154602,10.15096664428711,4.14420747756958,22.824670791625977,23.73829460144043,20.25422096252441,0.0150334173813462,25.38999938964844,0.4084999859333038,12.9496488571167,0.469610184431076,56018.875,154.1371307373047,6.754478931427002,2.105170726776123,-2.4492935982947064e-16,1.0,89.55,22.8319,True,15,0,True
CL515,Paikgacha,22.585,89.3182,2018,12,2018-12-01,2018_12,Winter,train,0.0,1.0,13.450295448303224,6.22412633895874,18.21887588500977,16.8781795501709,26.608766555786133,0.0170885752886533,22.25,0.4250999987125397,15.610336303710938,0.1700000017881393,37890.0703125,129.93092346191406,4.656047344207764,1.6002691984176636,-2.4492935982947064e-16,1.0,89.3182,22.585,True,15,0,True
CL517,Rupsa,22.79,89.59,2018,12,2018-12-01,2018_12,Winter,train,0.0,11.279102325439451,9.488773345947266,2.838512897491455,19.717416763305664,22.0574893951416,23.75055885314941,0.0147229330614209,23.46500015258789,0.4535000026226043,16.78449058532715,0.5456981062889099,50599.09375,140.3240509033203,3.7103257179260254,1.5449576377868652,-2.4492935982947064e-16,1.0,89.59,22.79,True,15,0,True
CL504,Dumuria,22.8093,89.4145,2019,1,2019-01-01,2019_01,Winter,train,0.0,0.0,0.1825441420078277,3.717154502868652,0.6205214858055115,0.0,0.5792600512504578,0.0056261229328811,23.459999084472656,0.4560000002384186,11.634710311889648,0.0,57738.24609375,152.4185333251953,5.504084587097168,1.9329872131347656,0.4999999999999999,0.8660254037844387,89.4145,22.8093,True,15,0,True
CL510,Khulna,22.8319,89.55,2019,1,2019-01-01,2019_01,Winter,train,0.0,0.0,0.0515377260744571,4.65851354598999,0.5267146229743958,0.0,0.0359944105148315,0.0056151645258069,25.27499961853028,0.3876999914646148,9.934164047241213,0.0,56018.875,154.1371307373047,6.754478931427002,2.105170726776123,0.4999999999999999,0.8660254037844387,89.55,22.8319,True,15,0,True
CL515,Paikgacha,22.585,89.3182,2019,1,2019-01-01,2019_01,Winter,train,0.0,0.0,0.7108795046806335,4.913541316986084,0.4428599178791046,0.0,0.5791622996330261,0.0051084551960229,23.040000915527344,0.3720999956130981,26.82262420654297,0.0,37890.0703125,129.93092346191406,4.656047344207764,1.6002691984176636,0.4999999999999999,0.8660254037844387,89.3182,22.585,True,15,0,True
CL517,Rupsa,22.79,89.59,2019,1,2019-01-01,2019_01,Winter,train,0.0,0.0,0.0545430481433868,6.251903057098389,0.4386868178844452,0.0,0.0676663666963577,0.0044361916370689,23.28499984741211,0.3082000017166137,8.007495880126953,0.0,50599.09375,140.3240509033203,3.7103257179260254,1.5449576377868652,0.4999999999999999,0.8660254037844387,89.59,22.79,True,15,0,True
CL504,Dumuria,22.8093,89.4145,2019,2,2019-02-01,2019_02,Winter,train,152.0,16.694303512573242,82.42486572265625,43.71076965332031,43.69967269897461,126.61517333984376,171.4614715576172,0.1667978763580322,25.48500061035156,0.5070000290870667,44.305809020996094,99.78797912597656,57738.24609375,152.4185333251953,5.504084587097168,1.9329872131347656,0.8660254037844386,0.5000000000000001,89.4145,22.8093,True,15,0,True
CL510,Khulna,22.8319,89.55,2019,2,2019-02-01,2019_02,Winter,train,170.0,14.603432655334473,76.31845092773438,41.83624649047852,42.1331787109375,118.49359893798828,174.11524963378906,0.1634254455566406,27.780000686645508,0.3454999923706054,34.53907012939453,60.8570442199707,56018.875,154.1371307373047,6.754478931427002,2.105170726776123,0.8660254037844386,0.5000000000000001,89.55,22.8319,True,15,0,True
CL515,Paikgacha,22.585,89.3182,2019,2,2019-02-01,2019_02,Winter,train,128.0,16.2946834564209,104.20658111572266,62.48475646972656,49.72964859008789,142.88717651367188,166.68798828125,0.159739688038826,24.55500030517578,0.3668999969959259,30.44951438903809,114.89615631103516,37890.0703125,129.93092346191406,4.656047344207764,1.6002691984176636,0.8660254037844386,0.5000000000000001,89.3182,22.585,True,15,0,True
CL517,Rupsa,22.79,89.59,2019,2,2019-02-01,2019_02,Winter,train,130.0,12.259575843811035,75.57876586914062,42.22710037231445,42.08365631103516,122.9947509765625,138.4283905029297,0.1631151884794235,25.75,0.3068000078201294,39.12459564208984,49.50856018066406,50599.09375,140.3240509033203,3.7103257179260254,1.5449576377868652,0.8660254037844386,0.5000000000000001,89.59,22.79,True,15,0,True
CL504,Dumuria,22.8093,89.4145,2019,3,2019-03-01,2019_03,Pre_Monsoon,train,45.0,26.44552230834961,85.10118865966797,79.23628997802734,54.143463134765625,73.5520248413086,317.0106201171875,0.0925737991929054,28.229999542236328,0.6685000061988831,76.98141479492188,82.86100006103516,57738.24609375,152.4185333251953,5.504084587097168,1.9329872131347656,1.0,6.123233995736766e-17,89.4145,22.8093,True,15,0,True
CL510,Khulna,22.8319,89.55,2019,3,2019-03-01,2019_03,Pre_Monsoon,train,70.3,21.04499244689941,84.15049743652344,83.7524185180664,50.186859130859375,71.44419860839844,252.664779663086,0.0964205935597419,30.88999938964844,0.4160999953746795,80.69213104248047,66.05557250976562,56018.875,154.1371307373047,6.754478931427002,2.105170726776123,1.0,6.123233995736766e-17,89.55,22.8319,True,15,0,True
CL515,Paikgacha,22.585,89.3182,2019,3,2019-03-01,2019_03,Pre_Monsoon,train,65.0,23.77343368530273,81.37117004394531,67.2591781616211,52.82745742797852,71.45640563964844,295.6331787109375,0.1035407856106758,27.645000457763672,0.4444000124931335,74.93256378173828,70.78363037109375,37890.0703125,129.93092346191406,4.656047344207764,1.6002691984176636,1.0,6.123233995736766e-17,89.3182,22.585,True,15,0,True
CL517,Rupsa,22.79,89.59,2019,3,2019-03-01,2019_03,Pre_Monsoon,train,71.6,22.37624168395996,83.46630859375,84.42539978027344,46.11064147949219,69.79703521728516,256.6689453125,0.089808389544487,28.670000076293945,0.4381999969482422,77.27621459960938,59.70769882202149,50599.09375,140.3240509033203,3.7103257179260254,1.5449576377868652,1.0,6.123233995736766e-17,89.59,22.79,True,15,0,True
CL504,Dumuria,22.8093,89.4145,2019,4,2019-04-01,2019_04,Pre_Monsoon,train,14.9,42.556396484375,139.5366973876953,96.86924743652344,121.1553726196289,89.8484878540039,357.9970092773437,0.1569364815950393,30.31666755676269,0.642799973487854,90.77499389648438,251.7279052734375,57738.24609375,152.4185333251953,5.504084587097168,1.9329872131347656,0.8660254037844387,-0.4999999999999998,89.4145,22.8093,True,15,0,True
CL510,Khulna,22.8319,89.55,2019,4,2019-04-01,2019_04,Pre_Monsoon,train,61.0,51.091156005859375,134.27978515625,105.43063354492188,137.13092041015625,85.60820007324219,376.7307739257813,0.1647684276103973,32.61000061035156,0.4471000134944916,102.57684326171876,214.38015747070312,56018.875,154.1371307373047,6.754478931427002,2.105170726776123,0.8660254037844387,-0.4999999999999998,89.55,22.8319,True,15,0,True
CL515,Paikgacha,22.585,89.3182,2019,4,2019-04-01,2019_04,Pre_Monsoon,train,75.0,24.67131233215332,94.13581085205078,90.57523345947266,96.51605224609376,76.57990264892578,236.66357421875,0.1445819437503814,29.64999961853028,0.4212999939918518,77.13487243652344,191.4016876220703,37890.0703125,129.93092346191406,4.656047344207764,1.6002691984176636,0.8660254037844387,-0.4999999999999998,89.3182,22.585,True,15,0,True
CL517,Rupsa,22.79,89.59,2019,4,2019-04-01,2019_04,Pre_Monsoon,train,46.3,35.98655319213867,129.48573303222656,107.05948638916016,137.06532287597656,87.20492553710938,341.1463623046875,0.1601702123880386,31.023332595825195,0.4918000102043152,84.35684967041016,197.957748413086,50599.09375,140.3240509033203,3.7103257179260254,1.5449576377868652,0.8660254037844387,-0.4999999999999998,89.59,22.79,True,15,0,True
CL504,Dumuria,22.8093,89.4145,2019,5,2019-05-01,2019_05,Pre_Monsoon,train,104.2,126.29825592041016,177.437255859375,178.4278106689453,110.64618682861328,184.3710479736328,174.87696838378906,0.1945917308330536,32.05500030517578,0.4810999929904938,138.68212890625,224.6591033935547,57738.24609375,152.4185333251953,5.504084587097168,1.9329872131347656,0.4999999999999999,-0.8660254037844387,89.4145,22.8093,True,15,0,True
CL510,Khulna,22.8319,89.55,2019,5,2019-05-01,2019_05,Pre_Monsoon,train,79.0,114.8548812866211,187.68551635742188,179.9637451171875,120.10527801513672,245.01124572753903,182.4253845214844,0.1967208236455917,32.599998474121094,0.447299987077713,137.48379516601562,188.4029541015625,56018.875,154.1371307373047,6.754478931427002,2.105170726776123,0.4999999999999999,-0.8660254037844387,89.55,22.8319,True,15,0,True
CL515,Paikgacha,22.585,89.3182,2019,5,2019-05-01,2019_05,Pre_Monsoon,train,87.0,104.44554138183594,162.92367553710938,112.49920654296876,78.48780059814453,158.14646911621094,170.62620544433594,0.2010212838649749,29.540000915527344,0.4083999991416931,149.00564575195312,183.03082275390625,37890.0703125,129.93092346191406,4.656047344207764,1.6002691984176636,0.4999999999999999,-0.8660254037844387,89.3182,22.585,True,15,0,True
CL517,Rupsa,22.79,89.59,2019,5,2019-05-01,2019_05,Pre_Monsoon,train,109.9,104.49789428710938,190.14874267578125,175.85841369628906,115.37735748291016,224.0933380126953,184.71763610839844,0.1988806575536728,30.6299991607666,0.4009999930858612,143.4581756591797,173.87855529785156,50599.09375,140.3240509033203,3.7103257179260254,1.5449576377868652,0.4999999999999999,-0.8660254037844387,89.59,22.79,True,15,0,True
CL504,Dumuria,22.8093,89.4145,2019,6,2019-06-01,2019_06,Monsoon,train,51.1,143.39854431152344,190.77850341796875,186.74449157714844,291.49761962890625,181.3670654296875,137.80140686035156,0.2701949775218963,29.96999931335449,0.5192000269889832,211.9536895751953,374.11712646484375,57738.24609375,152.4185333251953,5.504084587097168,1.9329872131347656,1.2246467991473532e-16,-1.0,89.4145,22.8093,True,15,0,True
CL510,Khulna,22.8319,89.55,2019,6,2019-06-01,2019_06,Monsoon,train,168.0,143.84539794921875,201.7728729248047,187.51109313964844,276.320068359375,202.25848388671875,135.31417846679688,0.2797312438488006,29.3700008392334,0.5228999853134155,228.85549926757807,263.92144775390625,56018.875,154.1371307373047,6.754478931427002,2.105170726776123,1.2246467991473532e-16,-1.0,89.55,22.8319,True,15,0,True
CL515,Paikgacha,22.585,89.3182,2019,6,2019-06-01,2019_06,Monsoon,train,139.0,191.90821838378903,196.0027313232422,206.0547332763672,253.0974578857422,185.7115936279297,189.0474853515625,0.2958982586860657,29.0766658782959,0.4648999869823456,263.4544982910156,487.1914978027344,37890.0703125,129.93092346191406,4.656047344207764,1.6002691984176636,1.2246467991473532e-16,-1.0,89.3182,22.585,True,15,0,True
CL517,Rupsa,22.79,89.59,2019,6,2019-06-01,2019_06,Monsoon,train,154.1,123.2482452392578,205.4464874267578,181.85153198242188,262.47515869140625,200.2133178710937,136.8479766845703,0.2932971119880676,28.739999771118164,0.4666000008583069,244.0970764160156,235.5205078125,50599.09375,140.3240509033203,3.7103257179260254,1.5449576377868652,1.2246467991473532e-16,-1.0,89.59,22.79,True,15,0,True
CL504,Dumuria,22.8093,89.4145,2019,7,2019-07-01,2019_07,Monsoon,train,359.5,416.1879577636719,415.6568298339844,457.1354370117188,235.22628784179688,321.1880187988281,223.623291015625,0.3947488069534302,30.809999465942383,0.6711000204086304,440.8276977539063,426.4826049804688,57738.24609375,152.4185333251953,5.504084587097168,1.9329872131347656,-0.4999999999999997,-0.8660254037844388,89.4145,22.8093,True,15,0,True
CL510,Khulna,22.8319,89.55,2019,7,2019-07-01,2019_07,Monsoon,train,287.0,492.04876708984375,443.5245971679688,495.4514465332031,237.6300811767578,439.66943359375,208.9076538085937,0.4208214282989502,32.15999984741211,0.4893999993801117,438.8516845703125,366.1624450683594,56018.875,154.1371307373047,6.754478931427002,2.105170726776123,-0.4999999999999997,-0.8660254037844388,89.55,22.8319,True,15,0,True
CL515,Paikgacha,22.585,89.3182,2019,7,2019-07-01,2019_07,Monsoon,train,360.0,322.30181884765625,434.4891662597656,413.53167724609375,241.5233612060547,311.307373046875,193.836181640625,0.39920175075531,33.369998931884766,0.4814000129699707,425.647705078125,391.5648498535156,37890.0703125,129.93092346191406,4.656047344207764,1.6002691984176636,-0.4999999999999997,-0.8660254037844388,89.3182,22.585,True,15,0,True
CL517,Rupsa,22.79,89.59,2019,7,2019-07-01,2019_07,Monsoon,train,331.1,430.0278015136719,453.6504211425781,500.8547058105469,238.0771331787109,441.0033264160156,208.84385681152344,0.4355812072753906,33.33000183105469,0.2382999956607818,451.6117248535156,343.7608947753906,50599.09375,140.3240509033203,3.7103257179260254,1.5449576377868652,-0.4999999999999997,-0.8660254037844388,89.59,22.79,True,15,0,True
CL504,Dumuria,22.8093,89.4145,2019,9,2019-09-01,2019_09,Monsoon,train,75.7,162.28848266601562,311.1045227050781,211.177001953125,186.664779663086,378.9163208007813,149.56048583984375,0.3677993714809418,30.59000015258789,0.7045000195503235,332.1385803222656,251.0250701904297,57738.24609375,152.4185333251953,5.504084587097168,1.9329872131347656,-1.0,-1.8369701987210292e-16,89.4145,22.8093,True,15,0,True
CL510,Khulna,22.8319,89.55,2019,9,2019-09-01,2019_09,Monsoon,train,238.0,166.04986572265625,315.6799011230469,185.56884765625,184.0332489013672,371.2784729003906,168.0010528564453,0.3555145859718323,33.70000076293945,0.579800009727478,309.28271484375,223.95184326171875,56018.875,154.1371307373047,6.754478931427002,2.105170726776123,-1.0,-1.8369701987210292e-16,89.55,22.8319,True,15,0,True
CL515,Paikgacha,22.585,89.3182,2019,9,2019-09-01,2019_09,Monsoon,train,208.0,206.6425018310547,292.4473571777344,242.26998901367188,205.8969268798828,423.73529052734375,196.17889404296875,0.4268870651721954,30.22333335876465,0.4860000014305115,369.1255798339844,265.7266540527344,37890.0703125,129.93092346191406,4.656047344207764,1.6002691984176636,-1.0,-1.8369701987210292e-16,89.3182,22.585,True,15,0,True
CL517,Rupsa,22.79,89.59,2019,9,2019-09-01,2019_09,Monsoon,train,139.0,147.32022094726562,315.44366455078125,168.8421173095703,186.00328063964844,374.2822265625,173.23196411132812,0.3601663112640381,30.989999771118164,0.5562999844551086,328.7251281738281,215.4867401123047,50599.09375,140.3240509033203,3.7103257179260254,1.5449576377868652,-1.0,-1.8369701987210292e-16,89.59,22.79,True,15,0,True
CL504,Dumuria,22.8093,89.4145,2019,10,2019-10-01,2019_10,Post_Monsoon,train,332.6,43.535552978515625,178.93006896972656,163.32115173339844,156.60061645507812,235.26254272460932,135.66558837890625,0.214805781841278,29.36333274841309,0.6425999999046326,116.0158920288086,92.81202697753906,57738.24609375,152.4185333251953,5.504084587097168,1.9329872131347656,-0.8660254037844386,0.5000000000000001,89.4145,22.8093,True,15,0,True
CL510,Khulna,22.8319,89.55,2019,10,2019-10-01,2019_10,Post_Monsoon,train,318.2,40.46109771728516,164.9236297607422,151.30404663085938,149.3544464111328,261.3318176269531,137.56515502929688,0.2167177498340606,31.023332595825195,0.6075999736785889,104.0157699584961,81.17182159423828,56018.875,154.1371307373047,6.754478931427002,2.105170726776123,-0.8660254037844386,0.5000000000000001,89.55,22.8319,True,15,0,True
CL515,Paikgacha,22.585,89.3182,2019,10,2019-10-01,2019_10,Post_Monsoon,train,229.1,94.210693359375,231.30340576171875,171.44432067871094,147.93682861328125,220.067626953125,156.2635955810547,0.2482863366603851,29.46999931335449,0.5289999842643738,150.57020568847656,126.49492645263672,37890.0703125,129.93092346191406,4.656047344207764,1.6002691984176636,-0.8660254037844386,0.5000000000000001,89.3182,22.585,True,15,0,True
CL517,Rupsa,22.79,89.59,2019,10,2019-10-01,2019_10,Post_Monsoon,train,161.9,49.1820182800293,163.60813903808594,139.19308471679688,143.38015747070312,253.24400329589844,149.14414978027344,0.2195883840322494,29.1433334350586,0.546999990940094,107.6827392578125,79.26896667480469,50599.09375,140.3240509033203,3.7103257179260254,1.5449576377868652,-0.8660254037844386,0.5000000000000001,89.59,22.79,True,15,0,True
CL504,Dumuria,22.8093,89.4145,2019,11,2019-11-01,2019_11,Post_Monsoon,train,93.7,51.06196594238281,119.69223022460938,55.244747161865234,148.06787109375,259.1054992675781,297.5218811035156,0.2061775922775268,28.07999992370605,0.6191999912261963,68.2221908569336,115.31906127929688,57738.24609375,152.4185333251953,5.504084587097168,1.9329872131347656,-0.5000000000000004,0.8660254037844384,89.4145,22.8093,True,15,0,True
CL510,Khulna,22.8319,89.55,2019,11,2019-11-01,2019_11,Post_Monsoon,train,117.0,54.66463088989258,121.67301940917967,55.89384841918945,157.40347290039062,253.78341674804688,337.0256652832031,0.2102389633655548,29.88999938964844,0.5289999842643738,74.12643432617188,112.33236694335938,56018.875,154.1371307373047,6.754478931427002,2.105170726776123,-0.5000000000000004,0.8660254037844384,89.55,22.8319,True,15,0,True
CL515,Paikgacha,22.585,89.3182,2019,11,2019-11-01,2019_11,Post_Monsoon,train,113.8,73.43567657470703,147.4273681640625,64.60350799560547,175.90687561035156,237.5868377685547,281.99432373046875,0.2346288859844207,26.895000457763672,0.4514000117778778,77.94853973388672,140.2930450439453,37890.0703125,129.93092346191406,4.656047344207764,1.6002691984176636,-0.5000000000000004,0.8660254037844384,89.3182,22.585,True,15,0,True
CL517,Rupsa,22.79,89.59,2019,11,2019-11-01,2019_11,Post_Monsoon,train,22.9,58.68280029296875,124.02062225341795,60.41839218139648,169.7178192138672,260.164306640625,335.8406066894531,0.2186751216650009,27.920000076293945,0.567799985408783,78.05915832519531,112.8856430053711,50599.09375,140.3240509033203,3.7103257179260254,1.5449576377868652,-0.5000000000000004,0.8660254037844384,89.59,22.79,True,15,0,True
CL504,Dumuria,22.8093,89.4145,2019,12,2019-12-01,2019_12,Winter,train,32.9,1.0,6.719533920288086,5.181497573852539,9.468832015991213,27.910276412963867,4.949481964111328,0.0137708568945527,22.55500030517578,0.5821999907493591,5.6033806800842285,0.7851357460021973,57738.24609375,152.4185333251953,5.504084587097168,1.9329872131347656,-2.4492935982947064e-16,1.0,89.4145,22.8093,True,15,0,True
CL510,Khulna,22.8319,89.55,2019,12,2019-12-01,2019_12,Winter,train,46.5,0.7900741100311279,7.260131359100342,4.649412631988525,8.80139446258545,26.98803901672364,5.523412227630615,0.0140000004321336,23.95499992370605,0.4577000141143799,6.1456828117370605,0.5506536364555359,56018.875,154.1371307373047,6.754478931427002,2.105170726776123,-2.4492935982947064e-16,1.0,89.55,22.8319,True,15,0,True
CL515,Paikgacha,22.585,89.3182,2019,12,2019-12-01,2019_12,Winter,train,45.5,1.8007467985153198,6.2445831298828125,9.299032211303713,10.4511079788208,24.54753875732422,8.64785385131836,0.0144002269953489,21.565000534057617,0.4323999881744385,18.87702369689941,1.741020441055298,37890.0703125,129.93092346191406,4.656047344207764,1.6002691984176636,-2.4492935982947064e-16,1.0,89.3182,22.585,True,15,0,True
CL517,Rupsa,22.79,89.59,2019,12,2019-12-01,2019_12,Winter,train,1.5,4.969483375549316,7.393116474151611,3.963880062103272,8.784619331359863,27.36706924438477,5.719337463378906,0.0140000004321336,22.709999084472656,0.3535999953746795,10.837594032287598,0.5453786253929138,50599.09375,140.3240509033203,3.7103257179260254,1.5449576377868652,-2.4492935982947064e-16,1.0,89.59,22.79,True,15,0,True
CL504,Dumuria,22.8093,89.4145,2020,1,2020-01-01,2020_01,Winter,train,0.0,15.571382522583008,24.668516159057617,20.714439392089844,21.38861656188965,48.53170394897461,96.3227996826172,0.0533738806843757,22.77666664123535,0.5203999876976013,34.46580123901367,16.403705596923828,57738.24609375,152.4185333251953,5.504084587097168,1.9329872131347656,0.4999999999999999,0.8660254037844387,89.4145,22.8093,True,15,0,True
CL510,Khulna,22.8319,89.55,2020,1,2020-01-01,2020_01,Winter,train,0.0,1.0,28.69570541381836,24.227235794067383,19.83130645751953,57.88376235961914,106.09479522705078,0.0541757121682167,23.165000915527344,0.4101000130176544,27.42914581298828,13.438568115234377,56018.875,154.1371307373047,6.754478931427002,2.105170726776123,0.4999999999999999,0.8660254037844387,89.55,22.8319,True,15,0,True
CL515,Paikgacha,22.585,89.3182,2020,1,2020-01-01,2020_01,Winter,train,0.0,6.983231067657471,24.144166946411133,25.56726837158203,26.23481178283692,48.964988708496094,97.27867889404295,0.0608390867710113,21.71999931335449,0.3628999888896942,79.05577087402344,16.09001922607422,37890.0703125,129.93092346191406,4.656047344207764,1.6002691984176636,0.4999999999999999,0.8660254037844387,89.3182,22.585,True,15,0,True
CL517,Rupsa,22.79,89.59,2020,1,2020-01-01,2020_01,Winter,train,0.0,0.7116984724998474,29.95711708068848,31.986722946166992,20.413454055786133,59.90077590942383,109.00602722167967,0.0547668598592281,22.200000762939453,0.3138000071048736,17.8482666015625,12.426973342895508,50599.09375,140.3240509033203,3.7103257179260254,1.5449576377868652,0.4999999999999999,0.8660254037844387,89.59,22.79,True,15,0,True
CL504,Dumuria,22.8093,89.4145,2020,2,2020-02-01,2020_02,Winter,train,62.1,1.0,13.500752449035645,8.432151794433594,5.85026741027832,5.592951774597168,26.899677276611328,0.0100151980295777,25.565000534057617,0.5611000061035156,13.1281156539917,3.63840126991272,57738.24609375,152.4185333251953,5.504084587097168,1.9329872131347656,0.8660254037844386,0.5000000000000001,89.4145,22.8093,True,15,0,True
CL510,Khulna,22.8319,89.55,2020,2,2020-02-01,2020_02,Winter,train,69.4,1.0,12.830934524536133,8.39728832244873,6.837039470672607,5.218849182128906,24.416553497314453,0.0096264816820621,27.84000015258789,0.4239000082015991,18.285017013549805,2.9725139141082764,56018.875,154.1371307373047,6.754478931427002,2.105170726776123,0.8660254037844386,0.5000000000000001,89.55,22.8319,True,15,0,True
CL515,Paikgacha,22.585,89.3182,2020,2,2020-02-01,2020_02,Winter,train,52.3,0.0,14.449152946472168,9.565817832946776,6.129274845123291,8.39269733428955,35.31096267700195,0.0081346863880753,24.799999237060547,0.4657999873161316,7.044314384460449,0.8267295956611633,37890.0703125,129.93092346191406,4.656047344207764,1.6002691984176636,0.8660254037844386,0.5000000000000001,89.3182,22.585,True,15,0,True
CL517,Rupsa,22.79,89.59,2020,2,2020-02-01,2020_02,Winter,train,53.1,0.7116984724998474,12.791996002197266,9.178473472595217,7.119772434234619,5.593812942504883,30.03789329528809,0.0087132593616843,25.424999237060547,0.3470999896526336,27.327672958374023,2.55629825592041,50599.09375,140.3240509033203,3.7103257179260254,1.5449576377868652,0.8660254037844386,0.5000000000000001,89.59,22.79,True,15,0,True
CL504,Dumuria,22.8093,89.4145,2020,3,2020-03-01,2020_03,Pre_Monsoon,train,30.1,4.364168167114258,34.14872360229492,60.17803192138672,28.93586158752441,101.32975006103516,58.15544891357422,0.0422212406992912,29.959999084472656,0.6463000178337097,42.078643798828125,24.80595016479492,57738.24609375,152.4185333251953,5.504084587097168,1.9329872131347656,1.0,6.123233995736766e-17,89.4145,22.8093,True,15,0,True
CL510,Khulna,22.8319,89.55,2020,3,2020-03-01,2020_03,Pre_Monsoon,train,49.9,8.67577838897705,33.55403137207031,57.115631103515625,25.27549362182617,67.27298736572266,41.5882682800293,0.0398427993059158,33.80500030517578,0.4151000082492828,42.91362380981445,23.83186149597168,56018.875,154.1371307373047,6.754478931427002,2.105170726776123,1.0,6.123233995736766e-17,89.55,22.8319,True,15,0,True
CL515,Paikgacha,22.585,89.3182,2020,3,2020-03-01,2020_03,Pre_Monsoon,train,47.8,3.311685800552368,34.314388275146484,59.40286636352539,35.473602294921875,104.48435974121094,49.72500228881836,0.0421932004392147,29.55500030517578,0.3910000026226043,39.93629837036133,21.371566772460938,37890.0703125,129.93092346191406,4.656047344207764,1.6002691984176636,1.0,6.123233995736766e-17,89.3182,22.585,True,15,0,True
CL517,Rupsa,22.79,89.59,2020,3,2020-03-01,2020_03,Pre_Monsoon,train,63.7,7.142649173736572,33.42375946044922,52.0986328125,23.73931884765625,61.5941047668457,36.95595169067383,0.0384953320026397,30.934999465942383,0.4596999883651733,49.12118911743164,23.298418045043945,50599.09375,140.3240509033203,3.7103257179260254,1.5449576377868652,1.0,6.123233995736766e-17,89.59,22.79,True,15,0,True
CL504,Dumuria,22.8093,89.4145,2020,4,2020-04-01,2020_04,Pre_Monsoon,train,83.8,50.23121643066406,119.77751922607422,83.42823791503906,272.3319091796875,252.262924194336,241.5384063720703,0.1568662822246551,30.959999084472656,0.5823000073432922,123.00822448730467,111.94905853271484,57738.24609375,152.4185333251953,5.504084587097168,1.9329872131347656,0.8660254037844387,-0.4999999999999998,89.4145,22.8093,True,15,0,True
CL510,Khulna,22.8319,89.55,2020,4,2020-04-01,2020_04,Pre_Monsoon,train,97.3,46.17547607421875,128.29412841796875,89.55096435546875,265.74249267578125,382.6228637695313,287.26202392578125,0.1726254075765609,35.290000915527344,0.4857999980449676,111.57884216308594,103.55250549316406,56018.875,154.1371307373047,6.754478931427002,2.105170726776123,0.8660254037844387,-0.4999999999999998,89.55,22.8319,True,15,0,True
CL515,Paikgacha,22.585,89.3182,2020,4,2020-04-01,2020_04,Pre_Monsoon,train,117.9,46.92837142944336,119.39627838134766,83.96194458007812,274.06866455078125,212.5367584228516,161.4547576904297,0.1461318135261535,30.815000534057617,0.3743000030517578,97.05927276611328,103.87123107910156,37890.0703125,129.93092346191406,4.656047344207764,1.6002691984176636,0.8660254037844387,-0.4999999999999998,89.3182,22.585,True,15,0,True
CL517,Rupsa,22.79,89.59,2020,4,2020-04-01,2020_04,Pre_Monsoon,train,91.9,59.80999755859375,131.04904174804688,89.91493225097656,260.0916442871094,372.34576416015625,278.8258972167969,0.1810329407453537,32.290000915527344,0.4982999861240387,108.17010498046876,99.95759582519533,50599.09375,140.3240509033203,3.7103257179260254,1.5449576377868652,0.8660254037844387,-0.4999999999999998,89.59,22.79,True,15,0,True
CL504,Dumuria,22.8093,89.4145,2020,5,2020-05-01,2020_05,Pre_Monsoon,train,123.4,176.74130249023438,307.20538330078125,312.8074035644531,168.10694885253906,362.6899719238281,381.3581237792969,0.3780626058578491,31.1433334350586,0.5317000150680542,307.3789367675781,136.70864868164062,57738.24609375,152.4185333251953,5.504084587097168,1.9329872131347656,0.4999999999999999,-0.8660254037844387,89.4145,22.8093,True,15,0,True
CL510,Khulna,22.8319,89.55,2020,5,2020-05-01,2020_05,Pre_Monsoon,train,166.0,162.8292694091797,312.5262145996094,277.5832824707031,153.1161651611328,344.9680480957031,358.5865173339844,0.3677281737327575,32.130001068115234,0.5195000171661377,271.9203796386719,133.12417602539062,56018.875,154.1371307373047,6.754478931427002,2.105170726776123,0.4999999999999999,-0.8660254037844387,89.55,22.8319,True,15,0,True
CL515,Paikgacha,22.585,89.3182,2020,5,2020-05-01,2020_05,Pre_Monsoon,train,122.0,208.5298614501953,285.554443359375,262.42926025390625,157.2347869873047,383.0236511230469,371.9784851074219,0.3757832944393158,31.729999542236328,0.5091000199317932,409.9520568847656,133.8103790283203,37890.0703125,129.93092346191406,4.656047344207764,1.6002691984176636,0.4999999999999999,-0.8660254037844387,89.3182,22.585,True,15,0,True
CL517,Rupsa,22.79,89.59,2020,5,2020-05-01,2020_05,Pre_Monsoon,train,169.1,139.56314086914062,313.0546875,251.3054656982422,144.62588500976562,336.031005859375,376.8697509765625,0.3610550761222839,31.71999931335449,0.5164999961853027,247.43096923828125,131.6935272216797,50599.09375,140.3240509033203,3.7103257179260254,1.5449576377868652,0.4999999999999999,-0.8660254037844387,89.59,22.79,True,15,0,True
CL504,Dumuria,22.8093,89.4145,2020,6,2020-06-01,2020_06,Monsoon,train,95.4,337.01837158203125,365.42584228515625,346.90496826171875,278.9169921875,397.91400146484375,481.3239135742188,0.4859704971313476,27.61000061035156,0.5425999760627747,251.97352600097656,376.6492004394531,57738.24609375,152.4185333251953,5.504084587097168,1.9329872131347656,1.2246467991473532e-16,-1.0,89.4145,22.8093,True,15,0,True
CL510,Khulna,22.8319,89.55,2020,6,2020-06-01,2020_06,Monsoon,train,266.4,291.3498229980469,371.88134765625,343.8644104003906,293.0648498535156,441.794189453125,449.0039978027344,0.4966595470905304,31.32999992370605,0.4954000115394592,236.6011199951172,371.0584106445313,56018.875,154.1371307373047,6.754478931427002,2.105170726776123,1.2246467991473532e-16,-1.0,89.55,22.8319,True,15,0,True
CL515,Paikgacha,22.585,89.3182,2020,6,2020-06-01,2020_06,Monsoon,train,267.3,369.6368713378906,399.5272216796875,402.5924682617188,283.2952880859375,425.2043762207031,769.3670043945312,0.5569446086883545,27.1299991607666,0.4180999994277954,337.3741455078125,407.9759521484375,37890.0703125,129.93092346191406,4.656047344207764,1.6002691984176636,1.2246467991473532e-16,-1.0,89.3182,22.585,True,15,0,True
CL517,Rupsa,22.79,89.59,2020,6,2020-06-01,2020_06,Monsoon,train,223.2,315.0176086425781,375.7533264160156,346.1214294433594,296.9244689941406,420.3296813964844,482.240966796875,0.5090057849884033,29.8799991607666,0.3684999942779541,249.8342437744141,371.4033203125,50599.09375,140.3240509033203,3.7103257179260254,1.5449576377868652,1.2246467991473532e-16,-1.0,89.59,22.79,True,15,0,True
CL515,Paikgacha,22.585,89.3182,2020,7,2020-07-01,2020_07,Monsoon,train,466.1,288.1192321777344,438.6409912109375,351.21014404296875,320.673095703125,267.2636108398437,270.64715576171875,0.4733993113040924,26.170000076293945,0.3255000114440918,328.9568176269531,232.73423767089844,37890.0703125,129.93092346191406,4.656047344207764,1.6002691984176636,-0.4999999999999997,-0.8660254037844388,89.3182,22.585,True,15,0,True
CL504,Dumuria,22.8093,89.4145,2020,8,2020-08-01,2020_08,Monsoon,train,326.4,367.4132385253906,342.6119689941406,311.4576110839844,318.4189147949219,420.2042541503906,451.97314453125,0.5052546262741089,31.049999237060547,0.6898000240325928,448.6444091796875,311.4383544921875,57738.24609375,152.4185333251953,5.504084587097168,1.9329872131347656,-0.8660254037844385,-0.5000000000000004,89.4145,22.8093,True,15,0,True
CL510,Khulna,22.8319,89.55,2020,8,2020-08-01,2020_08,Monsoon,train,349.6,339.4148864746094,360.8049926757813,320.9362487792969,303.0115966796875,416.2317199707031,450.0103454589844,0.4971200227737427,33.04999923706055,0.5674999952316284,450.4138793945313,276.8020935058594,56018.875,154.1371307373047,6.754478931427002,2.105170726776123,-0.8660254037844385,-0.5000000000000004,89.55,22.8319,True,15,0,True
CL517,Rupsa,22.79,89.59,2020,8,2020-08-01,2020_08,Monsoon,train,302.9,311.0692138671875,367.8761291503906,326.6713562011719,308.76885986328125,404.369384765625,469.2072143554688,0.5140791535377502,28.229999542236328,0.4677999913692474,428.9715270996094,266.1221923828125,50599.09375,140.3240509033203,3.7103257179260254,1.5449576377868652,-0.8660254037844385,-0.5000000000000004,89.59,22.79,True,15,0,True
CL510,Khulna,22.8319,89.55,2020,9,2020-09-01,2020_09,Monsoon,train,207.2,271.4812927246094,251.74110412597656,170.2528076171875,218.842041015625,269.0330810546875,186.0618133544922,0.3132003545761108,32.0099983215332,0.5674999952316284,370.9360961914063,216.64599609375,56018.875,154.1371307373047,6.754478931427002,2.105170726776123,-1.0,-1.8369701987210292e-16,89.55,22.8319,True,15,0,True
CL515,Paikgacha,22.585,89.3182,2020,9,2020-09-01,2020_09,Monsoon,train,250.8,298.2530822753906,245.80758666992188,164.0642852783203,222.3049468994141,228.29605102539065,265.197021484375,0.3019959926605224,31.209999084472656,0.5516999959945679,472.4568786621094,244.7052154541016,37890.0703125,129.93092346191406,4.656047344207764,1.6002691984176636,-1.0,-1.8369701987210292e-16,89.3182,22.585,True,15,0,True
CL517,Rupsa,22.79,89.59,2020,9,2020-09-01,2020_09,Monsoon,train,137.5,269.5433654785156,252.1755828857422,173.50633239746094,217.1161193847656,274.4551086425781,220.82406616210932,0.3213307559490204,30.90999984741211,0.4370999932289123,398.7737731933594,216.72178649902344,50599.09375,140.3240509033203,3.7103257179260254,1.5449576377868652,-1.0,-1.8369701987210292e-16,89.59,22.79,True,15,0,True
CL504,Dumuria,22.8093,89.4145,2020,10,2020-10-01,2020_10,Post_Monsoon,train,322.4,130.82467651367188,158.20457458496094,124.69438934326172,153.8426055908203,236.0508728027344,347.8295288085937,0.248471051454544,29.76000022888184,0.6654999852180481,274.4965515136719,149.78233337402344,57738.24609375,152.4185333251953,5.504084587097168,1.9329872131347656,-0.8660254037844386,0.5000000000000001,89.4145,22.8093,True,15,0,True
CL510,Khulna,22.8319,89.55,2020,10,2020-10-01,2020_10,Post_Monsoon,train,229.2,164.07559204101562,155.0791778564453,154.92434692382812,150.18338012695312,293.3330993652344,418.8385009765625,0.2654599547386169,31.51499938964844,0.5490999817848206,302.8876953125,169.37710571289062,56018.875,154.1371307373047,6.754478931427002,2.105170726776123,-0.8660254037844386,0.5000000000000001,89.55,22.8319,True,15,0,True
CL515,Paikgacha,22.585,89.3182,2020,10,2020-10-01,2020_10,Post_Monsoon,train,238.1,106.9967041015625,171.12002563476562,115.75621032714844,178.25579833984375,229.69674682617188,316.5019836425781,0.2724393606185913,28.309999465942383,0.5633999705314636,306.541748046875,164.9225616455078,37890.0703125,129.93092346191406,4.656047344207764,1.6002691984176636,-0.8660254037844386,0.5000000000000001,89.3182,22.585,True,15,0,True
CL517,Rupsa,22.79,89.59,2020,10,2020-10-01,2020_10,Post_Monsoon,train,192.7,171.20028686523438,154.63555908203125,154.75950622558594,154.18948364257812,313.39990234375,448.13873291015625,0.2806202173233032,29.53499984741211,0.6284999847412109,321.5853576660156,176.40855407714844,50599.09375,140.3240509033203,3.7103257179260254,1.5449576377868652,-0.8660254037844386,0.5000000000000001,89.59,22.79,True,15,0,True
CL504,Dumuria,22.8093,89.4145,2020,11,2020-11-01,2020_11,Post_Monsoon,train,38.2,5.922698020935059,9.513418197631836,10.903386116027832,16.739639282226562,12.403524398803713,7.274925708770752,0.0291368290781974,27.88999938964844,0.6412000060081482,7.589069843292236,3.4954640865325928,57738.24609375,152.4185333251953,5.504084587097168,1.9329872131347656,-0.5000000000000004,0.8660254037844384,89.4145,22.8093,True,15,0,True
CL510,Khulna,22.8319,89.55,2020,11,2020-11-01,2020_11,Post_Monsoon,train,54.2,3.309022903442383,8.98431396484375,8.609527587890625,16.939661026000977,12.030259132385254,5.424386501312256,0.0282091274857521,29.88333320617676,0.5051000118255615,8.928238868713379,4.379231929779053,56018.875,154.1371307373047,6.754478931427002,2.105170726776123,-0.5000000000000004,0.8660254037844384,89.55,22.8319,True,15,0,True
CL515,Paikgacha,22.585,89.3182,2020,11,2020-11-01,2020_11,Post_Monsoon,train,49.3,4.692506313323975,12.449251174926758,15.170490264892578,18.097347259521484,8.688644409179688,3.246817350387573,0.0371669679880142,25.86333274841309,0.4745000004768371,11.163323402404783,4.379055500030518,37890.0703125,129.93092346191406,4.656047344207764,1.6002691984176636,-0.5000000000000004,0.8660254037844384,89.3182,22.585,True,15,0,True
CL517,Rupsa,22.79,89.59,2020,11,2020-11-01,2020_11,Post_Monsoon,train,10.4,3.807250499725342,9.011693000793455,10.909958839416504,18.17302322387696,12.044393539428713,4.436028480529785,0.0295046716928482,26.976667404174805,0.6202999949455261,12.230589866638184,4.717646598815918,50599.09375,140.3240509033203,3.7103257179260254,1.5449576377868652,-0.5000000000000004,0.8660254037844384,89.59,22.79,True,15,0,True
CL504,Dumuria,22.8093,89.4145,2020,12,2020-12-01,2020_12,Winter,train,16.0,0.0,0.0,2.716778516769409,0.1862779706716537,0.0016536582261323,0.0,0.0023969796020537,22.989999771118164,0.5049999952316284,0.0,0.0,57738.24609375,152.4185333251953,5.504084587097168,1.9329872131347656,-2.4492935982947064e-16,1.0,89.4145,22.8093,True,15,0,True
CL510,Khulna,22.8319,89.55,2020,12,2020-12-01,2020_12,Winter,train,30.6,0.0,0.0,2.5520565509796143,0.1650855392217636,0.2125719934701919,0.0,0.0029964060522615,25.2549991607666,0.4311999976634979,0.0,0.0,56018.875,154.1371307373047,6.754478931427002,2.105170726776123,-2.4492935982947064e-16,1.0,89.55,22.8319,True,15,0,True
CL515,Paikgacha,22.585,89.3182,2020,12,2020-12-01,2020_12,Winter,train,25.8,0.0,0.0,3.336649179458618,0.066516101360321,0.0,0.0037691495381295,0.0045934244990348,22.28499984741211,0.3797999918460846,0.0,0.0,37890.0703125,129.93092346191406,4.656047344207764,1.6002691984176636,-2.4492935982947064e-16,1.0,89.3182,22.585,True,15,0,True
CL517,Rupsa,22.79,89.59,2020,12,2020-12-01,2020_12,Winter,train,6.7,0.0,0.0,1.8879338502883911,0.1307862997055053,0.7879700064659119,0.0,0.0031535828020423,23.479999542236328,0.4097000062465668,0.0,0.0,50599.09375,140.3240509033203,3.7103257179260254,1.5449576377868652,-2.4492935982947064e-16,1.0,89.59,22.79,True,15,0,True
CL504,Dumuria,22.8093,89.4145,2021,1,2021-01-01,2021_01,Winter,validation,0.0,0.0,0.0,3.61442804336548,2.4443790912628174,1.0658365488052368,0.0078943334519863,0.0055179977789521,23.1299991607666,0.5339000225067139,0.0,0.0,57738.24609375,152.4185333251953,5.504084587097168,1.9329872131347656,0.4999999999999999,0.8660254037844387,89.4145,22.8093,True,15,0,True
CL510,Khulna,22.8319,89.55,2021,1,2021-01-01,2021_01,Winter,validation,0.0,0.0,0.0,4.313313007354736,2.1347172260284424,2.1097443103790283,0.0124667268246412,0.0069991033524274,25.174999237060547,0.3955000042915344,0.0,0.0,56018.875,154.1371307373047,6.754478931427002,2.105170726776123,0.4999999999999999,0.8660254037844387,89.55,22.8319,True,15,0,True
CL515,Paikgacha,22.585,89.3182,2021,1,2021-01-01,2021_01,Winter,validation,0.0,0.0,0.423669159412384,4.934350490570068,1.333568453788757,0.1039444580674171,0.0021351133473217,0.0094674890860915,23.020000457763672,0.3952000141143799,0.0,0.0,37890.0703125,129.93092346191406,4.656047344207764,1.6002691984176636,0.4999999999999999,0.8660254037844387,89.3182,22.585,True,15,0,True
CL517,Rupsa,22.79,89.59,2021,1,2021-01-01,2021_01,Winter,validation,0.0,0.0,0.0,5.610561370849609,1.852156162261963,3.321272611618042,0.0044622453860938,0.0044759823940694,23.26000022888184,0.3188000023365021,0.0,0.0,50599.09375,140.3240509033203,3.7103257179260254,1.5449576377868652,0.4999999999999999,0.8660254037844387,89.59,22.79,True,15,0,True
CL504,Dumuria,22.8093,89.4145,2021,2,2021-02-01,2021_02,Winter,validation,73.5,7.536675453186035,2.5383341312408447,6.249505043029785,1.3780595064163208,4.676896572113037,26.631511688232425,0.006229143589735,26.31999969482422,0.5593000054359436,33.79931640625,18.737977981567383,57738.24609375,152.4185333251953,5.504084587097168,1.9329872131347656,0.8660254037844386,0.5000000000000001,89.4145,22.8093,True,15,0,True
CL510,Khulna,22.8319,89.55,2021,2,2021-02-01,2021_02,Winter,validation,82.2,15.7044038772583,2.486473560333252,5.915687561035156,1.2136688232421875,3.432591676712036,22.182090759277344,0.006000000052154,28.7450008392334,0.4052999913692474,57.69747161865234,28.53933906555176,56018.875,154.1371307373047,6.754478931427002,2.105170726776123,0.8660254037844386,0.5000000000000001,89.55,22.8319,True,15,0,True
CL515,Paikgacha,22.585,89.3182,2021,2,2021-02-01,2021_02,Winter,validation,61.9,10.809706687927246,2.13399624824524,7.495278358459473,0.4472484290599823,4.382085800170898,18.385576248168945,0.0050262310542166,25.82999992370605,0.3476999998092651,28.23598289489746,19.36603546142578,37890.0703125,129.93092346191406,4.656047344207764,1.6002691984176636,0.8660254037844386,0.5000000000000001,89.3182,22.585,True,15,0,True
CL517,Rupsa,22.79,89.59,2021,2,2021-02-01,2021_02,Winter,validation,62.8,6.699610710144043,2.4445505142211914,6.420398712158203,0.958553433418274,3.15839958190918,22.32964134216309,0.006000000052154,26.729999542236328,0.3483999967575073,48.19886016845703,31.74156379699707,50599.09375,140.3240509033203,3.7103257179260254,1.5449576377868652,0.8660254037844386,0.5000000000000001,89.59,22.79,True,15,0,True
CL504,Dumuria,22.8093,89.4145,2021,3,2021-03-01,2021_03,Pre_Monsoon,validation,30.1,0.0,4.664663791656494,11.094985961914062,8.695210456848145,0.0966593027114868,0.3162637948989868,0.0010000000474974,29.89999961853028,0.6381999850273132,4.327212333679199,0.72549968957901,57738.24609375,152.4185333251953,5.504084587097168,1.9329872131347656,1.0,6.123233995736766e-17,89.4145,22.8093,True,15,0,True
CL510,Khulna,22.8319,89.55,2021,3,2021-03-01,2021_03,Pre_Monsoon,validation,49.0,1.0,5.487629413604736,12.366631507873535,7.688489437103271,0.2630659341812134,0.1275421530008316,0.0017908739391714,33.5,0.388399988412857,5.794710636138916,0.7247062921524048,56018.875,154.1371307373047,6.754478931427002,2.105170726776123,1.0,6.123233995736766e-17,89.55,22.8319,True,15,0,True
CL515,Paikgacha,22.585,89.3182,2021,3,2021-03-01,2021_03,Pre_Monsoon,validation,47.3,0.0,7.244985103607178,9.198565483093262,7.19824743270874,0.3483457863330841,0.3360408842563629,0.0022194287739694,30.18000030517578,0.3447000086307525,3.2898077964782715,0.8816070556640625,37890.0703125,129.93092346191406,4.656047344207764,1.6002691984176636,1.0,6.123233995736766e-17,89.3182,22.585,True,15,0,True
CL517,Rupsa,22.79,89.59,2021,3,2021-03-01,2021_03,Pre_Monsoon,validation,59.7,1.0,5.938596248626709,12.500144004821776,7.19194221496582,0.1440967470407486,0.0782723054289817,0.0016336973058059,31.100000381469727,0.4620999991893768,9.286713600158691,0.7318272590637207,50599.09375,140.3240509033203,3.7103257179260254,1.5449576377868652,1.0,6.123233995736766e-17,89.59,22.79,True,15,0,True
CL504,Dumuria,22.8093,89.4145,2021,4,2021-04-01,2021_04,Pre_Monsoon,validation,73.5,16.70435333251953,29.133331298828125,19.47998237609864,12.410391807556152,2.738608837127685,10.183793067932127,0.0271830335259437,32.776668548583984,0.5184999704360962,34.821414947509766,21.344446182250977,57738.24609375,152.4185333251953,5.504084587097168,1.9329872131347656,0.8660254037844387,-0.4999999999999998,89.4145,22.8093,True,15,0,True
CL510,Khulna,22.8319,89.55,2021,4,2021-04-01,2021_04,Pre_Monsoon,validation,93.9,4.728874683380127,29.789283752441406,18.99400329589844,14.229022979736328,3.1596038341522217,8.964273452758789,0.0258505195379257,35.16999816894531,0.4153000116348266,27.794109344482425,18.54378890991211,56018.875,154.1371307373047,6.754478931427002,2.105170726776123,0.8660254037844387,-0.4999999999999998,89.55,22.8319,True,15,0,True
CL515,Paikgacha,22.585,89.3182,2021,4,2021-04-01,2021_04,Pre_Monsoon,validation,108.7,4.330613613128662,27.96356964111328,21.73923110961914,7.038113594055176,2.140523672103882,5.6594648361206055,0.022773090749979,31.12333297729492,0.335999995470047,32.381961822509766,20.869903564453125,37890.0703125,129.93092346191406,4.656047344207764,1.6002691984176636,0.8660254037844387,-0.4999999999999998,89.3182,22.585,True,15,0,True
CL517,Rupsa,22.79,89.59,2021,4,2021-04-01,2021_04,Pre_Monsoon,validation,84.7,3.0379552841186523,29.953201293945312,18.01943588256836,12.882349967956545,2.9432408809661865,5.689073085784912,0.0248024947941303,33.05666732788086,0.4171000123023987,18.793746948242188,17.617204666137695,50599.09375,140.3240509033203,3.7103257179260254,1.5449576377868652,0.8660254037844387,-0.4999999999999998,89.59,22.79,True,15,0,True
CL504,Dumuria,22.8093,89.4145,2021,5,2021-05-01,2021_05,Pre_Monsoon,validation,130.7,120.01139831542967,190.6925201416016,240.3085784912109,195.61001586914065,167.16737365722656,221.92645263671875,0.2058095484972,35.20000076293945,0.4790000021457672,248.60598754882807,173.23455810546875,57738.24609375,152.4185333251953,5.504084587097168,1.9329872131347656,0.4999999999999999,-0.8660254037844387,89.4145,22.8093,True,15,0,True
CL510,Khulna,22.8319,89.55,2021,5,2021-05-01,2021_05,Pre_Monsoon,validation,154.4,106.18680572509766,171.45997619628906,199.7094573974609,204.6324615478516,154.8757781982422,246.5118103027344,0.1949982047080993,35.79999923706055,0.4383000135421753,249.10348510742188,156.06478881835938,56018.875,154.1371307373047,6.754478931427002,2.105170726776123,0.4999999999999999,-0.8660254037844387,89.55,22.8319,True,15,0,True
CL515,Paikgacha,22.585,89.3182,2021,5,2021-05-01,2021_05,Pre_Monsoon,validation,114.0,96.66587829589844,166.26197814941406,197.0437469482422,172.25086975097656,159.24594116210938,136.8084259033203,0.2231568545103073,30.75,0.3736000061035156,225.42593383789065,169.0030975341797,37890.0703125,129.93092346191406,4.656047344207764,1.6002691984176636,0.4999999999999999,-0.8660254037844387,89.3182,22.585,True,15,0,True
CL517,Rupsa,22.79,89.59,2021,5,2021-05-01,2021_05,Pre_Monsoon,validation,158.2,93.99120330810548,163.0803985595703,185.7242126464844,204.46766662597656,143.555908203125,220.0565795898437,0.1930643767118454,34.540000915527344,0.3400999903678894,237.3192443847656,150.110595703125,50599.09375,140.3240509033203,3.7103257179260254,1.5449576377868652,0.4999999999999999,-0.8660254037844387,89.59,22.79,True,15,0,True
CL504,Dumuria,22.8093,89.4145,2021,6,2021-06-01,2021_06,Monsoon,validation,90.7,467.829345703125,477.9252624511719,397.9482116699219,470.16058349609375,494.8947448730469,508.0270385742188,0.6810262799263,32.5099983215332,0.5960999727249146,366.2535095214844,366.6697387695313,57738.24609375,152.4185333251953,5.504084587097168,1.9329872131347656,1.2246467991473532e-16,-1.0,89.4145,22.8093,True,15,0,True
CL510,Khulna,22.8319,89.55,2021,6,2021-06-01,2021_06,Monsoon,validation,244.8,425.3495788574219,502.1719055175781,446.3028869628906,483.3476257324219,497.2564086914063,515.3506469726562,0.6974677443504333,35.130001068115234,0.3736999928951263,378.32373046875,363.5257873535156,56018.875,154.1371307373047,6.754478931427002,2.105170726776123,1.2246467991473532e-16,-1.0,89.55,22.8319,True,15,0,True
CL515,Paikgacha,22.585,89.3182,2021,6,2021-06-01,2021_06,Monsoon,validation,230.9,451.92620849609375,536.2432250976562,417.7496337890625,450.5551452636719,497.6749877929688,496.7189025878906,0.6922353506088257,29.239999771118164,0.3170999884605407,419.2226867675781,389.3408203125,37890.0703125,129.93092346191406,4.656047344207764,1.6002691984176636,1.2246467991473532e-16,-1.0,89.3182,22.585,True,15,0,True
CL517,Rupsa,22.79,89.59,2021,6,2021-06-01,2021_06,Monsoon,validation,209.9,365.7212219238281,513.8807983398438,443.4256591796875,479.8790588378906,499.4972229003906,570.8246459960938,0.6962221264839172,33.75,0.2633000016212463,386.8348083496094,364.3721008300781,50599.09375,140.3240509033203,3.7103257179260254,1.5449576377868652,1.2246467991473532e-16,-1.0,89.59,22.79,True,15,0,True
CL504,Dumuria,22.8093,89.4145,2021,9,2021-09-01,2021_09,Monsoon,validation,75.8,281.80718994140625,382.8727416992188,339.7033996582031,287.27593994140625,366.5998840332031,398.6134643554688,0.5582312941551208,30.536666870117188,0.6118999719619751,408.86669921875,277.6557312011719,57738.24609375,152.4185333251953,5.504084587097168,1.9329872131347656,-1.0,-1.8369701987210292e-16,89.4145,22.8093,True,15,0,True
CL510,Khulna,22.8319,89.55,2021,9,2021-09-01,2021_09,Monsoon,validation,209.1,306.5682678222656,400.8235473632813,326.62255859375,279.9617614746094,347.6755676269531,416.572509765625,0.5386936664581299,34.38999938964844,0.5922999978065491,457.9241943359375,289.6874084472656,56018.875,154.1371307373047,6.754478931427002,2.105170726776123,-1.0,-1.8369701987210292e-16,89.55,22.8319,True,15,0,True
CL515,Paikgacha,22.585,89.3182,2021,9,2021-09-01,2021_09,Monsoon,validation,236.9,288.2729187011719,414.43701171875,377.2845458984375,305.5479431152344,434.944091796875,465.7724609375,0.6524341106414795,30.920000076293945,0.4533999860286712,442.4424743652344,278.1820373535156,37890.0703125,129.93092346191406,4.656047344207764,1.6002691984176636,-1.0,-1.8369701987210292e-16,89.3182,22.585,True,15,0,True
CL517,Rupsa,22.79,89.59,2021,9,2021-09-01,2021_09,Monsoon,validation,136.3,305.4978942871094,408.8945617675781,299.59637451171875,284.74725341796875,339.81268310546875,423.1275329589844,0.554246723651886,30.489999771118164,0.6985999941825867,470.2657165527344,293.47772216796875,50599.09375,140.3240509033203,3.7103257179260254,1.5449576377868652,-1.0,-1.8369701987210292e-16,89.59,22.79,True,15,0,True
CL504,Dumuria,22.8093,89.4145,2021,10,2021-10-01,2021_10,Post_Monsoon,validation,294.5,105.8099136352539,216.7529296875,159.0504913330078,127.3795166015625,215.8544158935547,241.32614135742188,0.3453386127948761,28.77666664123535,0.6481999754905701,172.85678100585938,150.42239379882812,57738.24609375,152.4185333251953,5.504084587097168,1.9329872131347656,-0.8660254037844386,0.5000000000000001,89.4145,22.8093,True,15,0,True
CL510,Khulna,22.8319,89.55,2021,10,2021-10-01,2021_10,Post_Monsoon,validation,228.7,130.06375122070312,218.84239196777344,165.47067260742188,128.11358642578125,220.9656524658203,217.4346160888672,0.3540186882019043,30.979999542236328,0.5802000164985657,173.06521606445312,144.67701721191406,56018.875,154.1371307373047,6.754478931427002,2.105170726776123,-0.8660254037844386,0.5000000000000001,89.55,22.8319,True,15,0,True
CL515,Paikgacha,22.585,89.3182,2021,10,2021-10-01,2021_10,Post_Monsoon,validation,222.1,164.4681854248047,257.8511047363281,183.2930450439453,145.21714782714844,249.98312377929688,329.67266845703125,0.3955236673355102,28.63666725158692,0.527899980545044,247.60546875,188.8066253662109,37890.0703125,129.93092346191406,4.656047344207764,1.6002691984176636,-0.8660254037844386,0.5000000000000001,89.3182,22.585,True,15,0,True
CL517,Rupsa,22.79,89.59,2021,10,2021-10-01,2021_10,Post_Monsoon,validation,172.2,103.94266510009766,222.42759704589844,165.3630828857422,132.28973388671875,217.5577392578125,218.40219116210932,0.3593842387199402,29.296667098999023,0.7103999853134155,176.64166259765625,145.0662841796875,50599.09375,140.3240509033203,3.7103257179260254,1.5449576377868652,-0.8660254037844386,0.5000000000000001,89.59,22.79,True,15,0,True
CL504,Dumuria,22.8093,89.4145,2021,11,2021-11-01,2021_11,Post_Monsoon,validation,45.3,0.0,11.963089942932127,8.03498363494873,27.578903198242188,11.620081901550291,5.103357791900635,0.0208243541419506,27.09000015258789,0.628000020980835,1.8179160356521609,0.2653543651103973,57738.24609375,152.4185333251953,5.504084587097168,1.9329872131347656,-0.5000000000000004,0.8660254037844384,89.4145,22.8093,True,15,0,True
CL510,Khulna,22.8319,89.55,2021,11,2021-11-01,2021_11,Post_Monsoon,validation,61.1,0.0,15.363951683044434,7.619250774383545,27.364425659179688,10.464381217956545,5.824772357940674,0.0200736615806818,28.77499961853028,0.5005000233650208,1.0,0.0900043472647667,56018.875,154.1371307373047,6.754478931427002,2.105170726776123,-0.5000000000000004,0.8660254037844384,89.55,22.8319,True,15,0,True
CL515,Paikgacha,22.585,89.3182,2021,11,2021-11-01,2021_11,Post_Monsoon,validation,57.0,1.1992532014846802,14.899307250976562,8.779523849487305,25.337158203125,10.02945613861084,0.6855562329292297,0.0353489145636558,26.364999771118164,0.5133000016212463,5.8053975105285645,0.7349337339401245,37890.0703125,129.93092346191406,4.656047344207764,1.6002691984176636,-0.5000000000000004,0.8660254037844384,89.3182,22.585,True,15,0,True
CL517,Rupsa,22.79,89.59,2021,11,2021-11-01,2021_11,Post_Monsoon,validation,11.8,1.999942421913147,16.77484893798828,9.638516426086426,26.85381317138672,9.854532241821287,2.259897470474243,0.0183673817664384,27.309999465942383,0.6693000197410583,4.414197444915772,0.0673916563391685,50599.09375,140.3240509033203,3.7103257179260254,1.5449576377868652,-0.5000000000000004,0.8660254037844384,89.59,22.79,True,15,0,True
CL504,Dumuria,22.8093,89.4145,2021,12,2021-12-01,2021_12,Winter,validation,17.8,19.41363906860352,80.52754211425781,30.53578186035156,139.71466064453125,90.5864715576172,131.8489990234375,0.1410620212554931,23.100000381469727,0.520799994468689,39.2740364074707,48.6098861694336,57738.24609375,152.4185333251953,5.504084587097168,1.9329872131347656,-2.4492935982947064e-16,1.0,89.4145,22.8093,True,15,0,True
CL510,Khulna,22.8319,89.55,2021,12,2021-12-01,2021_12,Winter,validation,30.7,13.45369815826416,87.61466217041016,28.464698791503903,140.83103942871094,76.3315658569336,124.31808471679688,0.1434024572372436,24.989999771118164,0.4084999859333038,20.97786903381348,44.03770065307617,56018.875,154.1371307373047,6.754478931427002,2.105170726776123,-2.4492935982947064e-16,1.0,89.55,22.8319,True,15,0,True
CL515,Paikgacha,22.585,89.3182,2021,12,2021-12-01,2021_12,Winter,validation,27.1,16.465940475463867,81.7184829711914,37.71564865112305,94.49632263183594,76.25432586669922,119.7335968017578,0.1367182433605194,22.440000534057617,0.4814000129699707,55.39078903198242,50.67238235473633,37890.0703125,129.93092346191406,4.656047344207764,1.6002691984176636,-2.4492935982947064e-16,1.0,89.3182,22.585,True,15,0,True
CL517,Rupsa,22.79,89.59,2021,12,2021-12-01,2021_12,Winter,validation,5.1,17.21230697631836,90.02616882324219,24.044279098510746,128.90023803710938,71.63172912597656,119.00462341308594,0.141055017709732,23.334999084472656,0.4754000008106231,34.29263687133789,42.67409896850586,50599.09375,140.3240509033203,3.7103257179260254,1.5449576377868652,-2.4492935982947064e-16,1.0,89.59,22.79,True,15,0,True
CL504,Dumuria,22.8093,89.4145,2022,1,2022-01-01,2022_01,Winter,test,0.0,14.67785930633545,17.87544059753418,10.219975471496582,20.59317398071289,21.228759765625,25.7034912109375,0.0151210185140371,22.3799991607666,0.5703999996185303,49.75447845458984,8.535139083862305,57738.24609375,152.4185333251953,5.504084587097168,1.9329872131347656,0.4999999999999999,0.8660254037844387,89.4145,22.8093,True,15,0,True
CL510,Khulna,22.8319,89.55,2022,1,2022-01-01,2022_01,Winter,test,0.0,16.17142677307129,17.051681518554688,12.010583877563477,20.832395553588867,24.12890625,28.04752349853516,0.0136300753802061,24.239999771118164,0.4311999976634979,39.901065826416016,10.452343940734863,56018.875,154.1371307373047,6.754478931427002,2.105170726776123,0.4999999999999999,0.8660254037844387,89.55,22.8319,True,15,0,True
CL515,Paikgacha,22.585,89.3182,2022,1,2022-01-01,2022_01,Winter,test,0.0,3.733312129974365,19.37740898132324,13.715411186218262,23.18825340270996,22.10784149169922,36.2700424194336,0.0154426880180835,21.940000534057617,0.482699990272522,24.18509292602539,6.430321216583252,37890.0703125,129.93092346191406,4.656047344207764,1.6002691984176636,0.4999999999999999,0.8660254037844387,89.3182,22.585,True,15,0,True
CL517,Rupsa,22.79,89.59,2022,1,2022-01-01,2022_01,Winter,test,0.0,15.623615264892578,16.893173217773438,15.581923484802246,21.67998504638672,24.5556640625,25.97063064575196,0.0127132590860128,22.61000061035156,0.3224999904632568,47.41405487060547,10.932188987731934,50599.09375,140.3240509033203,3.7103257179260254,1.5449576377868652,0.4999999999999999,0.8660254037844387,89.59,22.79,True,15,0,True
CL504,Dumuria,22.8093,89.4145,2022,2,2022-02-01,2022_02,Winter,test,84.9,4.845294952392578,45.53087615966797,31.090126037597656,45.42727279663086,93.10271453857422,47.83382034301758,0.0739314034581184,24.809999465942383,0.6193000078201294,22.596168518066406,11.612319946289062,57738.24609375,152.4185333251953,5.504084587097168,1.9329872131347656,0.8660254037844386,0.5000000000000001,89.4145,22.8093,True,15,0,True
CL510,Khulna,22.8319,89.55,2022,2,2022-02-01,2022_02,Winter,test,94.9,4.515482425689697,58.01200866699219,29.620216369628903,45.116207122802734,87.6679458618164,46.19077301025391,0.0806906223297119,27.299999237060547,0.4341000020503998,24.92999267578125,12.880825996398926,56018.875,154.1371307373047,6.754478931427002,2.105170726776123,0.8660254037844386,0.5000000000000001,89.55,22.8319,True,15,0,True
CL515,Paikgacha,22.585,89.3182,2022,2,2022-02-01,2022_02,Winter,test,71.5,3.120591878890991,61.97517013549805,35.908565521240234,36.597747802734375,82.91592407226562,37.0965690612793,0.0773066952824592,24.45499992370605,0.4354999959468841,10.544602394104004,8.066239356994629,37890.0703125,129.93092346191406,4.656047344207764,1.6002691984176636,0.8660254037844386,0.5000000000000001,89.3182,22.585,True,15,0,True
CL517,Rupsa,22.79,89.59,2022,2,2022-02-01,2022_02,Winter,test,72.6,3.04703950881958,62.79539489746094,31.87919044494629,43.106571197509766,84.27579498291016,42.15098190307617,0.079495333135128,24.920000076293945,0.3786999881267547,28.748065948486328,13.029294967651367,50599.09375,140.3240509033203,3.7103257179260254,1.5449576377868652,0.8660254037844386,0.5000000000000001,89.59,22.79,True,15,0,True
CL504,Dumuria,22.8093,89.4145,2022,3,2022-03-01,2022_03,Pre_Monsoon,test,30.0,0.0281692817807197,16.804243087768555,11.793095588684082,3.731767892837525,1.0581767559051514,0.4142807424068451,0.0022370486985892,29.174999237060547,0.6277999877929688,1.616448998451233,0.1055706441402435,57738.24609375,152.4185333251953,5.504084587097168,1.9329872131347656,1.0,6.123233995736766e-17,89.4145,22.8093,True,15,0,True
CL510,Khulna,22.8319,89.55,2022,3,2022-03-01,2022_03,Pre_Monsoon,test,48.1,1.4239033460617063,14.531279563903809,14.595429420471191,3.75387191772461,0.583972692489624,0.0632532089948654,0.0029850888531655,31.96500015258789,0.4510000050067901,9.10373306274414,0.0458983592689037,56018.875,154.1371307373047,6.754478931427002,2.105170726776123,1.0,6.123233995736766e-17,89.55,22.8319,True,15,0,True
CL515,Paikgacha,22.585,89.3182,2022,3,2022-03-01,2022_03,Pre_Monsoon,test,46.8,5.754623889923096,21.796085357666016,11.522198677062988,2.899831771850586,1.5428433418273926,1.4623498916625977,0.0047043985687196,29.334999084472656,0.3429000079631805,14.951493263244627,0.0176938455551862,37890.0703125,129.93092346191406,4.656047344207764,1.6002691984176636,1.0,6.123233995736766e-17,89.3182,22.585,True,15,0,True
CL517,Rupsa,22.79,89.59,2022,3,2022-03-01,2022_03,Pre_Monsoon,test,55.6,4.807192802429199,14.093634605407717,14.71284008026123,3.6624515056610094,0.5095513463020325,0.0652436986565589,0.0031535828020423,29.959999084472656,0.516700029373169,10.672212600708008,0.0188563093543052,50599.09375,140.3240509033203,3.7103257179260254,1.5449576377868652,1.0,6.123233995736766e-17,89.59,22.79,True,15,0,True
CL504,Dumuria,22.8093,89.4145,2022,4,2022-04-01,2022_04,Pre_Monsoon,test,63.1,1.0,26.06375312805176,17.907787322998047,23.214216232299805,8.042755126953125,15.2471342086792,0.0389403849840164,31.0766658782959,0.5358999967575073,6.633468151092529,8.388092041015625,57738.24609375,152.4185333251953,5.504084587097168,1.9329872131347656,0.8660254037844387,-0.4999999999999998,89.4145,22.8093,True,15,0,True
CL510,Khulna,22.8319,89.55,2022,4,2022-04-01,2022_04,Pre_Monsoon,test,90.5,1.0,30.08193588256836,17.542577743530273,25.65226554870605,12.410028457641602,22.993989944458008,0.0422010421752929,32.52333450317383,0.4259000122547149,7.004636287689209,6.685954570770264,56018.875,154.1371307373047,6.754478931427002,2.105170726776123,0.8660254037844387,-0.4999999999999998,89.55,22.8319,True,15,0,True
CL515,Paikgacha,22.585,89.3182,2022,4,2022-04-01,2022_04,Pre_Monsoon,test,99.6,0.0762774273753166,13.549951553344728,20.19761276245117,9.602505683898926,2.8360090255737305,7.907582759857178,0.0342431403696537,29.6299991607666,0.3010999858379364,6.4133501052856445,3.86445951461792,37890.0703125,129.93092346191406,4.656047344207764,1.6002691984176636,0.8660254037844387,-0.4999999999999998,89.3182,22.585,True,15,0,True
CL517,Rupsa,22.79,89.59,2022,4,2022-04-01,2022_04,Pre_Monsoon,test,77.5,0.1441795378923416,30.51654052734375,17.67561149597168,22.569395065307617,12.141226768493652,20.06587028503418,0.0420256368815898,30.83666610717773,0.5551999807357788,3.950014591217041,5.830057144165039,50599.09375,140.3240509033203,3.7103257179260254,1.5449576377868652,0.8660254037844387,-0.4999999999999998,89.59,22.79,True,15,0,True
CL504,Dumuria,22.8093,89.4145,2022,5,2022-05-01,2022_05,Pre_Monsoon,test,138.0,42.276737213134766,187.720932006836,206.46566772460932,173.07650756835938,220.8850555419922,149.31048583984375,0.3036892414093017,32.529998779296875,0.4492000043392181,69.4716567993164,75.02539825439453,57738.24609375,152.4185333251953,5.504084587097168,1.9329872131347656,0.4999999999999999,-0.8660254037844387,89.4145,22.8093,True,15,0,True
CL510,Khulna,22.8319,89.55,2022,5,2022-05-01,2022_05,Pre_Monsoon,test,142.8,42.05120468139648,182.8558654785156,189.6303100585937,186.4682006835937,244.33741760253903,128.4983673095703,0.2973411679267883,33.630001068115234,0.4386999905109405,67.47004699707031,70.69680786132812,56018.875,154.1371307373047,6.754478931427002,2.105170726776123,0.4999999999999999,-0.8660254037844387,89.55,22.8319,True,15,0,True
CL515,Paikgacha,22.585,89.3182,2022,5,2022-05-01,2022_05,Pre_Monsoon,test,105.9,54.18451690673828,200.3692321777344,174.80148315429688,147.4823760986328,188.9791412353516,141.025390625,0.3045578598976135,29.33666610717773,0.3580000102519989,98.17205047607422,104.41374206542967,37890.0703125,129.93092346191406,4.656047344207764,1.6002691984176636,0.4999999999999999,-0.8660254037844387,89.3182,22.585,True,15,0,True
CL517,Rupsa,22.79,89.59,2022,5,2022-05-01,2022_05,Pre_Monsoon,test,147.2,39.38090896606445,181.0809326171875,197.61257934570312,185.1678771972656,228.5744171142578,127.59829711914062,0.3005980551242828,31.86000061035156,0.4440999925136566,73.4338150024414,70.86713409423828,50599.09375,140.3240509033203,3.7103257179260254,1.5449576377868652,0.4999999999999999,-0.8660254037844387,89.59,22.79,True,15,0,True
CL515,Paikgacha,22.585,89.3182,2022,6,2022-06-01,2022_06,Monsoon,test,194.5,243.76287841796875,256.1439208984375,173.8645782470703,165.00692749023438,113.8915786743164,78.5547866821289,0.2694815993309021,26.64999961853028,0.2164999991655349,224.27178955078125,199.6028289794922,37890.0703125,129.93092346191406,4.656047344207764,1.6002691984176636,1.2246467991473532e-16,-1.0,89.3182,22.585,True,15,0,True
CL515,Paikgacha,22.585,89.3182,2022,7,2022-07-01,2022_07,Monsoon,test,417.1,62.969512939453125,144.23521423339844,114.2117156982422,183.3243865966797,146.72134399414062,49.88246536254883,0.2529328465461731,27.270000457763672,0.4172999858856201,114.61248016357422,57.73331832885742,37890.0703125,129.93092346191406,4.656047344207764,1.6002691984176636,-0.4999999999999997,-0.8660254037844388,89.3182,22.585,True,15,0,True
CL517,Rupsa,22.79,89.59,2022,8,2022-08-01,2022_08,Monsoon,test,330.3,207.8649444580078,307.2474060058594,272.6435852050781,245.63754272460932,253.28073120117188,308.167724609375,0.4051333963871002,29.690000534057617,0.5313000082969666,296.9412841796875,167.70323181152344,50599.09375,140.3240509033203,3.7103257179260254,1.5449576377868652,-0.8660254037844385,-0.5000000000000004,89.59,22.79,True,15,0,True
CL504,Dumuria,22.8093,89.4145,2022,9,2022-09-01,2022_09,Monsoon,test,67.0,190.1153717041016,265.8022155761719,140.71826171875,245.3402557373047,350.9325866699219,179.15061950683594,0.4058005511760711,28.729999542236328,0.7113000154495239,252.4130706787109,184.3089904785156,57738.24609375,152.4185333251953,5.504084587097168,1.9329872131347656,-1.0,-1.8369701987210292e-16,89.4145,22.8093,True,15,0,True
CL510,Khulna,22.8319,89.55,2022,9,2022-09-01,2022_09,Monsoon,test,211.0,192.85580444335932,266.2445678710937,157.4420166015625,246.66476440429688,347.6756591796875,184.5360717773437,0.4119191765785217,32.72999954223633,0.5310999751091003,252.92437744140625,172.7413330078125,56018.875,154.1371307373047,6.754478931427002,2.105170726776123,-1.0,-1.8369701987210292e-16,89.55,22.8319,True,15,0,True
CL515,Paikgacha,22.585,89.3182,2022,9,2022-09-01,2022_09,Monsoon,test,223.0,201.23709106445312,275.6376647949219,179.2904052734375,257.3223571777344,377.6834411621094,236.2179107666016,0.4461345374584198,29.07999992370605,0.4611000120639801,326.4734191894531,205.45233154296875,37890.0703125,129.93092346191406,4.656047344207764,1.6002691984176636,-1.0,-1.8369701987210292e-16,89.3182,22.585,True,15,0,True
CL517,Rupsa,22.79,89.59,2022,9,2022-09-01,2022_09,Monsoon,test,135.1,192.31283569335932,266.80291748046875,157.7290496826172,251.97276306152344,353.6736755371094,192.6928253173828,0.4135091602802276,29.290000915527344,0.6628000140190125,271.8057556152344,170.05372619628906,50599.09375,140.3240509033203,3.7103257179260254,1.5449576377868652,-1.0,-1.8369701987210292e-16,89.59,22.79,True,15,0,True
CL504,Dumuria,22.8093,89.4145,2022,10,2022-10-01,2022_10,Post_Monsoon,test,266.6,258.0091247558594,207.9672393798828,249.01759338378903,220.70083618164065,250.1492919921875,282.9547119140625,0.2956860959529876,29.239999771118164,0.6851999759674072,395.6967468261719,185.8925323486328,57738.24609375,152.4185333251953,5.504084587097168,1.9329872131347656,-0.8660254037844386,0.5000000000000001,89.4145,22.8093,True,15,0,True
CL510,Khulna,22.8319,89.55,2022,10,2022-10-01,2022_10,Post_Monsoon,test,228.2,271.9718933105469,212.17588806152344,261.1121826171875,203.68502807617188,329.8544006347656,325.7247619628906,0.3080991804599762,31.350000381469727,0.5006999969482422,436.1251220703125,188.54156494140625,56018.875,154.1371307373047,6.754478931427002,2.105170726776123,-0.8660254037844386,0.5000000000000001,89.55,22.8319,True,15,0,True
CL515,Paikgacha,22.585,89.3182,2022,10,2022-10-01,2022_10,Post_Monsoon,test,206.1,202.5789337158203,218.82650756835932,245.4065704345703,272.1405334472656,229.1591796875,302.3720092773437,0.3034633100032806,28.6299991607666,0.5200999975204468,464.931884765625,194.1694793701172,37890.0703125,129.93092346191406,4.656047344207764,1.6002691984176636,-0.8660254037844386,0.5000000000000001,89.3182,22.585,True,15,0,True
CL517,Rupsa,22.79,89.59,2022,10,2022-10-01,2022_10,Post_Monsoon,test,151.7,275.8905639648437,214.15773010253903,264.01617431640625,203.6875915527344,340.6053466796875,336.7845458984375,0.3268239796161651,28.559999465942383,0.625,478.1572265625,189.84451293945312,50599.09375,140.3240509033203,3.7103257179260254,1.5449576377868652,-0.8660254037844386,0.5000000000000001,89.59,22.79,True,15,0,True
CL504,Dumuria,22.8093,89.4145,2022,11,2022-11-01,2022_11,Post_Monsoon,test,52.3,0.1539147049188614,0.6634384989738464,3.5451202392578125,0.2351424694061279,0.132012739777565,2.463172435760498,0.0036340281367301,26.959999084472656,0.6504999995231628,1.490703582763672,0.6897482872009277,57738.24609375,152.4185333251953,5.504084587097168,1.9329872131347656,-0.5000000000000004,0.8660254037844384,89.4145,22.8093,True,15,0,True
CL510,Khulna,22.8319,89.55,2022,11,2022-11-01,2022_11,Post_Monsoon,test,68.0,0.6332443952560425,0.5307005047798157,3.451311588287353,0.327673852443695,0.8504470586776733,1.7329853773117063,0.0055817477405071,29.39999961853028,0.5049999952316284,5.160296440124512,0.5026537775993347,56018.875,154.1371307373047,6.754478931427002,2.105170726776123,-0.5000000000000004,0.8660254037844384,89.55,22.8319,True,15,0,True
CL515,Paikgacha,22.585,89.3182,2022,11,2022-11-01,2022_11,Post_Monsoon,test,64.7,0.0762774273753166,1.2224739789962769,4.296103000640869,0.0678732097148895,0.0133863175287842,0.0063239471055567,0.0063278838060796,26.05500030517578,0.4438999891281128,1.3051097393035889,0.8476375937461853,37890.0703125,129.93092346191406,4.656047344207764,1.6002691984176636,-0.5000000000000004,0.8660254037844384,89.3182,22.585,True,15,0,True
CL517,Rupsa,22.79,89.59,2022,11,2022-11-01,2022_11,Post_Monsoon,test,13.2,0.9043904542922974,0.5120521783828735,3.771698474884033,0.3058968782424927,1.4096187353134155,0.4360337555408478,0.0050204247236251,27.239999771118164,0.588100016117096,5.614558696746826,0.4447968602180481,50599.09375,140.3240509033203,3.7103257179260254,1.5449576377868652,-0.5000000000000004,0.8660254037844384,89.59,22.79,True,15,0,True
CL504,Dumuria,22.8093,89.4145,2022,12,2022-12-01,2022_12,Winter,test,19.5,1.0,1.7877490520477295,2.708158493041992,1.0130122900009155,0.1397352963685989,0.1532533913850784,0.0010000000474974,23.239999771118164,0.539900004863739,5.863097667694092,1.1459739208221436,57738.24609375,152.4185333251953,5.504084587097168,1.9329872131347656,-2.4492935982947064e-16,1.0,89.4145,22.8093,True,15,0,True
CL510,Khulna,22.8319,89.55,2022,12,2022-12-01,2022_12,Winter,test,30.8,7.824928283691406,1.9663872718811035,3.390418529510498,1.138564944267273,0.3434278964996338,0.0566296242177486,0.0010000000474974,24.9950008392334,0.4291999936103821,5.053096294403076,1.1129798889160156,56018.875,154.1371307373047,6.754478931427002,2.105170726776123,-2.4492935982947064e-16,1.0,89.55,22.8319,True,15,0,True
CL515,Paikgacha,22.585,89.3182,2022,12,2022-12-01,2022_12,Winter,test,28.4,0.9409499764442444,2.226848840713501,3.2446305751800537,0.7805312275886536,0.0,0.0137168671935796,0.0003803449799306,22.76499938964844,0.3851999938488006,1.813781976699829,1.5532903671264648,37890.0703125,129.93092346191406,4.656047344207764,1.6002691984176636,-2.4492935982947064e-16,1.0,89.3182,22.585,True,15,0,True
CL517,Rupsa,22.79,89.59,2022,12,2022-12-01,2022_12,Winter,test,3.4,2.4280049800872803,2.0417304039001465,2.289783000946045,1.2136143445968628,0.4493847489356994,0.0779671743512153,0.0010000000474974,23.25,0.4388999938964844,1.3353986740112305,1.1137367486953735,50599.09375,140.3240509033203,3.7103257179260254,1.5449576377868652,-2.4492935982947064e-16,1.0,89.59,22.79,True,15,0,True
