station_id,station_name,latitude,longitude,year,month,date,month_id,season,split,rainfall_mm,GSMaP_MVK,IMERG,LST,NDVI,PDIR,Distance_Sea_meter,Land_Aspect_Degree_30m,Land_Khulna_SRTM_DEM,Land_Slope_Degree_30m,month_sin,month_cos,raster_x,raster_y,inside_raster_bounds,valid_predictor_count,missing_predictor_count,all_predictors_available
CL503,Chalna,22.6012,89.5195,2017,1,2017-01-01,2017_01,Winter,train,0.0,1.765300154685974,0.0,23.280000686645508,0.3041000068187713,10.4671630859375,31467.640625,108.51805877685548,3.4914283752441406,1.7203952074050903,0.4999999999999999,0.8660254037844387,89.5195,22.6012,True,13,2,False
CL504,Dumuria,22.8093,89.4145,2017,1,2017-01-01,2017_01,Winter,train,0.0,3.242605209350586,0.0010000000474974,22.76499938964844,0.4519999921321869,12.070197105407717,57738.24609375,152.4185333251953,5.504084587097168,1.9329872131347656,0.4999999999999999,0.8660254037844387,89.4145,22.8093,True,15,0,True
CL509,Kapilmuni,22.6887,89.3088,2017,1,2017-01-01,2017_01,Winter,train,0.0,3.2736167907714844,0.0010000000474974,22.815000534057617,0.3264999985694885,11.50478458404541,48315.43359375,157.5592803955078,4.3667826652526855,1.917250394821167,0.4999999999999999,0.8660254037844387,89.3088,22.6887,True,13,2,False
CL510,Khulna,22.8319,89.55,2017,1,2017-01-01,2017_01,Winter,train,0.0,2.5015628337860107,1.850521039159503e-05,24.895000457763672,0.3783000111579895,11.374858856201172,56018.875,154.1371307373047,6.754478931427002,2.105170726776123,0.4999999999999999,0.8660254037844387,89.55,22.8319,True,15,0,True
CL515,Paikgacha,22.585,89.3182,2017,1,2017-01-01,2017_01,Winter,train,0.0,2.5667271614074707,0.0010000000474974,23.049999237060547,0.2904999852180481,4.497903823852539,37890.0703125,129.93092346191406,4.656047344207764,1.6002691984176636,0.4999999999999999,0.8660254037844387,89.3182,22.585,True,15,0,True
CL517,Rupsa,22.79,89.59,2017,1,2017-01-01,2017_01,Winter,train,0.0,1.89395534992218,0.0002770677383523,23.170000076293945,0.3680000007152557,12.297443389892578,50599.09375,140.3240509033203,3.7103257179260254,1.5449576377868652,0.4999999999999999,0.8660254037844387,89.59,22.79,True,15,0,True
CL503,Chalna,22.6012,89.5195,2017,2,2017-02-01,2017_02,Winter,train,0.0,0.0,0.0031354101374745,27.739999771118164,0.3495000004768371,0.0,31467.640625,108.51805877685548,3.4914283752441406,1.7203952074050903,0.8660254037844386,0.5000000000000001,89.5195,22.6012,True,13,2,False
CL504,Dumuria,22.8093,89.4145,2017,2,2017-02-01,2017_02,Winter,train,0.0,2.186530113220215,0.0023738772142678,26.540000915527344,0.5673999786376953,0.0,57738.24609375,152.4185333251953,5.504084587097168,1.9329872131347656,0.8660254037844386,0.5000000000000001,89.4145,22.8093,True,15,0,True
CL509,Kapilmuni,22.6887,89.3088,2017,2,2017-02-01,2017_02,Winter,train,0.0,0.5782321691513062,0.0046141813509166,26.424999237060547,0.4192000031471252,19.300447463989258,48315.43359375,157.5592803955078,4.3667826652526855,1.917250394821167,0.8660254037844386,0.5000000000000001,89.3088,22.6887,True,13,2,False
CL510,Khulna,22.8319,89.55,2017,2,2017-02-01,2017_02,Winter,train,0.0,6.169003009796143,0.0029850888531655,29.075000762939453,0.3811999857425689,0.0,56018.875,154.1371307373047,6.754478931427002,2.105170726776123,0.8660254037844386,0.5000000000000001,89.55,22.8319,True,15,0,True
CL515,Paikgacha,22.585,89.3182,2017,2,2017-02-01,2017_02,Winter,train,0.0,0.0,0.0058266837149858,26.420000076293945,0.3136999905109405,0.0,37890.0703125,129.93092346191406,4.656047344207764,1.6002691984176636,0.8660254037844386,0.5000000000000001,89.3182,22.585,True,15,0,True
CL517,Rupsa,22.79,89.59,2017,2,2017-02-01,2017_02,Winter,train,0.0,2.106011152267456,0.003000000026077,27.065000534057617,0.3804999887943268,0.0,50599.09375,140.3240509033203,3.7103257179260254,1.5449576377868652,0.8660254037844386,0.5000000000000001,89.59,22.79,True,15,0,True
CL503,Chalna,22.6012,89.5195,2017,3,2017-03-01,2017_03,Pre_Monsoon,train,345.0,58.0058479309082,0.0984799489378929,29.209999084472656,0.3115000128746032,14.767939567565918,31467.640625,108.51805877685548,3.4914283752441406,1.7203952074050903,1.0,6.123233995736766e-17,89.5195,22.6012,True,13,2,False
CL504,Dumuria,22.8093,89.4145,2017,3,2017-03-01,2017_03,Pre_Monsoon,train,45.3,40.09891891479492,0.0871526449918747,27.68000030517578,0.6751000285148621,19.1273193359375,57738.24609375,152.4185333251953,5.504084587097168,1.9329872131347656,1.0,6.123233995736766e-17,89.4145,22.8093,True,15,0,True
CL509,Kapilmuni,22.6887,89.3088,2017,3,2017-03-01,2017_03,Pre_Monsoon,train,97.0,51.060096740722656,0.0886794775724411,28.27499961853028,0.5289000272750854,41.563241958618164,48315.43359375,157.5592803955078,4.3667826652526855,1.917250394821167,1.0,6.123233995736766e-17,89.3088,22.6887,True,13,2,False
CL510,Khulna,22.8319,89.55,2017,3,2017-03-01,2017_03,Pre_Monsoon,train,82.0,40.49989318847656,0.0913144126534462,30.98500061035156,0.4691999852657318,18.68099975585937,56018.875,154.1371307373047,6.754478931427002,2.105170726776123,1.0,6.123233995736766e-17,89.55,22.8319,True,15,0,True
CL515,Paikgacha,22.585,89.3182,2017,3,2017-03-01,2017_03,Pre_Monsoon,train,72.0,66.19490051269531,0.0950682163238525,28.1200008392334,0.4146000146865845,10.30284309387207,37890.0703125,129.93092346191406,4.656047344207764,1.6002691984176636,1.0,6.123233995736766e-17,89.3182,22.585,True,15,0,True
CL517,Rupsa,22.79,89.59,2017,3,2017-03-01,2017_03,Pre_Monsoon,train,125.1,42.67280578613281,0.0954247787594795,27.940000534057617,0.5239999890327454,19.46890640258789,50599.09375,140.3240509033203,3.7103257179260254,1.5449576377868652,1.0,6.123233995736766e-17,89.59,22.79,True,15,0,True
CL503,Chalna,22.6012,89.5195,2017,4,2017-04-01,2017_04,Pre_Monsoon,train,270.0,280.9670715332031,0.1393634378910064,31.950000762939453,0.3005000054836273,59.72010040283203,31467.640625,108.51805877685548,3.4914283752441406,1.7203952074050903,0.8660254037844387,-0.4999999999999998,89.5195,22.6012,True,13,2,False
CL504,Dumuria,22.8093,89.4145,2017,4,2017-04-01,2017_04,Pre_Monsoon,train,152.3,315.0303039550781,0.154740035533905,30.549999237060547,0.5590999722480774,71.73521423339844,57738.24609375,152.4185333251953,5.504084587097168,1.9329872131347656,0.8660254037844387,-0.4999999999999998,89.4145,22.8093,True,15,0,True
CL509,Kapilmuni,22.6887,89.3088,2017,4,2017-04-01,2017_04,Pre_Monsoon,train,24.0,233.9349822998047,0.134091779589653,30.036666870117188,0.4720999896526336,100.79429626464844,48315.43359375,157.5592803955078,4.3667826652526855,1.917250394821167,0.8660254037844387,-0.4999999999999998,89.3088,22.6887,True,13,2,False
CL510,Khulna,22.8319,89.55,2017,4,2017-04-01,2017_04,Pre_Monsoon,train,106.0,391.9819030761719,0.1763846576213836,32.24333190917969,0.4438000023365021,99.01174926757812,56018.875,154.1371307373047,6.754478931427002,2.105170726776123,0.8660254037844387,-0.4999999999999998,89.55,22.8319,True,15,0,True
CL515,Paikgacha,22.585,89.3182,2017,4,2017-04-01,2017_04,Pre_Monsoon,train,197.0,230.169677734375,0.1245606169104576,29.270000457763672,0.2669000029563904,80.48725128173828,37890.0703125,129.93092346191406,4.656047344207764,1.6002691984176636,0.8660254037844387,-0.4999999999999998,89.3182,22.585,True,15,0,True
CL517,Rupsa,22.79,89.59,2017,4,2017-04-01,2017_04,Pre_Monsoon,train,142.1,415.6298828125,0.1808773577213287,30.676666259765625,0.4422000050544739,98.69358825683594,50599.09375,140.3240509033203,3.7103257179260254,1.5449576377868652,0.8660254037844387,-0.4999999999999998,89.59,22.79,True,15,0,True
CL503,Chalna,22.6012,89.5195,2017,5,2017-05-01,2017_05,Pre_Monsoon,train,783.0,113.0980224609375,0.1633165329694748,32.38999938964844,0.450300008058548,126.361572265625,31467.640625,108.51805877685548,3.4914283752441406,1.7203952074050903,0.4999999999999999,-0.8660254037844387,89.5195,22.6012,True,13,2,False
CL504,Dumuria,22.8093,89.4145,2017,5,2017-05-01,2017_05,Pre_Monsoon,train,6.9,203.31643676757807,0.1773710548877716,33.290000915527344,0.5008999705314636,127.01284790039062,57738.24609375,152.4185333251953,5.504084587097168,1.9329872131347656,0.4999999999999999,-0.8660254037844387,89.4145,22.8093,True,15,0,True
CL509,Kapilmuni,22.6887,89.3088,2017,5,2017-05-01,2017_05,Pre_Monsoon,train,69.0,158.56442260742188,0.1636635065078735,31.299999237060547,0.4058000147342682,146.2319107055664,48315.43359375,157.5592803955078,4.3667826652526855,1.917250394821167,0.4999999999999999,-0.8660254037844387,89.3088,22.6887,True,13,2,False
CL510,Khulna,22.8319,89.55,2017,5,2017-05-01,2017_05,Pre_Monsoon,train,234.0,191.915771484375,0.1816509366035461,34.040000915527344,0.4402999877929687,116.12860870361328,56018.875,154.1371307373047,6.754478931427002,2.105170726776123,0.4999999999999999,-0.8660254037844387,89.55,22.8319,True,15,0,True
CL515,Paikgacha,22.585,89.3182,2017,5,2017-05-01,2017_05,Pre_Monsoon,train,194.0,118.43428802490234,0.1612545400857925,29.7549991607666,0.3553999960422516,122.89356994628906,37890.0703125,129.93092346191406,4.656047344207764,1.6002691984176636,0.4999999999999999,-0.8660254037844387,89.3182,22.585,True,15,0,True
CL517,Rupsa,22.79,89.59,2017,5,2017-05-01,2017_05,Pre_Monsoon,train,255.7,187.48475646972656,0.1766168177127838,31.46999931335449,0.4476000070571899,124.32311248779295,50599.09375,140.3240509033203,3.7103257179260254,1.5449576377868652,0.4999999999999999,-0.8660254037844387,89.59,22.79,True,15,0,True
CL503,Chalna,22.6012,89.5195,2017,6,2017-06-01,2017_06,Monsoon,train,212.7,433.5811767578125,0.5061184763908386,30.43000030517578,0.3034000098705292,837.4379272460938,31467.640625,108.51805877685548,3.4914283752441406,1.7203952074050903,1.2246467991473532e-16,-1.0,89.5195,22.6012,True,13,2,False
CL504,Dumuria,22.8093,89.4145,2017,6,2017-06-01,2017_06,Monsoon,train,114.3,658.820068359375,0.4731560051441192,32.22999954223633,0.5644000172615051,830.4907836914062,57738.24609375,152.4185333251953,5.504084587097168,1.9329872131347656,1.2246467991473532e-16,-1.0,89.4145,22.8093,True,15,0,True
CL509,Kapilmuni,22.6887,89.3088,2017,6,2017-06-01,2017_06,Monsoon,train,304.0,451.9334716796875,0.4555037915706634,30.36000061035156,0.5013999938964844,349.64056396484375,48315.43359375,157.5592803955078,4.3667826652526855,1.917250394821167,1.2246467991473532e-16,-1.0,89.3088,22.6887,True,13,2,False
CL510,Khulna,22.8319,89.55,2017,6,2017-06-01,2017_06,Monsoon,train,456.0,728.8864135742188,0.5018065571784973,30.46999931335449,0.4740999937057495,873.6295166015625,56018.875,154.1371307373047,6.754478931427002,2.105170726776123,1.2246467991473532e-16,-1.0,89.55,22.8319,True,15,0,True
CL515,Paikgacha,22.585,89.3182,2017,6,2017-06-01,2017_06,Monsoon,train,624.0,324.7289428710937,0.4671918451786041,30.36000061035156,0.3858000040054321,839.0213012695312,37890.0703125,129.93092346191406,4.656047344207764,1.6002691984176636,1.2246467991473532e-16,-1.0,89.3182,22.585,True,15,0,True
CL517,Rupsa,22.79,89.59,2017,6,2017-06-01,2017_06,Monsoon,train,331.1,709.695068359375,0.5167378783226013,29.729999542236328,0.3526999950408935,851.0066528320312,50599.09375,140.3240509033203,3.7103257179260254,1.5449576377868652,1.2246467991473532e-16,-1.0,89.59,22.79,True,15,0,True
CL503,Chalna,22.6012,89.5195,2017,7,2017-07-01,2017_07,Monsoon,train,426.5,406.4087524414063,0.8314363360404968,29.390000343322754,0.3080999851226806,605.4791870117188,31467.640625,108.51805877685548,3.4914283752441406,1.7203952074050903,-0.4999999999999997,-0.8660254037844388,89.5195,22.6012,True,12,3,False
CL504,Dumuria,22.8093,89.4145,2017,7,2017-07-01,2017_07,Monsoon,train,637.0,382.6331787109375,0.7977726459503174,30.809999465942383,0.5644000172615051,592.4515991210938,57738.24609375,152.4185333251953,5.504084587097168,1.9329872131347656,-0.4999999999999997,-0.8660254037844388,89.4145,22.8093,True,14,1,False
CL509,Kapilmuni,22.6887,89.3088,2017,7,2017-07-01,2017_07,Monsoon,train,606.0,400.3859252929688,0.8171030282974243,28.209999084472656,0.4528999924659729,432.24969482421875,48315.43359375,157.5592803955078,4.3667826652526855,1.917250394821167,-0.4999999999999997,-0.8660254037844388,89.3088,22.6887,True,13,2,False
CL510,Khulna,22.8319,89.55,2017,7,2017-07-01,2017_07,Monsoon,train,720.0,399.0827941894531,0.7963146567344666,32.15999984741211,0.3973999917507171,593.7542114257812,56018.875,154.1371307373047,6.754478931427002,2.105170726776123,-0.4999999999999997,-0.8660254037844388,89.55,22.8319,True,14,1,False
CL515,Paikgacha,22.585,89.3182,2017,7,2017-07-01,2017_07,Monsoon,train,687.0,408.9248352050781,0.8365566730499268,26.46999931335449,0.1928000003099441,570.6531372070312,37890.0703125,129.93092346191406,4.656047344207764,1.6002691984176636,-0.4999999999999997,-0.8660254037844388,89.3182,22.585,True,15,0,True
CL517,Rupsa,22.79,89.59,2017,7,2017-07-01,2017_07,Monsoon,train,587.5,394.0111999511719,0.8035966753959656,32.45000076293945,0.3526999950408935,617.603759765625,50599.09375,140.3240509033203,3.7103257179260254,1.5449576377868652,-0.4999999999999997,-0.8660254037844388,89.59,22.79,True,14,1,False
CL503,Chalna,22.6012,89.5195,2017,8,2017-08-01,2017_08,Monsoon,train,236.9,209.3189697265625,0.4550184905529022,28.876667022705078,0.567799985408783,453.9537963867188,31467.640625,108.51805877685548,3.4914283752441406,1.7203952074050903,-0.8660254037844385,-0.5000000000000004,89.5195,22.6012,True,11,4,False
CL504,Dumuria,22.8093,89.4145,2017,8,2017-08-01,2017_08,Monsoon,train,165.5,242.43099975585932,0.4356352686882019,31.56999969482422,0.7103999853134155,463.9288635253906,57738.24609375,152.4185333251953,5.504084587097168,1.9329872131347656,-0.8660254037844385,-0.5000000000000004,89.4145,22.8093,True,15,0,True
CL509,Kapilmuni,22.6887,89.3088,2017,8,2017-08-01,2017_08,Monsoon,train,209.0,209.3189697265625,0.4399034678936004,28.770000457763672,0.5055999755859375,455.7742462158203,48315.43359375,157.5592803955078,4.3667826652526855,1.917250394821167,-0.8660254037844385,-0.5000000000000004,89.3088,22.6887,True,12,3,False
CL510,Khulna,22.8319,89.55,2017,8,2017-08-01,2017_08,Monsoon,train,449.5,225.38021850585932,0.4428410232067108,33.04999923706055,0.3794000148773193,502.47119140625,56018.875,154.1371307373047,6.754478931427002,2.105170726776123,-0.8660254037844385,-0.5000000000000004,89.55,22.8319,True,14,1,False
CL515,Paikgacha,22.585,89.3182,2017,8,2017-08-01,2017_08,Monsoon,train,259.4,209.3189697265625,0.44995978474617,30.88999938964844,0.5069000124931335,444.7225341796875,37890.0703125,129.93092346191406,4.656047344207764,1.6002691984176636,-0.8660254037844385,-0.5000000000000004,89.3182,22.585,True,14,1,False
CL517,Rupsa,22.79,89.59,2017,8,2017-08-01,2017_08,Monsoon,train,239.5,221.8468780517578,0.4511826932430267,28.229999542236328,0.3287999927997589,505.4096984863281,50599.09375,140.3240509033203,3.7103257179260254,1.5449576377868652,-0.8660254037844385,-0.5000000000000004,89.59,22.79,True,14,1,False
CL503,Chalna,22.6012,89.5195,2017,9,2017-09-01,2017_09,Monsoon,train,161.4,314.47174072265625,0.3386460244655609,30.983333587646484,0.5662000179290771,538.4859008789062,31467.640625,108.51805877685548,3.4914283752441406,1.7203952074050903,-1.0,-1.8369701987210292e-16,89.5195,22.6012,True,13,2,False
CL504,Dumuria,22.8093,89.4145,2017,9,2017-09-01,2017_09,Monsoon,train,193.6,211.1174774169922,0.3206205368041992,30.58333396911621,0.7276999950408936,389.478271484375,57738.24609375,152.4185333251953,5.504084587097168,1.9329872131347656,-1.0,-1.8369701987210292e-16,89.4145,22.8093,True,15,0,True
CL509,Kapilmuni,22.6887,89.3088,2017,9,2017-09-01,2017_09,Monsoon,train,93.0,187.9235382080078,0.3210965692996979,29.809999465942383,0.4851000010967254,356.43235778808594,48315.43359375,157.5592803955078,4.3667826652526855,1.917250394821167,-1.0,-1.8369701987210292e-16,89.3088,22.6887,True,13,2,False
CL510,Khulna,22.8319,89.55,2017,9,2017-09-01,2017_09,Monsoon,train,213.0,236.9289703369141,0.3283234238624573,32.07666778564453,0.5874000191688538,413.3799133300781,56018.875,154.1371307373047,6.754478931427002,2.105170726776123,-1.0,-1.8369701987210292e-16,89.55,22.8319,True,15,0,True
CL515,Paikgacha,22.585,89.3182,2017,9,2017-09-01,2017_09,Monsoon,train,393.0,194.3035430908203,0.3323100507259369,30.09666633605957,0.336899995803833,471.0258483886719,37890.0703125,129.93092346191406,4.656047344207764,1.6002691984176636,-1.0,-1.8369701987210292e-16,89.3182,22.585,True,15,0,True
CL517,Rupsa,22.79,89.59,2017,9,2017-09-01,2017_09,Monsoon,train,155.3,250.23812866210932,0.331836849451065,30.670000076293945,0.703000009059906,457.5291137695313,50599.09375,140.3240509033203,3.7103257179260254,1.5449576377868652,-1.0,-1.8369701987210292e-16,89.59,22.79,True,15,0,True
CL503,Chalna,22.6012,89.5195,2017,10,2017-10-01,2017_10,Post_Monsoon,train,587.5,331.27545166015625,0.5265615582466125,27.183332443237305,0.6881999969482422,391.4468994140625,31467.640625,108.51805877685548,3.4914283752441406,1.7203952074050903,-0.8660254037844386,0.5000000000000001,89.5195,22.6012,True,13,2,False
CL504,Dumuria,22.8093,89.4145,2017,10,2017-10-01,2017_10,Post_Monsoon,train,704.3,296.300048828125,0.5101298093795776,28.88999938964844,0.6050000190734863,243.95187377929688,57738.24609375,152.4185333251953,5.504084587097168,1.9329872131347656,-0.8660254037844386,0.5000000000000001,89.4145,22.8093,True,15,0,True
CL509,Kapilmuni,22.6887,89.3088,2017,10,2017-10-01,2017_10,Post_Monsoon,train,528.0,322.46685791015625,0.5000737905502319,28.60333251953125,0.4228000044822693,202.49506378173828,48315.43359375,157.5592803955078,4.3667826652526855,1.917250394821167,-0.8660254037844386,0.5000000000000001,89.3088,22.6887,True,13,2,False
CL510,Khulna,22.8319,89.55,2017,10,2017-10-01,2017_10,Post_Monsoon,train,325.0,296.308349609375,0.5107915997505188,31.209999084472656,0.5372999906539917,245.7198944091797,56018.875,154.1371307373047,6.754478931427002,2.105170726776123,-0.8660254037844386,0.5000000000000001,89.55,22.8319,True,15,0,True
CL515,Paikgacha,22.585,89.3182,2017,10,2017-10-01,2017_10,Post_Monsoon,train,442.0,358.2123413085937,0.5105531215667725,29.049999237060547,0.45660001039505,373.1638793945313,37890.0703125,129.93092346191406,4.656047344207764,1.6002691984176636,-0.8660254037844386,0.5000000000000001,89.3182,22.585,True,15,0,True
CL517,Rupsa,22.79,89.59,2017,10,2017-10-01,2017_10,Post_Monsoon,train,435.2,288.310791015625,0.5145132541656494,28.450000762939453,0.6399000287055969,263.0467224121094,50599.09375,140.3240509033203,3.7103257179260254,1.5449576377868652,-0.8660254037844386,0.5000000000000001,89.59,22.79,True,15,0,True
CL503,Chalna,22.6012,89.5195,2017,11,2017-11-01,2017_11,Post_Monsoon,train,0.0,89.39862823486328,0.0355759970843791,25.94499969482422,0.5702999830245972,38.31814956665039,31467.640625,108.51805877685548,3.4914283752441406,1.7203952074050903,-0.5000000000000004,0.8660254037844384,89.5195,22.6012,True,13,2,False
CL504,Dumuria,22.8093,89.4145,2017,11,2017-11-01,2017_11,Post_Monsoon,train,0.0,122.33871459960938,0.0389610901474952,27.06999969482422,0.6243000030517578,60.961463928222656,57738.24609375,152.4185333251953,5.504084587097168,1.9329872131347656,-0.5000000000000004,0.8660254037844384,89.4145,22.8093,True,15,0,True
CL509,Kapilmuni,22.6887,89.3088,2017,11,2017-11-01,2017_11,Post_Monsoon,train,0.0,108.89090728759766,0.0417997613549232,26.82999992370605,0.4984000027179718,25.274369716644287,48315.43359375,157.5592803955078,4.3667826652526855,1.917250394821167,-0.5000000000000004,0.8660254037844384,89.3088,22.6887,True,13,2,False
CL510,Khulna,22.8319,89.55,2017,11,2017-11-01,2017_11,Post_Monsoon,train,25.0,108.52578735351562,0.0368278846144676,29.200000762939453,0.5275999903678894,61.66868209838867,56018.875,154.1371307373047,6.754478931427002,2.105170726776123,-0.5000000000000004,0.8660254037844384,89.55,22.8319,True,15,0,True
CL515,Paikgacha,22.585,89.3182,2017,11,2017-11-01,2017_11,Post_Monsoon,train,11.0,100.88385772705078,0.0422817729413509,26.584999084472656,0.4970000088214874,47.08773040771485,37890.0703125,129.93092346191406,4.656047344207764,1.6002691984176636,-0.5000000000000004,0.8660254037844384,89.3182,22.585,True,15,0,True
CL517,Rupsa,22.79,89.59,2017,11,2017-11-01,2017_11,Post_Monsoon,train,4.2,103.01563262939452,0.0356489121913909,27.09000015258789,0.661899983882904,60.3642692565918,50599.09375,140.3240509033203,3.7103257179260254,1.5449576377868652,-0.5000000000000004,0.8660254037844384,89.59,22.79,True,15,0,True
CL503,Chalna,22.6012,89.5195,2017,12,2017-12-01,2017_12,Winter,train,53.0,121.02767181396484,0.0783310681581497,24.200000762939453,0.4325999915599823,32.50008010864258,31467.640625,108.51805877685548,3.4914283752441406,1.7203952074050903,-2.4492935982947064e-16,1.0,89.5195,22.6012,True,13,2,False
CL504,Dumuria,22.8093,89.4145,2017,12,2017-12-01,2017_12,Winter,train,10.0,113.23121643066406,0.0676656514406204,23.9950008392334,0.5519999861717224,14.449459075927734,57738.24609375,152.4185333251953,5.504084587097168,1.9329872131347656,-2.4492935982947064e-16,1.0,89.4145,22.8093,True,15,0,True
CL509,Kapilmuni,22.6887,89.3088,2017,12,2017-12-01,2017_12,Winter,train,39.0,114.97278594970705,0.0671187564730644,23.645000457763672,0.5361999869346619,11.247762203216553,48315.43359375,157.5592803955078,4.3667826652526855,1.917250394821167,-2.4492935982947064e-16,1.0,89.3088,22.6887,True,13,2,False
CL510,Khulna,22.8319,89.55,2017,12,2017-12-01,2017_12,Winter,train,45.0,115.54519653320312,0.0715307220816612,25.84499931335449,0.4629000127315521,16.719602584838867,56018.875,154.1371307373047,6.754478931427002,2.105170726776123,-2.4492935982947064e-16,1.0,89.55,22.8319,True,15,0,True
CL515,Paikgacha,22.585,89.3182,2017,12,2017-12-01,2017_12,Winter,train,28.0,122.98485565185548,0.0700422823429107,23.225000381469727,0.4557999968528747,25.889951705932617,37890.0703125,129.93092346191406,4.656047344207764,1.6002691984176636,-2.4492935982947064e-16,1.0,89.3182,22.585,True,15,0,True
CL517,Rupsa,22.79,89.59,2017,12,2017-12-01,2017_12,Winter,train,23.7,117.0418701171875,0.074529230594635,24.57999992370605,0.4796000123023987,15.268487930297852,50599.09375,140.3240509033203,3.7103257179260254,1.5449576377868652,-2.4492935982947064e-16,1.0,89.59,22.79,True,15,0,True
CL503,Chalna,22.6012,89.5195,2018,1,2018-01-01,2018_01,Winter,train,0.0,0.4290668964385986,0.0,21.895000457763672,0.3133000135421753,5.547920227050781,31467.640625,108.51805877685548,3.4914283752441406,1.7203952074050903,0.4999999999999999,0.8660254037844387,89.5195,22.6012,True,13,2,False
CL504,Dumuria,22.8093,89.4145,2018,1,2018-01-01,2018_01,Winter,train,0.0,4.273915767669678,0.0,21.375,0.4765999913215637,6.0,57738.24609375,152.4185333251953,5.504084587097168,1.9329872131347656,0.4999999999999999,0.8660254037844387,89.4145,22.8093,True,15,0,True
CL509,Kapilmuni,22.6887,89.3088,2018,1,2018-01-01,2018_01,Winter,train,0.0,0.0,0.0004439454060047,21.61000061035156,0.2775000035762787,11.50478458404541,48315.43359375,157.5592803955078,4.3667826652526855,1.917250394821167,0.4999999999999999,0.8660254037844387,89.3088,22.6887,True,13,2,False
CL510,Khulna,22.8319,89.55,2018,1,2018-01-01,2018_01,Winter,train,0.0,0.1025792732834816,0.0,23.059999465942383,0.425599992275238,5.72236442565918,56018.875,154.1371307373047,6.754478931427002,2.105170726776123,0.4999999999999999,0.8660254037844387,89.55,22.8319,True,15,0,True
CL515,Paikgacha,22.585,89.3182,2018,1,2018-01-01,2018_01,Winter,train,0.0,1.312245488166809,0.0003541142796166,21.31999969482422,0.3454999923706054,5.0,37890.0703125,129.93092346191406,4.656047344207764,1.6002691984176636,0.4999999999999999,0.8660254037844387,89.3182,22.585,True,15,0,True
CL517,Rupsa,22.79,89.59,2018,1,2018-01-01,2018_01,Winter,train,0.0,0.0,0.0,21.51499938964844,0.3039999902248382,5.423454284667969,50599.09375,140.3240509033203,3.7103257179260254,1.5449576377868652,0.4999999999999999,0.8660254037844387,89.59,22.79,True,15,0,True
CL503,Chalna,22.6012,89.5195,2018,2,2018-02-01,2018_02,Winter,train,0.0,6.468300342559815,0.0024701762013137,27.520000457763672,0.2718000113964081,14.767939567565918,31467.640625,108.51805877685548,3.4914283752441406,1.7203952074050903,0.8660254037844386,0.5000000000000001,89.5195,22.6012,True,13,2,False
CL504,Dumuria,22.8093,89.4145,2018,2,2018-02-01,2018_02,Winter,train,0.0,1.5053554773330688,0.0043890746310353,26.670000076293945,0.5884000062942505,41.64653015136719,57738.24609375,152.4185333251953,5.504084587097168,1.9329872131347656,0.8660254037844386,0.5000000000000001,89.4145,22.8093,True,15,0,True
CL509,Kapilmuni,22.6887,89.3088,2018,2,2018-02-01,2018_02,Winter,train,0.0,0.5122661590576172,0.0036488445475697,27.0,0.3289999961853027,19.300447463989258,48315.43359375,157.5592803955078,4.3667826652526855,1.917250394821167,0.8660254037844386,0.5000000000000001,89.3088,22.6887,True,13,2,False
CL510,Khulna,22.8319,89.55,2018,2,2018-02-01,2018_02,Winter,train,0.0,3.720142364501953,0.0046115703880786,28.809999465942383,0.3722000122070312,44.03156661987305,56018.875,154.1371307373047,6.754478931427002,2.105170726776123,0.8660254037844386,0.5000000000000001,89.55,22.8319,True,15,0,True
CL515,Paikgacha,22.585,89.3182,2018,2,2018-02-01,2018_02,Winter,train,0.0,2.662322521209717,0.0031346855685114,26.59000015258789,0.2818999886512756,20.31587791442871,37890.0703125,129.93092346191406,4.656047344207764,1.6002691984176636,0.8660254037844386,0.5000000000000001,89.3182,22.585,True,15,0,True
CL517,Rupsa,22.79,89.59,2018,2,2018-02-01,2018_02,Winter,train,0.0,3.6726365089416495,0.0039903270080685,27.239999771118164,0.3163999915122986,37.87271881103516,50599.09375,140.3240509033203,3.7103257179260254,1.5449576377868652,0.8660254037844386,0.5000000000000001,89.59,22.79,True,15,0,True
CL503,Chalna,22.6012,89.5195,2018,3,2018-03-01,2018_03,Pre_Monsoon,train,25.0,16.7482852935791,0.0075298240408301,31.57999992370605,0.2755999863147735,42.97608184814453,31467.640625,108.51805877685548,3.4914283752441406,1.7203952074050903,1.0,6.123233995736766e-17,89.5195,22.6012,True,13,2,False
CL504,Dumuria,22.8093,89.4145,2018,3,2018-03-01,2018_03,Pre_Monsoon,train,0.0,8.935731887817383,0.0073969797231256,29.315000534057617,0.6703000068664551,24.838987350463867,57738.24609375,152.4185333251953,5.504084587097168,1.9329872131347656,1.0,6.123233995736766e-17,89.4145,22.8093,True,15,0,True
CL509,Kapilmuni,22.6887,89.3088,2018,3,2018-03-01,2018_03,Pre_Monsoon,train,0.0,15.011406898498535,0.0068364120088517,29.09499931335449,0.4401000142097473,41.563241958618164,48315.43359375,157.5592803955078,4.3667826652526855,1.917250394821167,1.0,6.123233995736766e-17,89.3088,22.6887,True,13,2,False
CL510,Khulna,22.8319,89.55,2018,3,2018-03-01,2018_03,Pre_Monsoon,train,0.0,6.595705509185791,0.0078057856298983,31.7450008392334,0.4417000114917755,33.72540664672852,56018.875,154.1371307373047,6.754478931427002,2.105170726776123,1.0,6.123233995736766e-17,89.55,22.8319,True,15,0,True
CL515,Paikgacha,22.585,89.3182,2018,3,2018-03-01,2018_03,Pre_Monsoon,train,8.0,16.41109848022461,0.0078390836715698,29.450000762939453,0.3783999979496002,44.81967544555664,37890.0703125,129.93092346191406,4.656047344207764,1.6002691984176636,1.0,6.123233995736766e-17,89.3182,22.585,True,15,0,True
CL517,Rupsa,22.79,89.59,2018,3,2018-03-01,2018_03,Pre_Monsoon,train,6.4,7.121716499328613,0.0073566297069191,30.13999938964844,0.4478000104427337,34.49919128417969,50599.09375,140.3240509033203,3.7103257179260254,1.5449576377868652,1.0,6.123233995736766e-17,89.59,22.79,True,15,0,True
CL503,Chalna,22.6012,89.5195,2018,4,2018-04-01,2018_04,Pre_Monsoon,train,157.0,260.8050537109375,0.1430527716875076,31.236665725708008,0.3328000009059906,297.7895812988281,31467.640625,108.51805877685548,3.4914283752441406,1.7203952074050903,0.8660254037844387,-0.4999999999999998,89.5195,22.6012,True,13,2,False
CL504,Dumuria,22.8093,89.4145,2018,4,2018-04-01,2018_04,Pre_Monsoon,train,115.0,418.5176086425781,0.176693320274353,29.0766658782959,0.5842000246047974,217.07052612304688,57738.24609375,152.4185333251953,5.504084587097168,1.9329872131347656,0.8660254037844387,-0.4999999999999998,89.4145,22.8093,True,15,0,True
CL509,Kapilmuni,22.6887,89.3088,2018,4,2018-04-01,2018_04,Pre_Monsoon,train,58.0,367.4303588867188,0.1599620580673217,28.809999465942383,0.5322999954223633,100.79429626464844,48315.43359375,157.5592803955078,4.3667826652526855,1.917250394821167,0.8660254037844387,-0.4999999999999998,89.3088,22.6887,True,13,2,False
CL510,Khulna,22.8319,89.55,2018,4,2018-04-01,2018_04,Pre_Monsoon,train,135.0,326.0818176269531,0.1864554584026336,31.196666717529297,0.4896000027656555,228.09634399414065,56018.875,154.1371307373047,6.754478931427002,2.105170726776123,0.8660254037844387,-0.4999999999999998,89.55,22.8319,True,15,0,True
CL515,Paikgacha,22.585,89.3182,2018,4,2018-04-01,2018_04,Pre_Monsoon,train,109.0,301.569580078125,0.1447974592447281,30.15666580200196,0.4083000123500824,303.0728759765625,37890.0703125,129.93092346191406,4.656047344207764,1.6002691984176636,0.8660254037844387,-0.4999999999999998,89.3182,22.585,True,15,0,True
CL517,Rupsa,22.79,89.59,2018,4,2018-04-01,2018_04,Pre_Monsoon,train,108.9,299.5727844238281,0.1803554147481918,30.06333351135254,0.479200005531311,221.0574951171875,50599.09375,140.3240509033203,3.7103257179260254,1.5449576377868652,0.8660254037844387,-0.4999999999999998,89.59,22.79,True,15,0,True
CL503,Chalna,22.6012,89.5195,2018,5,2018-05-01,2018_05,Pre_Monsoon,train,149.8,310.64508056640625,0.3078608512878418,28.8700008392334,0.4490000009536743,142.712646484375,31467.640625,108.51805877685548,3.4914283752441406,1.7203952074050903,0.4999999999999999,-0.8660254037844387,89.5195,22.6012,True,13,2,False
CL504,Dumuria,22.8093,89.4145,2018,5,2018-05-01,2018_05,Pre_Monsoon,train,237.2,312.1781311035156,0.2959136664867401,29.31999969482422,0.555899977684021,168.8253631591797,57738.24609375,152.4185333251953,5.504084587097168,1.9329872131347656,0.4999999999999999,-0.8660254037844387,89.4145,22.8093,True,15,0,True
CL509,Kapilmuni,22.6887,89.3088,2018,5,2018-05-01,2018_05,Pre_Monsoon,train,162.0,222.8000946044922,0.2766646444797516,26.75,0.4499000012874603,146.2319107055664,48315.43359375,157.5592803955078,4.3667826652526855,1.917250394821167,0.4999999999999999,-0.8660254037844387,89.3088,22.6887,True,13,2,False
CL510,Khulna,22.8319,89.55,2018,5,2018-05-01,2018_05,Pre_Monsoon,train,220.0,347.10498046875,0.3061155378818512,28.325000762939453,0.3156000077724457,194.16102600097656,56018.875,154.1371307373047,6.754478931427002,2.105170726776123,0.4999999999999999,-0.8660254037844387,89.55,22.8319,True,15,0,True
CL515,Paikgacha,22.585,89.3182,2018,5,2018-05-01,2018_05,Pre_Monsoon,train,109.0,210.1484222412109,0.2896054089069366,25.559999465942383,0.4083999991416931,127.82805633544922,37890.0703125,129.93092346191406,4.656047344207764,1.6002691984176636,0.4999999999999999,-0.8660254037844387,89.3182,22.585,True,15,0,True
CL517,Rupsa,22.79,89.59,2018,5,2018-05-01,2018_05,Pre_Monsoon,train,174.5,388.4598083496094,0.3092277348041534,27.020000457763672,0.4126000106334686,169.0443115234375,50599.09375,140.3240509033203,3.7103257179260254,1.5449576377868652,0.4999999999999999,-0.8660254037844387,89.59,22.79,True,15,0,True
CL503,Chalna,22.6012,89.5195,2018,6,2018-06-01,2018_06,Monsoon,train,416.2,385.9976501464844,0.4803522527217865,30.43000030517578,0.5393000245094299,545.1029052734375,31467.640625,108.51805877685548,3.4914283752441406,1.7203952074050903,1.2246467991473532e-16,-1.0,89.5195,22.6012,True,12,3,False
CL504,Dumuria,22.8093,89.4145,2018,6,2018-06-01,2018_06,Monsoon,train,135.0,258.5923156738281,0.3903402388095855,29.96999931335449,0.5235999822616577,345.5063171386719,57738.24609375,152.4185333251953,5.504084587097168,1.9329872131347656,1.2246467991473532e-16,-1.0,89.4145,22.8093,True,14,1,False
CL509,Kapilmuni,22.6887,89.3088,2018,6,2018-06-01,2018_06,Monsoon,train,220.0,275.9633483886719,0.4165571928024292,29.13999938964844,0.4120000004768371,349.64056396484375,48315.43359375,157.5592803955078,4.3667826652526855,1.917250394821167,1.2246467991473532e-16,-1.0,89.3088,22.6887,True,13,2,False
CL510,Khulna,22.8319,89.55,2018,6,2018-06-01,2018_06,Monsoon,train,240.0,295.8572998046875,0.4048641920089721,30.46999931335449,0.3120999932289123,402.7109680175781,56018.875,154.1371307373047,6.754478931427002,2.105170726776123,1.2246467991473532e-16,-1.0,89.55,22.8319,True,14,1,False
CL515,Paikgacha,22.585,89.3182,2018,6,2018-06-01,2018_06,Monsoon,train,148.0,374.1551513671875,0.4567264318466186,28.549999237060547,0.4828999936580658,530.3423461914062,37890.0703125,129.93092346191406,4.656047344207764,1.6002691984176636,1.2246467991473532e-16,-1.0,89.3182,22.585,True,15,0,True
CL517,Rupsa,22.79,89.59,2018,6,2018-06-01,2018_06,Monsoon,train,224.3,328.1847839355469,0.4312188327312469,28.01000022888184,0.4704000055789947,406.6408386230469,50599.09375,140.3240509033203,3.7103257179260254,1.5449576377868652,1.2246467991473532e-16,-1.0,89.59,22.79,True,15,0,True
CL503,Chalna,22.6012,89.5195,2018,7,2018-07-01,2018_07,Monsoon,train,716.7,185.87586975097656,0.583590567111969,28.690000534057617,0.5550000071525574,467.6222839355469,31467.640625,108.51805877685548,3.4914283752441406,1.7203952074050903,-0.4999999999999997,-0.8660254037844388,89.5195,22.6012,True,13,2,False
CL504,Dumuria,22.8093,89.4145,2018,7,2018-07-01,2018_07,Monsoon,train,266.2,152.7213592529297,0.5431756973266602,30.809999465942383,0.7376999855041504,342.8466491699219,57738.24609375,152.4185333251953,5.504084587097168,1.9329872131347656,-0.4999999999999997,-0.8660254037844388,89.4145,22.8093,True,14,1,False
CL509,Kapilmuni,22.6887,89.3088,2018,7,2018-07-01,2018_07,Monsoon,train,569.0,198.5404663085937,0.5598520040512085,31.01000022888184,0.4833999872207641,432.24969482421875,48315.43359375,157.5592803955078,4.3667826652526855,1.917250394821167,-0.4999999999999997,-0.8660254037844388,89.3088,22.6887,True,13,2,False
CL510,Khulna,22.8319,89.55,2018,7,2018-07-01,2018_07,Monsoon,train,267.0,149.9713592529297,0.541382908821106,32.15999984741211,0.5029000043869019,373.1681518554688,56018.875,154.1371307373047,6.754478931427002,2.105170726776123,-0.4999999999999997,-0.8660254037844388,89.55,22.8319,True,14,1,False
CL515,Paikgacha,22.585,89.3182,2018,7,2018-07-01,2018_07,Monsoon,train,425.0,229.9093170166016,0.5775142908096313,29.950000762939453,0.321399986743927,423.7251586914063,37890.0703125,129.93092346191406,4.656047344207764,1.6002691984176636,-0.4999999999999997,-0.8660254037844388,89.3182,22.585,True,15,0,True
CL517,Rupsa,22.79,89.59,2018,7,2018-07-01,2018_07,Monsoon,train,428.5,156.66937255859375,0.5549994707107544,31.56999969482422,0.4704000055789947,380.8208312988281,50599.09375,140.3240509033203,3.7103257179260254,1.5449576377868652,-0.4999999999999997,-0.8660254037844388,89.59,22.79,True,15,0,True
CL503,Chalna,22.6012,89.5195,2018,8,2018-08-01,2018_08,Monsoon,train,583.5,209.3189697265625,0.323003202676773,28.876667022705078,0.2737999856472015,471.9140625,31467.640625,108.51805877685548,3.4914283752441406,1.7203952074050903,-0.8660254037844385,-0.5000000000000004,89.5195,22.6012,True,11,4,False
CL504,Dumuria,22.8093,89.4145,2018,8,2018-08-01,2018_08,Monsoon,train,190.3,89.90235137939453,0.2724640369415283,31.309999465942383,0.7529000043869019,342.86285400390625,57738.24609375,152.4185333251953,5.504084587097168,1.9329872131347656,-0.8660254037844385,-0.5000000000000004,89.4145,22.8093,True,14,1,False
CL509,Kapilmuni,22.6887,89.3088,2018,8,2018-08-01,2018_08,Monsoon,train,143.0,209.3189697265625,0.3023739755153656,28.983333587646484,0.4318999946117401,455.7742462158203,48315.43359375,157.5592803955078,4.3667826652526855,1.917250394821167,-0.8660254037844385,-0.5000000000000004,89.3088,22.6887,True,12,3,False
CL510,Khulna,22.8319,89.55,2018,8,2018-08-01,2018_08,Monsoon,train,78.0,102.95968627929688,0.2659547328948974,33.04999923706055,0.4510000050067901,405.9390869140625,56018.875,154.1371307373047,6.754478931427002,2.105170726776123,-0.8660254037844385,-0.5000000000000004,89.55,22.8319,True,14,1,False
CL515,Paikgacha,22.585,89.3182,2018,8,2018-08-01,2018_08,Monsoon,train,150.0,209.3189697265625,0.3335347771644592,28.100000381469727,0.4438999891281128,379.2908020019531,37890.0703125,129.93092346191406,4.656047344207764,1.6002691984176636,-0.8660254037844385,-0.5000000000000004,89.3182,22.585,True,14,1,False
CL517,Rupsa,22.79,89.59,2018,8,2018-08-01,2018_08,Monsoon,train,206.7,104.5924072265625,0.2777584791183471,28.229999542236328,0.3373999893665313,399.3630981445313,50599.09375,140.3240509033203,3.7103257179260254,1.5449576377868652,-0.8660254037844385,-0.5000000000000004,89.59,22.79,True,14,1,False
CL503,Chalna,22.6012,89.5195,2018,9,2018-09-01,2018_09,Monsoon,train,311.0,101.89057159423828,0.2181771695613861,30.10333251953125,0.6205999851226807,276.6231689453125,31467.640625,108.51805877685548,3.4914283752441406,1.7203952074050903,-1.0,-1.8369701987210292e-16,89.5195,22.6012,True,13,2,False
CL504,Dumuria,22.8093,89.4145,2018,9,2018-09-01,2018_09,Monsoon,train,11.3,86.3232650756836,0.1948430091142654,31.325000762939453,0.7135000228881836,207.5001678466797,57738.24609375,152.4185333251953,5.504084587097168,1.9329872131347656,-1.0,-1.8369701987210292e-16,89.4145,22.8093,True,15,0,True
CL509,Kapilmuni,22.6887,89.3088,2018,9,2018-09-01,2018_09,Monsoon,train,148.0,110.04136657714844,0.2247203290462494,30.89999961853028,0.57669997215271,356.43235778808594,48315.43359375,157.5592803955078,4.3667826652526855,1.917250394821167,-1.0,-1.8369701987210292e-16,89.3088,22.6887,True,13,2,False
CL510,Khulna,22.8319,89.55,2018,9,2018-09-01,2018_09,Monsoon,train,165.0,84.50365447998047,0.1896241605281829,33.45000076293945,0.6460000276565552,214.1080474853516,56018.875,154.1371307373047,6.754478931427002,2.105170726776123,-1.0,-1.8369701987210292e-16,89.55,22.8319,True,15,0,True
CL515,Paikgacha,22.585,89.3182,2018,9,2018-09-01,2018_09,Monsoon,train,193.0,116.06764221191406,0.2479679733514785,31.670000076293945,0.4490000009536743,306.7428283691406,37890.0703125,129.93092346191406,4.656047344207764,1.6002691984176636,-1.0,-1.8369701987210292e-16,89.3182,22.585,True,15,0,True
CL517,Rupsa,22.79,89.59,2018,9,2018-09-01,2018_09,Monsoon,train,122.0,92.9311981201172,0.1903461962938308,31.690000534057617,0.6184999942779541,237.4139709472656,50599.09375,140.3240509033203,3.7103257179260254,1.5449576377868652,-1.0,-1.8369701987210292e-16,89.59,22.79,True,15,0,True
CL503,Chalna,22.6012,89.5195,2018,10,2018-10-01,2018_10,Post_Monsoon,train,11.0,196.4398803710937,0.1505530774593353,27.60333251953125,0.5655999779701233,140.27989196777344,31467.640625,108.51805877685548,3.4914283752441406,1.7203952074050903,-0.8660254037844386,0.5000000000000001,89.5195,22.6012,True,13,2,False
CL504,Dumuria,22.8093,89.4145,2018,10,2018-10-01,2018_10,Post_Monsoon,train,13.8,111.9329071044922,0.1275192201137542,29.8700008392334,0.6366999745368958,105.94049835205078,57738.24609375,152.4185333251953,5.504084587097168,1.9329872131347656,-0.8660254037844386,0.5000000000000001,89.4145,22.8093,True,15,0,True
CL509,Kapilmuni,22.6887,89.3088,2018,10,2018-10-01,2018_10,Post_Monsoon,train,90.0,134.03335571289062,0.1349125057458877,29.209999084472656,0.5710999965667725,202.49506378173828,48315.43359375,157.5592803955078,4.3667826652526855,1.917250394821167,-0.8660254037844386,0.5000000000000001,89.3088,22.6887,True,13,2,False
CL510,Khulna,22.8319,89.55,2018,10,2018-10-01,2018_10,Post_Monsoon,train,46.0,127.82096862792967,0.1322669833898544,32.1966667175293,0.5503000020980835,99.67229461669922,56018.875,154.1371307373047,6.754478931427002,2.105170726776123,-0.8660254037844386,0.5000000000000001,89.55,22.8319,True,15,0,True
CL515,Paikgacha,22.585,89.3182,2018,10,2018-10-01,2018_10,Post_Monsoon,train,91.0,172.8807373046875,0.1436417698860168,28.956666946411133,0.4401000142097473,105.6264190673828,37890.0703125,129.93092346191406,4.656047344207764,1.6002691984176636,-0.8660254037844386,0.5000000000000001,89.3182,22.585,True,15,0,True
CL517,Rupsa,22.79,89.59,2018,10,2018-10-01,2018_10,Post_Monsoon,train,42.4,148.5811767578125,0.137933924794197,28.94333267211914,0.6492000222206116,99.61141204833984,50599.09375,140.3240509033203,3.7103257179260254,1.5449576377868652,-0.8660254037844386,0.5000000000000001,89.59,22.79,True,15,0,True
CL503,Chalna,22.6012,89.5195,2018,11,2018-11-01,2018_11,Post_Monsoon,train,0.0,0.2881274223327636,0.0022879985626786,25.875,0.521399974822998,0.0,31467.640625,108.51805877685548,3.4914283752441406,1.7203952074050903,-0.5000000000000004,0.8660254037844384,89.5195,22.6012,True,13,2,False
CL504,Dumuria,22.8093,89.4145,2018,11,2018-11-01,2018_11,Post_Monsoon,train,0.0,6.752465724945068,0.0023659721482545,26.565000534057617,0.6096000075340271,8.308619499206543,57738.24609375,152.4185333251953,5.504084587097168,1.9329872131347656,-0.5000000000000004,0.8660254037844384,89.4145,22.8093,True,15,0,True
CL509,Kapilmuni,22.6887,89.3088,2018,11,2018-11-01,2018_11,Post_Monsoon,train,0.0,4.716285705566406,0.0043558152392506,27.14999961853028,0.5164999961853027,25.274369716644287,48315.43359375,157.5592803955078,4.3667826652526855,1.917250394821167,-0.5000000000000004,0.8660254037844384,89.3088,22.6887,True,13,2,False
CL510,Khulna,22.8319,89.55,2018,11,2018-11-01,2018_11,Post_Monsoon,train,0.0,5.324394702911377,0.0020000000949949,29.625,0.4891999959945678,3.9363417625427246,56018.875,154.1371307373047,6.754478931427002,2.105170726776123,-0.5000000000000004,0.8660254037844384,89.55,22.8319,True,15,0,True
CL515,Paikgacha,22.585,89.3182,2018,11,2018-11-01,2018_11,Post_Monsoon,train,0.0,3.219377040863037,0.0047082286328077,26.69499969482422,0.3980000019073486,6.434661388397217,37890.0703125,129.93092346191406,4.656047344207764,1.6002691984176636,-0.5000000000000004,0.8660254037844384,89.3182,22.585,True,15,0,True
CL517,Rupsa,22.79,89.59,2018,11,2018-11-01,2018_11,Post_Monsoon,train,0.0,2.669713020324707,0.0020000000949949,27.270000457763672,0.6262000203132629,2.9120593070983887,50599.09375,140.3240509033203,3.7103257179260254,1.5449576377868652,-0.5000000000000004,0.8660254037844384,89.59,22.79,True,15,0,True
CL503,Chalna,22.6012,89.5195,2018,12,2018-12-01,2018_12,Winter,train,0.0,25.97489356994629,0.0144234094768762,23.315000534057617,0.4332999885082245,11.657930374145508,31467.640625,108.51805877685548,3.4914283752441406,1.7203952074050903,-2.4492935982947064e-16,1.0,89.5195,22.6012,True,13,2,False
CL504,Dumuria,22.8093,89.4145,2018,12,2018-12-01,2018_12,Winter,train,0.0,23.77835273742676,0.0169920958578586,23.59000015258789,0.5471000075340271,8.9992094039917,57738.24609375,152.4185333251953,5.504084587097168,1.9329872131347656,-2.4492935982947064e-16,1.0,89.4145,22.8093,True,15,0,True
CL509,Kapilmuni,22.6887,89.3088,2018,12,2018-12-01,2018_12,Winter,train,0.0,26.732271194458008,0.0175607148557901,23.20499992370605,0.3935999870300293,11.247762203216553,48315.43359375,157.5592803955078,4.3667826652526855,1.917250394821167,-2.4492935982947064e-16,1.0,89.3088,22.6887,True,13,2,False
CL510,Khulna,22.8319,89.55,2018,12,2018-12-01,2018_12,Winter,train,0.0,20.25422096252441,0.0150334173813462,25.38999938964844,0.4084999859333038,12.9496488571167,56018.875,154.1371307373047,6.754478931427002,2.105170726776123,-2.4492935982947064e-16,1.0,89.55,22.8319,True,15,0,True
CL515,Paikgacha,22.585,89.3182,2018,12,2018-12-01,2018_12,Winter,train,0.0,26.608766555786133,0.0170885752886533,22.25,0.4250999987125397,15.610336303710938,37890.0703125,129.93092346191406,4.656047344207764,1.6002691984176636,-2.4492935982947064e-16,1.0,89.3182,22.585,True,15,0,True
CL517,Rupsa,22.79,89.59,2018,12,2018-12-01,2018_12,Winter,train,0.0,23.75055885314941,0.0147229330614209,23.46500015258789,0.4535000026226043,16.78449058532715,50599.09375,140.3240509033203,3.7103257179260254,1.5449576377868652,-2.4492935982947064e-16,1.0,89.59,22.79,True,15,0,True
CL503,Chalna,22.6012,89.5195,2019,1,2019-01-01,2019_01,Winter,train,0.0,0.7363502383232117,0.0031354101374745,23.65999984741211,0.3264000117778778,20.61680030822754,31467.640625,108.51805877685548,3.4914283752441406,1.7203952074050903,0.4999999999999999,0.8660254037844387,89.5195,22.6012,True,13,2,False
CL504,Dumuria,22.8093,89.4145,2019,1,2019-01-01,2019_01,Winter,train,0.0,0.5792600512504578,0.0056261229328811,23.459999084472656,0.4560000002384186,11.634710311889648,57738.24609375,152.4185333251953,5.504084587097168,1.9329872131347656,0.4999999999999999,0.8660254037844387,89.4145,22.8093,True,15,0,True
CL509,Kapilmuni,22.6887,89.3088,2019,1,2019-01-01,2019_01,Winter,train,0.0,0.4437043070793152,0.0049292016774415,23.3700008392334,0.3549000024795532,11.50478458404541,48315.43359375,157.5592803955078,4.3667826652526855,1.917250394821167,0.4999999999999999,0.8660254037844387,89.3088,22.6887,True,13,2,False
CL510,Khulna,22.8319,89.55,2019,1,2019-01-01,2019_01,Winter,train,0.0,0.0359944105148315,0.0056151645258069,25.27499961853028,0.3876999914646148,9.934164047241213,56018.875,154.1371307373047,6.754478931427002,2.105170726776123,0.4999999999999999,0.8660254037844387,89.55,22.8319,True,15,0,True
CL515,Paikgacha,22.585,89.3182,2019,1,2019-01-01,2019_01,Winter,train,0.0,0.5791622996330261,0.0051084551960229,23.040000915527344,0.3720999956130981,26.82262420654297,37890.0703125,129.93092346191406,4.656047344207764,1.6002691984176636,0.4999999999999999,0.8660254037844387,89.3182,22.585,True,15,0,True
CL517,Rupsa,22.79,89.59,2019,1,2019-01-01,2019_01,Winter,train,0.0,0.0676663666963577,0.0044361916370689,23.28499984741211,0.3082000017166137,8.007495880126953,50599.09375,140.3240509033203,3.7103257179260254,1.5449576377868652,0.4999999999999999,0.8660254037844387,89.59,22.79,True,15,0,True
CL503,Chalna,22.6012,89.5195,2019,2,2019-02-01,2019_02,Winter,train,40.5,152.57168579101562,0.1579392999410629,25.46500015258789,0.265500009059906,22.669971466064453,31467.640625,108.51805877685548,3.4914283752441406,1.7203952074050903,0.8660254037844386,0.5000000000000001,89.5195,22.6012,True,13,2,False
CL504,Dumuria,22.8093,89.4145,2019,2,2019-02-01,2019_02,Winter,train,152.0,171.4614715576172,0.1667978763580322,25.48500061035156,0.5070000290870667,44.305809020996094,57738.24609375,152.4185333251953,5.504084587097168,1.9329872131347656,0.8660254037844386,0.5000000000000001,89.4145,22.8093,True,15,0,True
CL509,Kapilmuni,22.6887,89.3088,2019,2,2019-02-01,2019_02,Winter,train,185.0,162.03013610839844,0.166334867477417,25.13500022888184,0.307200014591217,19.300447463989258,48315.43359375,157.5592803955078,4.3667826652526855,1.917250394821167,0.8660254037844386,0.5000000000000001,89.3088,22.6887,True,13,2,False
CL510,Khulna,22.8319,89.55,2019,2,2019-02-01,2019_02,Winter,train,170.0,174.11524963378906,0.1634254455566406,27.780000686645508,0.3454999923706054,34.53907012939453,56018.875,154.1371307373047,6.754478931427002,2.105170726776123,0.8660254037844386,0.5000000000000001,89.55,22.8319,True,15,0,True
CL515,Paikgacha,22.585,89.3182,2019,2,2019-02-01,2019_02,Winter,train,128.0,166.68798828125,0.159739688038826,24.55500030517578,0.3668999969959259,30.44951438903809,37890.0703125,129.93092346191406,4.656047344207764,1.6002691984176636,0.8660254037844386,0.5000000000000001,89.3182,22.585,True,15,0,True
CL517,Rupsa,22.79,89.59,2019,2,2019-02-01,2019_02,Winter,train,130.0,138.4283905029297,0.1631151884794235,25.75,0.3068000078201294,39.12459564208984,50599.09375,140.3240509033203,3.7103257179260254,1.5449576377868652,0.8660254037844386,0.5000000000000001,89.59,22.79,True,15,0,True
CL503,Chalna,22.6012,89.5195,2019,3,2019-03-01,2019_03,Pre_Monsoon,train,139.0,206.1331787109375,0.0931391194462776,29.13500022888184,0.2834999859333038,100.90415954589844,31467.640625,108.51805877685548,3.4914283752441406,1.7203952074050903,1.0,6.123233995736766e-17,89.5195,22.6012,True,13,2,False
CL504,Dumuria,22.8093,89.4145,2019,3,2019-03-01,2019_03,Pre_Monsoon,train,45.0,317.0106201171875,0.0925737991929054,28.229999542236328,0.6685000061988831,76.98141479492188,57738.24609375,152.4185333251953,5.504084587097168,1.9329872131347656,1.0,6.123233995736766e-17,89.4145,22.8093,True,15,0,True
CL509,Kapilmuni,22.6887,89.3088,2019,3,2019-03-01,2019_03,Pre_Monsoon,train,47.7,395.5386962890625,0.0942518264055252,27.9950008392334,0.557200014591217,41.563241958618164,48315.43359375,157.5592803955078,4.3667826652526855,1.917250394821167,1.0,6.123233995736766e-17,89.3088,22.6887,True,13,2,False
CL510,Khulna,22.8319,89.55,2019,3,2019-03-01,2019_03,Pre_Monsoon,train,70.3,252.664779663086,0.0964205935597419,30.88999938964844,0.4160999953746795,80.69213104248047,56018.875,154.1371307373047,6.754478931427002,2.105170726776123,1.0,6.123233995736766e-17,89.55,22.8319,True,15,0,True
CL515,Paikgacha,22.585,89.3182,2019,3,2019-03-01,2019_03,Pre_Monsoon,train,65.0,295.6331787109375,0.1035407856106758,27.645000457763672,0.4444000124931335,74.93256378173828,37890.0703125,129.93092346191406,4.656047344207764,1.6002691984176636,1.0,6.123233995736766e-17,89.3182,22.585,True,15,0,True
CL517,Rupsa,22.79,89.59,2019,3,2019-03-01,2019_03,Pre_Monsoon,train,71.6,256.6689453125,0.089808389544487,28.670000076293945,0.4381999969482422,77.27621459960938,50599.09375,140.3240509033203,3.7103257179260254,1.5449576377868652,1.0,6.123233995736766e-17,89.59,22.79,True,15,0,True
CL503,Chalna,22.6012,89.5195,2019,4,2019-04-01,2019_04,Pre_Monsoon,train,30.0,227.0767974853516,0.1472159475088119,31.11666679382324,0.3267000019550323,67.91390991210938,31467.640625,108.51805877685548,3.4914283752441406,1.7203952074050903,0.8660254037844387,-0.4999999999999998,89.5195,22.6012,True,13,2,False
CL504,Dumuria,22.8093,89.4145,2019,4,2019-04-01,2019_04,Pre_Monsoon,train,14.9,357.9970092773437,0.1569364815950393,30.31666755676269,0.642799973487854,90.77499389648438,57738.24609375,152.4185333251953,5.504084587097168,1.9329872131347656,0.8660254037844387,-0.4999999999999998,89.4145,22.8093,True,15,0,True
CL509,Kapilmuni,22.6887,89.3088,2019,4,2019-04-01,2019_04,Pre_Monsoon,train,63.0,263.16485595703125,0.1400631368160247,29.91666603088379,0.5022000074386597,100.79429626464844,48315.43359375,157.5592803955078,4.3667826652526855,1.917250394821167,0.8660254037844387,-0.4999999999999998,89.3088,22.6887,True,13,2,False
CL510,Khulna,22.8319,89.55,2019,4,2019-04-01,2019_04,Pre_Monsoon,train,61.0,376.7307739257813,0.1647684276103973,32.61000061035156,0.4471000134944916,102.57684326171876,56018.875,154.1371307373047,6.754478931427002,2.105170726776123,0.8660254037844387,-0.4999999999999998,89.55,22.8319,True,15,0,True
CL515,Paikgacha,22.585,89.3182,2019,4,2019-04-01,2019_04,Pre_Monsoon,train,75.0,236.66357421875,0.1445819437503814,29.64999961853028,0.4212999939918518,77.13487243652344,37890.0703125,129.93092346191406,4.656047344207764,1.6002691984176636,0.8660254037844387,-0.4999999999999998,89.3182,22.585,True,15,0,True
CL517,Rupsa,22.79,89.59,2019,4,2019-04-01,2019_04,Pre_Monsoon,train,46.3,341.1463623046875,0.1601702123880386,31.023332595825195,0.4918000102043152,84.35684967041016,50599.09375,140.3240509033203,3.7103257179260254,1.5449576377868652,0.8660254037844387,-0.4999999999999998,89.59,22.79,True,15,0,True
CL503,Chalna,22.6012,89.5195,2019,5,2019-05-01,2019_05,Pre_Monsoon,train,115.0,206.24301147460932,0.1983922868967056,32.9033317565918,0.3420000076293945,173.1819305419922,31467.640625,108.51805877685548,3.4914283752441406,1.7203952074050903,0.4999999999999999,-0.8660254037844387,89.5195,22.6012,True,13,2,False
CL504,Dumuria,22.8093,89.4145,2019,5,2019-05-01,2019_05,Pre_Monsoon,train,104.2,174.87696838378906,0.1945917308330536,32.05500030517578,0.4810999929904938,138.68212890625,57738.24609375,152.4185333251953,5.504084587097168,1.9329872131347656,0.4999999999999999,-0.8660254037844387,89.4145,22.8093,True,15,0,True
CL509,Kapilmuni,22.6887,89.3088,2019,5,2019-05-01,2019_05,Pre_Monsoon,train,168.0,175.6466827392578,0.1979659646749496,30.63999938964844,0.3876000046730041,146.2319107055664,48315.43359375,157.5592803955078,4.3667826652526855,1.917250394821167,0.4999999999999999,-0.8660254037844387,89.3088,22.6887,True,13,2,False
CL510,Khulna,22.8319,89.55,2019,5,2019-05-01,2019_05,Pre_Monsoon,train,79.0,182.4253845214844,0.1967208236455917,32.599998474121094,0.447299987077713,137.48379516601562,56018.875,154.1371307373047,6.754478931427002,2.105170726776123,0.4999999999999999,-0.8660254037844387,89.55,22.8319,True,15,0,True
CL515,Paikgacha,22.585,89.3182,2019,5,2019-05-01,2019_05,Pre_Monsoon,train,87.0,170.62620544433594,0.2010212838649749,29.540000915527344,0.4083999991416931,149.00564575195312,37890.0703125,129.93092346191406,4.656047344207764,1.6002691984176636,0.4999999999999999,-0.8660254037844387,89.3182,22.585,True,15,0,True
CL517,Rupsa,22.79,89.59,2019,5,2019-05-01,2019_05,Pre_Monsoon,train,109.9,184.71763610839844,0.1988806575536728,30.6299991607666,0.4009999930858612,143.4581756591797,50599.09375,140.3240509033203,3.7103257179260254,1.5449576377868652,0.4999999999999999,-0.8660254037844387,89.59,22.79,True,15,0,True
CL503,Chalna,22.6012,89.5195,2019,6,2019-06-01,2019_06,Monsoon,train,275.0,197.8003387451172,0.3134526312351227,28.96999931335449,0.4665000140666961,239.76963806152344,31467.640625,108.51805877685548,3.4914283752441406,1.7203952074050903,1.2246467991473532e-16,-1.0,89.5195,22.6012,True,13,2,False
CL504,Dumuria,22.8093,89.4145,2019,6,2019-06-01,2019_06,Monsoon,train,51.1,137.80140686035156,0.2701949775218963,29.96999931335449,0.5192000269889832,211.9536895751953,57738.24609375,152.4185333251953,5.504084587097168,1.9329872131347656,1.2246467991473532e-16,-1.0,89.4145,22.8093,True,15,0,True
CL509,Kapilmuni,22.6887,89.3088,2019,6,2019-06-01,2019_06,Monsoon,train,163.0,160.89892578125,0.2811692059040069,28.530000686645508,0.5228999853134155,349.64056396484375,48315.43359375,157.5592803955078,4.3667826652526855,1.917250394821167,1.2246467991473532e-16,-1.0,89.3088,22.6887,True,13,2,False
CL510,Khulna,22.8319,89.55,2019,6,2019-06-01,2019_06,Monsoon,train,168.0,135.31417846679688,0.2797312438488006,29.3700008392334,0.5228999853134155,228.85549926757807,56018.875,154.1371307373047,6.754478931427002,2.105170726776123,1.2246467991473532e-16,-1.0,89.55,22.8319,True,15,0,True
CL515,Paikgacha,22.585,89.3182,2019,6,2019-06-01,2019_06,Monsoon,train,139.0,189.0474853515625,0.2958982586860657,29.0766658782959,0.4648999869823456,263.4544982910156,37890.0703125,129.93092346191406,4.656047344207764,1.6002691984176636,1.2246467991473532e-16,-1.0,89.3182,22.585,True,15,0,True
CL517,Rupsa,22.79,89.59,2019,6,2019-06-01,2019_06,Monsoon,train,154.1,136.8479766845703,0.2932971119880676,28.739999771118164,0.4666000008583069,244.0970764160156,50599.09375,140.3240509033203,3.7103257179260254,1.5449576377868652,1.2246467991473532e-16,-1.0,89.59,22.79,True,15,0,True
CL503,Chalna,22.6012,89.5195,2019,7,2019-07-01,2019_07,Monsoon,train,468.5,203.65460205078125,0.4434954822063446,30.09000015258789,0.5842999815940857,492.53619384765625,31467.640625,108.51805877685548,3.4914283752441406,1.7203952074050903,-0.4999999999999997,-0.8660254037844388,89.5195,22.6012,True,13,2,False
CL504,Dumuria,22.8093,89.4145,2019,7,2019-07-01,2019_07,Monsoon,train,359.5,223.623291015625,0.3947488069534302,30.809999465942383,0.6711000204086304,440.8276977539063,57738.24609375,152.4185333251953,5.504084587097168,1.9329872131347656,-0.4999999999999997,-0.8660254037844388,89.4145,22.8093,True,15,0,True
CL509,Kapilmuni,22.6887,89.3088,2019,7,2019-07-01,2019_07,Monsoon,train,259.0,221.06983947753903,0.3880065977573395,31.11000061035156,0.5030999779701233,432.24969482421875,48315.43359375,157.5592803955078,4.3667826652526855,1.917250394821167,-0.4999999999999997,-0.8660254037844388,89.3088,22.6887,True,13,2,False
CL510,Khulna,22.8319,89.55,2019,7,2019-07-01,2019_07,Monsoon,train,287.0,208.9076538085937,0.4208214282989502,32.15999984741211,0.4893999993801117,438.8516845703125,56018.875,154.1371307373047,6.754478931427002,2.105170726776123,-0.4999999999999997,-0.8660254037844388,89.55,22.8319,True,15,0,True
CL515,Paikgacha,22.585,89.3182,2019,7,2019-07-01,2019_07,Monsoon,train,360.0,193.836181640625,0.39920175075531,33.369998931884766,0.4814000129699707,425.647705078125,37890.0703125,129.93092346191406,4.656047344207764,1.6002691984176636,-0.4999999999999997,-0.8660254037844388,89.3182,22.585,True,15,0,True
CL517,Rupsa,22.79,89.59,2019,7,2019-07-01,2019_07,Monsoon,train,331.1,208.84385681152344,0.4355812072753906,33.33000183105469,0.2382999956607818,451.6117248535156,50599.09375,140.3240509033203,3.7103257179260254,1.5449576377868652,-0.4999999999999997,-0.8660254037844388,89.59,22.79,True,15,0,True
CL503,Chalna,22.6012,89.5195,2019,8,2019-08-01,2019_08,Monsoon,train,365.0,209.3189697265625,0.5407447814941406,28.876667022705078,0.4065999984741211,535.6051635742188,31467.640625,108.51805877685548,3.4914283752441406,1.7203952074050903,-0.8660254037844385,-0.5000000000000004,89.5195,22.6012,True,11,4,False
CL504,Dumuria,22.8093,89.4145,2019,8,2019-08-01,2019_08,Monsoon,train,539.4,168.86692810058594,0.4839274883270263,31.309999465942383,0.6741999983787537,457.5946960449219,57738.24609375,152.4185333251953,5.504084587097168,1.9329872131347656,-0.8660254037844385,-0.5000000000000004,89.4145,22.8093,True,14,1,False
CL509,Kapilmuni,22.6887,89.3088,2019,8,2019-08-01,2019_08,Monsoon,train,480.5,209.3189697265625,0.5289875268936157,29.09000015258789,0.5375000238418579,455.7742462158203,48315.43359375,157.5592803955078,4.3667826652526855,1.917250394821167,-0.8660254037844385,-0.5000000000000004,89.3088,22.6887,True,12,3,False
CL510,Khulna,22.8319,89.55,2019,8,2019-08-01,2019_08,Monsoon,train,508.0,185.89794921875,0.468841552734375,33.04999923706055,0.4629000127315521,490.7105102539063,56018.875,154.1371307373047,6.754478931427002,2.105170726776123,-0.8660254037844385,-0.5000000000000004,89.55,22.8319,True,14,1,False
CL515,Paikgacha,22.585,89.3182,2019,8,2019-08-01,2019_08,Monsoon,train,442.0,209.3189697265625,0.5608078837394714,28.25,0.3481999933719635,484.55670166015625,37890.0703125,129.93092346191406,4.656047344207764,1.6002691984176636,-0.8660254037844385,-0.5000000000000004,89.3182,22.585,True,14,1,False
CL517,Rupsa,22.79,89.59,2019,8,2019-08-01,2019_08,Monsoon,train,421.6,196.7910614013672,0.478088766336441,28.229999542236328,0.4056000113487243,503.50982666015625,50599.09375,140.3240509033203,3.7103257179260254,1.5449576377868652,-0.8660254037844385,-0.5000000000000004,89.59,22.79,True,14,1,False
CL503,Chalna,22.6012,89.5195,2019,9,2019-09-01,2019_09,Monsoon,train,130.0,192.06884765625,0.3930293619632721,30.049999237060547,0.392300009727478,317.279296875,31467.640625,108.51805877685548,3.4914283752441406,1.7203952074050903,-1.0,-1.8369701987210292e-16,89.5195,22.6012,True,13,2,False
CL504,Dumuria,22.8093,89.4145,2019,9,2019-09-01,2019_09,Monsoon,train,75.7,149.56048583984375,0.3677993714809418,30.59000015258789,0.7045000195503235,332.1385803222656,57738.24609375,152.4185333251953,5.504084587097168,1.9329872131347656,-1.0,-1.8369701987210292e-16,89.4145,22.8093,True,15,0,True
CL509,Kapilmuni,22.6887,89.3088,2019,9,2019-09-01,2019_09,Monsoon,train,292.0,178.96900939941406,0.4069717228412628,28.05666732788086,0.6959999799728394,356.43235778808594,48315.43359375,157.5592803955078,4.3667826652526855,1.917250394821167,-1.0,-1.8369701987210292e-16,89.3088,22.6887,True,13,2,False
CL510,Khulna,22.8319,89.55,2019,9,2019-09-01,2019_09,Monsoon,train,238.0,168.0010528564453,0.3555145859718323,33.70000076293945,0.579800009727478,309.28271484375,56018.875,154.1371307373047,6.754478931427002,2.105170726776123,-1.0,-1.8369701987210292e-16,89.55,22.8319,True,15,0,True
CL515,Paikgacha,22.585,89.3182,2019,9,2019-09-01,2019_09,Monsoon,train,208.0,196.17889404296875,0.4268870651721954,30.22333335876465,0.4860000014305115,369.1255798339844,37890.0703125,129.93092346191406,4.656047344207764,1.6002691984176636,-1.0,-1.8369701987210292e-16,89.3182,22.585,True,15,0,True
CL517,Rupsa,22.79,89.59,2019,9,2019-09-01,2019_09,Monsoon,train,139.0,173.23196411132812,0.3601663112640381,30.989999771118164,0.5562999844551086,328.7251281738281,50599.09375,140.3240509033203,3.7103257179260254,1.5449576377868652,-1.0,-1.8369701987210292e-16,89.59,22.79,True,15,0,True
CL503,Chalna,22.6012,89.5195,2019,10,2019-10-01,2019_10,Post_Monsoon,train,503.3,166.5410614013672,0.226827010512352,28.78333282470703,0.5861999988555908,161.0382537841797,31467.640625,108.51805877685548,3.4914283752441406,1.7203952074050903,-0.8660254037844386,0.5000000000000001,89.5195,22.6012,True,13,2,False
CL504,Dumuria,22.8093,89.4145,2019,10,2019-10-01,2019_10,Post_Monsoon,train,332.6,135.66558837890625,0.214805781841278,29.36333274841309,0.6425999999046326,116.0158920288086,57738.24609375,152.4185333251953,5.504084587097168,1.9329872131347656,-0.8660254037844386,0.5000000000000001,89.4145,22.8093,True,15,0,True
CL509,Kapilmuni,22.6887,89.3088,2019,10,2019-10-01,2019_10,Post_Monsoon,train,301.5,145.80397033691406,0.2354951500892639,28.0766658782959,0.7217000126838684,202.49506378173828,48315.43359375,157.5592803955078,4.3667826652526855,1.917250394821167,-0.8660254037844386,0.5000000000000001,89.3088,22.6887,True,13,2,False
CL510,Khulna,22.8319,89.55,2019,10,2019-10-01,2019_10,Post_Monsoon,train,318.2,137.56515502929688,0.2167177498340606,31.023332595825195,0.6075999736785889,104.0157699584961,56018.875,154.1371307373047,6.754478931427002,2.105170726776123,-0.8660254037844386,0.5000000000000001,89.55,22.8319,True,15,0,True
CL515,Paikgacha,22.585,89.3182,2019,10,2019-10-01,2019_10,Post_Monsoon,train,229.1,156.2635955810547,0.2482863366603851,29.46999931335449,0.5289999842643738,150.57020568847656,37890.0703125,129.93092346191406,4.656047344207764,1.6002691984176636,-0.8660254037844386,0.5000000000000001,89.3182,22.585,True,15,0,True
CL517,Rupsa,22.79,89.59,2019,10,2019-10-01,2019_10,Post_Monsoon,train,161.9,149.14414978027344,0.2195883840322494,29.1433334350586,0.546999990940094,107.6827392578125,50599.09375,140.3240509033203,3.7103257179260254,1.5449576377868652,-0.8660254037844386,0.5000000000000001,89.59,22.79,True,15,0,True
CL503,Chalna,22.6012,89.5195,2019,11,2019-11-01,2019_11,Post_Monsoon,train,180.1,293.4929504394531,0.2483043223619461,26.924999237060547,0.5002999901771545,92.9215316772461,31467.640625,108.51805877685548,3.4914283752441406,1.7203952074050903,-0.5000000000000004,0.8660254037844384,89.5195,22.6012,True,13,2,False
CL504,Dumuria,22.8093,89.4145,2019,11,2019-11-01,2019_11,Post_Monsoon,train,93.7,297.5218811035156,0.2061775922775268,28.07999992370605,0.6191999912261963,68.2221908569336,57738.24609375,152.4185333251953,5.504084587097168,1.9329872131347656,-0.5000000000000004,0.8660254037844384,89.4145,22.8093,True,15,0,True
CL509,Kapilmuni,22.6887,89.3088,2019,11,2019-11-01,2019_11,Post_Monsoon,train,51.4,281.8513488769531,0.2173992395401001,27.334999084472656,0.6245999932289124,25.274369716644287,48315.43359375,157.5592803955078,4.3667826652526855,1.917250394821167,-0.5000000000000004,0.8660254037844384,89.3088,22.6887,True,13,2,False
CL510,Khulna,22.8319,89.55,2019,11,2019-11-01,2019_11,Post_Monsoon,train,117.0,337.0256652832031,0.2102389633655548,29.88999938964844,0.5289999842643738,74.12643432617188,56018.875,154.1371307373047,6.754478931427002,2.105170726776123,-0.5000000000000004,0.8660254037844384,89.55,22.8319,True,15,0,True
CL515,Paikgacha,22.585,89.3182,2019,11,2019-11-01,2019_11,Post_Monsoon,train,113.8,281.99432373046875,0.2346288859844207,26.895000457763672,0.4514000117778778,77.94853973388672,37890.0703125,129.93092346191406,4.656047344207764,1.6002691984176636,-0.5000000000000004,0.8660254037844384,89.3182,22.585,True,15,0,True
CL517,Rupsa,22.79,89.59,2019,11,2019-11-01,2019_11,Post_Monsoon,train,22.9,335.8406066894531,0.2186751216650009,27.920000076293945,0.567799985408783,78.05915832519531,50599.09375,140.3240509033203,3.7103257179260254,1.5449576377868652,-0.5000000000000004,0.8660254037844384,89.59,22.79,True,15,0,True
CL503,Chalna,22.6012,89.5195,2019,12,2019-12-01,2019_12,Winter,train,38.0,8.327371597290039,0.0146652348339557,23.1299991607666,0.4032999873161316,10.196099281311035,31467.640625,108.51805877685548,3.4914283752441406,1.7203952074050903,-2.4492935982947064e-16,1.0,89.5195,22.6012,True,13,2,False
CL504,Dumuria,22.8093,89.4145,2019,12,2019-12-01,2019_12,Winter,train,32.9,4.949481964111328,0.0137708568945527,22.55500030517578,0.5821999907493591,5.6033806800842285,57738.24609375,152.4185333251953,5.504084587097168,1.9329872131347656,-2.4492935982947064e-16,1.0,89.4145,22.8093,True,15,0,True
CL509,Kapilmuni,22.6887,89.3088,2019,12,2019-12-01,2019_12,Winter,train,16.0,6.117362976074219,0.0136728240177035,22.065000534057617,0.4603999853134155,11.247762203216553,48315.43359375,157.5592803955078,4.3667826652526855,1.917250394821167,-2.4492935982947064e-16,1.0,89.3088,22.6887,True,13,2,False
CL510,Khulna,22.8319,89.55,2019,12,2019-12-01,2019_12,Winter,train,46.5,5.523412227630615,0.0140000004321336,23.95499992370605,0.4577000141143799,6.1456828117370605,56018.875,154.1371307373047,6.754478931427002,2.105170726776123,-2.4492935982947064e-16,1.0,89.55,22.8319,True,15,0,True
CL515,Paikgacha,22.585,89.3182,2019,12,2019-12-01,2019_12,Winter,train,45.5,8.64785385131836,0.0144002269953489,21.565000534057617,0.4323999881744385,18.87702369689941,37890.0703125,129.93092346191406,4.656047344207764,1.6002691984176636,-2.4492935982947064e-16,1.0,89.3182,22.585,True,15,0,True
CL517,Rupsa,22.79,89.59,2019,12,2019-12-01,2019_12,Winter,train,1.5,5.719337463378906,0.0140000004321336,22.709999084472656,0.3535999953746795,10.837594032287598,50599.09375,140.3240509033203,3.7103257179260254,1.5449576377868652,-2.4492935982947064e-16,1.0,89.59,22.79,True,15,0,True
CL503,Chalna,22.6012,89.5195,2020,1,2020-01-01,2020_01,Winter,train,0.0,139.63999938964844,0.0595298260450363,22.440000534057617,0.3605999946594238,89.20797729492188,31467.640625,108.51805877685548,3.4914283752441406,1.7203952074050903,0.4999999999999999,0.8660254037844387,89.5195,22.6012,True,13,2,False
CL504,Dumuria,22.8093,89.4145,2020,1,2020-01-01,2020_01,Winter,train,0.0,96.3227996826172,0.0533738806843757,22.77666664123535,0.5203999876976013,34.46580123901367,57738.24609375,152.4185333251953,5.504084587097168,1.9329872131347656,0.4999999999999999,0.8660254037844387,89.4145,22.8093,True,15,0,True
CL509,Kapilmuni,22.6887,89.3088,2020,1,2020-01-01,2020_01,Winter,train,0.0,95.9703140258789,0.0579526685178279,22.05500030517578,0.391400009393692,11.50478458404541,48315.43359375,157.5592803955078,4.3667826652526855,1.917250394821167,0.4999999999999999,0.8660254037844387,89.3088,22.6887,True,13,2,False
CL510,Khulna,22.8319,89.55,2020,1,2020-01-01,2020_01,Winter,train,0.0,106.09479522705078,0.0541757121682167,23.165000915527344,0.4101000130176544,27.42914581298828,56018.875,154.1371307373047,6.754478931427002,2.105170726776123,0.4999999999999999,0.8660254037844387,89.55,22.8319,True,15,0,True
CL515,Paikgacha,22.585,89.3182,2020,1,2020-01-01,2020_01,Winter,train,0.0,97.27867889404295,0.0608390867710113,21.71999931335449,0.3628999888896942,79.05577087402344,37890.0703125,129.93092346191406,4.656047344207764,1.6002691984176636,0.4999999999999999,0.8660254037844387,89.3182,22.585,True,15,0,True
CL517,Rupsa,22.79,89.59,2020,1,2020-01-01,2020_01,Winter,train,0.0,109.00602722167967,0.0547668598592281,22.200000762939453,0.3138000071048736,17.8482666015625,50599.09375,140.3240509033203,3.7103257179260254,1.5449576377868652,0.4999999999999999,0.8660254037844387,89.59,22.79,True,15,0,True
CL503,Chalna,22.6012,89.5195,2020,2,2020-02-01,2020_02,Winter,train,16.5,38.84975814819336,0.0067581748589873,26.040000915527344,0.2874999940395355,4.880239486694336,31467.640625,108.51805877685548,3.4914283752441406,1.7203952074050903,0.8660254037844386,0.5000000000000001,89.5195,22.6012,True,13,2,False
CL504,Dumuria,22.8093,89.4145,2020,2,2020-02-01,2020_02,Winter,train,62.1,26.899677276611328,0.0100151980295777,25.565000534057617,0.5611000061035156,13.1281156539917,57738.24609375,152.4185333251953,5.504084587097168,1.9329872131347656,0.8660254037844386,0.5000000000000001,89.4145,22.8093,True,15,0,True
CL509,Kapilmuni,22.6887,89.3088,2020,2,2020-02-01,2020_02,Winter,train,75.5,33.73054885864258,0.0088124331086874,25.4950008392334,0.421999990940094,19.300447463989258,48315.43359375,157.5592803955078,4.3667826652526855,1.917250394821167,0.8660254037844386,0.5000000000000001,89.3088,22.6887,True,13,2,False
CL510,Khulna,22.8319,89.55,2020,2,2020-02-01,2020_02,Winter,train,69.4,24.416553497314453,0.0096264816820621,27.84000015258789,0.4239000082015991,18.285017013549805,56018.875,154.1371307373047,6.754478931427002,2.105170726776123,0.8660254037844386,0.5000000000000001,89.55,22.8319,True,15,0,True
CL515,Paikgacha,22.585,89.3182,2020,2,2020-02-01,2020_02,Winter,train,52.3,35.31096267700195,0.0081346863880753,24.799999237060547,0.4657999873161316,7.044314384460449,37890.0703125,129.93092346191406,4.656047344207764,1.6002691984176636,0.8660254037844386,0.5000000000000001,89.3182,22.585,True,15,0,True
CL517,Rupsa,22.79,89.59,2020,2,2020-02-01,2020_02,Winter,train,53.1,30.03789329528809,0.0087132593616843,25.424999237060547,0.3470999896526336,27.327672958374023,50599.09375,140.3240509033203,3.7103257179260254,1.5449576377868652,0.8660254037844386,0.5000000000000001,89.59,22.79,True,15,0,True
CL503,Chalna,22.6012,89.5195,2020,3,2020-03-01,2020_03,Pre_Monsoon,train,154.2,30.537656784057617,0.0375759974122047,31.645000457763672,0.3152999877929687,41.0478401184082,31467.640625,108.51805877685548,3.4914283752441406,1.7203952074050903,1.0,6.123233995736766e-17,89.5195,22.6012,True,13,2,False
CL504,Dumuria,22.8093,89.4145,2020,3,2020-03-01,2020_03,Pre_Monsoon,train,30.1,58.15544891357422,0.0422212406992912,29.959999084472656,0.6463000178337097,42.078643798828125,57738.24609375,152.4185333251953,5.504084587097168,1.9329872131347656,1.0,6.123233995736766e-17,89.4145,22.8093,True,15,0,True
CL509,Kapilmuni,22.6887,89.3088,2020,3,2020-03-01,2020_03,Pre_Monsoon,train,44.5,67.39891815185547,0.0418124347925186,30.040000915527344,0.4991999864578247,41.563241958618164,48315.43359375,157.5592803955078,4.3667826652526855,1.917250394821167,1.0,6.123233995736766e-17,89.3088,22.6887,True,13,2,False
CL510,Khulna,22.8319,89.55,2020,3,2020-03-01,2020_03,Pre_Monsoon,train,49.9,41.5882682800293,0.0398427993059158,33.80500030517578,0.4151000082492828,42.91362380981445,56018.875,154.1371307373047,6.754478931427002,2.105170726776123,1.0,6.123233995736766e-17,89.55,22.8319,True,15,0,True
CL515,Paikgacha,22.585,89.3182,2020,3,2020-03-01,2020_03,Pre_Monsoon,train,47.8,49.72500228881836,0.0421932004392147,29.55500030517578,0.3910000026226043,39.93629837036133,37890.0703125,129.93092346191406,4.656047344207764,1.6002691984176636,1.0,6.123233995736766e-17,89.3182,22.585,True,15,0,True
CL517,Rupsa,22.79,89.59,2020,3,2020-03-01,2020_03,Pre_Monsoon,train,63.7,36.95595169067383,0.0384953320026397,30.934999465942383,0.4596999883651733,49.12118911743164,50599.09375,140.3240509033203,3.7103257179260254,1.5449576377868652,1.0,6.123233995736766e-17,89.59,22.79,True,15,0,True
CL503,Chalna,22.6012,89.5195,2020,4,2020-04-01,2020_04,Pre_Monsoon,train,134.3,223.02691650390625,0.1641287356615066,33.72999954223633,0.3303999900817871,117.1459732055664,31467.640625,108.51805877685548,3.4914283752441406,1.7203952074050903,0.8660254037844387,-0.4999999999999998,89.5195,22.6012,True,13,2,False
CL504,Dumuria,22.8093,89.4145,2020,4,2020-04-01,2020_04,Pre_Monsoon,train,83.8,241.5384063720703,0.1568662822246551,30.959999084472656,0.5823000073432922,123.00822448730467,57738.24609375,152.4185333251953,5.504084587097168,1.9329872131347656,0.8660254037844387,-0.4999999999999998,89.4145,22.8093,True,15,0,True
CL509,Kapilmuni,22.6887,89.3088,2020,4,2020-04-01,2020_04,Pre_Monsoon,train,51.3,196.0180511474609,0.1411512643098831,30.13999938964844,0.5073000192642212,100.79429626464844,48315.43359375,157.5592803955078,4.3667826652526855,1.917250394821167,0.8660254037844387,-0.4999999999999998,89.3088,22.6887,True,13,2,False
CL510,Khulna,22.8319,89.55,2020,4,2020-04-01,2020_04,Pre_Monsoon,train,97.3,287.26202392578125,0.1726254075765609,35.290000915527344,0.4857999980449676,111.57884216308594,56018.875,154.1371307373047,6.754478931427002,2.105170726776123,0.8660254037844387,-0.4999999999999998,89.55,22.8319,True,15,0,True
CL515,Paikgacha,22.585,89.3182,2020,4,2020-04-01,2020_04,Pre_Monsoon,train,117.9,161.4547576904297,0.1461318135261535,30.815000534057617,0.3743000030517578,97.05927276611328,37890.0703125,129.93092346191406,4.656047344207764,1.6002691984176636,0.8660254037844387,-0.4999999999999998,89.3182,22.585,True,15,0,True
CL517,Rupsa,22.79,89.59,2020,4,2020-04-01,2020_04,Pre_Monsoon,train,91.9,278.8258972167969,0.1810329407453537,32.290000915527344,0.4982999861240387,108.17010498046876,50599.09375,140.3240509033203,3.7103257179260254,1.5449576377868652,0.8660254037844387,-0.4999999999999998,89.59,22.79,True,15,0,True
CL503,Chalna,22.6012,89.5195,2020,5,2020-05-01,2020_05,Pre_Monsoon,train,299.2,388.03662109375,0.3562367260456085,32.189998626708984,0.3632000088691711,301.11944580078125,31467.640625,108.51805877685548,3.4914283752441406,1.7203952074050903,0.4999999999999999,-0.8660254037844387,89.5195,22.6012,True,13,2,False
CL504,Dumuria,22.8093,89.4145,2020,5,2020-05-01,2020_05,Pre_Monsoon,train,123.4,381.3581237792969,0.3780626058578491,31.1433334350586,0.5317000150680542,307.3789367675781,57738.24609375,152.4185333251953,5.504084587097168,1.9329872131347656,0.4999999999999999,-0.8660254037844387,89.4145,22.8093,True,15,0,True
CL509,Kapilmuni,22.6887,89.3088,2020,5,2020-05-01,2020_05,Pre_Monsoon,train,140.4,382.3410949707031,0.377041608095169,30.89999961853028,0.5117999911308289,146.2319107055664,48315.43359375,157.5592803955078,4.3667826652526855,1.917250394821167,0.4999999999999999,-0.8660254037844387,89.3088,22.6887,True,13,2,False
CL510,Khulna,22.8319,89.55,2020,5,2020-05-01,2020_05,Pre_Monsoon,train,166.0,358.5865173339844,0.3677281737327575,32.130001068115234,0.5195000171661377,271.9203796386719,56018.875,154.1371307373047,6.754478931427002,2.105170726776123,0.4999999999999999,-0.8660254037844387,89.55,22.8319,True,15,0,True
CL515,Paikgacha,22.585,89.3182,2020,5,2020-05-01,2020_05,Pre_Monsoon,train,122.0,371.9784851074219,0.3757832944393158,31.729999542236328,0.5091000199317932,409.9520568847656,37890.0703125,129.93092346191406,4.656047344207764,1.6002691984176636,0.4999999999999999,-0.8660254037844387,89.3182,22.585,True,15,0,True
CL517,Rupsa,22.79,89.59,2020,5,2020-05-01,2020_05,Pre_Monsoon,train,169.1,376.8697509765625,0.3610550761222839,31.71999931335449,0.5164999961853027,247.43096923828125,50599.09375,140.3240509033203,3.7103257179260254,1.5449576377868652,0.4999999999999999,-0.8660254037844387,89.59,22.79,True,15,0,True
CL503,Chalna,22.6012,89.5195,2020,6,2020-06-01,2020_06,Monsoon,train,306.0,639.2653198242188,0.549813985824585,30.549999237060547,0.5166000127792358,353.7748107910156,31467.640625,108.51805877685548,3.4914283752441406,1.7203952074050903,1.2246467991473532e-16,-1.0,89.5195,22.6012,True,13,2,False
CL504,Dumuria,22.8093,89.4145,2020,6,2020-06-01,2020_06,Monsoon,train,95.4,481.3239135742188,0.4859704971313476,27.61000061035156,0.5425999760627747,251.97352600097656,57738.24609375,152.4185333251953,5.504084587097168,1.9329872131347656,1.2246467991473532e-16,-1.0,89.4145,22.8093,True,15,0,True
CL509,Kapilmuni,22.6887,89.3088,2020,6,2020-06-01,2020_06,Monsoon,train,218.4,649.5473022460938,0.5168102383613586,25.82999992370605,0.689300000667572,349.64056396484375,48315.43359375,157.5592803955078,4.3667826652526855,1.917250394821167,1.2246467991473532e-16,-1.0,89.3088,22.6887,True,13,2,False
CL510,Khulna,22.8319,89.55,2020,6,2020-06-01,2020_06,Monsoon,train,266.4,449.0039978027344,0.4966595470905304,31.32999992370605,0.4954000115394592,236.6011199951172,56018.875,154.1371307373047,6.754478931427002,2.105170726776123,1.2246467991473532e-16,-1.0,89.55,22.8319,True,15,0,True
CL515,Paikgacha,22.585,89.3182,2020,6,2020-06-01,2020_06,Monsoon,train,267.3,769.3670043945312,0.5569446086883545,27.1299991607666,0.4180999994277954,337.3741455078125,37890.0703125,129.93092346191406,4.656047344207764,1.6002691984176636,1.2246467991473532e-16,-1.0,89.3182,22.585,True,15,0,True
CL517,Rupsa,22.79,89.59,2020,6,2020-06-01,2020_06,Monsoon,train,223.2,482.240966796875,0.5090057849884033,29.8799991607666,0.3684999942779541,249.8342437744141,50599.09375,140.3240509033203,3.7103257179260254,1.5449576377868652,1.2246467991473532e-16,-1.0,89.59,22.79,True,15,0,True
CL503,Chalna,22.6012,89.5195,2020,7,2020-07-01,2020_07,Monsoon,train,540.4,298.50787353515625,0.4861221611499786,29.390000343322754,0.4153999984264374,355.2921142578125,31467.640625,108.51805877685548,3.4914283752441406,1.7203952074050903,-0.4999999999999997,-0.8660254037844388,89.5195,22.6012,True,12,3,False
CL504,Dumuria,22.8093,89.4145,2020,7,2020-07-01,2020_07,Monsoon,train,400.1,185.1766357421875,0.4400114417076111,30.809999465942383,0.5992000102996826,286.89215087890625,57738.24609375,152.4185333251953,5.504084587097168,1.9329872131347656,-0.4999999999999997,-0.8660254037844388,89.4145,22.8093,True,14,1,False
CL509,Kapilmuni,22.6887,89.3088,2020,7,2020-07-01,2020_07,Monsoon,train,452.0,225.00938415527344,0.4496232271194458,26.950000762939453,0.479200005531311,432.24969482421875,48315.43359375,157.5592803955078,4.3667826652526855,1.917250394821167,-0.4999999999999997,-0.8660254037844388,89.3088,22.6887,True,13,2,False
CL510,Khulna,22.8319,89.55,2020,7,2020-07-01,2020_07,Monsoon,train,392.2,218.53741455078125,0.4499166309833526,32.15999984741211,0.3269000053405761,299.9357604980469,56018.875,154.1371307373047,6.754478931427002,2.105170726776123,-0.4999999999999997,-0.8660254037844388,89.55,22.8319,True,14,1,False
CL515,Paikgacha,22.585,89.3182,2020,7,2020-07-01,2020_07,Monsoon,train,466.1,270.64715576171875,0.4733993113040924,26.170000076293945,0.3255000114440918,328.9568176269531,37890.0703125,129.93092346191406,4.656047344207764,1.6002691984176636,-0.4999999999999997,-0.8660254037844388,89.3182,22.585,True,15,0,True
CL517,Rupsa,22.79,89.59,2020,7,2020-07-01,2020_07,Monsoon,train,429.8,238.69122314453125,0.4642780423164367,32.45000076293945,0.4677999913692474,310.0663146972656,50599.09375,140.3240509033203,3.7103257179260254,1.5449576377868652,-0.4999999999999997,-0.8660254037844388,89.59,22.79,True,14,1,False
CL503,Chalna,22.6012,89.5195,2020,8,2020-08-01,2020_08,Monsoon,train,404.7,209.3189697265625,0.5631097555160522,28.876667022705078,0.3673999905586242,487.8453674316406,31467.640625,108.51805877685548,3.4914283752441406,1.7203952074050903,-0.8660254037844385,-0.5000000000000004,89.5195,22.6012,True,11,4,False
CL504,Dumuria,22.8093,89.4145,2020,8,2020-08-01,2020_08,Monsoon,train,326.4,451.97314453125,0.5052546262741089,31.049999237060547,0.6898000240325928,448.6444091796875,57738.24609375,152.4185333251953,5.504084587097168,1.9329872131347656,-0.8660254037844385,-0.5000000000000004,89.4145,22.8093,True,15,0,True
CL509,Kapilmuni,22.6887,89.3088,2020,8,2020-08-01,2020_08,Monsoon,train,297.9,209.3189697265625,0.5318738222122192,28.229999542236328,0.625,455.7742462158203,48315.43359375,157.5592803955078,4.3667826652526855,1.917250394821167,-0.8660254037844385,-0.5000000000000004,89.3088,22.6887,True,12,3,False
CL510,Khulna,22.8319,89.55,2020,8,2020-08-01,2020_08,Monsoon,train,349.6,450.0103454589844,0.4971200227737427,33.04999923706055,0.5674999952316284,450.4138793945313,56018.875,154.1371307373047,6.754478931427002,2.105170726776123,-0.8660254037844385,-0.5000000000000004,89.55,22.8319,True,15,0,True
CL515,Paikgacha,22.585,89.3182,2020,8,2020-08-01,2020_08,Monsoon,train,297.5,209.3189697265625,0.5534379482269287,28.11000061035156,0.2883999943733215,447.66748046875,37890.0703125,129.93092346191406,4.656047344207764,1.6002691984176636,-0.8660254037844385,-0.5000000000000004,89.3182,22.585,True,14,1,False
CL517,Rupsa,22.79,89.59,2020,8,2020-08-01,2020_08,Monsoon,train,302.9,469.2072143554688,0.5140791535377502,28.229999542236328,0.4677999913692474,428.9715270996094,50599.09375,140.3240509033203,3.7103257179260254,1.5449576377868652,-0.8660254037844385,-0.5000000000000004,89.59,22.79,True,15,0,True
CL503,Chalna,22.6012,89.5195,2020,9,2020-09-01,2020_09,Monsoon,train,198.4,355.1224670410156,0.3175440430641174,26.68000030517578,0.5005999803543091,547.0935668945312,31467.640625,108.51805877685548,3.4914283752441406,1.7203952074050903,-1.0,-1.8369701987210292e-16,89.5195,22.6012,True,13,2,False
CL504,Dumuria,22.8093,89.4145,2020,9,2020-09-01,2020_09,Monsoon,train,84.7,168.9232177734375,0.2966456711292267,30.59000015258789,0.6875,343.7391357421875,57738.24609375,152.4185333251953,5.504084587097168,1.9329872131347656,-1.0,-1.8369701987210292e-16,89.4145,22.8093,True,14,1,False
CL509,Kapilmuni,22.6887,89.3088,2020,9,2020-09-01,2020_09,Monsoon,train,192.6,200.22247314453125,0.2917886972427368,29.543333053588867,0.6496999859809875,356.43235778808594,48315.43359375,157.5592803955078,4.3667826652526855,1.917250394821167,-1.0,-1.8369701987210292e-16,89.3088,22.6887,True,13,2,False
CL510,Khulna,22.8319,89.55,2020,9,2020-09-01,2020_09,Monsoon,train,207.2,186.0618133544922,0.3132003545761108,32.0099983215332,0.5674999952316284,370.9360961914063,56018.875,154.1371307373047,6.754478931427002,2.105170726776123,-1.0,-1.8369701987210292e-16,89.55,22.8319,True,15,0,True
CL515,Paikgacha,22.585,89.3182,2020,9,2020-09-01,2020_09,Monsoon,train,250.8,265.197021484375,0.3019959926605224,31.209999084472656,0.5516999959945679,472.4568786621094,37890.0703125,129.93092346191406,4.656047344207764,1.6002691984176636,-1.0,-1.8369701987210292e-16,89.3182,22.585,True,15,0,True
CL517,Rupsa,22.79,89.59,2020,9,2020-09-01,2020_09,Monsoon,train,137.5,220.82406616210932,0.3213307559490204,30.90999984741211,0.4370999932289123,398.7737731933594,50599.09375,140.3240509033203,3.7103257179260254,1.5449576377868652,-1.0,-1.8369701987210292e-16,89.59,22.79,True,15,0,True
CL503,Chalna,22.6012,89.5195,2020,10,2020-10-01,2020_10,Post_Monsoon,train,361.0,502.0417785644531,0.2988311648368835,27.9950008392334,0.5306000113487244,395.7652282714844,31467.640625,108.51805877685548,3.4914283752441406,1.7203952074050903,-0.8660254037844386,0.5000000000000001,89.5195,22.6012,True,13,2,False
CL504,Dumuria,22.8093,89.4145,2020,10,2020-10-01,2020_10,Post_Monsoon,train,322.4,347.8295288085937,0.248471051454544,29.76000022888184,0.6654999852180481,274.4965515136719,57738.24609375,152.4185333251953,5.504084587097168,1.9329872131347656,-0.8660254037844386,0.5000000000000001,89.4145,22.8093,True,15,0,True
CL509,Kapilmuni,22.6887,89.3088,2020,10,2020-10-01,2020_10,Post_Monsoon,train,289.5,294.0631408691406,0.2522974014282226,29.020000457763672,0.6916000247001648,202.49506378173828,48315.43359375,157.5592803955078,4.3667826652526855,1.917250394821167,-0.8660254037844386,0.5000000000000001,89.3088,22.6887,True,13,2,False
CL510,Khulna,22.8319,89.55,2020,10,2020-10-01,2020_10,Post_Monsoon,train,229.2,418.8385009765625,0.2654599547386169,31.51499938964844,0.5490999817848206,302.8876953125,56018.875,154.1371307373047,6.754478931427002,2.105170726776123,-0.8660254037844386,0.5000000000000001,89.55,22.8319,True,15,0,True
CL515,Paikgacha,22.585,89.3182,2020,10,2020-10-01,2020_10,Post_Monsoon,train,238.1,316.5019836425781,0.2724393606185913,28.309999465942383,0.5633999705314636,306.541748046875,37890.0703125,129.93092346191406,4.656047344207764,1.6002691984176636,-0.8660254037844386,0.5000000000000001,89.3182,22.585,True,15,0,True
CL517,Rupsa,22.79,89.59,2020,10,2020-10-01,2020_10,Post_Monsoon,train,192.7,448.13873291015625,0.2806202173233032,29.53499984741211,0.6284999847412109,321.5853576660156,50599.09375,140.3240509033203,3.7103257179260254,1.5449576377868652,-0.8660254037844386,0.5000000000000001,89.59,22.79,True,15,0,True
CL503,Chalna,22.6012,89.5195,2020,11,2020-11-01,2020_11,Post_Monsoon,train,73.5,4.379342555999756,0.0322294160723686,25.803333282470703,0.4729000031948089,9.095840454101562,31467.640625,108.51805877685548,3.4914283752441406,1.7203952074050903,-0.5000000000000004,0.8660254037844384,89.5195,22.6012,True,13,2,False
CL504,Dumuria,22.8093,89.4145,2020,11,2020-11-01,2020_11,Post_Monsoon,train,38.2,7.274925708770752,0.0291368290781974,27.88999938964844,0.6412000060081482,7.589069843292236,57738.24609375,152.4185333251953,5.504084587097168,1.9329872131347656,-0.5000000000000004,0.8660254037844384,89.4145,22.8093,True,15,0,True
CL509,Kapilmuni,22.6887,89.3088,2020,11,2020-11-01,2020_11,Post_Monsoon,train,21.0,3.521549701690674,0.0337182804942131,27.51666641235352,0.5493999719619751,25.274369716644287,48315.43359375,157.5592803955078,4.3667826652526855,1.917250394821167,-0.5000000000000004,0.8660254037844384,89.3088,22.6887,True,13,2,False
CL510,Khulna,22.8319,89.55,2020,11,2020-11-01,2020_11,Post_Monsoon,train,54.2,5.424386501312256,0.0282091274857521,29.88333320617676,0.5051000118255615,8.928238868713379,56018.875,154.1371307373047,6.754478931427002,2.105170726776123,-0.5000000000000004,0.8660254037844384,89.55,22.8319,True,15,0,True
CL515,Paikgacha,22.585,89.3182,2020,11,2020-11-01,2020_11,Post_Monsoon,train,49.3,3.246817350387573,0.0371669679880142,25.86333274841309,0.4745000004768371,11.163323402404783,37890.0703125,129.93092346191406,4.656047344207764,1.6002691984176636,-0.5000000000000004,0.8660254037844384,89.3182,22.585,True,15,0,True
CL517,Rupsa,22.79,89.59,2020,11,2020-11-01,2020_11,Post_Monsoon,train,10.4,4.436028480529785,0.0295046716928482,26.976667404174805,0.6202999949455261,12.230589866638184,50599.09375,140.3240509033203,3.7103257179260254,1.5449576377868652,-0.5000000000000004,0.8660254037844384,89.59,22.79,True,15,0,True
CL503,Chalna,22.6012,89.5195,2020,12,2020-12-01,2020_12,Winter,train,29.2,0.0009281435632146,0.0031525886151939,22.280000686645508,0.3210999965667724,0.0,31467.640625,108.51805877685548,3.4914283752441406,1.7203952074050903,-2.4492935982947064e-16,1.0,89.5195,22.6012,True,13,2,False
CL504,Dumuria,22.8093,89.4145,2020,12,2020-12-01,2020_12,Winter,train,16.0,0.0,0.0023969796020537,22.989999771118164,0.5049999952316284,0.0,57738.24609375,152.4185333251953,5.504084587097168,1.9329872131347656,-2.4492935982947064e-16,1.0,89.4145,22.8093,True,15,0,True
CL509,Kapilmuni,22.6887,89.3088,2020,12,2020-12-01,2020_12,Winter,train,16.6,0.0,0.0027482816949486,23.299999237060547,0.3865000009536743,11.247762203216553,48315.43359375,157.5592803955078,4.3667826652526855,1.917250394821167,-2.4492935982947064e-16,1.0,89.3088,22.6887,True,13,2,False
CL510,Khulna,22.8319,89.55,2020,12,2020-12-01,2020_12,Winter,train,30.6,0.0,0.0029964060522615,25.2549991607666,0.4311999976634979,0.0,56018.875,154.1371307373047,6.754478931427002,2.105170726776123,-2.4492935982947064e-16,1.0,89.55,22.8319,True,15,0,True
CL515,Paikgacha,22.585,89.3182,2020,12,2020-12-01,2020_12,Winter,train,25.8,0.0037691495381295,0.0045934244990348,22.28499984741211,0.3797999918460846,0.0,37890.0703125,129.93092346191406,4.656047344207764,1.6002691984176636,-2.4492935982947064e-16,1.0,89.3182,22.585,True,15,0,True
CL517,Rupsa,22.79,89.59,2020,12,2020-12-01,2020_12,Winter,train,6.7,0.0,0.0031535828020423,23.479999542236328,0.4097000062465668,0.0,50599.09375,140.3240509033203,3.7103257179260254,1.5449576377868652,-2.4492935982947064e-16,1.0,89.59,22.79,True,15,0,True
CL503,Chalna,22.6012,89.5195,2021,1,2021-01-01,2021_01,Winter,validation,0.0,0.0079945353791117,0.0032879987265914,23.6299991607666,0.2633000016212463,0.0,31467.640625,108.51805877685548,3.4914283752441406,1.7203952074050903,0.4999999999999999,0.8660254037844387,89.5195,22.6012,True,13,2,False
CL504,Dumuria,22.8093,89.4145,2021,1,2021-01-01,2021_01,Winter,validation,0.0,0.0078943334519863,0.0055179977789521,23.1299991607666,0.5339000225067139,0.0,57738.24609375,152.4185333251953,5.504084587097168,1.9329872131347656,0.4999999999999999,0.8660254037844387,89.4145,22.8093,True,15,0,True
CL509,Kapilmuni,22.6887,89.3088,2021,1,2021-01-01,2021_01,Winter,validation,0.0,0.0043608164414763,0.007869710214436,23.405000686645508,0.3892000019550323,11.50478458404541,48315.43359375,157.5592803955078,4.3667826652526855,1.917250394821167,0.4999999999999999,0.8660254037844387,89.3088,22.6887,True,13,2,False
CL510,Khulna,22.8319,89.55,2021,1,2021-01-01,2021_01,Winter,validation,0.0,0.0124667268246412,0.0069991033524274,25.174999237060547,0.3955000042915344,0.0,56018.875,154.1371307373047,6.754478931427002,2.105170726776123,0.4999999999999999,0.8660254037844387,89.55,22.8319,True,15,0,True
CL515,Paikgacha,22.585,89.3182,2021,1,2021-01-01,2021_01,Winter,validation,0.0,0.0021351133473217,0.0094674890860915,23.020000457763672,0.3952000141143799,0.0,37890.0703125,129.93092346191406,4.656047344207764,1.6002691984176636,0.4999999999999999,0.8660254037844387,89.3182,22.585,True,15,0,True
CL517,Rupsa,22.79,89.59,2021,1,2021-01-01,2021_01,Winter,validation,0.0,0.0044622453860938,0.0044759823940694,23.26000022888184,0.3188000023365021,0.0,50599.09375,140.3240509033203,3.7103257179260254,1.5449576377868652,0.4999999999999999,0.8660254037844387,89.59,22.79,True,15,0,True
CL503,Chalna,22.6012,89.5195,2021,2,2021-02-01,2021_02,Winter,validation,19.6,23.69808959960937,0.0040929410606622,27.475000381469727,0.2538000047206878,18.53587913513184,31467.640625,108.51805877685548,3.4914283752441406,1.7203952074050903,0.8660254037844386,0.5000000000000001,89.5195,22.6012,True,13,2,False
CL504,Dumuria,22.8093,89.4145,2021,2,2021-02-01,2021_02,Winter,validation,73.5,26.631511688232425,0.006229143589735,26.31999969482422,0.5593000054359436,33.79931640625,57738.24609375,152.4185333251953,5.504084587097168,1.9329872131347656,0.8660254037844386,0.5000000000000001,89.4145,22.8093,True,15,0,True
CL509,Kapilmuni,22.6887,89.3088,2021,2,2021-02-01,2021_02,Winter,validation,89.4,20.449567794799805,0.0055560548789799,26.145000457763672,0.3822999894618988,19.300447463989258,48315.43359375,157.5592803955078,4.3667826652526855,1.917250394821167,0.8660254037844386,0.5000000000000001,89.3088,22.6887,True,13,2,False
CL510,Khulna,22.8319,89.55,2021,2,2021-02-01,2021_02,Winter,validation,82.2,22.182090759277344,0.006000000052154,28.7450008392334,0.4052999913692474,57.69747161865234,56018.875,154.1371307373047,6.754478931427002,2.105170726776123,0.8660254037844386,0.5000000000000001,89.55,22.8319,True,15,0,True
CL515,Paikgacha,22.585,89.3182,2021,2,2021-02-01,2021_02,Winter,validation,61.9,18.385576248168945,0.0050262310542166,25.82999992370605,0.3476999998092651,28.23598289489746,37890.0703125,129.93092346191406,4.656047344207764,1.6002691984176636,0.8660254037844386,0.5000000000000001,89.3182,22.585,True,15,0,True
CL517,Rupsa,22.79,89.59,2021,2,2021-02-01,2021_02,Winter,validation,62.8,22.32964134216309,0.006000000052154,26.729999542236328,0.3483999967575073,48.19886016845703,50599.09375,140.3240509033203,3.7103257179260254,1.5449576377868652,0.8660254037844386,0.5000000000000001,89.59,22.79,True,15,0,True
CL503,Chalna,22.6012,89.5195,2021,3,2021-03-01,2021_03,Pre_Monsoon,validation,138.8,0.1864276230335235,0.0010000000474974,31.979999542236328,0.2354000061750412,7.511959552764893,31467.640625,108.51805877685548,3.4914283752441406,1.7203952074050903,1.0,6.123233995736766e-17,89.5195,22.6012,True,13,2,False
CL504,Dumuria,22.8093,89.4145,2021,3,2021-03-01,2021_03,Pre_Monsoon,validation,30.1,0.3162637948989868,0.0010000000474974,29.89999961853028,0.6381999850273132,4.327212333679199,57738.24609375,152.4185333251953,5.504084587097168,1.9329872131347656,1.0,6.123233995736766e-17,89.4145,22.8093,True,15,0,True
CL509,Kapilmuni,22.6887,89.3088,2021,3,2021-03-01,2021_03,Pre_Monsoon,validation,40.8,0.0465642251074314,0.0016315128887072,29.479999542236328,0.446399986743927,41.563241958618164,48315.43359375,157.5592803955078,4.3667826652526855,1.917250394821167,1.0,6.123233995736766e-17,89.3088,22.6887,True,13,2,False
CL510,Khulna,22.8319,89.55,2021,3,2021-03-01,2021_03,Pre_Monsoon,validation,49.0,0.1275421530008316,0.0017908739391714,33.5,0.388399988412857,5.794710636138916,56018.875,154.1371307373047,6.754478931427002,2.105170726776123,1.0,6.123233995736766e-17,89.55,22.8319,True,15,0,True
CL515,Paikgacha,22.585,89.3182,2021,3,2021-03-01,2021_03,Pre_Monsoon,validation,47.3,0.3360408842563629,0.0022194287739694,30.18000030517578,0.3447000086307525,3.2898077964782715,37890.0703125,129.93092346191406,4.656047344207764,1.6002691984176636,1.0,6.123233995736766e-17,89.3182,22.585,True,15,0,True
CL517,Rupsa,22.79,89.59,2021,3,2021-03-01,2021_03,Pre_Monsoon,validation,59.7,0.0782723054289817,0.0016336973058059,31.100000381469727,0.4620999991893768,9.286713600158691,50599.09375,140.3240509033203,3.7103257179260254,1.5449576377868652,1.0,6.123233995736766e-17,89.59,22.79,True,15,0,True
CL503,Chalna,22.6012,89.5195,2021,4,2021-04-01,2021_04,Pre_Monsoon,validation,116.3,4.927970409393311,0.0203680600970983,33.310001373291016,0.3185000121593475,24.710350036621094,31467.640625,108.51805877685548,3.4914283752441406,1.7203952074050903,0.8660254037844387,-0.4999999999999998,89.5195,22.6012,True,13,2,False
CL504,Dumuria,22.8093,89.4145,2021,4,2021-04-01,2021_04,Pre_Monsoon,validation,73.5,10.183793067932127,0.0271830335259437,32.776668548583984,0.5184999704360962,34.821414947509766,57738.24609375,152.4185333251953,5.504084587097168,1.9329872131347656,0.8660254037844387,-0.4999999999999998,89.4145,22.8093,True,15,0,True
CL509,Kapilmuni,22.6887,89.3088,2021,4,2021-04-01,2021_04,Pre_Monsoon,validation,54.2,6.663095951080322,0.0243858192116022,31.8700008392334,0.4271999895572662,100.79429626464844,48315.43359375,157.5592803955078,4.3667826652526855,1.917250394821167,0.8660254037844387,-0.4999999999999998,89.3088,22.6887,True,13,2,False
CL510,Khulna,22.8319,89.55,2021,4,2021-04-01,2021_04,Pre_Monsoon,validation,93.9,8.964273452758789,0.0258505195379257,35.16999816894531,0.4153000116348266,27.794109344482425,56018.875,154.1371307373047,6.754478931427002,2.105170726776123,0.8660254037844387,-0.4999999999999998,89.55,22.8319,True,15,0,True
CL515,Paikgacha,22.585,89.3182,2021,4,2021-04-01,2021_04,Pre_Monsoon,validation,108.7,5.6594648361206055,0.022773090749979,31.12333297729492,0.335999995470047,32.381961822509766,37890.0703125,129.93092346191406,4.656047344207764,1.6002691984176636,0.8660254037844387,-0.4999999999999998,89.3182,22.585,True,15,0,True
CL517,Rupsa,22.79,89.59,2021,4,2021-04-01,2021_04,Pre_Monsoon,validation,84.7,5.689073085784912,0.0248024947941303,33.05666732788086,0.4171000123023987,18.793746948242188,50599.09375,140.3240509033203,3.7103257179260254,1.5449576377868652,0.8660254037844387,-0.4999999999999998,89.59,22.79,True,15,0,True
CL503,Chalna,22.6012,89.5195,2021,5,2021-05-01,2021_05,Pre_Monsoon,validation,249.1,142.77590942382812,0.1903721094131469,33.4900016784668,0.3307999968528747,245.4116973876953,31467.640625,108.51805877685548,3.4914283752441406,1.7203952074050903,0.4999999999999999,-0.8660254037844387,89.5195,22.6012,True,13,2,False
CL504,Dumuria,22.8093,89.4145,2021,5,2021-05-01,2021_05,Pre_Monsoon,validation,130.7,221.92645263671875,0.2058095484972,35.20000076293945,0.4790000021457672,248.60598754882807,57738.24609375,152.4185333251953,5.504084587097168,1.9329872131347656,0.4999999999999999,-0.8660254037844387,89.4145,22.8093,True,15,0,True
CL509,Kapilmuni,22.6887,89.3088,2021,5,2021-05-01,2021_05,Pre_Monsoon,validation,147.8,158.07675170898438,0.219664990901947,31.665000915527344,0.4025000035762787,146.2319107055664,48315.43359375,157.5592803955078,4.3667826652526855,1.917250394821167,0.4999999999999999,-0.8660254037844387,89.3088,22.6887,True,13,2,False
CL510,Khulna,22.8319,89.55,2021,5,2021-05-01,2021_05,Pre_Monsoon,validation,154.4,246.5118103027344,0.1949982047080993,35.79999923706055,0.4383000135421753,249.10348510742188,56018.875,154.1371307373047,6.754478931427002,2.105170726776123,0.4999999999999999,-0.8660254037844387,89.55,22.8319,True,15,0,True
CL515,Paikgacha,22.585,89.3182,2021,5,2021-05-01,2021_05,Pre_Monsoon,validation,114.0,136.8084259033203,0.2231568545103073,30.75,0.3736000061035156,225.42593383789065,37890.0703125,129.93092346191406,4.656047344207764,1.6002691984176636,0.4999999999999999,-0.8660254037844387,89.3182,22.585,True,15,0,True
CL517,Rupsa,22.79,89.59,2021,5,2021-05-01,2021_05,Pre_Monsoon,validation,158.2,220.0565795898437,0.1930643767118454,34.540000915527344,0.3400999903678894,237.3192443847656,50599.09375,140.3240509033203,3.7103257179260254,1.5449576377868652,0.4999999999999999,-0.8660254037844387,89.59,22.79,True,15,0,True
CL503,Chalna,22.6012,89.5195,2021,6,2021-06-01,2021_06,Monsoon,validation,310.6,548.6339111328125,0.7069762945175171,30.8700008392334,0.2614000141620636,401.1720275878906,31467.640625,108.51805877685548,3.4914283752441406,1.7203952074050903,1.2246467991473532e-16,-1.0,89.5195,22.6012,True,13,2,False
CL504,Dumuria,22.8093,89.4145,2021,6,2021-06-01,2021_06,Monsoon,validation,90.7,508.0270385742188,0.6810262799263,32.5099983215332,0.5960999727249146,366.2535095214844,57738.24609375,152.4185333251953,5.504084587097168,1.9329872131347656,1.2246467991473532e-16,-1.0,89.4145,22.8093,True,15,0,True
CL509,Kapilmuni,22.6887,89.3088,2021,6,2021-06-01,2021_06,Monsoon,validation,207.9,528.2782592773438,0.6641445159912109,32.189998626708984,0.414900004863739,349.64056396484375,48315.43359375,157.5592803955078,4.3667826652526855,1.917250394821167,1.2246467991473532e-16,-1.0,89.3088,22.6887,True,13,2,False
CL510,Khulna,22.8319,89.55,2021,6,2021-06-01,2021_06,Monsoon,validation,244.8,515.3506469726562,0.6974677443504333,35.130001068115234,0.3736999928951263,378.32373046875,56018.875,154.1371307373047,6.754478931427002,2.105170726776123,1.2246467991473532e-16,-1.0,89.55,22.8319,True,15,0,True
CL515,Paikgacha,22.585,89.3182,2021,6,2021-06-01,2021_06,Monsoon,validation,230.9,496.7189025878906,0.6922353506088257,29.239999771118164,0.3170999884605407,419.2226867675781,37890.0703125,129.93092346191406,4.656047344207764,1.6002691984176636,1.2246467991473532e-16,-1.0,89.3182,22.585,True,15,0,True
CL517,Rupsa,22.79,89.59,2021,6,2021-06-01,2021_06,Monsoon,validation,209.9,570.8246459960938,0.6962221264839172,33.75,0.2633000016212463,386.8348083496094,50599.09375,140.3240509033203,3.7103257179260254,1.5449576377868652,1.2246467991473532e-16,-1.0,89.59,22.79,True,15,0,True
CL503,Chalna,22.6012,89.5195,2021,7,2021-07-01,2021_07,Monsoon,validation,543.5,416.7809753417969,0.7658894658088684,29.390000343322754,0.2894999980926513,523.9188232421875,31467.640625,108.51805877685548,3.4914283752441406,1.7203952074050903,-0.4999999999999997,-0.8660254037844388,89.5195,22.6012,True,12,3,False
CL504,Dumuria,22.8093,89.4145,2021,7,2021-07-01,2021_07,Monsoon,validation,379.3,294.650634765625,0.6287317872047424,30.809999465942383,0.635699987411499,382.4353637695313,57738.24609375,152.4185333251953,5.504084587097168,1.9329872131347656,-0.4999999999999997,-0.8660254037844388,89.4145,22.8093,True,14,1,False
CL509,Kapilmuni,22.6887,89.3088,2021,7,2021-07-01,2021_07,Monsoon,validation,426.0,357.6365051269531,0.7015382051467896,29.609999656677246,0.4262999892234802,432.24969482421875,48315.43359375,157.5592803955078,4.3667826652526855,1.917250394821167,-0.4999999999999997,-0.8660254037844388,89.3088,22.6887,True,12,3,False
CL510,Khulna,22.8319,89.55,2021,7,2021-07-01,2021_07,Monsoon,validation,359.7,268.759521484375,0.6232312917709351,32.15999984741211,0.3165000081062317,420.90045166015625,56018.875,154.1371307373047,6.754478931427002,2.105170726776123,-0.4999999999999997,-0.8660254037844388,89.55,22.8319,True,14,1,False
CL515,Paikgacha,22.585,89.3182,2021,7,2021-07-01,2021_07,Monsoon,validation,441.6,439.4157104492188,0.772221565246582,28.210000038146973,0.335099995136261,448.9681396484375,37890.0703125,129.93092346191406,4.656047344207764,1.6002691984176636,-0.4999999999999997,-0.8660254037844388,89.3182,22.585,True,14,1,False
CL517,Rupsa,22.79,89.59,2021,7,2021-07-01,2021_07,Monsoon,validation,410.6,305.21978759765625,0.639280378818512,32.45000076293945,0.2371000051498413,412.8028564453125,50599.09375,140.3240509033203,3.7103257179260254,1.5449576377868652,-0.4999999999999997,-0.8660254037844388,89.59,22.79,True,14,1,False
CL503,Chalna,22.6012,89.5195,2021,8,2021-08-01,2021_08,Monsoon,validation,414.3,209.3189697265625,0.4957949221134186,28.876667022705078,0.4156999886035919,377.10845947265625,31467.640625,108.51805877685548,3.4914283752441406,1.7203952074050903,-0.8660254037844385,-0.5000000000000004,89.5195,22.6012,True,11,4,False
CL504,Dumuria,22.8093,89.4145,2021,8,2021-08-01,2021_08,Monsoon,validation,354.5,145.06529235839844,0.4471412301063537,31.309999465942383,0.635699987411499,295.9019470214844,57738.24609375,152.4185333251953,5.504084587097168,1.9329872131347656,-0.8660254037844385,-0.5000000000000004,89.4145,22.8093,True,14,1,False
CL509,Kapilmuni,22.6887,89.3088,2021,8,2021-08-01,2021_08,Monsoon,validation,318.2,209.3189697265625,0.4779434502124786,30.489999771118164,0.515999972820282,455.7742462158203,48315.43359375,157.5592803955078,4.3667826652526855,1.917250394821167,-0.8660254037844385,-0.5000000000000004,89.3088,22.6887,True,12,3,False
CL510,Khulna,22.8319,89.55,2021,8,2021-08-01,2021_08,Monsoon,validation,353.9,163.79397583007812,0.4514299929141998,33.04999923706055,0.569100022315979,302.7120361328125,56018.875,154.1371307373047,6.754478931427002,2.105170726776123,-0.8660254037844385,-0.5000000000000004,89.55,22.8319,True,14,1,False
CL515,Paikgacha,22.585,89.3182,2021,8,2021-08-01,2021_08,Monsoon,validation,311.2,209.3189697265625,0.4977423250675201,28.770000457763672,0.2269999980926513,397.50390625,37890.0703125,129.93092346191406,4.656047344207764,1.6002691984176636,-0.8660254037844385,-0.5000000000000004,89.3182,22.585,True,14,1,False
CL517,Rupsa,22.79,89.59,2021,8,2021-08-01,2021_08,Monsoon,validation,316.6,186.92041015625,0.4669212102890014,28.229999542236328,0.4699999988079071,302.9478454589844,50599.09375,140.3240509033203,3.7103257179260254,1.5449576377868652,-0.8660254037844385,-0.5000000000000004,89.59,22.79,True,14,1,False
CL503,Chalna,22.6012,89.5195,2021,9,2021-09-01,2021_09,Monsoon,validation,196.1,449.7126159667969,0.6239979267120361,23.8799991607666,0.4973999857902527,515.59228515625,31467.640625,108.51805877685548,3.4914283752441406,1.7203952074050903,-1.0,-1.8369701987210292e-16,89.5195,22.6012,True,13,2,False
CL504,Dumuria,22.8093,89.4145,2021,9,2021-09-01,2021_09,Monsoon,validation,75.8,398.6134643554688,0.5582312941551208,30.536666870117188,0.6118999719619751,408.86669921875,57738.24609375,152.4185333251953,5.504084587097168,1.9329872131347656,-1.0,-1.8369701987210292e-16,89.4145,22.8093,True,15,0,True
CL509,Kapilmuni,22.6887,89.3088,2021,9,2021-09-01,2021_09,Monsoon,validation,207.5,451.80474853515625,0.6078020930290222,29.683332443237305,0.6783000230789185,356.43235778808594,48315.43359375,157.5592803955078,4.3667826652526855,1.917250394821167,-1.0,-1.8369701987210292e-16,89.3088,22.6887,True,13,2,False
CL510,Khulna,22.8319,89.55,2021,9,2021-09-01,2021_09,Monsoon,validation,209.1,416.572509765625,0.5386936664581299,34.38999938964844,0.5922999978065491,457.9241943359375,56018.875,154.1371307373047,6.754478931427002,2.105170726776123,-1.0,-1.8369701987210292e-16,89.55,22.8319,True,15,0,True
CL515,Paikgacha,22.585,89.3182,2021,9,2021-09-01,2021_09,Monsoon,validation,236.9,465.7724609375,0.6524341106414795,30.920000076293945,0.4533999860286712,442.4424743652344,37890.0703125,129.93092346191406,4.656047344207764,1.6002691984176636,-1.0,-1.8369701987210292e-16,89.3182,22.585,True,15,0,True
CL517,Rupsa,22.79,89.59,2021,9,2021-09-01,2021_09,Monsoon,validation,136.3,423.1275329589844,0.554246723651886,30.489999771118164,0.6985999941825867,470.2657165527344,50599.09375,140.3240509033203,3.7103257179260254,1.5449576377868652,-1.0,-1.8369701987210292e-16,89.59,22.79,True,15,0,True
CL503,Chalna,22.6012,89.5195,2021,10,2021-10-01,2021_10,Post_Monsoon,validation,354.6,291.86474609375,0.3894986808300018,28.28333282470703,0.5728999972343445,280.89776611328125,31467.640625,108.51805877685548,3.4914283752441406,1.7203952074050903,-0.8660254037844386,0.5000000000000001,89.5195,22.6012,True,13,2,False
CL504,Dumuria,22.8093,89.4145,2021,10,2021-10-01,2021_10,Post_Monsoon,validation,294.5,241.32614135742188,0.3453386127948761,28.77666664123535,0.6481999754905701,172.85678100585938,57738.24609375,152.4185333251953,5.504084587097168,1.9329872131347656,-0.8660254037844386,0.5000000000000001,89.4145,22.8093,True,15,0,True
CL509,Kapilmuni,22.6887,89.3088,2021,10,2021-10-01,2021_10,Post_Monsoon,validation,272.5,302.6229553222656,0.3642382025718689,27.50333404541016,0.6194999814033508,202.49506378173828,48315.43359375,157.5592803955078,4.3667826652526855,1.917250394821167,-0.8660254037844386,0.5000000000000001,89.3088,22.6887,True,13,2,False
CL510,Khulna,22.8319,89.55,2021,10,2021-10-01,2021_10,Post_Monsoon,validation,228.7,217.4346160888672,0.3540186882019043,30.979999542236328,0.5802000164985657,173.06521606445312,56018.875,154.1371307373047,6.754478931427002,2.105170726776123,-0.8660254037844386,0.5000000000000001,89.55,22.8319,True,15,0,True
CL515,Paikgacha,22.585,89.3182,2021,10,2021-10-01,2021_10,Post_Monsoon,validation,222.1,329.67266845703125,0.3955236673355102,28.63666725158692,0.527899980545044,247.60546875,37890.0703125,129.93092346191406,4.656047344207764,1.6002691984176636,-0.8660254037844386,0.5000000000000001,89.3182,22.585,True,15,0,True
CL517,Rupsa,22.79,89.59,2021,10,2021-10-01,2021_10,Post_Monsoon,validation,172.2,218.40219116210932,0.3593842387199402,29.296667098999023,0.7103999853134155,176.64166259765625,50599.09375,140.3240509033203,3.7103257179260254,1.5449576377868652,-0.8660254037844386,0.5000000000000001,89.59,22.79,True,15,0,True
CL503,Chalna,22.6012,89.5195,2021,11,2021-11-01,2021_11,Post_Monsoon,validation,87.0,0.8840348720550537,0.0160757638514041,25.815000534057617,0.4713000059127807,0.3420699834823608,31467.640625,108.51805877685548,3.4914283752441406,1.7203952074050903,-0.5000000000000004,0.8660254037844384,89.5195,22.6012,True,13,2,False
CL504,Dumuria,22.8093,89.4145,2021,11,2021-11-01,2021_11,Post_Monsoon,validation,45.3,5.103357791900635,0.0208243541419506,27.09000015258789,0.628000020980835,1.8179160356521609,57738.24609375,152.4185333251953,5.504084587097168,1.9329872131347656,-0.5000000000000004,0.8660254037844384,89.4145,22.8093,True,15,0,True
CL509,Kapilmuni,22.6887,89.3088,2021,11,2021-11-01,2021_11,Post_Monsoon,validation,24.8,0.6913684010505676,0.0297115743160247,27.040000915527344,0.5457000136375427,25.274369716644287,48315.43359375,157.5592803955078,4.3667826652526855,1.917250394821167,-0.5000000000000004,0.8660254037844384,89.3088,22.6887,True,13,2,False
CL510,Khulna,22.8319,89.55,2021,11,2021-11-01,2021_11,Post_Monsoon,validation,61.1,5.824772357940674,0.0200736615806818,28.77499961853028,0.5005000233650208,1.0,56018.875,154.1371307373047,6.754478931427002,2.105170726776123,-0.5000000000000004,0.8660254037844384,89.55,22.8319,True,15,0,True
CL515,Paikgacha,22.585,89.3182,2021,11,2021-11-01,2021_11,Post_Monsoon,validation,57.0,0.6855562329292297,0.0353489145636558,26.364999771118164,0.5133000016212463,5.8053975105285645,37890.0703125,129.93092346191406,4.656047344207764,1.6002691984176636,-0.5000000000000004,0.8660254037844384,89.3182,22.585,True,15,0,True
CL517,Rupsa,22.79,89.59,2021,11,2021-11-01,2021_11,Post_Monsoon,validation,11.8,2.259897470474243,0.0183673817664384,27.309999465942383,0.6693000197410583,4.414197444915772,50599.09375,140.3240509033203,3.7103257179260254,1.5449576377868652,-0.5000000000000004,0.8660254037844384,89.59,22.79,True,15,0,True
CL503,Chalna,22.6012,89.5195,2021,12,2021-12-01,2021_12,Winter,validation,28.1,115.84288024902344,0.1379865407943725,23.303333282470703,0.3867000043392181,52.57854843139648,31467.640625,108.51805877685548,3.4914283752441406,1.7203952074050903,-2.4492935982947064e-16,1.0,89.5195,22.6012,True,13,2,False
CL504,Dumuria,22.8093,89.4145,2021,12,2021-12-01,2021_12,Winter,validation,17.8,131.8489990234375,0.1410620212554931,23.100000381469727,0.520799994468689,39.2740364074707,57738.24609375,152.4185333251953,5.504084587097168,1.9329872131347656,-2.4492935982947064e-16,1.0,89.4145,22.8093,True,15,0,True
CL509,Kapilmuni,22.6887,89.3088,2021,12,2021-12-01,2021_12,Winter,validation,14.9,130.6142578125,0.1370366662740707,23.13999938964844,0.4595000147819519,11.247762203216553,48315.43359375,157.5592803955078,4.3667826652526855,1.917250394821167,-2.4492935982947064e-16,1.0,89.3088,22.6887,True,13,2,False
CL510,Khulna,22.8319,89.55,2021,12,2021-12-01,2021_12,Winter,validation,30.7,124.31808471679688,0.1434024572372436,24.989999771118164,0.4084999859333038,20.97786903381348,56018.875,154.1371307373047,6.754478931427002,2.105170726776123,-2.4492935982947064e-16,1.0,89.55,22.8319,True,15,0,True
CL515,Paikgacha,22.585,89.3182,2021,12,2021-12-01,2021_12,Winter,validation,27.1,119.7335968017578,0.1367182433605194,22.440000534057617,0.4814000129699707,55.39078903198242,37890.0703125,129.93092346191406,4.656047344207764,1.6002691984176636,-2.4492935982947064e-16,1.0,89.3182,22.585,True,15,0,True
CL517,Rupsa,22.79,89.59,2021,12,2021-12-01,2021_12,Winter,validation,5.1,119.00462341308594,0.141055017709732,23.334999084472656,0.4754000008106231,34.29263687133789,50599.09375,140.3240509033203,3.7103257179260254,1.5449576377868652,-2.4492935982947064e-16,1.0,89.59,22.79,True,15,0,True
CL503,Chalna,22.6012,89.5195,2022,1,2022-01-01,2022_01,Winter,test,0.0,36.20980072021485,0.0100461738184094,22.53499984741211,0.2624000012874603,30.69601821899414,31467.640625,108.51805877685548,3.4914283752441406,1.7203952074050903,0.4999999999999999,0.8660254037844387,89.5195,22.6012,True,13,2,False
CL504,Dumuria,22.8093,89.4145,2022,1,2022-01-01,2022_01,Winter,test,0.0,25.7034912109375,0.0151210185140371,22.3799991607666,0.5703999996185303,49.75447845458984,57738.24609375,152.4185333251953,5.504084587097168,1.9329872131347656,0.4999999999999999,0.8660254037844387,89.4145,22.8093,True,15,0,True
CL509,Kapilmuni,22.6887,89.3088,2022,1,2022-01-01,2022_01,Winter,test,0.0,29.990947723388672,0.0165367368608713,22.104999542236328,0.419400006532669,11.50478458404541,48315.43359375,157.5592803955078,4.3667826652526855,1.917250394821167,0.4999999999999999,0.8660254037844387,89.3088,22.6887,True,13,2,False
CL510,Khulna,22.8319,89.55,2022,1,2022-01-01,2022_01,Winter,test,0.0,28.04752349853516,0.0136300753802061,24.239999771118164,0.4311999976634979,39.901065826416016,56018.875,154.1371307373047,6.754478931427002,2.105170726776123,0.4999999999999999,0.8660254037844387,89.55,22.8319,True,15,0,True
CL515,Paikgacha,22.585,89.3182,2022,1,2022-01-01,2022_01,Winter,test,0.0,36.2700424194336,0.0154426880180835,21.940000534057617,0.482699990272522,24.18509292602539,37890.0703125,129.93092346191406,4.656047344207764,1.6002691984176636,0.4999999999999999,0.8660254037844387,89.3182,22.585,True,15,0,True
CL517,Rupsa,22.79,89.59,2022,1,2022-01-01,2022_01,Winter,test,0.0,25.97063064575196,0.0127132590860128,22.61000061035156,0.3224999904632568,47.41405487060547,50599.09375,140.3240509033203,3.7103257179260254,1.5449576377868652,0.4999999999999999,0.8660254037844387,89.59,22.79,True,15,0,True
CL503,Chalna,22.6012,89.5195,2022,2,2022-02-01,2022_02,Winter,test,22.6,33.560760498046875,0.0758548229932785,25.565000534057617,0.2922999858856201,11.76564884185791,31467.640625,108.51805877685548,3.4914283752441406,1.7203952074050903,0.8660254037844386,0.5000000000000001,89.5195,22.6012,True,13,2,False
CL504,Dumuria,22.8093,89.4145,2022,2,2022-02-01,2022_02,Winter,test,84.9,47.83382034301758,0.0739314034581184,24.809999465942383,0.6193000078201294,22.596168518066406,57738.24609375,152.4185333251953,5.504084587097168,1.9329872131347656,0.8660254037844386,0.5000000000000001,89.4145,22.8093,True,15,0,True
CL509,Kapilmuni,22.6887,89.3088,2022,2,2022-02-01,2022_02,Winter,test,103.3,45.550662994384766,0.0754699185490608,24.84499931335449,0.4406999945640564,19.300447463989258,48315.43359375,157.5592803955078,4.3667826652526855,1.917250394821167,0.8660254037844386,0.5000000000000001,89.3088,22.6887,True,13,2,False
CL510,Khulna,22.8319,89.55,2022,2,2022-02-01,2022_02,Winter,test,94.9,46.19077301025391,0.0806906223297119,27.299999237060547,0.4341000020503998,24.92999267578125,56018.875,154.1371307373047,6.754478931427002,2.105170726776123,0.8660254037844386,0.5000000000000001,89.55,22.8319,True,15,0,True
CL515,Paikgacha,22.585,89.3182,2022,2,2022-02-01,2022_02,Winter,test,71.5,37.0965690612793,0.0773066952824592,24.45499992370605,0.4354999959468841,10.544602394104004,37890.0703125,129.93092346191406,4.656047344207764,1.6002691984176636,0.8660254037844386,0.5000000000000001,89.3182,22.585,True,15,0,True
CL517,Rupsa,22.79,89.59,2022,2,2022-02-01,2022_02,Winter,test,72.6,42.15098190307617,0.079495333135128,24.920000076293945,0.3786999881267547,28.748065948486328,50599.09375,140.3240509033203,3.7103257179260254,1.5449576377868652,0.8660254037844386,0.5000000000000001,89.59,22.79,True,15,0,True
CL503,Chalna,22.6012,89.5195,2022,3,2022-03-01,2022_03,Pre_Monsoon,test,123.3,1.1964303255081177,0.003000000026077,30.614999771118164,0.2378000020980835,5.119760513305664,31467.640625,108.51805877685548,3.4914283752441406,1.7203952074050903,1.0,6.123233995736766e-17,89.5195,22.6012,True,13,2,False
CL504,Dumuria,22.8093,89.4145,2022,3,2022-03-01,2022_03,Pre_Monsoon,test,30.0,0.4142807424068451,0.0022370486985892,29.174999237060547,0.6277999877929688,1.616448998451233,57738.24609375,152.4185333251953,5.504084587097168,1.9329872131347656,1.0,6.123233995736766e-17,89.4145,22.8093,True,15,0,True
CL509,Kapilmuni,22.6887,89.3088,2022,3,2022-03-01,2022_03,Pre_Monsoon,test,37.1,2.264925718307495,0.002982668345794,29.040000915527344,0.5131000280380249,41.563241958618164,48315.43359375,157.5592803955078,4.3667826652526855,1.917250394821167,1.0,6.123233995736766e-17,89.3088,22.6887,True,13,2,False
CL510,Khulna,22.8319,89.55,2022,3,2022-03-01,2022_03,Pre_Monsoon,test,48.1,0.0632532089948654,0.0029850888531655,31.96500015258789,0.4510000050067901,9.10373306274414,56018.875,154.1371307373047,6.754478931427002,2.105170726776123,1.0,6.123233995736766e-17,89.55,22.8319,True,15,0,True
CL515,Paikgacha,22.585,89.3182,2022,3,2022-03-01,2022_03,Pre_Monsoon,test,46.8,1.4623498916625977,0.0047043985687196,29.334999084472656,0.3429000079631805,14.951493263244627,37890.0703125,129.93092346191406,4.656047344207764,1.6002691984176636,1.0,6.123233995736766e-17,89.3182,22.585,True,15,0,True
CL517,Rupsa,22.79,89.59,2022,3,2022-03-01,2022_03,Pre_Monsoon,test,55.6,0.0652436986565589,0.0031535828020423,29.959999084472656,0.516700029373169,10.672212600708008,50599.09375,140.3240509033203,3.7103257179260254,1.5449576377868652,1.0,6.123233995736766e-17,89.59,22.79,True,15,0,True
CL503,Chalna,22.6012,89.5195,2022,4,2022-04-01,2022_04,Pre_Monsoon,test,98.3,7.2587151527404785,0.033792532980442,30.62333297729492,0.4963999986648559,4.770230293273926,31467.640625,108.51805877685548,3.4914283752441406,1.7203952074050903,0.8660254037844387,-0.4999999999999998,89.5195,22.6012,True,13,2,False
CL504,Dumuria,22.8093,89.4145,2022,4,2022-04-01,2022_04,Pre_Monsoon,test,63.1,15.2471342086792,0.0389403849840164,31.0766658782959,0.5358999967575073,6.633468151092529,57738.24609375,152.4185333251953,5.504084587097168,1.9329872131347656,0.8660254037844387,-0.4999999999999998,89.4145,22.8093,True,15,0,True
CL509,Kapilmuni,22.6887,89.3088,2022,4,2022-04-01,2022_04,Pre_Monsoon,test,57.1,7.277233600616455,0.0355595760047435,29.74333381652832,0.4758999943733215,100.79429626464844,48315.43359375,157.5592803955078,4.3667826652526855,1.917250394821167,0.8660254037844387,-0.4999999999999998,89.3088,22.6887,True,13,2,False
CL510,Khulna,22.8319,89.55,2022,4,2022-04-01,2022_04,Pre_Monsoon,test,90.5,22.993989944458008,0.0422010421752929,32.52333450317383,0.4259000122547149,7.004636287689209,56018.875,154.1371307373047,6.754478931427002,2.105170726776123,0.8660254037844387,-0.4999999999999998,89.55,22.8319,True,15,0,True
CL515,Paikgacha,22.585,89.3182,2022,4,2022-04-01,2022_04,Pre_Monsoon,test,99.6,7.907582759857178,0.0342431403696537,29.6299991607666,0.3010999858379364,6.4133501052856445,37890.0703125,129.93092346191406,4.656047344207764,1.6002691984176636,0.8660254037844387,-0.4999999999999998,89.3182,22.585,True,15,0,True
CL517,Rupsa,22.79,89.59,2022,4,2022-04-01,2022_04,Pre_Monsoon,test,77.5,20.06587028503418,0.0420256368815898,30.83666610717773,0.5551999807357788,3.950014591217041,50599.09375,140.3240509033203,3.7103257179260254,1.5449576377868652,0.8660254037844387,-0.4999999999999998,89.59,22.79,True,15,0,True
CL503,Chalna,22.6012,89.5195,2022,5,2022-05-01,2022_05,Pre_Monsoon,test,199.0,152.47537231445312,0.2984083592891693,32.86000061035156,0.3007000088691711,119.399658203125,31467.640625,108.51805877685548,3.4914283752441406,1.7203952074050903,0.4999999999999999,-0.8660254037844387,89.5195,22.6012,True,13,2,False
CL504,Dumuria,22.8093,89.4145,2022,5,2022-05-01,2022_05,Pre_Monsoon,test,138.0,149.31048583984375,0.3036892414093017,32.529998779296875,0.4492000043392181,69.4716567993164,57738.24609375,152.4185333251953,5.504084587097168,1.9329872131347656,0.4999999999999999,-0.8660254037844387,89.4145,22.8093,True,15,0,True
CL509,Kapilmuni,22.6887,89.3088,2022,5,2022-05-01,2022_05,Pre_Monsoon,test,155.3,143.31849670410156,0.296746015548706,30.3700008392334,0.4038000106811523,146.2319107055664,48315.43359375,157.5592803955078,4.3667826652526855,1.917250394821167,0.4999999999999999,-0.8660254037844387,89.3088,22.6887,True,13,2,False
CL510,Khulna,22.8319,89.55,2022,5,2022-05-01,2022_05,Pre_Monsoon,test,142.8,128.4983673095703,0.2973411679267883,33.630001068115234,0.4386999905109405,67.47004699707031,56018.875,154.1371307373047,6.754478931427002,2.105170726776123,0.4999999999999999,-0.8660254037844387,89.55,22.8319,True,15,0,True
CL515,Paikgacha,22.585,89.3182,2022,5,2022-05-01,2022_05,Pre_Monsoon,test,105.9,141.025390625,0.3045578598976135,29.33666610717773,0.3580000102519989,98.17205047607422,37890.0703125,129.93092346191406,4.656047344207764,1.6002691984176636,0.4999999999999999,-0.8660254037844387,89.3182,22.585,True,15,0,True
CL517,Rupsa,22.79,89.59,2022,5,2022-05-01,2022_05,Pre_Monsoon,test,147.2,127.59829711914062,0.3005980551242828,31.86000061035156,0.4440999925136566,73.4338150024414,50599.09375,140.3240509033203,3.7103257179260254,1.5449576377868652,0.4999999999999999,-0.8660254037844387,89.59,22.79,True,15,0,True
CL503,Chalna,22.6012,89.5195,2022,6,2022-06-01,2022_06,Monsoon,test,315.3,102.84795379638672,0.2856146097183227,30.43000030517578,0.3314000070095062,265.86376953125,31467.640625,108.51805877685548,3.4914283752441406,1.7203952074050903,1.2246467991473532e-16,-1.0,89.5195,22.6012,True,12,3,False
CL504,Dumuria,22.8093,89.4145,2022,6,2022-06-01,2022_06,Monsoon,test,85.9,100.3603515625,0.2363922446966171,29.96999931335449,0.6402000188827515,232.9544677734375,57738.24609375,152.4185333251953,5.504084587097168,1.9329872131347656,1.2246467991473532e-16,-1.0,89.4145,22.8093,True,14,1,False
CL509,Kapilmuni,22.6887,89.3088,2022,6,2022-06-01,2022_06,Monsoon,test,197.3,74.52989196777344,0.2478298246860504,28.835000038146973,0.5364999771118164,349.64056396484375,48315.43359375,157.5592803955078,4.3667826652526855,1.917250394821167,1.2246467991473532e-16,-1.0,89.3088,22.6887,True,12,3,False
CL510,Khulna,22.8319,89.55,2022,6,2022-06-01,2022_06,Monsoon,test,223.2,135.2586212158203,0.2607819139957428,30.46999931335449,0.4287000000476837,269.3683166503906,56018.875,154.1371307373047,6.754478931427002,2.105170726776123,1.2246467991473532e-16,-1.0,89.55,22.8319,True,14,1,False
CL515,Paikgacha,22.585,89.3182,2022,6,2022-06-01,2022_06,Monsoon,test,194.5,78.5547866821289,0.2694815993309021,26.64999961853028,0.2164999991655349,224.27178955078125,37890.0703125,129.93092346191406,4.656047344207764,1.6002691984176636,1.2246467991473532e-16,-1.0,89.3182,22.585,True,15,0,True
CL517,Rupsa,22.79,89.59,2022,6,2022-06-01,2022_06,Monsoon,test,196.7,153.44895935058594,0.2737347781658172,29.234999656677246,0.4882000088691711,261.88629150390625,50599.09375,140.3240509033203,3.7103257179260254,1.5449576377868652,1.2246467991473532e-16,-1.0,89.59,22.79,True,14,1,False
CL503,Chalna,22.6012,89.5195,2022,7,2022-07-01,2022_07,Monsoon,test,546.7,74.24051666259766,0.2562839090824127,29.390000343322754,0.4318000078201294,169.97666931152344,31467.640625,108.51805877685548,3.4914283752441406,1.7203952074050903,-0.4999999999999997,-0.8660254037844388,89.5195,22.6012,True,12,3,False
CL504,Dumuria,22.8093,89.4145,2022,7,2022-07-01,2022_07,Monsoon,test,358.5,36.02845764160156,0.1962873190641403,30.809999465942383,0.6550999879837036,111.0186996459961,57738.24609375,152.4185333251953,5.504084587097168,1.9329872131347656,-0.4999999999999997,-0.8660254037844388,89.4145,22.8093,True,14,1,False
CL509,Kapilmuni,22.6887,89.3088,2022,7,2022-07-01,2022_07,Monsoon,test,399.9,40.08241653442383,0.2255247384309768,29.549999237060547,0.5429999828338623,432.24969482421875,48315.43359375,157.5592803955078,4.3667826652526855,1.917250394821167,-0.4999999999999997,-0.8660254037844388,89.3088,22.6887,True,13,2,False
CL510,Khulna,22.8319,89.55,2022,7,2022-07-01,2022_07,Monsoon,test,327.2,50.69384002685547,0.1975912749767303,32.15999984741211,0.4287000000476837,117.21729278564452,56018.875,154.1371307373047,6.754478931427002,2.105170726776123,-0.4999999999999997,-0.8660254037844388,89.55,22.8319,True,14,1,False
CL515,Paikgacha,22.585,89.3182,2022,7,2022-07-01,2022_07,Monsoon,test,417.1,49.88246536254883,0.2529328465461731,27.270000457763672,0.4172999858856201,114.61248016357422,37890.0703125,129.93092346191406,4.656047344207764,1.6002691984176636,-0.4999999999999997,-0.8660254037844388,89.3182,22.585,True,15,0,True
CL517,Rupsa,22.79,89.59,2022,7,2022-07-01,2022_07,Monsoon,test,391.3,67.76661682128906,0.2161926031112671,32.45000076293945,0.5005999803543091,133.8022918701172,50599.09375,140.3240509033203,3.7103257179260254,1.5449576377868652,-0.4999999999999997,-0.8660254037844388,89.59,22.79,True,14,1,False
CL503,Chalna,22.6012,89.5195,2022,8,2022-08-01,2022_08,Monsoon,test,424.0,209.3189697265625,0.4603859186172485,31.14999961853028,0.5576000213623047,320.6730041503906,31467.640625,108.51805877685548,3.4914283752441406,1.7203952074050903,-0.8660254037844385,-0.5000000000000004,89.5195,22.6012,True,12,3,False
CL504,Dumuria,22.8093,89.4145,2022,8,2022-08-01,2022_08,Monsoon,test,382.5,274.4323425292969,0.3939205408096313,31.309999465942383,0.713100016117096,313.4629821777344,57738.24609375,152.4185333251953,5.504084587097168,1.9329872131347656,-0.8660254037844385,-0.5000000000000004,89.4145,22.8093,True,14,1,False
CL509,Kapilmuni,22.6887,89.3088,2022,8,2022-08-01,2022_08,Monsoon,test,338.6,209.3189697265625,0.4285982251167297,29.89666748046875,0.5698000192642212,455.7742462158203,48315.43359375,157.5592803955078,4.3667826652526855,1.917250394821167,-0.8660254037844385,-0.5000000000000004,89.3088,22.6887,True,12,3,False
CL510,Khulna,22.8319,89.55,2022,8,2022-08-01,2022_08,Monsoon,test,358.3,296.5141296386719,0.390565425157547,33.04999923706055,0.5310999751091003,296.7305908203125,56018.875,154.1371307373047,6.754478931427002,2.105170726776123,-0.8660254037844385,-0.5000000000000004,89.55,22.8319,True,14,1,False
CL515,Paikgacha,22.585,89.3182,2022,8,2022-08-01,2022_08,Monsoon,test,324.9,209.3189697265625,0.4634360074996948,28.290000915527344,0.4564999938011169,285.3457946777344,37890.0703125,129.93092346191406,4.656047344207764,1.6002691984176636,-0.8660254037844385,-0.5000000000000004,89.3182,22.585,True,14,1,False
CL517,Rupsa,22.79,89.59,2022,8,2022-08-01,2022_08,Monsoon,test,330.3,308.167724609375,0.4051333963871002,29.690000534057617,0.5313000082969666,296.9412841796875,50599.09375,140.3240509033203,3.7103257179260254,1.5449576377868652,-0.8660254037844385,-0.5000000000000004,89.59,22.79,True,15,0,True
CL503,Chalna,22.6012,89.5195,2022,9,2022-09-01,2022_09,Monsoon,test,193.7,258.4112243652344,0.4362044930458069,29.456666946411133,0.4724999964237213,293.9296264648437,31467.640625,108.51805877685548,3.4914283752441406,1.7203952074050903,-1.0,-1.8369701987210292e-16,89.5195,22.6012,True,13,2,False
CL504,Dumuria,22.8093,89.4145,2022,9,2022-09-01,2022_09,Monsoon,test,67.0,179.15061950683594,0.4058005511760711,28.729999542236328,0.7113000154495239,252.4130706787109,57738.24609375,152.4185333251953,5.504084587097168,1.9329872131347656,-1.0,-1.8369701987210292e-16,89.4145,22.8093,True,15,0,True
CL509,Kapilmuni,22.6887,89.3088,2022,9,2022-09-01,2022_09,Monsoon,test,222.4,216.8231811523437,0.418611079454422,29.71999931335449,0.6298999786376953,356.43235778808594,48315.43359375,157.5592803955078,4.3667826652526855,1.917250394821167,-1.0,-1.8369701987210292e-16,89.3088,22.6887,True,13,2,False
CL510,Khulna,22.8319,89.55,2022,9,2022-09-01,2022_09,Monsoon,test,211.0,184.5360717773437,0.4119191765785217,32.72999954223633,0.5310999751091003,252.92437744140625,56018.875,154.1371307373047,6.754478931427002,2.105170726776123,-1.0,-1.8369701987210292e-16,89.55,22.8319,True,15,0,True
CL515,Paikgacha,22.585,89.3182,2022,9,2022-09-01,2022_09,Monsoon,test,223.0,236.2179107666016,0.4461345374584198,29.07999992370605,0.4611000120639801,326.4734191894531,37890.0703125,129.93092346191406,4.656047344207764,1.6002691984176636,-1.0,-1.8369701987210292e-16,89.3182,22.585,True,15,0,True
CL517,Rupsa,22.79,89.59,2022,9,2022-09-01,2022_09,Monsoon,test,135.1,192.6928253173828,0.4135091602802276,29.290000915527344,0.6628000140190125,271.8057556152344,50599.09375,140.3240509033203,3.7103257179260254,1.5449576377868652,-1.0,-1.8369701987210292e-16,89.59,22.79,True,15,0,True
CL503,Chalna,22.6012,89.5195,2022,10,2022-10-01,2022_10,Post_Monsoon,test,348.3,368.2785339355469,0.3290375471115112,27.739999771118164,0.3713000118732452,543.3009033203125,31467.640625,108.51805877685548,3.4914283752441406,1.7203952074050903,-0.8660254037844386,0.5000000000000001,89.5195,22.6012,True,13,2,False
CL504,Dumuria,22.8093,89.4145,2022,10,2022-10-01,2022_10,Post_Monsoon,test,266.6,282.9547119140625,0.2956860959529876,29.239999771118164,0.6851999759674072,395.6967468261719,57738.24609375,152.4185333251953,5.504084587097168,1.9329872131347656,-0.8660254037844386,0.5000000000000001,89.4145,22.8093,True,15,0,True
CL509,Kapilmuni,22.6887,89.3088,2022,10,2022-10-01,2022_10,Post_Monsoon,test,255.5,278.9479064941406,0.2920324206352234,28.190000534057617,0.6657999753952026,202.49506378173828,48315.43359375,157.5592803955078,4.3667826652526855,1.917250394821167,-0.8660254037844386,0.5000000000000001,89.3088,22.6887,True,13,2,False
CL510,Khulna,22.8319,89.55,2022,10,2022-10-01,2022_10,Post_Monsoon,test,228.2,325.7247619628906,0.3080991804599762,31.350000381469727,0.5006999969482422,436.1251220703125,56018.875,154.1371307373047,6.754478931427002,2.105170726776123,-0.8660254037844386,0.5000000000000001,89.55,22.8319,True,15,0,True
CL515,Paikgacha,22.585,89.3182,2022,10,2022-10-01,2022_10,Post_Monsoon,test,206.1,302.3720092773437,0.3034633100032806,28.6299991607666,0.5200999975204468,464.931884765625,37890.0703125,129.93092346191406,4.656047344207764,1.6002691984176636,-0.8660254037844386,0.5000000000000001,89.3182,22.585,True,15,0,True
CL517,Rupsa,22.79,89.59,2022,10,2022-10-01,2022_10,Post_Monsoon,test,151.7,336.7845458984375,0.3268239796161651,28.559999465942383,0.625,478.1572265625,50599.09375,140.3240509033203,3.7103257179260254,1.5449576377868652,-0.8660254037844386,0.5000000000000001,89.59,22.79,True,15,0,True
CL503,Chalna,22.6012,89.5195,2022,11,2022-11-01,2022_11,Post_Monsoon,test,100.6,0.0131526561453938,0.0040000001899898,25.82999992370605,0.463699996471405,1.0,31467.640625,108.51805877685548,3.4914283752441406,1.7203952074050903,-0.5000000000000004,0.8660254037844384,89.5195,22.6012,True,13,2,False
CL504,Dumuria,22.8093,89.4145,2022,11,2022-11-01,2022_11,Post_Monsoon,test,52.3,2.463172435760498,0.0036340281367301,26.959999084472656,0.6504999995231628,1.490703582763672,57738.24609375,152.4185333251953,5.504084587097168,1.9329872131347656,-0.5000000000000004,0.8660254037844384,89.4145,22.8093,True,15,0,True
CL509,Kapilmuni,22.6887,89.3088,2022,11,2022-11-01,2022_11,Post_Monsoon,test,28.7,0.0132168754935264,0.004823740106076,26.5,0.5958999991416931,25.274369716644287,48315.43359375,157.5592803955078,4.3667826652526855,1.917250394821167,-0.5000000000000004,0.8660254037844384,89.3088,22.6887,True,13,2,False
CL510,Khulna,22.8319,89.55,2022,11,2022-11-01,2022_11,Post_Monsoon,test,68.0,1.7329853773117063,0.0055817477405071,29.39999961853028,0.5049999952316284,5.160296440124512,56018.875,154.1371307373047,6.754478931427002,2.105170726776123,-0.5000000000000004,0.8660254037844384,89.55,22.8319,True,15,0,True
CL515,Paikgacha,22.585,89.3182,2022,11,2022-11-01,2022_11,Post_Monsoon,test,64.7,0.0063239471055567,0.0063278838060796,26.05500030517578,0.4438999891281128,1.3051097393035889,37890.0703125,129.93092346191406,4.656047344207764,1.6002691984176636,-0.5000000000000004,0.8660254037844384,89.3182,22.585,True,15,0,True
CL517,Rupsa,22.79,89.59,2022,11,2022-11-01,2022_11,Post_Monsoon,test,13.2,0.4360337555408478,0.0050204247236251,27.239999771118164,0.588100016117096,5.614558696746826,50599.09375,140.3240509033203,3.7103257179260254,1.5449576377868652,-0.5000000000000004,0.8660254037844384,89.59,22.79,True,15,0,True
CL503,Chalna,22.6012,89.5195,2022,12,2022-12-01,2022_12,Winter,test,27.0,0.041730523109436,0.000470176077215,23.39666748046875,0.7117999792098999,3.0837996006011963,31467.640625,108.51805877685548,3.4914283752441406,1.7203952074050903,-2.4492935982947064e-16,1.0,89.5195,22.6012,True,13,2,False
CL504,Dumuria,22.8093,89.4145,2022,12,2022-12-01,2022_12,Winter,test,19.5,0.1532533913850784,0.0010000000474974,23.239999771118164,0.539900004863739,5.863097667694092,57738.24609375,152.4185333251953,5.504084587097168,1.9329872131347656,-2.4492935982947064e-16,1.0,89.4145,22.8093,True,15,0,True
CL509,Kapilmuni,22.6887,89.3088,2022,12,2022-12-01,2022_12,Winter,test,13.1,0.0259341467171907,0.0008364118402823,23.26499938964844,0.4580999910831451,11.247762203216553,48315.43359375,157.5592803955078,4.3667826652526855,1.917250394821167,-2.4492935982947064e-16,1.0,89.3088,22.6887,True,13,2,False
CL510,Khulna,22.8319,89.55,2022,12,2022-12-01,2022_12,Winter,test,30.8,0.0566296242177486,0.0010000000474974,24.9950008392334,0.4291999936103821,5.053096294403076,56018.875,154.1371307373047,6.754478931427002,2.105170726776123,-2.4492935982947064e-16,1.0,89.55,22.8319,True,15,0,True
CL515,Paikgacha,22.585,89.3182,2022,12,2022-12-01,2022_12,Winter,test,28.4,0.0137168671935796,0.0003803449799306,22.76499938964844,0.3851999938488006,1.813781976699829,37890.0703125,129.93092346191406,4.656047344207764,1.6002691984176636,-2.4492935982947064e-16,1.0,89.3182,22.585,True,15,0,True
CL517,Rupsa,22.79,89.59,2022,12,2022-12-01,2022_12,Winter,test,3.4,0.0779671743512153,0.0010000000474974,23.25,0.4388999938964844,1.3353986740112305,50599.09375,140.3240509033203,3.7103257179260254,1.5449576377868652,-2.4492935982947064e-16,1.0,89.59,22.79,True,15,0,True
