Dataset_Folder,File,Full_Path,CRS,Width,Height,Resolution_X,Resolution_Y,Transform,Bounds,NoData,Valid_Pixels,Masked_Pixels
CCS,2017_01.tif,E:\Geospatial\Precipitation Downscaling\Precipitation-Downscaling-Khulna\data\processed\rasters_aligned\monthly\CCS\2017_01.tif,"GEOGCS[""WGS 84"",DATUM[""World Geodetic System 1984"",SPHEROID[""WGS 84"",6378137,298.257223563]],PRIMEM[""Greenwich"",0],UNIT[""degree"",0.0174532925199433,AUTHORITY[""EPSG"",""9122""]],AXIS[""Latitude"",NORTH],AXIS[""Longitude"",EAST]]",59,151,0.008983152841195215,0.008983152841195215,"(0.008983152841195215, 0.0, 89.22965717159208, 0.0, -0.008983152841195215, 23.014837579142142, 0.0, 0.0, 1.0)","(89.22965717159208, 21.658381500121664, 89.7596631892226, 23.014837579142142)",-9999.0,4589,4320
CCS,2017_02.tif,E:\Geospatial\Precipitation Downscaling\Precipitation-Downscaling-Khulna\data\processed\rasters_aligned\monthly\CCS\2017_02.tif,"GEOGCS[""WGS 84"",DATUM[""World Geodetic System 1984"",SPHEROID[""WGS 84"",6378137,298.257223563]],PRIMEM[""Greenwich"",0],UNIT[""degree"",0.0174532925199433,AUTHORITY[""EPSG"",""9122""]],AXIS[""Latitude"",NORTH],AXIS[""Longitude"",EAST]]",59,151,0.008983152841195215,0.008983152841195215,"(0.008983152841195215, 0.0, 89.22965717159208, 0.0, -0.008983152841195215, 23.014837579142142, 0.0, 0.0, 1.0)","(89.22965717159208, 21.658381500121664, 89.7596631892226, 23.014837579142142)",-9999.0,4589,4320
CCS,2017_03.tif,E:\Geospatial\Precipitation Downscaling\Precipitation-Downscaling-Khulna\data\processed\rasters_aligned\monthly\CCS\2017_03.tif,"GEOGCS[""WGS 84"",DATUM[""World Geodetic System 1984"",SPHEROID[""WGS 84"",6378137,298.257223563]],PRIMEM[""Greenwich"",0],UNIT[""degree"",0.0174532925199433,AUTHORITY[""EPSG"",""9122""]],AXIS[""Latitude"",NORTH],AXIS[""Longitude"",EAST]]",59,151,0.008983152841195215,0.008983152841195215,"(0.008983152841195215, 0.0, 89.22965717159208, 0.0, -0.008983152841195215, 23.014837579142142, 0.0, 0.0, 1.0)","(89.22965717159208, 21.658381500121664, 89.7596631892226, 23.014837579142142)",-9999.0,4589,4320
CCS,2017_04.tif,E:\Geospatial\Precipitation Downscaling\Precipitation-Downscaling-Khulna\data\processed\rasters_aligned\monthly\CCS\2017_04.tif,"GEOGCS[""WGS 84"",DATUM[""World Geodetic System 1984"",SPHEROID[""WGS 84"",6378137,298.257223563]],PRIMEM[""Greenwich"",0],UNIT[""degree"",0.0174532925199433,AUTHORITY[""EPSG"",""9122""]],AXIS[""Latitude"",NORTH],AXIS[""Longitude"",EAST]]",59,151,0.008983152841195215,0.008983152841195215,"(0.008983152841195215, 0.0, 89.22965717159208, 0.0, -0.008983152841195215, 23.014837579142142, 0.0, 0.0, 1.0)","(89.22965717159208, 21.658381500121664, 89.7596631892226, 23.014837579142142)",-9999.0,4589,4320
CCS,2017_05.tif,E:\Geospatial\Precipitation Downscaling\Precipitation-Downscaling-Khulna\data\processed\rasters_aligned\monthly\CCS\2017_05.tif,"GEOGCS[""WGS 84"",DATUM[""World Geodetic System 1984"",SPHEROID[""WGS 84"",6378137,298.257223563]],PRIMEM[""Greenwich"",0],UNIT[""degree"",0.0174532925199433,AUTHORITY[""EPSG"",""9122""]],AXIS[""Latitude"",NORTH],AXIS[""Longitude"",EAST]]",59,151,0.008983152841195215,0.008983152841195215,"(0.008983152841195215, 0.0, 89.22965717159208, 0.0, -0.008983152841195215, 23.014837579142142, 0.0, 0.0, 1.0)","(89.22965717159208, 21.658381500121664, 89.7596631892226, 23.014837579142142)",-9999.0,4589,4320
CCS,2017_06.tif,E:\Geospatial\Precipitation Downscaling\Precipitation-Downscaling-Khulna\data\processed\rasters_aligned\monthly\CCS\2017_06.tif,"GEOGCS[""WGS 84"",DATUM[""World Geodetic System 1984"",SPHEROID[""WGS 84"",6378137,298.257223563]],PRIMEM[""Greenwich"",0],UNIT[""degree"",0.0174532925199433,AUTHORITY[""EPSG"",""9122""]],AXIS[""Latitude"",NORTH],AXIS[""Longitude"",EAST]]",59,151,0.008983152841195215,0.008983152841195215,"(0.008983152841195215, 0.0, 89.22965717159208, 0.0, -0.008983152841195215, 23.014837579142142, 0.0, 0.0, 1.0)","(89.22965717159208, 21.658381500121664, 89.7596631892226, 23.014837579142142)",-9999.0,4589,4320
CCS,2017_07.tif,E:\Geospatial\Precipitation Downscaling\Precipitation-Downscaling-Khulna\data\processed\rasters_aligned\monthly\CCS\2017_07.tif,"GEOGCS[""WGS 84"",DATUM[""World Geodetic System 1984"",SPHEROID[""WGS 84"",6378137,298.257223563]],PRIMEM[""Greenwich"",0],UNIT[""degree"",0.0174532925199433,AUTHORITY[""EPSG"",""9122""]],AXIS[""Latitude"",NORTH],AXIS[""Longitude"",EAST]]",59,151,0.008983152841195215,0.008983152841195215,"(0.008983152841195215, 0.0, 89.22965717159208, 0.0, -0.008983152841195215, 23.014837579142142, 0.0, 0.0, 1.0)","(89.22965717159208, 21.658381500121664, 89.7596631892226, 23.014837579142142)",-9999.0,4589,4320
CCS,2017_08.tif,E:\Geospatial\Precipitation Downscaling\Precipitation-Downscaling-Khulna\data\processed\rasters_aligned\monthly\CCS\2017_08.tif,"GEOGCS[""WGS 84"",DATUM[""World Geodetic System 1984"",SPHEROID[""WGS 84"",6378137,298.257223563]],PRIMEM[""Greenwich"",0],UNIT[""degree"",0.0174532925199433,AUTHORITY[""EPSG"",""9122""]],AXIS[""Latitude"",NORTH],AXIS[""Longitude"",EAST]]",59,151,0.008983152841195215,0.008983152841195215,"(0.008983152841195215, 0.0, 89.22965717159208, 0.0, -0.008983152841195215, 23.014837579142142, 0.0, 0.0, 1.0)","(89.22965717159208, 21.658381500121664, 89.7596631892226, 23.014837579142142)",-9999.0,4589,4320
CCS,2017_09.tif,E:\Geospatial\Precipitation Downscaling\Precipitation-Downscaling-Khulna\data\processed\rasters_aligned\monthly\CCS\2017_09.tif,"GEOGCS[""WGS 84"",DATUM[""World Geodetic System 1984"",SPHEROID[""WGS 84"",6378137,298.257223563]],PRIMEM[""Greenwich"",0],UNIT[""degree"",0.0174532925199433,AUTHORITY[""EPSG"",""9122""]],AXIS[""Latitude"",NORTH],AXIS[""Longitude"",EAST]]",59,151,0.008983152841195215,0.008983152841195215,"(0.008983152841195215, 0.0, 89.22965717159208, 0.0, -0.008983152841195215, 23.014837579142142, 0.0, 0.0, 1.0)","(89.22965717159208, 21.658381500121664, 89.7596631892226, 23.014837579142142)",-9999.0,4589,4320
CCS,2017_10.tif,E:\Geospatial\Precipitation Downscaling\Precipitation-Downscaling-Khulna\data\processed\rasters_aligned\monthly\CCS\2017_10.tif,"GEOGCS[""WGS 84"",DATUM[""World Geodetic System 1984"",SPHEROID[""WGS 84"",6378137,298.257223563]],PRIMEM[""Greenwich"",0],UNIT[""degree"",0.0174532925199433,AUTHORITY[""EPSG"",""9122""]],AXIS[""Latitude"",NORTH],AXIS[""Longitude"",EAST]]",59,151,0.008983152841195215,0.008983152841195215,"(0.008983152841195215, 0.0, 89.22965717159208, 0.0, -0.008983152841195215, 23.014837579142142, 0.0, 0.0, 1.0)","(89.22965717159208, 21.658381500121664, 89.7596631892226, 23.014837579142142)",-9999.0,4589,4320
CCS,2017_11.tif,E:\Geospatial\Precipitation Downscaling\Precipitation-Downscaling-Khulna\data\processed\rasters_aligned\monthly\CCS\2017_11.tif,"GEOGCS[""WGS 84"",DATUM[""World Geodetic System 1984"",SPHEROID[""WGS 84"",6378137,298.257223563]],PRIMEM[""Greenwich"",0],UNIT[""degree"",0.0174532925199433,AUTHORITY[""EPSG"",""9122""]],AXIS[""Latitude"",NORTH],AXIS[""Longitude"",EAST]]",59,151,0.008983152841195215,0.008983152841195215,"(0.008983152841195215, 0.0, 89.22965717159208, 0.0, -0.008983152841195215, 23.014837579142142, 0.0, 0.0, 1.0)","(89.22965717159208, 21.658381500121664, 89.7596631892226, 23.014837579142142)",-9999.0,4589,4320
CCS,2017_12.tif,E:\Geospatial\Precipitation Downscaling\Precipitation-Downscaling-Khulna\data\processed\rasters_aligned\monthly\CCS\2017_12.tif,"GEOGCS[""WGS 84"",DATUM[""World Geodetic System 1984"",SPHEROID[""WGS 84"",6378137,298.257223563]],PRIMEM[""Greenwich"",0],UNIT[""degree"",0.0174532925199433,AUTHORITY[""EPSG"",""9122""]],AXIS[""Latitude"",NORTH],AXIS[""Longitude"",EAST]]",59,151,0.008983152841195215,0.008983152841195215,"(0.008983152841195215, 0.0, 89.22965717159208, 0.0, -0.008983152841195215, 23.014837579142142, 0.0, 0.0, 1.0)","(89.22965717159208, 21.658381500121664, 89.7596631892226, 23.014837579142142)",-9999.0,4589,4320
CCS,2018_01.tif,E:\Geospatial\Precipitation Downscaling\Precipitation-Downscaling-Khulna\data\processed\rasters_aligned\monthly\CCS\2018_01.tif,"GEOGCS[""WGS 84"",DATUM[""World Geodetic System 1984"",SPHEROID[""WGS 84"",6378137,298.257223563]],PRIMEM[""Greenwich"",0],UNIT[""degree"",0.0174532925199433,AUTHORITY[""EPSG"",""9122""]],AXIS[""Latitude"",NORTH],AXIS[""Longitude"",EAST]]",59,151,0.008983152841195215,0.008983152841195215,"(0.008983152841195215, 0.0, 89.22965717159208, 0.0, -0.008983152841195215, 23.014837579142142, 0.0, 0.0, 1.0)","(89.22965717159208, 21.658381500121664, 89.7596631892226, 23.014837579142142)",-9999.0,4589,4320
CCS,2018_02.tif,E:\Geospatial\Precipitation Downscaling\Precipitation-Downscaling-Khulna\data\processed\rasters_aligned\monthly\CCS\2018_02.tif,"GEOGCS[""WGS 84"",DATUM[""World Geodetic System 1984"",SPHEROID[""WGS 84"",6378137,298.257223563]],PRIMEM[""Greenwich"",0],UNIT[""degree"",0.0174532925199433,AUTHORITY[""EPSG"",""9122""]],AXIS[""Latitude"",NORTH],AXIS[""Longitude"",EAST]]",59,151,0.008983152841195215,0.008983152841195215,"(0.008983152841195215, 0.0, 89.22965717159208, 0.0, -0.008983152841195215, 23.014837579142142, 0.0, 0.0, 1.0)","(89.22965717159208, 21.658381500121664, 89.7596631892226, 23.014837579142142)",-9999.0,4589,4320
CCS,2018_03.tif,E:\Geospatial\Precipitation Downscaling\Precipitation-Downscaling-Khulna\data\processed\rasters_aligned\monthly\CCS\2018_03.tif,"GEOGCS[""WGS 84"",DATUM[""World Geodetic System 1984"",SPHEROID[""WGS 84"",6378137,298.257223563]],PRIMEM[""Greenwich"",0],UNIT[""degree"",0.0174532925199433,AUTHORITY[""EPSG"",""9122""]],AXIS[""Latitude"",NORTH],AXIS[""Longitude"",EAST]]",59,151,0.008983152841195215,0.008983152841195215,"(0.008983152841195215, 0.0, 89.22965717159208, 0.0, -0.008983152841195215, 23.014837579142142, 0.0, 0.0, 1.0)","(89.22965717159208, 21.658381500121664, 89.7596631892226, 23.014837579142142)",-9999.0,4589,4320
CCS,2018_04.tif,E:\Geospatial\Precipitation Downscaling\Precipitation-Downscaling-Khulna\data\processed\rasters_aligned\monthly\CCS\2018_04.tif,"GEOGCS[""WGS 84"",DATUM[""World Geodetic System 1984"",SPHEROID[""WGS 84"",6378137,298.257223563]],PRIMEM[""Greenwich"",0],UNIT[""degree"",0.0174532925199433,AUTHORITY[""EPSG"",""9122""]],AXIS[""Latitude"",NORTH],AXIS[""Longitude"",EAST]]",59,151,0.008983152841195215,0.008983152841195215,"(0.008983152841195215, 0.0, 89.22965717159208, 0.0, -0.008983152841195215, 23.014837579142142, 0.0, 0.0, 1.0)","(89.22965717159208, 21.658381500121664, 89.7596631892226, 23.014837579142142)",-9999.0,4589,4320
CCS,2018_05.tif,E:\Geospatial\Precipitation Downscaling\Precipitation-Downscaling-Khulna\data\processed\rasters_aligned\monthly\CCS\2018_05.tif,"GEOGCS[""WGS 84"",DATUM[""World Geodetic System 1984"",SPHEROID[""WGS 84"",6378137,298.257223563]],PRIMEM[""Greenwich"",0],UNIT[""degree"",0.0174532925199433,AUTHORITY[""EPSG"",""9122""]],AXIS[""Latitude"",NORTH],AXIS[""Longitude"",EAST]]",59,151,0.008983152841195215,0.008983152841195215,"(0.008983152841195215, 0.0, 89.22965717159208, 0.0, -0.008983152841195215, 23.014837579142142, 0.0, 0.0, 1.0)","(89.22965717159208, 21.658381500121664, 89.7596631892226, 23.014837579142142)",-9999.0,4589,4320
CCS,2018_06.tif,E:\Geospatial\Precipitation Downscaling\Precipitation-Downscaling-Khulna\data\processed\rasters_aligned\monthly\CCS\2018_06.tif,"GEOGCS[""WGS 84"",DATUM[""World Geodetic System 1984"",SPHEROID[""WGS 84"",6378137,298.257223563]],PRIMEM[""Greenwich"",0],UNIT[""degree"",0.0174532925199433,AUTHORITY[""EPSG"",""9122""]],AXIS[""Latitude"",NORTH],AXIS[""Longitude"",EAST]]",59,151,0.008983152841195215,0.008983152841195215,"(0.008983152841195215, 0.0, 89.22965717159208, 0.0, -0.008983152841195215, 23.014837579142142, 0.0, 0.0, 1.0)","(89.22965717159208, 21.658381500121664, 89.7596631892226, 23.014837579142142)",-9999.0,4589,4320
CCS,2018_07.tif,E:\Geospatial\Precipitation Downscaling\Precipitation-Downscaling-Khulna\data\processed\rasters_aligned\monthly\CCS\2018_07.tif,"GEOGCS[""WGS 84"",DATUM[""World Geodetic System 1984"",SPHEROID[""WGS 84"",6378137,298.257223563]],PRIMEM[""Greenwich"",0],UNIT[""degree"",0.0174532925199433,AUTHORITY[""EPSG"",""9122""]],AXIS[""Latitude"",NORTH],AXIS[""Longitude"",EAST]]",59,151,0.008983152841195215,0.008983152841195215,"(0.008983152841195215, 0.0, 89.22965717159208, 0.0, -0.008983152841195215, 23.014837579142142, 0.0, 0.0, 1.0)","(89.22965717159208, 21.658381500121664, 89.7596631892226, 23.014837579142142)",-9999.0,4589,4320
CCS,2018_08.tif,E:\Geospatial\Precipitation Downscaling\Precipitation-Downscaling-Khulna\data\processed\rasters_aligned\monthly\CCS\2018_08.tif,"GEOGCS[""WGS 84"",DATUM[""World Geodetic System 1984"",SPHEROID[""WGS 84"",6378137,298.257223563]],PRIMEM[""Greenwich"",0],UNIT[""degree"",0.0174532925199433,AUTHORITY[""EPSG"",""9122""]],AXIS[""Latitude"",NORTH],AXIS[""Longitude"",EAST]]",59,151,0.008983152841195215,0.008983152841195215,"(0.008983152841195215, 0.0, 89.22965717159208, 0.0, -0.008983152841195215, 23.014837579142142, 0.0, 0.0, 1.0)","(89.22965717159208, 21.658381500121664, 89.7596631892226, 23.014837579142142)",-9999.0,4589,4320
CCS,2018_09.tif,E:\Geospatial\Precipitation Downscaling\Precipitation-Downscaling-Khulna\data\processed\rasters_aligned\monthly\CCS\2018_09.tif,"GEOGCS[""WGS 84"",DATUM[""World Geodetic System 1984"",SPHEROID[""WGS 84"",6378137,298.257223563]],PRIMEM[""Greenwich"",0],UNIT[""degree"",0.0174532925199433,AUTHORITY[""EPSG"",""9122""]],AXIS[""Latitude"",NORTH],AXIS[""Longitude"",EAST]]",59,151,0.008983152841195215,0.008983152841195215,"(0.008983152841195215, 0.0, 89.22965717159208, 0.0, -0.008983152841195215, 23.014837579142142, 0.0, 0.0, 1.0)","(89.22965717159208, 21.658381500121664, 89.7596631892226, 23.014837579142142)",-9999.0,4589,4320
CCS,2018_10.tif,E:\Geospatial\Precipitation Downscaling\Precipitation-Downscaling-Khulna\data\processed\rasters_aligned\monthly\CCS\2018_10.tif,"GEOGCS[""WGS 84"",DATUM[""World Geodetic System 1984"",SPHEROID[""WGS 84"",6378137,298.257223563]],PRIMEM[""Greenwich"",0],UNIT[""degree"",0.0174532925199433,AUTHORITY[""EPSG"",""9122""]],AXIS[""Latitude"",NORTH],AXIS[""Longitude"",EAST]]",59,151,0.008983152841195215,0.008983152841195215,"(0.008983152841195215, 0.0, 89.22965717159208, 0.0, -0.008983152841195215, 23.014837579142142, 0.0, 0.0, 1.0)","(89.22965717159208, 21.658381500121664, 89.7596631892226, 23.014837579142142)",-9999.0,4589,4320
CCS,2018_11.tif,E:\Geospatial\Precipitation Downscaling\Precipitation-Downscaling-Khulna\data\processed\rasters_aligned\monthly\CCS\2018_11.tif,"GEOGCS[""WGS 84"",DATUM[""World Geodetic System 1984"",SPHEROID[""WGS 84"",6378137,298.257223563]],PRIMEM[""Greenwich"",0],UNIT[""degree"",0.0174532925199433,AUTHORITY[""EPSG"",""9122""]],AXIS[""Latitude"",NORTH],AXIS[""Longitude"",EAST]]",59,151,0.008983152841195215,0.008983152841195215,"(0.008983152841195215, 0.0, 89.22965717159208, 0.0, -0.008983152841195215, 23.014837579142142, 0.0, 0.0, 1.0)","(89.22965717159208, 21.658381500121664, 89.7596631892226, 23.014837579142142)",-9999.0,4589,4320
CCS,2018_12.tif,E:\Geospatial\Precipitation Downscaling\Precipitation-Downscaling-Khulna\data\processed\rasters_aligned\monthly\CCS\2018_12.tif,"GEOGCS[""WGS 84"",DATUM[""World Geodetic System 1984"",SPHEROID[""WGS 84"",6378137,298.257223563]],PRIMEM[""Greenwich"",0],UNIT[""degree"",0.0174532925199433,AUTHORITY[""EPSG"",""9122""]],AXIS[""Latitude"",NORTH],AXIS[""Longitude"",EAST]]",59,151,0.008983152841195215,0.008983152841195215,"(0.008983152841195215, 0.0, 89.22965717159208, 0.0, -0.008983152841195215, 23.014837579142142, 0.0, 0.0, 1.0)","(89.22965717159208, 21.658381500121664, 89.7596631892226, 23.014837579142142)",-9999.0,4589,4320
CCS,2019_01.tif,E:\Geospatial\Precipitation Downscaling\Precipitation-Downscaling-Khulna\data\processed\rasters_aligned\monthly\CCS\2019_01.tif,"GEOGCS[""WGS 84"",DATUM[""World Geodetic System 1984"",SPHEROID[""WGS 84"",6378137,298.257223563]],PRIMEM[""Greenwich"",0],UNIT[""degree"",0.0174532925199433,AUTHORITY[""EPSG"",""9122""]],AXIS[""Latitude"",NORTH],AXIS[""Longitude"",EAST]]",59,151,0.008983152841195215,0.008983152841195215,"(0.008983152841195215, 0.0, 89.22965717159208, 0.0, -0.008983152841195215, 23.014837579142142, 0.0, 0.0, 1.0)","(89.22965717159208, 21.658381500121664, 89.7596631892226, 23.014837579142142)",-9999.0,4589,4320
CCS,2019_02.tif,E:\Geospatial\Precipitation Downscaling\Precipitation-Downscaling-Khulna\data\processed\rasters_aligned\monthly\CCS\2019_02.tif,"GEOGCS[""WGS 84"",DATUM[""World Geodetic System 1984"",SPHEROID[""WGS 84"",6378137,298.257223563]],PRIMEM[""Greenwich"",0],UNIT[""degree"",0.0174532925199433,AUTHORITY[""EPSG"",""9122""]],AXIS[""Latitude"",NORTH],AXIS[""Longitude"",EAST]]",59,151,0.008983152841195215,0.008983152841195215,"(0.008983152841195215, 0.0, 89.22965717159208, 0.0, -0.008983152841195215, 23.014837579142142, 0.0, 0.0, 1.0)","(89.22965717159208, 21.658381500121664, 89.7596631892226, 23.014837579142142)",-9999.0,4589,4320
CCS,2019_03.tif,E:\Geospatial\Precipitation Downscaling\Precipitation-Downscaling-Khulna\data\processed\rasters_aligned\monthly\CCS\2019_03.tif,"GEOGCS[""WGS 84"",DATUM[""World Geodetic System 1984"",SPHEROID[""WGS 84"",6378137,298.257223563]],PRIMEM[""Greenwich"",0],UNIT[""degree"",0.0174532925199433,AUTHORITY[""EPSG"",""9122""]],AXIS[""Latitude"",NORTH],AXIS[""Longitude"",EAST]]",59,151,0.008983152841195215,0.008983152841195215,"(0.008983152841195215, 0.0, 89.22965717159208, 0.0, -0.008983152841195215, 23.014837579142142, 0.0, 0.0, 1.0)","(89.22965717159208, 21.658381500121664, 89.7596631892226, 23.014837579142142)",-9999.0,4589,4320
CCS,2019_04.tif,E:\Geospatial\Precipitation Downscaling\Precipitation-Downscaling-Khulna\data\processed\rasters_aligned\monthly\CCS\2019_04.tif,"GEOGCS[""WGS 84"",DATUM[""World Geodetic System 1984"",SPHEROID[""WGS 84"",6378137,298.257223563]],PRIMEM[""Greenwich"",0],UNIT[""degree"",0.0174532925199433,AUTHORITY[""EPSG"",""9122""]],AXIS[""Latitude"",NORTH],AXIS[""Longitude"",EAST]]",59,151,0.008983152841195215,0.008983152841195215,"(0.008983152841195215, 0.0, 89.22965717159208, 0.0, -0.008983152841195215, 23.014837579142142, 0.0, 0.0, 1.0)","(89.22965717159208, 21.658381500121664, 89.7596631892226, 23.014837579142142)",-9999.0,4589,4320
CCS,2019_05.tif,E:\Geospatial\Precipitation Downscaling\Precipitation-Downscaling-Khulna\data\processed\rasters_aligned\monthly\CCS\2019_05.tif,"GEOGCS[""WGS 84"",DATUM[""World Geodetic System 1984"",SPHEROID[""WGS 84"",6378137,298.257223563]],PRIMEM[""Greenwich"",0],UNIT[""degree"",0.0174532925199433,AUTHORITY[""EPSG"",""9122""]],AXIS[""Latitude"",NORTH],AXIS[""Longitude"",EAST]]",59,151,0.008983152841195215,0.008983152841195215,"(0.008983152841195215, 0.0, 89.22965717159208, 0.0, -0.008983152841195215, 23.014837579142142, 0.0, 0.0, 1.0)","(89.22965717159208, 21.658381500121664, 89.7596631892226, 23.014837579142142)",-9999.0,4589,4320
CCS,2019_06.tif,E:\Geospatial\Precipitation Downscaling\Precipitation-Downscaling-Khulna\data\processed\rasters_aligned\monthly\CCS\2019_06.tif,"GEOGCS[""WGS 84"",DATUM[""World Geodetic System 1984"",SPHEROID[""WGS 84"",6378137,298.257223563]],PRIMEM[""Greenwich"",0],UNIT[""degree"",0.0174532925199433,AUTHORITY[""EPSG"",""9122""]],AXIS[""Latitude"",NORTH],AXIS[""Longitude"",EAST]]",59,151,0.008983152841195215,0.008983152841195215,"(0.008983152841195215, 0.0, 89.22965717159208, 0.0, -0.008983152841195215, 23.014837579142142, 0.0, 0.0, 1.0)","(89.22965717159208, 21.658381500121664, 89.7596631892226, 23.014837579142142)",-9999.0,4589,4320
CCS,2019_07.tif,E:\Geospatial\Precipitation Downscaling\Precipitation-Downscaling-Khulna\data\processed\rasters_aligned\monthly\CCS\2019_07.tif,"GEOGCS[""WGS 84"",DATUM[""World Geodetic System 1984"",SPHEROID[""WGS 84"",6378137,298.257223563]],PRIMEM[""Greenwich"",0],UNIT[""degree"",0.0174532925199433,AUTHORITY[""EPSG"",""9122""]],AXIS[""Latitude"",NORTH],AXIS[""Longitude"",EAST]]",59,151,0.008983152841195215,0.008983152841195215,"(0.008983152841195215, 0.0, 89.22965717159208, 0.0, -0.008983152841195215, 23.014837579142142, 0.0, 0.0, 1.0)","(89.22965717159208, 21.658381500121664, 89.7596631892226, 23.014837579142142)",-9999.0,4589,4320
CCS,2019_08.tif,E:\Geospatial\Precipitation Downscaling\Precipitation-Downscaling-Khulna\data\processed\rasters_aligned\monthly\CCS\2019_08.tif,"GEOGCS[""WGS 84"",DATUM[""World Geodetic System 1984"",SPHEROID[""WGS 84"",6378137,298.257223563]],PRIMEM[""Greenwich"",0],UNIT[""degree"",0.0174532925199433,AUTHORITY[""EPSG"",""9122""]],AXIS[""Latitude"",NORTH],AXIS[""Longitude"",EAST]]",59,151,0.008983152841195215,0.008983152841195215,"(0.008983152841195215, 0.0, 89.22965717159208, 0.0, -0.008983152841195215, 23.014837579142142, 0.0, 0.0, 1.0)","(89.22965717159208, 21.658381500121664, 89.7596631892226, 23.014837579142142)",-9999.0,4589,4320
CCS,2019_09.tif,E:\Geospatial\Precipitation Downscaling\Precipitation-Downscaling-Khulna\data\processed\rasters_aligned\monthly\CCS\2019_09.tif,"GEOGCS[""WGS 84"",DATUM[""World Geodetic System 1984"",SPHEROID[""WGS 84"",6378137,298.257223563]],PRIMEM[""Greenwich"",0],UNIT[""degree"",0.0174532925199433,AUTHORITY[""EPSG"",""9122""]],AXIS[""Latitude"",NORTH],AXIS[""Longitude"",EAST]]",59,151,0.008983152841195215,0.008983152841195215,"(0.008983152841195215, 0.0, 89.22965717159208, 0.0, -0.008983152841195215, 23.014837579142142, 0.0, 0.0, 1.0)","(89.22965717159208, 21.658381500121664, 89.7596631892226, 23.014837579142142)",-9999.0,4589,4320
CCS,2019_10.tif,E:\Geospatial\Precipitation Downscaling\Precipitation-Downscaling-Khulna\data\processed\rasters_aligned\monthly\CCS\2019_10.tif,"GEOGCS[""WGS 84"",DATUM[""World Geodetic System 1984"",SPHEROID[""WGS 84"",6378137,298.257223563]],PRIMEM[""Greenwich"",0],UNIT[""degree"",0.0174532925199433,AUTHORITY[""EPSG"",""9122""]],AXIS[""Latitude"",NORTH],AXIS[""Longitude"",EAST]]",59,151,0.008983152841195215,0.008983152841195215,"(0.008983152841195215, 0.0, 89.22965717159208, 0.0, -0.008983152841195215, 23.014837579142142, 0.0, 0.0, 1.0)","(89.22965717159208, 21.658381500121664, 89.7596631892226, 23.014837579142142)",-9999.0,4589,4320
CCS,2019_11.tif,E:\Geospatial\Precipitation Downscaling\Precipitation-Downscaling-Khulna\data\processed\rasters_aligned\monthly\CCS\2019_11.tif,"GEOGCS[""WGS 84"",DATUM[""World Geodetic System 1984"",SPHEROID[""WGS 84"",6378137,298.257223563]],PRIMEM[""Greenwich"",0],UNIT[""degree"",0.0174532925199433,AUTHORITY[""EPSG"",""9122""]],AXIS[""Latitude"",NORTH],AXIS[""Longitude"",EAST]]",59,151,0.008983152841195215,0.008983152841195215,"(0.008983152841195215, 0.0, 89.22965717159208, 0.0, -0.008983152841195215, 23.014837579142142, 0.0, 0.0, 1.0)","(89.22965717159208, 21.658381500121664, 89.7596631892226, 23.014837579142142)",-9999.0,4589,4320
CCS,2019_12.tif,E:\Geospatial\Precipitation Downscaling\Precipitation-Downscaling-Khulna\data\processed\rasters_aligned\monthly\CCS\2019_12.tif,"GEOGCS[""WGS 84"",DATUM[""World Geodetic System 1984"",SPHEROID[""WGS 84"",6378137,298.257223563]],PRIMEM[""Greenwich"",0],UNIT[""degree"",0.0174532925199433,AUTHORITY[""EPSG"",""9122""]],AXIS[""Latitude"",NORTH],AXIS[""Longitude"",EAST]]",59,151,0.008983152841195215,0.008983152841195215,"(0.008983152841195215, 0.0, 89.22965717159208, 0.0, -0.008983152841195215, 23.014837579142142, 0.0, 0.0, 1.0)","(89.22965717159208, 21.658381500121664, 89.7596631892226, 23.014837579142142)",-9999.0,4589,4320
CCS,2020_01.tif,E:\Geospatial\Precipitation Downscaling\Precipitation-Downscaling-Khulna\data\processed\rasters_aligned\monthly\CCS\2020_01.tif,"GEOGCS[""WGS 84"",DATUM[""World Geodetic System 1984"",SPHEROID[""WGS 84"",6378137,298.257223563]],PRIMEM[""Greenwich"",0],UNIT[""degree"",0.0174532925199433,AUTHORITY[""EPSG"",""9122""]],AXIS[""Latitude"",NORTH],AXIS[""Longitude"",EAST]]",59,151,0.008983152841195215,0.008983152841195215,"(0.008983152841195215, 0.0, 89.22965717159208, 0.0, -0.008983152841195215, 23.014837579142142, 0.0, 0.0, 1.0)","(89.22965717159208, 21.658381500121664, 89.7596631892226, 23.014837579142142)",-9999.0,4589,4320
CCS,2020_02.tif,E:\Geospatial\Precipitation Downscaling\Precipitation-Downscaling-Khulna\data\processed\rasters_aligned\monthly\CCS\2020_02.tif,"GEOGCS[""WGS 84"",DATUM[""World Geodetic System 1984"",SPHEROID[""WGS 84"",6378137,298.257223563]],PRIMEM[""Greenwich"",0],UNIT[""degree"",0.0174532925199433,AUTHORITY[""EPSG"",""9122""]],AXIS[""Latitude"",NORTH],AXIS[""Longitude"",EAST]]",59,151,0.008983152841195215,0.008983152841195215,"(0.008983152841195215, 0.0, 89.22965717159208, 0.0, -0.008983152841195215, 23.014837579142142, 0.0, 0.0, 1.0)","(89.22965717159208, 21.658381500121664, 89.7596631892226, 23.014837579142142)",-9999.0,4589,4320
CCS,2020_03.tif,E:\Geospatial\Precipitation Downscaling\Precipitation-Downscaling-Khulna\data\processed\rasters_aligned\monthly\CCS\2020_03.tif,"GEOGCS[""WGS 84"",DATUM[""World Geodetic System 1984"",SPHEROID[""WGS 84"",6378137,298.257223563]],PRIMEM[""Greenwich"",0],UNIT[""degree"",0.0174532925199433,AUTHORITY[""EPSG"",""9122""]],AXIS[""Latitude"",NORTH],AXIS[""Longitude"",EAST]]",59,151,0.008983152841195215,0.008983152841195215,"(0.008983152841195215, 0.0, 89.22965717159208, 0.0, -0.008983152841195215, 23.014837579142142, 0.0, 0.0, 1.0)","(89.22965717159208, 21.658381500121664, 89.7596631892226, 23.014837579142142)",-9999.0,4589,4320
CCS,2020_04.tif,E:\Geospatial\Precipitation Downscaling\Precipitation-Downscaling-Khulna\data\processed\rasters_aligned\monthly\CCS\2020_04.tif,"GEOGCS[""WGS 84"",DATUM[""World Geodetic System 1984"",SPHEROID[""WGS 84"",6378137,298.257223563]],PRIMEM[""Greenwich"",0],UNIT[""degree"",0.0174532925199433,AUTHORITY[""EPSG"",""9122""]],AXIS[""Latitude"",NORTH],AXIS[""Longitude"",EAST]]",59,151,0.008983152841195215,0.008983152841195215,"(0.008983152841195215, 0.0, 89.22965717159208, 0.0, -0.008983152841195215, 23.014837579142142, 0.0, 0.0, 1.0)","(89.22965717159208, 21.658381500121664, 89.7596631892226, 23.014837579142142)",-9999.0,4589,4320
CCS,2020_05.tif,E:\Geospatial\Precipitation Downscaling\Precipitation-Downscaling-Khulna\data\processed\rasters_aligned\monthly\CCS\2020_05.tif,"GEOGCS[""WGS 84"",DATUM[""World Geodetic System 1984"",SPHEROID[""WGS 84"",6378137,298.257223563]],PRIMEM[""Greenwich"",0],UNIT[""degree"",0.0174532925199433,AUTHORITY[""EPSG"",""9122""]],AXIS[""Latitude"",NORTH],AXIS[""Longitude"",EAST]]",59,151,0.008983152841195215,0.008983152841195215,"(0.008983152841195215, 0.0, 89.22965717159208, 0.0, -0.008983152841195215, 23.014837579142142, 0.0, 0.0, 1.0)","(89.22965717159208, 21.658381500121664, 89.7596631892226, 23.014837579142142)",-9999.0,4589,4320
CCS,2020_06.tif,E:\Geospatial\Precipitation Downscaling\Precipitation-Downscaling-Khulna\data\processed\rasters_aligned\monthly\CCS\2020_06.tif,"GEOGCS[""WGS 84"",DATUM[""World Geodetic System 1984"",SPHEROID[""WGS 84"",6378137,298.257223563]],PRIMEM[""Greenwich"",0],UNIT[""degree"",0.0174532925199433,AUTHORITY[""EPSG"",""9122""]],AXIS[""Latitude"",NORTH],AXIS[""Longitude"",EAST]]",59,151,0.008983152841195215,0.008983152841195215,"(0.008983152841195215, 0.0, 89.22965717159208, 0.0, -0.008983152841195215, 23.014837579142142, 0.0, 0.0, 1.0)","(89.22965717159208, 21.658381500121664, 89.7596631892226, 23.014837579142142)",-9999.0,4589,4320
CCS,2020_07.tif,E:\Geospatial\Precipitation Downscaling\Precipitation-Downscaling-Khulna\data\processed\rasters_aligned\monthly\CCS\2020_07.tif,"GEOGCS[""WGS 84"",DATUM[""World Geodetic System 1984"",SPHEROID[""WGS 84"",6378137,298.257223563]],PRIMEM[""Greenwich"",0],UNIT[""degree"",0.0174532925199433,AUTHORITY[""EPSG"",""9122""]],AXIS[""Latitude"",NORTH],AXIS[""Longitude"",EAST]]",59,151,0.008983152841195215,0.008983152841195215,"(0.008983152841195215, 0.0, 89.22965717159208, 0.0, -0.008983152841195215, 23.014837579142142, 0.0, 0.0, 1.0)","(89.22965717159208, 21.658381500121664, 89.7596631892226, 23.014837579142142)",-9999.0,4589,4320
CCS,2020_08.tif,E:\Geospatial\Precipitation Downscaling\Precipitation-Downscaling-Khulna\data\processed\rasters_aligned\monthly\CCS\2020_08.tif,"GEOGCS[""WGS 84"",DATUM[""World Geodetic System 1984"",SPHEROID[""WGS 84"",6378137,298.257223563]],PRIMEM[""Greenwich"",0],UNIT[""degree"",0.0174532925199433,AUTHORITY[""EPSG"",""9122""]],AXIS[""Latitude"",NORTH],AXIS[""Longitude"",EAST]]",59,151,0.008983152841195215,0.008983152841195215,"(0.008983152841195215, 0.0, 89.22965717159208, 0.0, -0.008983152841195215, 23.014837579142142, 0.0, 0.0, 1.0)","(89.22965717159208, 21.658381500121664, 89.7596631892226, 23.014837579142142)",-9999.0,4589,4320
CCS,2020_09.tif,E:\Geospatial\Precipitation Downscaling\Precipitation-Downscaling-Khulna\data\processed\rasters_aligned\monthly\CCS\2020_09.tif,"GEOGCS[""WGS 84"",DATUM[""World Geodetic System 1984"",SPHEROID[""WGS 84"",6378137,298.257223563]],PRIMEM[""Greenwich"",0],UNIT[""degree"",0.0174532925199433,AUTHORITY[""EPSG"",""9122""]],AXIS[""Latitude"",NORTH],AXIS[""Longitude"",EAST]]",59,151,0.008983152841195215,0.008983152841195215,"(0.008983152841195215, 0.0, 89.22965717159208, 0.0, -0.008983152841195215, 23.014837579142142, 0.0, 0.0, 1.0)","(89.22965717159208, 21.658381500121664, 89.7596631892226, 23.014837579142142)",-9999.0,4589,4320
CCS,2020_10.tif,E:\Geospatial\Precipitation Downscaling\Precipitation-Downscaling-Khulna\data\processed\rasters_aligned\monthly\CCS\2020_10.tif,"GEOGCS[""WGS 84"",DATUM[""World Geodetic System 1984"",SPHEROID[""WGS 84"",6378137,298.257223563]],PRIMEM[""Greenwich"",0],UNIT[""degree"",0.0174532925199433,AUTHORITY[""EPSG"",""9122""]],AXIS[""Latitude"",NORTH],AXIS[""Longitude"",EAST]]",59,151,0.008983152841195215,0.008983152841195215,"(0.008983152841195215, 0.0, 89.22965717159208, 0.0, -0.008983152841195215, 23.014837579142142, 0.0, 0.0, 1.0)","(89.22965717159208, 21.658381500121664, 89.7596631892226, 23.014837579142142)",-9999.0,4589,4320
CCS,2020_11.tif,E:\Geospatial\Precipitation Downscaling\Precipitation-Downscaling-Khulna\data\processed\rasters_aligned\monthly\CCS\2020_11.tif,"GEOGCS[""WGS 84"",DATUM[""World Geodetic System 1984"",SPHEROID[""WGS 84"",6378137,298.257223563]],PRIMEM[""Greenwich"",0],UNIT[""degree"",0.0174532925199433,AUTHORITY[""EPSG"",""9122""]],AXIS[""Latitude"",NORTH],AXIS[""Longitude"",EAST]]",59,151,0.008983152841195215,0.008983152841195215,"(0.008983152841195215, 0.0, 89.22965717159208, 0.0, -0.008983152841195215, 23.014837579142142, 0.0, 0.0, 1.0)","(89.22965717159208, 21.658381500121664, 89.7596631892226, 23.014837579142142)",-9999.0,4589,4320
CCS,2020_12.tif,E:\Geospatial\Precipitation Downscaling\Precipitation-Downscaling-Khulna\data\processed\rasters_aligned\monthly\CCS\2020_12.tif,"GEOGCS[""WGS 84"",DATUM[""World Geodetic System 1984"",SPHEROID[""WGS 84"",6378137,298.257223563]],PRIMEM[""Greenwich"",0],UNIT[""degree"",0.0174532925199433,AUTHORITY[""EPSG"",""9122""]],AXIS[""Latitude"",NORTH],AXIS[""Longitude"",EAST]]",59,151,0.008983152841195215,0.008983152841195215,"(0.008983152841195215, 0.0, 89.22965717159208, 0.0, -0.008983152841195215, 23.014837579142142, 0.0, 0.0, 1.0)","(89.22965717159208, 21.658381500121664, 89.7596631892226, 23.014837579142142)",-9999.0,4589,4320
CCS,2021_01.tif,E:\Geospatial\Precipitation Downscaling\Precipitation-Downscaling-Khulna\data\processed\rasters_aligned\monthly\CCS\2021_01.tif,"GEOGCS[""WGS 84"",DATUM[""World Geodetic System 1984"",SPHEROID[""WGS 84"",6378137,298.257223563]],PRIMEM[""Greenwich"",0],UNIT[""degree"",0.0174532925199433,AUTHORITY[""EPSG"",""9122""]],AXIS[""Latitude"",NORTH],AXIS[""Longitude"",EAST]]",59,151,0.008983152841195215,0.008983152841195215,"(0.008983152841195215, 0.0, 89.22965717159208, 0.0, -0.008983152841195215, 23.014837579142142, 0.0, 0.0, 1.0)","(89.22965717159208, 21.658381500121664, 89.7596631892226, 23.014837579142142)",-9999.0,4589,4320
CCS,2021_02.tif,E:\Geospatial\Precipitation Downscaling\Precipitation-Downscaling-Khulna\data\processed\rasters_aligned\monthly\CCS\2021_02.tif,"GEOGCS[""WGS 84"",DATUM[""World Geodetic System 1984"",SPHEROID[""WGS 84"",6378137,298.257223563]],PRIMEM[""Greenwich"",0],UNIT[""degree"",0.0174532925199433,AUTHORITY[""EPSG"",""9122""]],AXIS[""Latitude"",NORTH],AXIS[""Longitude"",EAST]]",59,151,0.008983152841195215,0.008983152841195215,"(0.008983152841195215, 0.0, 89.22965717159208, 0.0, -0.008983152841195215, 23.014837579142142, 0.0, 0.0, 1.0)","(89.22965717159208, 21.658381500121664, 89.7596631892226, 23.014837579142142)",-9999.0,4589,4320
CCS,2021_03.tif,E:\Geospatial\Precipitation Downscaling\Precipitation-Downscaling-Khulna\data\processed\rasters_aligned\monthly\CCS\2021_03.tif,"GEOGCS[""WGS 84"",DATUM[""World Geodetic System 1984"",SPHEROID[""WGS 84"",6378137,298.257223563]],PRIMEM[""Greenwich"",0],UNIT[""degree"",0.0174532925199433,AUTHORITY[""EPSG"",""9122""]],AXIS[""Latitude"",NORTH],AXIS[""Longitude"",EAST]]",59,151,0.008983152841195215,0.008983152841195215,"(0.008983152841195215, 0.0, 89.22965717159208, 0.0, -0.008983152841195215, 23.014837579142142, 0.0, 0.0, 1.0)","(89.22965717159208, 21.658381500121664, 89.7596631892226, 23.014837579142142)",-9999.0,4589,4320
CCS,2021_04.tif,E:\Geospatial\Precipitation Downscaling\Precipitation-Downscaling-Khulna\data\processed\rasters_aligned\monthly\CCS\2021_04.tif,"GEOGCS[""WGS 84"",DATUM[""World Geodetic System 1984"",SPHEROID[""WGS 84"",6378137,298.257223563]],PRIMEM[""Greenwich"",0],UNIT[""degree"",0.0174532925199433,AUTHORITY[""EPSG"",""9122""]],AXIS[""Latitude"",NORTH],AXIS[""Longitude"",EAST]]",59,151,0.008983152841195215,0.008983152841195215,"(0.008983152841195215, 0.0, 89.22965717159208, 0.0, -0.008983152841195215, 23.014837579142142, 0.0, 0.0, 1.0)","(89.22965717159208, 21.658381500121664, 89.7596631892226, 23.014837579142142)",-9999.0,4589,4320
CCS,2021_05.tif,E:\Geospatial\Precipitation Downscaling\Precipitation-Downscaling-Khulna\data\processed\rasters_aligned\monthly\CCS\2021_05.tif,"GEOGCS[""WGS 84"",DATUM[""World Geodetic System 1984"",SPHEROID[""WGS 84"",6378137,298.257223563]],PRIMEM[""Greenwich"",0],UNIT[""degree"",0.0174532925199433,AUTHORITY[""EPSG"",""9122""]],AXIS[""Latitude"",NORTH],AXIS[""Longitude"",EAST]]",59,151,0.008983152841195215,0.008983152841195215,"(0.008983152841195215, 0.0, 89.22965717159208, 0.0, -0.008983152841195215, 23.014837579142142, 0.0, 0.0, 1.0)","(89.22965717159208, 21.658381500121664, 89.7596631892226, 23.014837579142142)",-9999.0,4589,4320
CCS,2021_06.tif,E:\Geospatial\Precipitation Downscaling\Precipitation-Downscaling-Khulna\data\processed\rasters_aligned\monthly\CCS\2021_06.tif,"GEOGCS[""WGS 84"",DATUM[""World Geodetic System 1984"",SPHEROID[""WGS 84"",6378137,298.257223563]],PRIMEM[""Greenwich"",0],UNIT[""degree"",0.0174532925199433,AUTHORITY[""EPSG"",""9122""]],AXIS[""Latitude"",NORTH],AXIS[""Longitude"",EAST]]",59,151,0.008983152841195215,0.008983152841195215,"(0.008983152841195215, 0.0, 89.22965717159208, 0.0, -0.008983152841195215, 23.014837579142142, 0.0, 0.0, 1.0)","(89.22965717159208, 21.658381500121664, 89.7596631892226, 23.014837579142142)",-9999.0,4589,4320
CCS,2021_07.tif,E:\Geospatial\Precipitation Downscaling\Precipitation-Downscaling-Khulna\data\processed\rasters_aligned\monthly\CCS\2021_07.tif,"GEOGCS[""WGS 84"",DATUM[""World Geodetic System 1984"",SPHEROID[""WGS 84"",6378137,298.257223563]],PRIMEM[""Greenwich"",0],UNIT[""degree"",0.0174532925199433,AUTHORITY[""EPSG"",""9122""]],AXIS[""Latitude"",NORTH],AXIS[""Longitude"",EAST]]",59,151,0.008983152841195215,0.008983152841195215,"(0.008983152841195215, 0.0, 89.22965717159208, 0.0, -0.008983152841195215, 23.014837579142142, 0.0, 0.0, 1.0)","(89.22965717159208, 21.658381500121664, 89.7596631892226, 23.014837579142142)",-9999.0,4589,4320
CCS,2021_08.tif,E:\Geospatial\Precipitation Downscaling\Precipitation-Downscaling-Khulna\data\processed\rasters_aligned\monthly\CCS\2021_08.tif,"GEOGCS[""WGS 84"",DATUM[""World Geodetic System 1984"",SPHEROID[""WGS 84"",6378137,298.257223563]],PRIMEM[""Greenwich"",0],UNIT[""degree"",0.0174532925199433,AUTHORITY[""EPSG"",""9122""]],AXIS[""Latitude"",NORTH],AXIS[""Longitude"",EAST]]",59,151,0.008983152841195215,0.008983152841195215,"(0.008983152841195215, 0.0, 89.22965717159208, 0.0, -0.008983152841195215, 23.014837579142142, 0.0, 0.0, 1.0)","(89.22965717159208, 21.658381500121664, 89.7596631892226, 23.014837579142142)",-9999.0,4589,4320
CCS,2021_09.tif,E:\Geospatial\Precipitation Downscaling\Precipitation-Downscaling-Khulna\data\processed\rasters_aligned\monthly\CCS\2021_09.tif,"GEOGCS[""WGS 84"",DATUM[""World Geodetic System 1984"",SPHEROID[""WGS 84"",6378137,298.257223563]],PRIMEM[""Greenwich"",0],UNIT[""degree"",0.0174532925199433,AUTHORITY[""EPSG"",""9122""]],AXIS[""Latitude"",NORTH],AXIS[""Longitude"",EAST]]",59,151,0.008983152841195215,0.008983152841195215,"(0.008983152841195215, 0.0, 89.22965717159208, 0.0, -0.008983152841195215, 23.014837579142142, 0.0, 0.0, 1.0)","(89.22965717159208, 21.658381500121664, 89.7596631892226, 23.014837579142142)",-9999.0,4589,4320
CCS,2021_10.tif,E:\Geospatial\Precipitation Downscaling\Precipitation-Downscaling-Khulna\data\processed\rasters_aligned\monthly\CCS\2021_10.tif,"GEOGCS[""WGS 84"",DATUM[""World Geodetic System 1984"",SPHEROID[""WGS 84"",6378137,298.257223563]],PRIMEM[""Greenwich"",0],UNIT[""degree"",0.0174532925199433,AUTHORITY[""EPSG"",""9122""]],AXIS[""Latitude"",NORTH],AXIS[""Longitude"",EAST]]",59,151,0.008983152841195215,0.008983152841195215,"(0.008983152841195215, 0.0, 89.22965717159208, 0.0, -0.008983152841195215, 23.014837579142142, 0.0, 0.0, 1.0)","(89.22965717159208, 21.658381500121664, 89.7596631892226, 23.014837579142142)",-9999.0,4589,4320
CCS,2021_11.tif,E:\Geospatial\Precipitation Downscaling\Precipitation-Downscaling-Khulna\data\processed\rasters_aligned\monthly\CCS\2021_11.tif,"GEOGCS[""WGS 84"",DATUM[""World Geodetic System 1984"",SPHEROID[""WGS 84"",6378137,298.257223563]],PRIMEM[""Greenwich"",0],UNIT[""degree"",0.0174532925199433,AUTHORITY[""EPSG"",""9122""]],AXIS[""Latitude"",NORTH],AXIS[""Longitude"",EAST]]",59,151,0.008983152841195215,0.008983152841195215,"(0.008983152841195215, 0.0, 89.22965717159208, 0.0, -0.008983152841195215, 23.014837579142142, 0.0, 0.0, 1.0)","(89.22965717159208, 21.658381500121664, 89.7596631892226, 23.014837579142142)",-9999.0,4589,4320
CCS,2021_12.tif,E:\Geospatial\Precipitation Downscaling\Precipitation-Downscaling-Khulna\data\processed\rasters_aligned\monthly\CCS\2021_12.tif,"GEOGCS[""WGS 84"",DATUM[""World Geodetic System 1984"",SPHEROID[""WGS 84"",6378137,298.257223563]],PRIMEM[""Greenwich"",0],UNIT[""degree"",0.0174532925199433,AUTHORITY[""EPSG"",""9122""]],AXIS[""Latitude"",NORTH],AXIS[""Longitude"",EAST]]",59,151,0.008983152841195215,0.008983152841195215,"(0.008983152841195215, 0.0, 89.22965717159208, 0.0, -0.008983152841195215, 23.014837579142142, 0.0, 0.0, 1.0)","(89.22965717159208, 21.658381500121664, 89.7596631892226, 23.014837579142142)",-9999.0,4589,4320
CCS,2022_01.tif,E:\Geospatial\Precipitation Downscaling\Precipitation-Downscaling-Khulna\data\processed\rasters_aligned\monthly\CCS\2022_01.tif,"GEOGCS[""WGS 84"",DATUM[""World Geodetic System 1984"",SPHEROID[""WGS 84"",6378137,298.257223563]],PRIMEM[""Greenwich"",0],UNIT[""degree"",0.0174532925199433,AUTHORITY[""EPSG"",""9122""]],AXIS[""Latitude"",NORTH],AXIS[""Longitude"",EAST]]",59,151,0.008983152841195215,0.008983152841195215,"(0.008983152841195215, 0.0, 89.22965717159208, 0.0, -0.008983152841195215, 23.014837579142142, 0.0, 0.0, 1.0)","(89.22965717159208, 21.658381500121664, 89.7596631892226, 23.014837579142142)",-9999.0,4589,4320
CCS,2022_02.tif,E:\Geospatial\Precipitation Downscaling\Precipitation-Downscaling-Khulna\data\processed\rasters_aligned\monthly\CCS\2022_02.tif,"GEOGCS[""WGS 84"",DATUM[""World Geodetic System 1984"",SPHEROID[""WGS 84"",6378137,298.257223563]],PRIMEM[""Greenwich"",0],UNIT[""degree"",0.0174532925199433,AUTHORITY[""EPSG"",""9122""]],AXIS[""Latitude"",NORTH],AXIS[""Longitude"",EAST]]",59,151,0.008983152841195215,0.008983152841195215,"(0.008983152841195215, 0.0, 89.22965717159208, 0.0, -0.008983152841195215, 23.014837579142142, 0.0, 0.0, 1.0)","(89.22965717159208, 21.658381500121664, 89.7596631892226, 23.014837579142142)",-9999.0,4589,4320
CCS,2022_03.tif,E:\Geospatial\Precipitation Downscaling\Precipitation-Downscaling-Khulna\data\processed\rasters_aligned\monthly\CCS\2022_03.tif,"GEOGCS[""WGS 84"",DATUM[""World Geodetic System 1984"",SPHEROID[""WGS 84"",6378137,298.257223563]],PRIMEM[""Greenwich"",0],UNIT[""degree"",0.0174532925199433,AUTHORITY[""EPSG"",""9122""]],AXIS[""Latitude"",NORTH],AXIS[""Longitude"",EAST]]",59,151,0.008983152841195215,0.008983152841195215,"(0.008983152841195215, 0.0, 89.22965717159208, 0.0, -0.008983152841195215, 23.014837579142142, 0.0, 0.0, 1.0)","(89.22965717159208, 21.658381500121664, 89.7596631892226, 23.014837579142142)",-9999.0,4589,4320
CCS,2022_04.tif,E:\Geospatial\Precipitation Downscaling\Precipitation-Downscaling-Khulna\data\processed\rasters_aligned\monthly\CCS\2022_04.tif,"GEOGCS[""WGS 84"",DATUM[""World Geodetic System 1984"",SPHEROID[""WGS 84"",6378137,298.257223563]],PRIMEM[""Greenwich"",0],UNIT[""degree"",0.0174532925199433,AUTHORITY[""EPSG"",""9122""]],AXIS[""Latitude"",NORTH],AXIS[""Longitude"",EAST]]",59,151,0.008983152841195215,0.008983152841195215,"(0.008983152841195215, 0.0, 89.22965717159208, 0.0, -0.008983152841195215, 23.014837579142142, 0.0, 0.0, 1.0)","(89.22965717159208, 21.658381500121664, 89.7596631892226, 23.014837579142142)",-9999.0,4589,4320
CCS,2022_05.tif,E:\Geospatial\Precipitation Downscaling\Precipitation-Downscaling-Khulna\data\processed\rasters_aligned\monthly\CCS\2022_05.tif,"GEOGCS[""WGS 84"",DATUM[""World Geodetic System 1984"",SPHEROID[""WGS 84"",6378137,298.257223563]],PRIMEM[""Greenwich"",0],UNIT[""degree"",0.0174532925199433,AUTHORITY[""EPSG"",""9122""]],AXIS[""Latitude"",NORTH],AXIS[""Longitude"",EAST]]",59,151,0.008983152841195215,0.008983152841195215,"(0.008983152841195215, 0.0, 89.22965717159208, 0.0, -0.008983152841195215, 23.014837579142142, 0.0, 0.0, 1.0)","(89.22965717159208, 21.658381500121664, 89.7596631892226, 23.014837579142142)",-9999.0,4589,4320
CCS,2022_06.tif,E:\Geospatial\Precipitation Downscaling\Precipitation-Downscaling-Khulna\data\processed\rasters_aligned\monthly\CCS\2022_06.tif,"GEOGCS[""WGS 84"",DATUM[""World Geodetic System 1984"",SPHEROID[""WGS 84"",6378137,298.257223563]],PRIMEM[""Greenwich"",0],UNIT[""degree"",0.0174532925199433,AUTHORITY[""EPSG"",""9122""]],AXIS[""Latitude"",NORTH],AXIS[""Longitude"",EAST]]",59,151,0.008983152841195215,0.008983152841195215,"(0.008983152841195215, 0.0, 89.22965717159208, 0.0, -0.008983152841195215, 23.014837579142142, 0.0, 0.0, 1.0)","(89.22965717159208, 21.658381500121664, 89.7596631892226, 23.014837579142142)",-9999.0,4589,4320
CCS,2022_07.tif,E:\Geospatial\Precipitation Downscaling\Precipitation-Downscaling-Khulna\data\processed\rasters_aligned\monthly\CCS\2022_07.tif,"GEOGCS[""WGS 84"",DATUM[""World Geodetic System 1984"",SPHEROID[""WGS 84"",6378137,298.257223563]],PRIMEM[""Greenwich"",0],UNIT[""degree"",0.0174532925199433,AUTHORITY[""EPSG"",""9122""]],AXIS[""Latitude"",NORTH],AXIS[""Longitude"",EAST]]",59,151,0.008983152841195215,0.008983152841195215,"(0.008983152841195215, 0.0, 89.22965717159208, 0.0, -0.008983152841195215, 23.014837579142142, 0.0, 0.0, 1.0)","(89.22965717159208, 21.658381500121664, 89.7596631892226, 23.014837579142142)",-9999.0,4589,4320
CCS,2022_08.tif,E:\Geospatial\Precipitation Downscaling\Precipitation-Downscaling-Khulna\data\processed\rasters_aligned\monthly\CCS\2022_08.tif,"GEOGCS[""WGS 84"",DATUM[""World Geodetic System 1984"",SPHEROID[""WGS 84"",6378137,298.257223563]],PRIMEM[""Greenwich"",0],UNIT[""degree"",0.0174532925199433,AUTHORITY[""EPSG"",""9122""]],AXIS[""Latitude"",NORTH],AXIS[""Longitude"",EAST]]",59,151,0.008983152841195215,0.008983152841195215,"(0.008983152841195215, 0.0, 89.22965717159208, 0.0, -0.008983152841195215, 23.014837579142142, 0.0, 0.0, 1.0)","(89.22965717159208, 21.658381500121664, 89.7596631892226, 23.014837579142142)",-9999.0,4589,4320
CCS,2022_09.tif,E:\Geospatial\Precipitation Downscaling\Precipitation-Downscaling-Khulna\data\processed\rasters_aligned\monthly\CCS\2022_09.tif,"GEOGCS[""WGS 84"",DATUM[""World Geodetic System 1984"",SPHEROID[""WGS 84"",6378137,298.257223563]],PRIMEM[""Greenwich"",0],UNIT[""degree"",0.0174532925199433,AUTHORITY[""EPSG"",""9122""]],AXIS[""Latitude"",NORTH],AXIS[""Longitude"",EAST]]",59,151,0.008983152841195215,0.008983152841195215,"(0.008983152841195215, 0.0, 89.22965717159208, 0.0, -0.008983152841195215, 23.014837579142142, 0.0, 0.0, 1.0)","(89.22965717159208, 21.658381500121664, 89.7596631892226, 23.014837579142142)",-9999.0,4589,4320
CCS,2022_10.tif,E:\Geospatial\Precipitation Downscaling\Precipitation-Downscaling-Khulna\data\processed\rasters_aligned\monthly\CCS\2022_10.tif,"GEOGCS[""WGS 84"",DATUM[""World Geodetic System 1984"",SPHEROID[""WGS 84"",6378137,298.257223563]],PRIMEM[""Greenwich"",0],UNIT[""degree"",0.0174532925199433,AUTHORITY[""EPSG"",""9122""]],AXIS[""Latitude"",NORTH],AXIS[""Longitude"",EAST]]",59,151,0.008983152841195215,0.008983152841195215,"(0.008983152841195215, 0.0, 89.22965717159208, 0.0, -0.008983152841195215, 23.014837579142142, 0.0, 0.0, 1.0)","(89.22965717159208, 21.658381500121664, 89.7596631892226, 23.014837579142142)",-9999.0,4589,4320
CCS,2022_11.tif,E:\Geospatial\Precipitation Downscaling\Precipitation-Downscaling-Khulna\data\processed\rasters_aligned\monthly\CCS\2022_11.tif,"GEOGCS[""WGS 84"",DATUM[""World Geodetic System 1984"",SPHEROID[""WGS 84"",6378137,298.257223563]],PRIMEM[""Greenwich"",0],UNIT[""degree"",0.0174532925199433,AUTHORITY[""EPSG"",""9122""]],AXIS[""Latitude"",NORTH],AXIS[""Longitude"",EAST]]",59,151,0.008983152841195215,0.008983152841195215,"(0.008983152841195215, 0.0, 89.22965717159208, 0.0, -0.008983152841195215, 23.014837579142142, 0.0, 0.0, 1.0)","(89.22965717159208, 21.658381500121664, 89.7596631892226, 23.014837579142142)",-9999.0,4589,4320
CCS,2022_12.tif,E:\Geospatial\Precipitation Downscaling\Precipitation-Downscaling-Khulna\data\processed\rasters_aligned\monthly\CCS\2022_12.tif,"GEOGCS[""WGS 84"",DATUM[""World Geodetic System 1984"",SPHEROID[""WGS 84"",6378137,298.257223563]],PRIMEM[""Greenwich"",0],UNIT[""degree"",0.0174532925199433,AUTHORITY[""EPSG"",""9122""]],AXIS[""Latitude"",NORTH],AXIS[""Longitude"",EAST]]",59,151,0.008983152841195215,0.008983152841195215,"(0.008983152841195215, 0.0, 89.22965717159208, 0.0, -0.008983152841195215, 23.014837579142142, 0.0, 0.0, 1.0)","(89.22965717159208, 21.658381500121664, 89.7596631892226, 23.014837579142142)",-9999.0,4589,4320
CDR,2017_01.tif,E:\Geospatial\Precipitation Downscaling\Precipitation-Downscaling-Khulna\data\processed\rasters_aligned\monthly\CDR\2017_01.tif,"GEOGCS[""WGS 84"",DATUM[""World Geodetic System 1984"",SPHEROID[""WGS 84"",6378137,298.257223563]],PRIMEM[""Greenwich"",0],UNIT[""degree"",0.0174532925199433,AUTHORITY[""EPSG"",""9122""]],AXIS[""Latitude"",NORTH],AXIS[""Longitude"",EAST]]",59,151,0.008983152841195215,0.008983152841195215,"(0.008983152841195215, 0.0, 89.22965717159208, 0.0, -0.008983152841195215, 23.014837579142142, 0.0, 0.0, 1.0)","(89.22965717159208, 21.658381500121664, 89.7596631892226, 23.014837579142142)",-9999.0,3576,5333
CDR,2017_02.tif,E:\Geospatial\Precipitation Downscaling\Precipitation-Downscaling-Khulna\data\processed\rasters_aligned\monthly\CDR\2017_02.tif,"GEOGCS[""WGS 84"",DATUM[""World Geodetic System 1984"",SPHEROID[""WGS 84"",6378137,298.257223563]],PRIMEM[""Greenwich"",0],UNIT[""degree"",0.0174532925199433,AUTHORITY[""EPSG"",""9122""]],AXIS[""Latitude"",NORTH],AXIS[""Longitude"",EAST]]",59,151,0.008983152841195215,0.008983152841195215,"(0.008983152841195215, 0.0, 89.22965717159208, 0.0, -0.008983152841195215, 23.014837579142142, 0.0, 0.0, 1.0)","(89.22965717159208, 21.658381500121664, 89.7596631892226, 23.014837579142142)",-9999.0,3576,5333
CDR,2017_03.tif,E:\Geospatial\Precipitation Downscaling\Precipitation-Downscaling-Khulna\data\processed\rasters_aligned\monthly\CDR\2017_03.tif,"GEOGCS[""WGS 84"",DATUM[""World Geodetic System 1984"",SPHEROID[""WGS 84"",6378137,298.257223563]],PRIMEM[""Greenwich"",0],UNIT[""degree"",0.0174532925199433,AUTHORITY[""EPSG"",""9122""]],AXIS[""Latitude"",NORTH],AXIS[""Longitude"",EAST]]",59,151,0.008983152841195215,0.008983152841195215,"(0.008983152841195215, 0.0, 89.22965717159208, 0.0, -0.008983152841195215, 23.014837579142142, 0.0, 0.0, 1.0)","(89.22965717159208, 21.658381500121664, 89.7596631892226, 23.014837579142142)",-9999.0,3576,5333
CDR,2017_04.tif,E:\Geospatial\Precipitation Downscaling\Precipitation-Downscaling-Khulna\data\processed\rasters_aligned\monthly\CDR\2017_04.tif,"GEOGCS[""WGS 84"",DATUM[""World Geodetic System 1984"",SPHEROID[""WGS 84"",6378137,298.257223563]],PRIMEM[""Greenwich"",0],UNIT[""degree"",0.0174532925199433,AUTHORITY[""EPSG"",""9122""]],AXIS[""Latitude"",NORTH],AXIS[""Longitude"",EAST]]",59,151,0.008983152841195215,0.008983152841195215,"(0.008983152841195215, 0.0, 89.22965717159208, 0.0, -0.008983152841195215, 23.014837579142142, 0.0, 0.0, 1.0)","(89.22965717159208, 21.658381500121664, 89.7596631892226, 23.014837579142142)",-9999.0,3576,5333
CDR,2017_05.tif,E:\Geospatial\Precipitation Downscaling\Precipitation-Downscaling-Khulna\data\processed\rasters_aligned\monthly\CDR\2017_05.tif,"GEOGCS[""WGS 84"",DATUM[""World Geodetic System 1984"",SPHEROID[""WGS 84"",6378137,298.257223563]],PRIMEM[""Greenwich"",0],UNIT[""degree"",0.0174532925199433,AUTHORITY[""EPSG"",""9122""]],AXIS[""Latitude"",NORTH],AXIS[""Longitude"",EAST]]",59,151,0.008983152841195215,0.008983152841195215,"(0.008983152841195215, 0.0, 89.22965717159208, 0.0, -0.008983152841195215, 23.014837579142142, 0.0, 0.0, 1.0)","(89.22965717159208, 21.658381500121664, 89.7596631892226, 23.014837579142142)",-9999.0,3576,5333
CDR,2017_06.tif,E:\Geospatial\Precipitation Downscaling\Precipitation-Downscaling-Khulna\data\processed\rasters_aligned\monthly\CDR\2017_06.tif,"GEOGCS[""WGS 84"",DATUM[""World Geodetic System 1984"",SPHEROID[""WGS 84"",6378137,298.257223563]],PRIMEM[""Greenwich"",0],UNIT[""degree"",0.0174532925199433,AUTHORITY[""EPSG"",""9122""]],AXIS[""Latitude"",NORTH],AXIS[""Longitude"",EAST]]",59,151,0.008983152841195215,0.008983152841195215,"(0.008983152841195215, 0.0, 89.22965717159208, 0.0, -0.008983152841195215, 23.014837579142142, 0.0, 0.0, 1.0)","(89.22965717159208, 21.658381500121664, 89.7596631892226, 23.014837579142142)",-9999.0,3576,5333
CDR,2017_07.tif,E:\Geospatial\Precipitation Downscaling\Precipitation-Downscaling-Khulna\data\processed\rasters_aligned\monthly\CDR\2017_07.tif,"GEOGCS[""WGS 84"",DATUM[""World Geodetic System 1984"",SPHEROID[""WGS 84"",6378137,298.257223563]],PRIMEM[""Greenwich"",0],UNIT[""degree"",0.0174532925199433,AUTHORITY[""EPSG"",""9122""]],AXIS[""Latitude"",NORTH],AXIS[""Longitude"",EAST]]",59,151,0.008983152841195215,0.008983152841195215,"(0.008983152841195215, 0.0, 89.22965717159208, 0.0, -0.008983152841195215, 23.014837579142142, 0.0, 0.0, 1.0)","(89.22965717159208, 21.658381500121664, 89.7596631892226, 23.014837579142142)",-9999.0,3576,5333
CDR,2017_08.tif,E:\Geospatial\Precipitation Downscaling\Precipitation-Downscaling-Khulna\data\processed\rasters_aligned\monthly\CDR\2017_08.tif,"GEOGCS[""WGS 84"",DATUM[""World Geodetic System 1984"",SPHEROID[""WGS 84"",6378137,298.257223563]],PRIMEM[""Greenwich"",0],UNIT[""degree"",0.0174532925199433,AUTHORITY[""EPSG"",""9122""]],AXIS[""Latitude"",NORTH],AXIS[""Longitude"",EAST]]",59,151,0.008983152841195215,0.008983152841195215,"(0.008983152841195215, 0.0, 89.22965717159208, 0.0, -0.008983152841195215, 23.014837579142142, 0.0, 0.0, 1.0)","(89.22965717159208, 21.658381500121664, 89.7596631892226, 23.014837579142142)",-9999.0,3576,5333
CDR,2017_09.tif,E:\Geospatial\Precipitation Downscaling\Precipitation-Downscaling-Khulna\data\processed\rasters_aligned\monthly\CDR\2017_09.tif,"GEOGCS[""WGS 84"",DATUM[""World Geodetic System 1984"",SPHEROID[""WGS 84"",6378137,298.257223563]],PRIMEM[""Greenwich"",0],UNIT[""degree"",0.0174532925199433,AUTHORITY[""EPSG"",""9122""]],AXIS[""Latitude"",NORTH],AXIS[""Longitude"",EAST]]",59,151,0.008983152841195215,0.008983152841195215,"(0.008983152841195215, 0.0, 89.22965717159208, 0.0, -0.008983152841195215, 23.014837579142142, 0.0, 0.0, 1.0)","(89.22965717159208, 21.658381500121664, 89.7596631892226, 23.014837579142142)",-9999.0,3576,5333
CDR,2017_10.tif,E:\Geospatial\Precipitation Downscaling\Precipitation-Downscaling-Khulna\data\processed\rasters_aligned\monthly\CDR\2017_10.tif,"GEOGCS[""WGS 84"",DATUM[""World Geodetic System 1984"",SPHEROID[""WGS 84"",6378137,298.257223563]],PRIMEM[""Greenwich"",0],UNIT[""degree"",0.0174532925199433,AUTHORITY[""EPSG"",""9122""]],AXIS[""Latitude"",NORTH],AXIS[""Longitude"",EAST]]",59,151,0.008983152841195215,0.008983152841195215,"(0.008983152841195215, 0.0, 89.22965717159208, 0.0, -0.008983152841195215, 23.014837579142142, 0.0, 0.0, 1.0)","(89.22965717159208, 21.658381500121664, 89.7596631892226, 23.014837579142142)",-9999.0,3576,5333
CDR,2017_11.tif,E:\Geospatial\Precipitation Downscaling\Precipitation-Downscaling-Khulna\data\processed\rasters_aligned\monthly\CDR\2017_11.tif,"GEOGCS[""WGS 84"",DATUM[""World Geodetic System 1984"",SPHEROID[""WGS 84"",6378137,298.257223563]],PRIMEM[""Greenwich"",0],UNIT[""degree"",0.0174532925199433,AUTHORITY[""EPSG"",""9122""]],AXIS[""Latitude"",NORTH],AXIS[""Longitude"",EAST]]",59,151,0.008983152841195215,0.008983152841195215,"(0.008983152841195215, 0.0, 89.22965717159208, 0.0, -0.008983152841195215, 23.014837579142142, 0.0, 0.0, 1.0)","(89.22965717159208, 21.658381500121664, 89.7596631892226, 23.014837579142142)",-9999.0,3576,5333
CDR,2017_12.tif,E:\Geospatial\Precipitation Downscaling\Precipitation-Downscaling-Khulna\data\processed\rasters_aligned\monthly\CDR\2017_12.tif,"GEOGCS[""WGS 84"",DATUM[""World Geodetic System 1984"",SPHEROID[""WGS 84"",6378137,298.257223563]],PRIMEM[""Greenwich"",0],UNIT[""degree"",0.0174532925199433,AUTHORITY[""EPSG"",""9122""]],AXIS[""Latitude"",NORTH],AXIS[""Longitude"",EAST]]",59,151,0.008983152841195215,0.008983152841195215,"(0.008983152841195215, 0.0, 89.22965717159208, 0.0, -0.008983152841195215, 23.014837579142142, 0.0, 0.0, 1.0)","(89.22965717159208, 21.658381500121664, 89.7596631892226, 23.014837579142142)",-9999.0,3576,5333
CDR,2018_01.tif,E:\Geospatial\Precipitation Downscaling\Precipitation-Downscaling-Khulna\data\processed\rasters_aligned\monthly\CDR\2018_01.tif,"GEOGCS[""WGS 84"",DATUM[""World Geodetic System 1984"",SPHEROID[""WGS 84"",6378137,298.257223563]],PRIMEM[""Greenwich"",0],UNIT[""degree"",0.0174532925199433,AUTHORITY[""EPSG"",""9122""]],AXIS[""Latitude"",NORTH],AXIS[""Longitude"",EAST]]",59,151,0.008983152841195215,0.008983152841195215,"(0.008983152841195215, 0.0, 89.22965717159208, 0.0, -0.008983152841195215, 23.014837579142142, 0.0, 0.0, 1.0)","(89.22965717159208, 21.658381500121664, 89.7596631892226, 23.014837579142142)",-9999.0,3576,5333
CDR,2018_02.tif,E:\Geospatial\Precipitation Downscaling\Precipitation-Downscaling-Khulna\data\processed\rasters_aligned\monthly\CDR\2018_02.tif,"GEOGCS[""WGS 84"",DATUM[""World Geodetic System 1984"",SPHEROID[""WGS 84"",6378137,298.257223563]],PRIMEM[""Greenwich"",0],UNIT[""degree"",0.0174532925199433,AUTHORITY[""EPSG"",""9122""]],AXIS[""Latitude"",NORTH],AXIS[""Longitude"",EAST]]",59,151,0.008983152841195215,0.008983152841195215,"(0.008983152841195215, 0.0, 89.22965717159208, 0.0, -0.008983152841195215, 23.014837579142142, 0.0, 0.0, 1.0)","(89.22965717159208, 21.658381500121664, 89.7596631892226, 23.014837579142142)",-9999.0,3576,5333
CDR,2018_03.tif,E:\Geospatial\Precipitation Downscaling\Precipitation-Downscaling-Khulna\data\processed\rasters_aligned\monthly\CDR\2018_03.tif,"GEOGCS[""WGS 84"",DATUM[""World Geodetic System 1984"",SPHEROID[""WGS 84"",6378137,298.257223563]],PRIMEM[""Greenwich"",0],UNIT[""degree"",0.0174532925199433,AUTHORITY[""EPSG"",""9122""]],AXIS[""Latitude"",NORTH],AXIS[""Longitude"",EAST]]",59,151,0.008983152841195215,0.008983152841195215,"(0.008983152841195215, 0.0, 89.22965717159208, 0.0, -0.008983152841195215, 23.014837579142142, 0.0, 0.0, 1.0)","(89.22965717159208, 21.658381500121664, 89.7596631892226, 23.014837579142142)",-9999.0,3576,5333
CDR,2018_04.tif,E:\Geospatial\Precipitation Downscaling\Precipitation-Downscaling-Khulna\data\processed\rasters_aligned\monthly\CDR\2018_04.tif,"GEOGCS[""WGS 84"",DATUM[""World Geodetic System 1984"",SPHEROID[""WGS 84"",6378137,298.257223563]],PRIMEM[""Greenwich"",0],UNIT[""degree"",0.0174532925199433,AUTHORITY[""EPSG"",""9122""]],AXIS[""Latitude"",NORTH],AXIS[""Longitude"",EAST]]",59,151,0.008983152841195215,0.008983152841195215,"(0.008983152841195215, 0.0, 89.22965717159208, 0.0, -0.008983152841195215, 23.014837579142142, 0.0, 0.0, 1.0)","(89.22965717159208, 21.658381500121664, 89.7596631892226, 23.014837579142142)",-9999.0,3576,5333
CDR,2018_05.tif,E:\Geospatial\Precipitation Downscaling\Precipitation-Downscaling-Khulna\data\processed\rasters_aligned\monthly\CDR\2018_05.tif,"GEOGCS[""WGS 84"",DATUM[""World Geodetic System 1984"",SPHEROID[""WGS 84"",6378137,298.257223563]],PRIMEM[""Greenwich"",0],UNIT[""degree"",0.0174532925199433,AUTHORITY[""EPSG"",""9122""]],AXIS[""Latitude"",NORTH],AXIS[""Longitude"",EAST]]",59,151,0.008983152841195215,0.008983152841195215,"(0.008983152841195215, 0.0, 89.22965717159208, 0.0, -0.008983152841195215, 23.014837579142142, 0.0, 0.0, 1.0)","(89.22965717159208, 21.658381500121664, 89.7596631892226, 23.014837579142142)",-9999.0,3576,5333
CDR,2018_06.tif,E:\Geospatial\Precipitation Downscaling\Precipitation-Downscaling-Khulna\data\processed\rasters_aligned\monthly\CDR\2018_06.tif,"GEOGCS[""WGS 84"",DATUM[""World Geodetic System 1984"",SPHEROID[""WGS 84"",6378137,298.257223563]],PRIMEM[""Greenwich"",0],UNIT[""degree"",0.0174532925199433,AUTHORITY[""EPSG"",""9122""]],AXIS[""Latitude"",NORTH],AXIS[""Longitude"",EAST]]",59,151,0.008983152841195215,0.008983152841195215,"(0.008983152841195215, 0.0, 89.22965717159208, 0.0, -0.008983152841195215, 23.014837579142142, 0.0, 0.0, 1.0)","(89.22965717159208, 21.658381500121664, 89.7596631892226, 23.014837579142142)",-9999.0,3576,5333
CDR,2018_07.tif,E:\Geospatial\Precipitation Downscaling\Precipitation-Downscaling-Khulna\data\processed\rasters_aligned\monthly\CDR\2018_07.tif,"GEOGCS[""WGS 84"",DATUM[""World Geodetic System 1984"",SPHEROID[""WGS 84"",6378137,298.257223563]],PRIMEM[""Greenwich"",0],UNIT[""degree"",0.0174532925199433,AUTHORITY[""EPSG"",""9122""]],AXIS[""Latitude"",NORTH],AXIS[""Longitude"",EAST]]",59,151,0.008983152841195215,0.008983152841195215,"(0.008983152841195215, 0.0, 89.22965717159208, 0.0, -0.008983152841195215, 23.014837579142142, 0.0, 0.0, 1.0)","(89.22965717159208, 21.658381500121664, 89.7596631892226, 23.014837579142142)",-9999.0,3576,5333
CDR,2018_08.tif,E:\Geospatial\Precipitation Downscaling\Precipitation-Downscaling-Khulna\data\processed\rasters_aligned\monthly\CDR\2018_08.tif,"GEOGCS[""WGS 84"",DATUM[""World Geodetic System 1984"",SPHEROID[""WGS 84"",6378137,298.257223563]],PRIMEM[""Greenwich"",0],UNIT[""degree"",0.0174532925199433,AUTHORITY[""EPSG"",""9122""]],AXIS[""Latitude"",NORTH],AXIS[""Longitude"",EAST]]",59,151,0.008983152841195215,0.008983152841195215,"(0.008983152841195215, 0.0, 89.22965717159208, 0.0, -0.008983152841195215, 23.014837579142142, 0.0, 0.0, 1.0)","(89.22965717159208, 21.658381500121664, 89.7596631892226, 23.014837579142142)",-9999.0,3576,5333
CDR,2018_09.tif,E:\Geospatial\Precipitation Downscaling\Precipitation-Downscaling-Khulna\data\processed\rasters_aligned\monthly\CDR\2018_09.tif,"GEOGCS[""WGS 84"",DATUM[""World Geodetic System 1984"",SPHEROID[""WGS 84"",6378137,298.257223563]],PRIMEM[""Greenwich"",0],UNIT[""degree"",0.0174532925199433,AUTHORITY[""EPSG"",""9122""]],AXIS[""Latitude"",NORTH],AXIS[""Longitude"",EAST]]",59,151,0.008983152841195215,0.008983152841195215,"(0.008983152841195215, 0.0, 89.22965717159208, 0.0, -0.008983152841195215, 23.014837579142142, 0.0, 0.0, 1.0)","(89.22965717159208, 21.658381500121664, 89.7596631892226, 23.014837579142142)",-9999.0,3576,5333
CDR,2018_10.tif,E:\Geospatial\Precipitation Downscaling\Precipitation-Downscaling-Khulna\data\processed\rasters_aligned\monthly\CDR\2018_10.tif,"GEOGCS[""WGS 84"",DATUM[""World Geodetic System 1984"",SPHEROID[""WGS 84"",6378137,298.257223563]],PRIMEM[""Greenwich"",0],UNIT[""degree"",0.0174532925199433,AUTHORITY[""EPSG"",""9122""]],AXIS[""Latitude"",NORTH],AXIS[""Longitude"",EAST]]",59,151,0.008983152841195215,0.008983152841195215,"(0.008983152841195215, 0.0, 89.22965717159208, 0.0, -0.008983152841195215, 23.014837579142142, 0.0, 0.0, 1.0)","(89.22965717159208, 21.658381500121664, 89.7596631892226, 23.014837579142142)",-9999.0,3576,5333
CDR,2018_11.tif,E:\Geospatial\Precipitation Downscaling\Precipitation-Downscaling-Khulna\data\processed\rasters_aligned\monthly\CDR\2018_11.tif,"GEOGCS[""WGS 84"",DATUM[""World Geodetic System 1984"",SPHEROID[""WGS 84"",6378137,298.257223563]],PRIMEM[""Greenwich"",0],UNIT[""degree"",0.0174532925199433,AUTHORITY[""EPSG"",""9122""]],AXIS[""Latitude"",NORTH],AXIS[""Longitude"",EAST]]",59,151,0.008983152841195215,0.008983152841195215,"(0.008983152841195215, 0.0, 89.22965717159208, 0.0, -0.008983152841195215, 23.014837579142142, 0.0, 0.0, 1.0)","(89.22965717159208, 21.658381500121664, 89.7596631892226, 23.014837579142142)",-9999.0,3576,5333
CDR,2018_12.tif,E:\Geospatial\Precipitation Downscaling\Precipitation-Downscaling-Khulna\data\processed\rasters_aligned\monthly\CDR\2018_12.tif,"GEOGCS[""WGS 84"",DATUM[""World Geodetic System 1984"",SPHEROID[""WGS 84"",6378137,298.257223563]],PRIMEM[""Greenwich"",0],UNIT[""degree"",0.0174532925199433,AUTHORITY[""EPSG"",""9122""]],AXIS[""Latitude"",NORTH],AXIS[""Longitude"",EAST]]",59,151,0.008983152841195215,0.008983152841195215,"(0.008983152841195215, 0.0, 89.22965717159208, 0.0, -0.008983152841195215, 23.014837579142142, 0.0, 0.0, 1.0)","(89.22965717159208, 21.658381500121664, 89.7596631892226, 23.014837579142142)",-9999.0,3576,5333
CDR,2019_01.tif,E:\Geospatial\Precipitation Downscaling\Precipitation-Downscaling-Khulna\data\processed\rasters_aligned\monthly\CDR\2019_01.tif,"GEOGCS[""WGS 84"",DATUM[""World Geodetic System 1984"",SPHEROID[""WGS 84"",6378137,298.257223563]],PRIMEM[""Greenwich"",0],UNIT[""degree"",0.0174532925199433,AUTHORITY[""EPSG"",""9122""]],AXIS[""Latitude"",NORTH],AXIS[""Longitude"",EAST]]",59,151,0.008983152841195215,0.008983152841195215,"(0.008983152841195215, 0.0, 89.22965717159208, 0.0, -0.008983152841195215, 23.014837579142142, 0.0, 0.0, 1.0)","(89.22965717159208, 21.658381500121664, 89.7596631892226, 23.014837579142142)",-9999.0,3576,5333
CDR,2019_02.tif,E:\Geospatial\Precipitation Downscaling\Precipitation-Downscaling-Khulna\data\processed\rasters_aligned\monthly\CDR\2019_02.tif,"GEOGCS[""WGS 84"",DATUM[""World Geodetic System 1984"",SPHEROID[""WGS 84"",6378137,298.257223563]],PRIMEM[""Greenwich"",0],UNIT[""degree"",0.0174532925199433,AUTHORITY[""EPSG"",""9122""]],AXIS[""Latitude"",NORTH],AXIS[""Longitude"",EAST]]",59,151,0.008983152841195215,0.008983152841195215,"(0.008983152841195215, 0.0, 89.22965717159208, 0.0, -0.008983152841195215, 23.014837579142142, 0.0, 0.0, 1.0)","(89.22965717159208, 21.658381500121664, 89.7596631892226, 23.014837579142142)",-9999.0,3576,5333
CDR,2019_03.tif,E:\Geospatial\Precipitation Downscaling\Precipitation-Downscaling-Khulna\data\processed\rasters_aligned\monthly\CDR\2019_03.tif,"GEOGCS[""WGS 84"",DATUM[""World Geodetic System 1984"",SPHEROID[""WGS 84"",6378137,298.257223563]],PRIMEM[""Greenwich"",0],UNIT[""degree"",0.0174532925199433,AUTHORITY[""EPSG"",""9122""]],AXIS[""Latitude"",NORTH],AXIS[""Longitude"",EAST]]",59,151,0.008983152841195215,0.008983152841195215,"(0.008983152841195215, 0.0, 89.22965717159208, 0.0, -0.008983152841195215, 23.014837579142142, 0.0, 0.0, 1.0)","(89.22965717159208, 21.658381500121664, 89.7596631892226, 23.014837579142142)",-9999.0,3576,5333
CDR,2019_04.tif,E:\Geospatial\Precipitation Downscaling\Precipitation-Downscaling-Khulna\data\processed\rasters_aligned\monthly\CDR\2019_04.tif,"GEOGCS[""WGS 84"",DATUM[""World Geodetic System 1984"",SPHEROID[""WGS 84"",6378137,298.257223563]],PRIMEM[""Greenwich"",0],UNIT[""degree"",0.0174532925199433,AUTHORITY[""EPSG"",""9122""]],AXIS[""Latitude"",NORTH],AXIS[""Longitude"",EAST]]",59,151,0.008983152841195215,0.008983152841195215,"(0.008983152841195215, 0.0, 89.22965717159208, 0.0, -0.008983152841195215, 23.014837579142142, 0.0, 0.0, 1.0)","(89.22965717159208, 21.658381500121664, 89.7596631892226, 23.014837579142142)",-9999.0,3576,5333
CDR,2019_05.tif,E:\Geospatial\Precipitation Downscaling\Precipitation-Downscaling-Khulna\data\processed\rasters_aligned\monthly\CDR\2019_05.tif,"GEOGCS[""WGS 84"",DATUM[""World Geodetic System 1984"",SPHEROID[""WGS 84"",6378137,298.257223563]],PRIMEM[""Greenwich"",0],UNIT[""degree"",0.0174532925199433,AUTHORITY[""EPSG"",""9122""]],AXIS[""Latitude"",NORTH],AXIS[""Longitude"",EAST]]",59,151,0.008983152841195215,0.008983152841195215,"(0.008983152841195215, 0.0, 89.22965717159208, 0.0, -0.008983152841195215, 23.014837579142142, 0.0, 0.0, 1.0)","(89.22965717159208, 21.658381500121664, 89.7596631892226, 23.014837579142142)",-9999.0,3576,5333
CDR,2019_06.tif,E:\Geospatial\Precipitation Downscaling\Precipitation-Downscaling-Khulna\data\processed\rasters_aligned\monthly\CDR\2019_06.tif,"GEOGCS[""WGS 84"",DATUM[""World Geodetic System 1984"",SPHEROID[""WGS 84"",6378137,298.257223563]],PRIMEM[""Greenwich"",0],UNIT[""degree"",0.0174532925199433,AUTHORITY[""EPSG"",""9122""]],AXIS[""Latitude"",NORTH],AXIS[""Longitude"",EAST]]",59,151,0.008983152841195215,0.008983152841195215,"(0.008983152841195215, 0.0, 89.22965717159208, 0.0, -0.008983152841195215, 23.014837579142142, 0.0, 0.0, 1.0)","(89.22965717159208, 21.658381500121664, 89.7596631892226, 23.014837579142142)",-9999.0,3576,5333
CDR,2019_07.tif,E:\Geospatial\Precipitation Downscaling\Precipitation-Downscaling-Khulna\data\processed\rasters_aligned\monthly\CDR\2019_07.tif,"GEOGCS[""WGS 84"",DATUM[""World Geodetic System 1984"",SPHEROID[""WGS 84"",6378137,298.257223563]],PRIMEM[""Greenwich"",0],UNIT[""degree"",0.0174532925199433,AUTHORITY[""EPSG"",""9122""]],AXIS[""Latitude"",NORTH],AXIS[""Longitude"",EAST]]",59,151,0.008983152841195215,0.008983152841195215,"(0.008983152841195215, 0.0, 89.22965717159208, 0.0, -0.008983152841195215, 23.014837579142142, 0.0, 0.0, 1.0)","(89.22965717159208, 21.658381500121664, 89.7596631892226, 23.014837579142142)",-9999.0,3576,5333
CDR,2019_08.tif,E:\Geospatial\Precipitation Downscaling\Precipitation-Downscaling-Khulna\data\processed\rasters_aligned\monthly\CDR\2019_08.tif,"GEOGCS[""WGS 84"",DATUM[""World Geodetic System 1984"",SPHEROID[""WGS 84"",6378137,298.257223563]],PRIMEM[""Greenwich"",0],UNIT[""degree"",0.0174532925199433,AUTHORITY[""EPSG"",""9122""]],AXIS[""Latitude"",NORTH],AXIS[""Longitude"",EAST]]",59,151,0.008983152841195215,0.008983152841195215,"(0.008983152841195215, 0.0, 89.22965717159208, 0.0, -0.008983152841195215, 23.014837579142142, 0.0, 0.0, 1.0)","(89.22965717159208, 21.658381500121664, 89.7596631892226, 23.014837579142142)",-9999.0,3576,5333
CDR,2019_09.tif,E:\Geospatial\Precipitation Downscaling\Precipitation-Downscaling-Khulna\data\processed\rasters_aligned\monthly\CDR\2019_09.tif,"GEOGCS[""WGS 84"",DATUM[""World Geodetic System 1984"",SPHEROID[""WGS 84"",6378137,298.257223563]],PRIMEM[""Greenwich"",0],UNIT[""degree"",0.0174532925199433,AUTHORITY[""EPSG"",""9122""]],AXIS[""Latitude"",NORTH],AXIS[""Longitude"",EAST]]",59,151,0.008983152841195215,0.008983152841195215,"(0.008983152841195215, 0.0, 89.22965717159208, 0.0, -0.008983152841195215, 23.014837579142142, 0.0, 0.0, 1.0)","(89.22965717159208, 21.658381500121664, 89.7596631892226, 23.014837579142142)",-9999.0,3576,5333
CDR,2019_10.tif,E:\Geospatial\Precipitation Downscaling\Precipitation-Downscaling-Khulna\data\processed\rasters_aligned\monthly\CDR\2019_10.tif,"GEOGCS[""WGS 84"",DATUM[""World Geodetic System 1984"",SPHEROID[""WGS 84"",6378137,298.257223563]],PRIMEM[""Greenwich"",0],UNIT[""degree"",0.0174532925199433,AUTHORITY[""EPSG"",""9122""]],AXIS[""Latitude"",NORTH],AXIS[""Longitude"",EAST]]",59,151,0.008983152841195215,0.008983152841195215,"(0.008983152841195215, 0.0, 89.22965717159208, 0.0, -0.008983152841195215, 23.014837579142142, 0.0, 0.0, 1.0)","(89.22965717159208, 21.658381500121664, 89.7596631892226, 23.014837579142142)",-9999.0,3576,5333
CDR,2019_11.tif,E:\Geospatial\Precipitation Downscaling\Precipitation-Downscaling-Khulna\data\processed\rasters_aligned\monthly\CDR\2019_11.tif,"GEOGCS[""WGS 84"",DATUM[""World Geodetic System 1984"",SPHEROID[""WGS 84"",6378137,298.257223563]],PRIMEM[""Greenwich"",0],UNIT[""degree"",0.0174532925199433,AUTHORITY[""EPSG"",""9122""]],AXIS[""Latitude"",NORTH],AXIS[""Longitude"",EAST]]",59,151,0.008983152841195215,0.008983152841195215,"(0.008983152841195215, 0.0, 89.22965717159208, 0.0, -0.008983152841195215, 23.014837579142142, 0.0, 0.0, 1.0)","(89.22965717159208, 21.658381500121664, 89.7596631892226, 23.014837579142142)",-9999.0,3576,5333
CDR,2019_12.tif,E:\Geospatial\Precipitation Downscaling\Precipitation-Downscaling-Khulna\data\processed\rasters_aligned\monthly\CDR\2019_12.tif,"GEOGCS[""WGS 84"",DATUM[""World Geodetic System 1984"",SPHEROID[""WGS 84"",6378137,298.257223563]],PRIMEM[""Greenwich"",0],UNIT[""degree"",0.0174532925199433,AUTHORITY[""EPSG"",""9122""]],AXIS[""Latitude"",NORTH],AXIS[""Longitude"",EAST]]",59,151,0.008983152841195215,0.008983152841195215,"(0.008983152841195215, 0.0, 89.22965717159208, 0.0, -0.008983152841195215, 23.014837579142142, 0.0, 0.0, 1.0)","(89.22965717159208, 21.658381500121664, 89.7596631892226, 23.014837579142142)",-9999.0,3576,5333
CDR,2020_01.tif,E:\Geospatial\Precipitation Downscaling\Precipitation-Downscaling-Khulna\data\processed\rasters_aligned\monthly\CDR\2020_01.tif,"GEOGCS[""WGS 84"",DATUM[""World Geodetic System 1984"",SPHEROID[""WGS 84"",6378137,298.257223563]],PRIMEM[""Greenwich"",0],UNIT[""degree"",0.0174532925199433,AUTHORITY[""EPSG"",""9122""]],AXIS[""Latitude"",NORTH],AXIS[""Longitude"",EAST]]",59,151,0.008983152841195215,0.008983152841195215,"(0.008983152841195215, 0.0, 89.22965717159208, 0.0, -0.008983152841195215, 23.014837579142142, 0.0, 0.0, 1.0)","(89.22965717159208, 21.658381500121664, 89.7596631892226, 23.014837579142142)",-9999.0,3576,5333
CDR,2020_02.tif,E:\Geospatial\Precipitation Downscaling\Precipitation-Downscaling-Khulna\data\processed\rasters_aligned\monthly\CDR\2020_02.tif,"GEOGCS[""WGS 84"",DATUM[""World Geodetic System 1984"",SPHEROID[""WGS 84"",6378137,298.257223563]],PRIMEM[""Greenwich"",0],UNIT[""degree"",0.0174532925199433,AUTHORITY[""EPSG"",""9122""]],AXIS[""Latitude"",NORTH],AXIS[""Longitude"",EAST]]",59,151,0.008983152841195215,0.008983152841195215,"(0.008983152841195215, 0.0, 89.22965717159208, 0.0, -0.008983152841195215, 23.014837579142142, 0.0, 0.0, 1.0)","(89.22965717159208, 21.658381500121664, 89.7596631892226, 23.014837579142142)",-9999.0,3576,5333
CDR,2020_03.tif,E:\Geospatial\Precipitation Downscaling\Precipitation-Downscaling-Khulna\data\processed\rasters_aligned\monthly\CDR\2020_03.tif,"GEOGCS[""WGS 84"",DATUM[""World Geodetic System 1984"",SPHEROID[""WGS 84"",6378137,298.257223563]],PRIMEM[""Greenwich"",0],UNIT[""degree"",0.0174532925199433,AUTHORITY[""EPSG"",""9122""]],AXIS[""Latitude"",NORTH],AXIS[""Longitude"",EAST]]",59,151,0.008983152841195215,0.008983152841195215,"(0.008983152841195215, 0.0, 89.22965717159208, 0.0, -0.008983152841195215, 23.014837579142142, 0.0, 0.0, 1.0)","(89.22965717159208, 21.658381500121664, 89.7596631892226, 23.014837579142142)",-9999.0,3576,5333
CDR,2020_04.tif,E:\Geospatial\Precipitation Downscaling\Precipitation-Downscaling-Khulna\data\processed\rasters_aligned\monthly\CDR\2020_04.tif,"GEOGCS[""WGS 84"",DATUM[""World Geodetic System 1984"",SPHEROID[""WGS 84"",6378137,298.257223563]],PRIMEM[""Greenwich"",0],UNIT[""degree"",0.0174532925199433,AUTHORITY[""EPSG"",""9122""]],AXIS[""Latitude"",NORTH],AXIS[""Longitude"",EAST]]",59,151,0.008983152841195215,0.008983152841195215,"(0.008983152841195215, 0.0, 89.22965717159208, 0.0, -0.008983152841195215, 23.014837579142142, 0.0, 0.0, 1.0)","(89.22965717159208, 21.658381500121664, 89.7596631892226, 23.014837579142142)",-9999.0,3576,5333
CDR,2020_05.tif,E:\Geospatial\Precipitation Downscaling\Precipitation-Downscaling-Khulna\data\processed\rasters_aligned\monthly\CDR\2020_05.tif,"GEOGCS[""WGS 84"",DATUM[""World Geodetic System 1984"",SPHEROID[""WGS 84"",6378137,298.257223563]],PRIMEM[""Greenwich"",0],UNIT[""degree"",0.0174532925199433,AUTHORITY[""EPSG"",""9122""]],AXIS[""Latitude"",NORTH],AXIS[""Longitude"",EAST]]",59,151,0.008983152841195215,0.008983152841195215,"(0.008983152841195215, 0.0, 89.22965717159208, 0.0, -0.008983152841195215, 23.014837579142142, 0.0, 0.0, 1.0)","(89.22965717159208, 21.658381500121664, 89.7596631892226, 23.014837579142142)",-9999.0,3576,5333
CDR,2020_06.tif,E:\Geospatial\Precipitation Downscaling\Precipitation-Downscaling-Khulna\data\processed\rasters_aligned\monthly\CDR\2020_06.tif,"GEOGCS[""WGS 84"",DATUM[""World Geodetic System 1984"",SPHEROID[""WGS 84"",6378137,298.257223563]],PRIMEM[""Greenwich"",0],UNIT[""degree"",0.0174532925199433,AUTHORITY[""EPSG"",""9122""]],AXIS[""Latitude"",NORTH],AXIS[""Longitude"",EAST]]",59,151,0.008983152841195215,0.008983152841195215,"(0.008983152841195215, 0.0, 89.22965717159208, 0.0, -0.008983152841195215, 23.014837579142142, 0.0, 0.0, 1.0)","(89.22965717159208, 21.658381500121664, 89.7596631892226, 23.014837579142142)",-9999.0,3576,5333
CDR,2020_07.tif,E:\Geospatial\Precipitation Downscaling\Precipitation-Downscaling-Khulna\data\processed\rasters_aligned\monthly\CDR\2020_07.tif,"GEOGCS[""WGS 84"",DATUM[""World Geodetic System 1984"",SPHEROID[""WGS 84"",6378137,298.257223563]],PRIMEM[""Greenwich"",0],UNIT[""degree"",0.0174532925199433,AUTHORITY[""EPSG"",""9122""]],AXIS[""Latitude"",NORTH],AXIS[""Longitude"",EAST]]",59,151,0.008983152841195215,0.008983152841195215,"(0.008983152841195215, 0.0, 89.22965717159208, 0.0, -0.008983152841195215, 23.014837579142142, 0.0, 0.0, 1.0)","(89.22965717159208, 21.658381500121664, 89.7596631892226, 23.014837579142142)",-9999.0,3576,5333
CDR,2020_08.tif,E:\Geospatial\Precipitation Downscaling\Precipitation-Downscaling-Khulna\data\processed\rasters_aligned\monthly\CDR\2020_08.tif,"GEOGCS[""WGS 84"",DATUM[""World Geodetic System 1984"",SPHEROID[""WGS 84"",6378137,298.257223563]],PRIMEM[""Greenwich"",0],UNIT[""degree"",0.0174532925199433,AUTHORITY[""EPSG"",""9122""]],AXIS[""Latitude"",NORTH],AXIS[""Longitude"",EAST]]",59,151,0.008983152841195215,0.008983152841195215,"(0.008983152841195215, 0.0, 89.22965717159208, 0.0, -0.008983152841195215, 23.014837579142142, 0.0, 0.0, 1.0)","(89.22965717159208, 21.658381500121664, 89.7596631892226, 23.014837579142142)",-9999.0,3576,5333
CDR,2020_09.tif,E:\Geospatial\Precipitation Downscaling\Precipitation-Downscaling-Khulna\data\processed\rasters_aligned\monthly\CDR\2020_09.tif,"GEOGCS[""WGS 84"",DATUM[""World Geodetic System 1984"",SPHEROID[""WGS 84"",6378137,298.257223563]],PRIMEM[""Greenwich"",0],UNIT[""degree"",0.0174532925199433,AUTHORITY[""EPSG"",""9122""]],AXIS[""Latitude"",NORTH],AXIS[""Longitude"",EAST]]",59,151,0.008983152841195215,0.008983152841195215,"(0.008983152841195215, 0.0, 89.22965717159208, 0.0, -0.008983152841195215, 23.014837579142142, 0.0, 0.0, 1.0)","(89.22965717159208, 21.658381500121664, 89.7596631892226, 23.014837579142142)",-9999.0,3576,5333
CDR,2020_10.tif,E:\Geospatial\Precipitation Downscaling\Precipitation-Downscaling-Khulna\data\processed\rasters_aligned\monthly\CDR\2020_10.tif,"GEOGCS[""WGS 84"",DATUM[""World Geodetic System 1984"",SPHEROID[""WGS 84"",6378137,298.257223563]],PRIMEM[""Greenwich"",0],UNIT[""degree"",0.0174532925199433,AUTHORITY[""EPSG"",""9122""]],AXIS[""Latitude"",NORTH],AXIS[""Longitude"",EAST]]",59,151,0.008983152841195215,0.008983152841195215,"(0.008983152841195215, 0.0, 89.22965717159208, 0.0, -0.008983152841195215, 23.014837579142142, 0.0, 0.0, 1.0)","(89.22965717159208, 21.658381500121664, 89.7596631892226, 23.014837579142142)",-9999.0,3576,5333
CDR,2020_11.tif,E:\Geospatial\Precipitation Downscaling\Precipitation-Downscaling-Khulna\data\processed\rasters_aligned\monthly\CDR\2020_11.tif,"GEOGCS[""WGS 84"",DATUM[""World Geodetic System 1984"",SPHEROID[""WGS 84"",6378137,298.257223563]],PRIMEM[""Greenwich"",0],UNIT[""degree"",0.0174532925199433,AUTHORITY[""EPSG"",""9122""]],AXIS[""Latitude"",NORTH],AXIS[""Longitude"",EAST]]",59,151,0.008983152841195215,0.008983152841195215,"(0.008983152841195215, 0.0, 89.22965717159208, 0.0, -0.008983152841195215, 23.014837579142142, 0.0, 0.0, 1.0)","(89.22965717159208, 21.658381500121664, 89.7596631892226, 23.014837579142142)",-9999.0,3576,5333
CDR,2020_12.tif,E:\Geospatial\Precipitation Downscaling\Precipitation-Downscaling-Khulna\data\processed\rasters_aligned\monthly\CDR\2020_12.tif,"GEOGCS[""WGS 84"",DATUM[""World Geodetic System 1984"",SPHEROID[""WGS 84"",6378137,298.257223563]],PRIMEM[""Greenwich"",0],UNIT[""degree"",0.0174532925199433,AUTHORITY[""EPSG"",""9122""]],AXIS[""Latitude"",NORTH],AXIS[""Longitude"",EAST]]",59,151,0.008983152841195215,0.008983152841195215,"(0.008983152841195215, 0.0, 89.22965717159208, 0.0, -0.008983152841195215, 23.014837579142142, 0.0, 0.0, 1.0)","(89.22965717159208, 21.658381500121664, 89.7596631892226, 23.014837579142142)",-9999.0,3576,5333
CDR,2021_01.tif,E:\Geospatial\Precipitation Downscaling\Precipitation-Downscaling-Khulna\data\processed\rasters_aligned\monthly\CDR\2021_01.tif,"GEOGCS[""WGS 84"",DATUM[""World Geodetic System 1984"",SPHEROID[""WGS 84"",6378137,298.257223563]],PRIMEM[""Greenwich"",0],UNIT[""degree"",0.0174532925199433,AUTHORITY[""EPSG"",""9122""]],AXIS[""Latitude"",NORTH],AXIS[""Longitude"",EAST]]",59,151,0.008983152841195215,0.008983152841195215,"(0.008983152841195215, 0.0, 89.22965717159208, 0.0, -0.008983152841195215, 23.014837579142142, 0.0, 0.0, 1.0)","(89.22965717159208, 21.658381500121664, 89.7596631892226, 23.014837579142142)",-9999.0,3576,5333
CDR,2021_02.tif,E:\Geospatial\Precipitation Downscaling\Precipitation-Downscaling-Khulna\data\processed\rasters_aligned\monthly\CDR\2021_02.tif,"GEOGCS[""WGS 84"",DATUM[""World Geodetic System 1984"",SPHEROID[""WGS 84"",6378137,298.257223563]],PRIMEM[""Greenwich"",0],UNIT[""degree"",0.0174532925199433,AUTHORITY[""EPSG"",""9122""]],AXIS[""Latitude"",NORTH],AXIS[""Longitude"",EAST]]",59,151,0.008983152841195215,0.008983152841195215,"(0.008983152841195215, 0.0, 89.22965717159208, 0.0, -0.008983152841195215, 23.014837579142142, 0.0, 0.0, 1.0)","(89.22965717159208, 21.658381500121664, 89.7596631892226, 23.014837579142142)",-9999.0,3576,5333
CDR,2021_03.tif,E:\Geospatial\Precipitation Downscaling\Precipitation-Downscaling-Khulna\data\processed\rasters_aligned\monthly\CDR\2021_03.tif,"GEOGCS[""WGS 84"",DATUM[""World Geodetic System 1984"",SPHEROID[""WGS 84"",6378137,298.257223563]],PRIMEM[""Greenwich"",0],UNIT[""degree"",0.0174532925199433,AUTHORITY[""EPSG"",""9122""]],AXIS[""Latitude"",NORTH],AXIS[""Longitude"",EAST]]",59,151,0.008983152841195215,0.008983152841195215,"(0.008983152841195215, 0.0, 89.22965717159208, 0.0, -0.008983152841195215, 23.014837579142142, 0.0, 0.0, 1.0)","(89.22965717159208, 21.658381500121664, 89.7596631892226, 23.014837579142142)",-9999.0,3576,5333
CDR,2021_04.tif,E:\Geospatial\Precipitation Downscaling\Precipitation-Downscaling-Khulna\data\processed\rasters_aligned\monthly\CDR\2021_04.tif,"GEOGCS[""WGS 84"",DATUM[""World Geodetic System 1984"",SPHEROID[""WGS 84"",6378137,298.257223563]],PRIMEM[""Greenwich"",0],UNIT[""degree"",0.0174532925199433,AUTHORITY[""EPSG"",""9122""]],AXIS[""Latitude"",NORTH],AXIS[""Longitude"",EAST]]",59,151,0.008983152841195215,0.008983152841195215,"(0.008983152841195215, 0.0, 89.22965717159208, 0.0, -0.008983152841195215, 23.014837579142142, 0.0, 0.0, 1.0)","(89.22965717159208, 21.658381500121664, 89.7596631892226, 23.014837579142142)",-9999.0,3576,5333
CDR,2021_05.tif,E:\Geospatial\Precipitation Downscaling\Precipitation-Downscaling-Khulna\data\processed\rasters_aligned\monthly\CDR\2021_05.tif,"GEOGCS[""WGS 84"",DATUM[""World Geodetic System 1984"",SPHEROID[""WGS 84"",6378137,298.257223563]],PRIMEM[""Greenwich"",0],UNIT[""degree"",0.0174532925199433,AUTHORITY[""EPSG"",""9122""]],AXIS[""Latitude"",NORTH],AXIS[""Longitude"",EAST]]",59,151,0.008983152841195215,0.008983152841195215,"(0.008983152841195215, 0.0, 89.22965717159208, 0.0, -0.008983152841195215, 23.014837579142142, 0.0, 0.0, 1.0)","(89.22965717159208, 21.658381500121664, 89.7596631892226, 23.014837579142142)",-9999.0,3576,5333
CDR,2021_06.tif,E:\Geospatial\Precipitation Downscaling\Precipitation-Downscaling-Khulna\data\processed\rasters_aligned\monthly\CDR\2021_06.tif,"GEOGCS[""WGS 84"",DATUM[""World Geodetic System 1984"",SPHEROID[""WGS 84"",6378137,298.257223563]],PRIMEM[""Greenwich"",0],UNIT[""degree"",0.0174532925199433,AUTHORITY[""EPSG"",""9122""]],AXIS[""Latitude"",NORTH],AXIS[""Longitude"",EAST]]",59,151,0.008983152841195215,0.008983152841195215,"(0.008983152841195215, 0.0, 89.22965717159208, 0.0, -0.008983152841195215, 23.014837579142142, 0.0, 0.0, 1.0)","(89.22965717159208, 21.658381500121664, 89.7596631892226, 23.014837579142142)",-9999.0,3576,5333
CDR,2021_07.tif,E:\Geospatial\Precipitation Downscaling\Precipitation-Downscaling-Khulna\data\processed\rasters_aligned\monthly\CDR\2021_07.tif,"GEOGCS[""WGS 84"",DATUM[""World Geodetic System 1984"",SPHEROID[""WGS 84"",6378137,298.257223563]],PRIMEM[""Greenwich"",0],UNIT[""degree"",0.0174532925199433,AUTHORITY[""EPSG"",""9122""]],AXIS[""Latitude"",NORTH],AXIS[""Longitude"",EAST]]",59,151,0.008983152841195215,0.008983152841195215,"(0.008983152841195215, 0.0, 89.22965717159208, 0.0, -0.008983152841195215, 23.014837579142142, 0.0, 0.0, 1.0)","(89.22965717159208, 21.658381500121664, 89.7596631892226, 23.014837579142142)",-9999.0,3576,5333
CDR,2021_08.tif,E:\Geospatial\Precipitation Downscaling\Precipitation-Downscaling-Khulna\data\processed\rasters_aligned\monthly\CDR\2021_08.tif,"GEOGCS[""WGS 84"",DATUM[""World Geodetic System 1984"",SPHEROID[""WGS 84"",6378137,298.257223563]],PRIMEM[""Greenwich"",0],UNIT[""degree"",0.0174532925199433,AUTHORITY[""EPSG"",""9122""]],AXIS[""Latitude"",NORTH],AXIS[""Longitude"",EAST]]",59,151,0.008983152841195215,0.008983152841195215,"(0.008983152841195215, 0.0, 89.22965717159208, 0.0, -0.008983152841195215, 23.014837579142142, 0.0, 0.0, 1.0)","(89.22965717159208, 21.658381500121664, 89.7596631892226, 23.014837579142142)",-9999.0,3576,5333
CDR,2021_09.tif,E:\Geospatial\Precipitation Downscaling\Precipitation-Downscaling-Khulna\data\processed\rasters_aligned\monthly\CDR\2021_09.tif,"GEOGCS[""WGS 84"",DATUM[""World Geodetic System 1984"",SPHEROID[""WGS 84"",6378137,298.257223563]],PRIMEM[""Greenwich"",0],UNIT[""degree"",0.0174532925199433,AUTHORITY[""EPSG"",""9122""]],AXIS[""Latitude"",NORTH],AXIS[""Longitude"",EAST]]",59,151,0.008983152841195215,0.008983152841195215,"(0.008983152841195215, 0.0, 89.22965717159208, 0.0, -0.008983152841195215, 23.014837579142142, 0.0, 0.0, 1.0)","(89.22965717159208, 21.658381500121664, 89.7596631892226, 23.014837579142142)",-9999.0,3576,5333
CDR,2021_10.tif,E:\Geospatial\Precipitation Downscaling\Precipitation-Downscaling-Khulna\data\processed\rasters_aligned\monthly\CDR\2021_10.tif,"GEOGCS[""WGS 84"",DATUM[""World Geodetic System 1984"",SPHEROID[""WGS 84"",6378137,298.257223563]],PRIMEM[""Greenwich"",0],UNIT[""degree"",0.0174532925199433,AUTHORITY[""EPSG"",""9122""]],AXIS[""Latitude"",NORTH],AXIS[""Longitude"",EAST]]",59,151,0.008983152841195215,0.008983152841195215,"(0.008983152841195215, 0.0, 89.22965717159208, 0.0, -0.008983152841195215, 23.014837579142142, 0.0, 0.0, 1.0)","(89.22965717159208, 21.658381500121664, 89.7596631892226, 23.014837579142142)",-9999.0,3576,5333
CDR,2021_11.tif,E:\Geospatial\Precipitation Downscaling\Precipitation-Downscaling-Khulna\data\processed\rasters_aligned\monthly\CDR\2021_11.tif,"GEOGCS[""WGS 84"",DATUM[""World Geodetic System 1984"",SPHEROID[""WGS 84"",6378137,298.257223563]],PRIMEM[""Greenwich"",0],UNIT[""degree"",0.0174532925199433,AUTHORITY[""EPSG"",""9122""]],AXIS[""Latitude"",NORTH],AXIS[""Longitude"",EAST]]",59,151,0.008983152841195215,0.008983152841195215,"(0.008983152841195215, 0.0, 89.22965717159208, 0.0, -0.008983152841195215, 23.014837579142142, 0.0, 0.0, 1.0)","(89.22965717159208, 21.658381500121664, 89.7596631892226, 23.014837579142142)",-9999.0,3576,5333
CDR,2021_12.tif,E:\Geospatial\Precipitation Downscaling\Precipitation-Downscaling-Khulna\data\processed\rasters_aligned\monthly\CDR\2021_12.tif,"GEOGCS[""WGS 84"",DATUM[""World Geodetic System 1984"",SPHEROID[""WGS 84"",6378137,298.257223563]],PRIMEM[""Greenwich"",0],UNIT[""degree"",0.0174532925199433,AUTHORITY[""EPSG"",""9122""]],AXIS[""Latitude"",NORTH],AXIS[""Longitude"",EAST]]",59,151,0.008983152841195215,0.008983152841195215,"(0.008983152841195215, 0.0, 89.22965717159208, 0.0, -0.008983152841195215, 23.014837579142142, 0.0, 0.0, 1.0)","(89.22965717159208, 21.658381500121664, 89.7596631892226, 23.014837579142142)",-9999.0,3576,5333
CDR,2022_01.tif,E:\Geospatial\Precipitation Downscaling\Precipitation-Downscaling-Khulna\data\processed\rasters_aligned\monthly\CDR\2022_01.tif,"GEOGCS[""WGS 84"",DATUM[""World Geodetic System 1984"",SPHEROID[""WGS 84"",6378137,298.257223563]],PRIMEM[""Greenwich"",0],UNIT[""degree"",0.0174532925199433,AUTHORITY[""EPSG"",""9122""]],AXIS[""Latitude"",NORTH],AXIS[""Longitude"",EAST]]",59,151,0.008983152841195215,0.008983152841195215,"(0.008983152841195215, 0.0, 89.22965717159208, 0.0, -0.008983152841195215, 23.014837579142142, 0.0, 0.0, 1.0)","(89.22965717159208, 21.658381500121664, 89.7596631892226, 23.014837579142142)",-9999.0,3576,5333
CDR,2022_02.tif,E:\Geospatial\Precipitation Downscaling\Precipitation-Downscaling-Khulna\data\processed\rasters_aligned\monthly\CDR\2022_02.tif,"GEOGCS[""WGS 84"",DATUM[""World Geodetic System 1984"",SPHEROID[""WGS 84"",6378137,298.257223563]],PRIMEM[""Greenwich"",0],UNIT[""degree"",0.0174532925199433,AUTHORITY[""EPSG"",""9122""]],AXIS[""Latitude"",NORTH],AXIS[""Longitude"",EAST]]",59,151,0.008983152841195215,0.008983152841195215,"(0.008983152841195215, 0.0, 89.22965717159208, 0.0, -0.008983152841195215, 23.014837579142142, 0.0, 0.0, 1.0)","(89.22965717159208, 21.658381500121664, 89.7596631892226, 23.014837579142142)",-9999.0,3576,5333
CDR,2022_03.tif,E:\Geospatial\Precipitation Downscaling\Precipitation-Downscaling-Khulna\data\processed\rasters_aligned\monthly\CDR\2022_03.tif,"GEOGCS[""WGS 84"",DATUM[""World Geodetic System 1984"",SPHEROID[""WGS 84"",6378137,298.257223563]],PRIMEM[""Greenwich"",0],UNIT[""degree"",0.0174532925199433,AUTHORITY[""EPSG"",""9122""]],AXIS[""Latitude"",NORTH],AXIS[""Longitude"",EAST]]",59,151,0.008983152841195215,0.008983152841195215,"(0.008983152841195215, 0.0, 89.22965717159208, 0.0, -0.008983152841195215, 23.014837579142142, 0.0, 0.0, 1.0)","(89.22965717159208, 21.658381500121664, 89.7596631892226, 23.014837579142142)",-9999.0,3576,5333
CDR,2022_04.tif,E:\Geospatial\Precipitation Downscaling\Precipitation-Downscaling-Khulna\data\processed\rasters_aligned\monthly\CDR\2022_04.tif,"GEOGCS[""WGS 84"",DATUM[""World Geodetic System 1984"",SPHEROID[""WGS 84"",6378137,298.257223563]],PRIMEM[""Greenwich"",0],UNIT[""degree"",0.0174532925199433,AUTHORITY[""EPSG"",""9122""]],AXIS[""Latitude"",NORTH],AXIS[""Longitude"",EAST]]",59,151,0.008983152841195215,0.008983152841195215,"(0.008983152841195215, 0.0, 89.22965717159208, 0.0, -0.008983152841195215, 23.014837579142142, 0.0, 0.0, 1.0)","(89.22965717159208, 21.658381500121664, 89.7596631892226, 23.014837579142142)",-9999.0,3576,5333
CDR,2022_05.tif,E:\Geospatial\Precipitation Downscaling\Precipitation-Downscaling-Khulna\data\processed\rasters_aligned\monthly\CDR\2022_05.tif,"GEOGCS[""WGS 84"",DATUM[""World Geodetic System 1984"",SPHEROID[""WGS 84"",6378137,298.257223563]],PRIMEM[""Greenwich"",0],UNIT[""degree"",0.0174532925199433,AUTHORITY[""EPSG"",""9122""]],AXIS[""Latitude"",NORTH],AXIS[""Longitude"",EAST]]",59,151,0.008983152841195215,0.008983152841195215,"(0.008983152841195215, 0.0, 89.22965717159208, 0.0, -0.008983152841195215, 23.014837579142142, 0.0, 0.0, 1.0)","(89.22965717159208, 21.658381500121664, 89.7596631892226, 23.014837579142142)",-9999.0,3576,5333
CDR,2022_06.tif,E:\Geospatial\Precipitation Downscaling\Precipitation-Downscaling-Khulna\data\processed\rasters_aligned\monthly\CDR\2022_06.tif,"GEOGCS[""WGS 84"",DATUM[""World Geodetic System 1984"",SPHEROID[""WGS 84"",6378137,298.257223563]],PRIMEM[""Greenwich"",0],UNIT[""degree"",0.0174532925199433,AUTHORITY[""EPSG"",""9122""]],AXIS[""Latitude"",NORTH],AXIS[""Longitude"",EAST]]",59,151,0.008983152841195215,0.008983152841195215,"(0.008983152841195215, 0.0, 89.22965717159208, 0.0, -0.008983152841195215, 23.014837579142142, 0.0, 0.0, 1.0)","(89.22965717159208, 21.658381500121664, 89.7596631892226, 23.014837579142142)",-9999.0,3576,5333
CDR,2022_07.tif,E:\Geospatial\Precipitation Downscaling\Precipitation-Downscaling-Khulna\data\processed\rasters_aligned\monthly\CDR\2022_07.tif,"GEOGCS[""WGS 84"",DATUM[""World Geodetic System 1984"",SPHEROID[""WGS 84"",6378137,298.257223563]],PRIMEM[""Greenwich"",0],UNIT[""degree"",0.0174532925199433,AUTHORITY[""EPSG"",""9122""]],AXIS[""Latitude"",NORTH],AXIS[""Longitude"",EAST]]",59,151,0.008983152841195215,0.008983152841195215,"(0.008983152841195215, 0.0, 89.22965717159208, 0.0, -0.008983152841195215, 23.014837579142142, 0.0, 0.0, 1.0)","(89.22965717159208, 21.658381500121664, 89.7596631892226, 23.014837579142142)",-9999.0,3576,5333
CDR,2022_08.tif,E:\Geospatial\Precipitation Downscaling\Precipitation-Downscaling-Khulna\data\processed\rasters_aligned\monthly\CDR\2022_08.tif,"GEOGCS[""WGS 84"",DATUM[""World Geodetic System 1984"",SPHEROID[""WGS 84"",6378137,298.257223563]],PRIMEM[""Greenwich"",0],UNIT[""degree"",0.0174532925199433,AUTHORITY[""EPSG"",""9122""]],AXIS[""Latitude"",NORTH],AXIS[""Longitude"",EAST]]",59,151,0.008983152841195215,0.008983152841195215,"(0.008983152841195215, 0.0, 89.22965717159208, 0.0, -0.008983152841195215, 23.014837579142142, 0.0, 0.0, 1.0)","(89.22965717159208, 21.658381500121664, 89.7596631892226, 23.014837579142142)",-9999.0,3576,5333
CDR,2022_09.tif,E:\Geospatial\Precipitation Downscaling\Precipitation-Downscaling-Khulna\data\processed\rasters_aligned\monthly\CDR\2022_09.tif,"GEOGCS[""WGS 84"",DATUM[""World Geodetic System 1984"",SPHEROID[""WGS 84"",6378137,298.257223563]],PRIMEM[""Greenwich"",0],UNIT[""degree"",0.0174532925199433,AUTHORITY[""EPSG"",""9122""]],AXIS[""Latitude"",NORTH],AXIS[""Longitude"",EAST]]",59,151,0.008983152841195215,0.008983152841195215,"(0.008983152841195215, 0.0, 89.22965717159208, 0.0, -0.008983152841195215, 23.014837579142142, 0.0, 0.0, 1.0)","(89.22965717159208, 21.658381500121664, 89.7596631892226, 23.014837579142142)",-9999.0,3576,5333
CDR,2022_10.tif,E:\Geospatial\Precipitation Downscaling\Precipitation-Downscaling-Khulna\data\processed\rasters_aligned\monthly\CDR\2022_10.tif,"GEOGCS[""WGS 84"",DATUM[""World Geodetic System 1984"",SPHEROID[""WGS 84"",6378137,298.257223563]],PRIMEM[""Greenwich"",0],UNIT[""degree"",0.0174532925199433,AUTHORITY[""EPSG"",""9122""]],AXIS[""Latitude"",NORTH],AXIS[""Longitude"",EAST]]",59,151,0.008983152841195215,0.008983152841195215,"(0.008983152841195215, 0.0, 89.22965717159208, 0.0, -0.008983152841195215, 23.014837579142142, 0.0, 0.0, 1.0)","(89.22965717159208, 21.658381500121664, 89.7596631892226, 23.014837579142142)",-9999.0,3576,5333
CDR,2022_11.tif,E:\Geospatial\Precipitation Downscaling\Precipitation-Downscaling-Khulna\data\processed\rasters_aligned\monthly\CDR\2022_11.tif,"GEOGCS[""WGS 84"",DATUM[""World Geodetic System 1984"",SPHEROID[""WGS 84"",6378137,298.257223563]],PRIMEM[""Greenwich"",0],UNIT[""degree"",0.0174532925199433,AUTHORITY[""EPSG"",""9122""]],AXIS[""Latitude"",NORTH],AXIS[""Longitude"",EAST]]",59,151,0.008983152841195215,0.008983152841195215,"(0.008983152841195215, 0.0, 89.22965717159208, 0.0, -0.008983152841195215, 23.014837579142142, 0.0, 0.0, 1.0)","(89.22965717159208, 21.658381500121664, 89.7596631892226, 23.014837579142142)",-9999.0,3576,5333
CDR,2022_12.tif,E:\Geospatial\Precipitation Downscaling\Precipitation-Downscaling-Khulna\data\processed\rasters_aligned\monthly\CDR\2022_12.tif,"GEOGCS[""WGS 84"",DATUM[""World Geodetic System 1984"",SPHEROID[""WGS 84"",6378137,298.257223563]],PRIMEM[""Greenwich"",0],UNIT[""degree"",0.0174532925199433,AUTHORITY[""EPSG"",""9122""]],AXIS[""Latitude"",NORTH],AXIS[""Longitude"",EAST]]",59,151,0.008983152841195215,0.008983152841195215,"(0.008983152841195215, 0.0, 89.22965717159208, 0.0, -0.008983152841195215, 23.014837579142142, 0.0, 0.0, 1.0)","(89.22965717159208, 21.658381500121664, 89.7596631892226, 23.014837579142142)",-9999.0,3576,5333
CHIRPS,2017_01.tif,E:\Geospatial\Precipitation Downscaling\Precipitation-Downscaling-Khulna\data\processed\rasters_aligned\monthly\CHIRPS\2017_01.tif,"GEOGCS[""WGS 84"",DATUM[""World Geodetic System 1984"",SPHEROID[""WGS 84"",6378137,298.257223563]],PRIMEM[""Greenwich"",0],UNIT[""degree"",0.0174532925199433,AUTHORITY[""EPSG"",""9122""]],AXIS[""Latitude"",NORTH],AXIS[""Longitude"",EAST]]",59,151,0.008983152841195215,0.008983152841195215,"(0.008983152841195215, 0.0, 89.22965717159208, 0.0, -0.008983152841195215, 23.014837579142142, 0.0, 0.0, 1.0)","(89.22965717159208, 21.658381500121664, 89.7596631892226, 23.014837579142142)",-9999.0,4732,4177
CHIRPS,2017_02.tif,E:\Geospatial\Precipitation Downscaling\Precipitation-Downscaling-Khulna\data\processed\rasters_aligned\monthly\CHIRPS\2017_02.tif,"GEOGCS[""WGS 84"",DATUM[""World Geodetic System 1984"",SPHEROID[""WGS 84"",6378137,298.257223563]],PRIMEM[""Greenwich"",0],UNIT[""degree"",0.0174532925199433,AUTHORITY[""EPSG"",""9122""]],AXIS[""Latitude"",NORTH],AXIS[""Longitude"",EAST]]",59,151,0.008983152841195215,0.008983152841195215,"(0.008983152841195215, 0.0, 89.22965717159208, 0.0, -0.008983152841195215, 23.014837579142142, 0.0, 0.0, 1.0)","(89.22965717159208, 21.658381500121664, 89.7596631892226, 23.014837579142142)",-9999.0,4732,4177
CHIRPS,2017_03.tif,E:\Geospatial\Precipitation Downscaling\Precipitation-Downscaling-Khulna\data\processed\rasters_aligned\monthly\CHIRPS\2017_03.tif,"GEOGCS[""WGS 84"",DATUM[""World Geodetic System 1984"",SPHEROID[""WGS 84"",6378137,298.257223563]],PRIMEM[""Greenwich"",0],UNIT[""degree"",0.0174532925199433,AUTHORITY[""EPSG"",""9122""]],AXIS[""Latitude"",NORTH],AXIS[""Longitude"",EAST]]",59,151,0.008983152841195215,0.008983152841195215,"(0.008983152841195215, 0.0, 89.22965717159208, 0.0, -0.008983152841195215, 23.014837579142142, 0.0, 0.0, 1.0)","(89.22965717159208, 21.658381500121664, 89.7596631892226, 23.014837579142142)",-9999.0,4732,4177
CHIRPS,2017_04.tif,E:\Geospatial\Precipitation Downscaling\Precipitation-Downscaling-Khulna\data\processed\rasters_aligned\monthly\CHIRPS\2017_04.tif,"GEOGCS[""WGS 84"",DATUM[""World Geodetic System 1984"",SPHEROID[""WGS 84"",6378137,298.257223563]],PRIMEM[""Greenwich"",0],UNIT[""degree"",0.0174532925199433,AUTHORITY[""EPSG"",""9122""]],AXIS[""Latitude"",NORTH],AXIS[""Longitude"",EAST]]",59,151,0.008983152841195215,0.008983152841195215,"(0.008983152841195215, 0.0, 89.22965717159208, 0.0, -0.008983152841195215, 23.014837579142142, 0.0, 0.0, 1.0)","(89.22965717159208, 21.658381500121664, 89.7596631892226, 23.014837579142142)",-9999.0,4732,4177
CHIRPS,2017_05.tif,E:\Geospatial\Precipitation Downscaling\Precipitation-Downscaling-Khulna\data\processed\rasters_aligned\monthly\CHIRPS\2017_05.tif,"GEOGCS[""WGS 84"",DATUM[""World Geodetic System 1984"",SPHEROID[""WGS 84"",6378137,298.257223563]],PRIMEM[""Greenwich"",0],UNIT[""degree"",0.0174532925199433,AUTHORITY[""EPSG"",""9122""]],AXIS[""Latitude"",NORTH],AXIS[""Longitude"",EAST]]",59,151,0.008983152841195215,0.008983152841195215,"(0.008983152841195215, 0.0, 89.22965717159208, 0.0, -0.008983152841195215, 23.014837579142142, 0.0, 0.0, 1.0)","(89.22965717159208, 21.658381500121664, 89.7596631892226, 23.014837579142142)",-9999.0,4732,4177
CHIRPS,2017_06.tif,E:\Geospatial\Precipitation Downscaling\Precipitation-Downscaling-Khulna\data\processed\rasters_aligned\monthly\CHIRPS\2017_06.tif,"GEOGCS[""WGS 84"",DATUM[""World Geodetic System 1984"",SPHEROID[""WGS 84"",6378137,298.257223563]],PRIMEM[""Greenwich"",0],UNIT[""degree"",0.0174532925199433,AUTHORITY[""EPSG"",""9122""]],AXIS[""Latitude"",NORTH],AXIS[""Longitude"",EAST]]",59,151,0.008983152841195215,0.008983152841195215,"(0.008983152841195215, 0.0, 89.22965717159208, 0.0, -0.008983152841195215, 23.014837579142142, 0.0, 0.0, 1.0)","(89.22965717159208, 21.658381500121664, 89.7596631892226, 23.014837579142142)",-9999.0,4732,4177
CHIRPS,2017_07.tif,E:\Geospatial\Precipitation Downscaling\Precipitation-Downscaling-Khulna\data\processed\rasters_aligned\monthly\CHIRPS\2017_07.tif,"GEOGCS[""WGS 84"",DATUM[""World Geodetic System 1984"",SPHEROID[""WGS 84"",6378137,298.257223563]],PRIMEM[""Greenwich"",0],UNIT[""degree"",0.0174532925199433,AUTHORITY[""EPSG"",""9122""]],AXIS[""Latitude"",NORTH],AXIS[""Longitude"",EAST]]",59,151,0.008983152841195215,0.008983152841195215,"(0.008983152841195215, 0.0, 89.22965717159208, 0.0, -0.008983152841195215, 23.014837579142142, 0.0, 0.0, 1.0)","(89.22965717159208, 21.658381500121664, 89.7596631892226, 23.014837579142142)",-9999.0,4732,4177
CHIRPS,2017_08.tif,E:\Geospatial\Precipitation Downscaling\Precipitation-Downscaling-Khulna\data\processed\rasters_aligned\monthly\CHIRPS\2017_08.tif,"GEOGCS[""WGS 84"",DATUM[""World Geodetic System 1984"",SPHEROID[""WGS 84"",6378137,298.257223563]],PRIMEM[""Greenwich"",0],UNIT[""degree"",0.0174532925199433,AUTHORITY[""EPSG"",""9122""]],AXIS[""Latitude"",NORTH],AXIS[""Longitude"",EAST]]",59,151,0.008983152841195215,0.008983152841195215,"(0.008983152841195215, 0.0, 89.22965717159208, 0.0, -0.008983152841195215, 23.014837579142142, 0.0, 0.0, 1.0)","(89.22965717159208, 21.658381500121664, 89.7596631892226, 23.014837579142142)",-9999.0,4732,4177
CHIRPS,2017_09.tif,E:\Geospatial\Precipitation Downscaling\Precipitation-Downscaling-Khulna\data\processed\rasters_aligned\monthly\CHIRPS\2017_09.tif,"GEOGCS[""WGS 84"",DATUM[""World Geodetic System 1984"",SPHEROID[""WGS 84"",6378137,298.257223563]],PRIMEM[""Greenwich"",0],UNIT[""degree"",0.0174532925199433,AUTHORITY[""EPSG"",""9122""]],AXIS[""Latitude"",NORTH],AXIS[""Longitude"",EAST]]",59,151,0.008983152841195215,0.008983152841195215,"(0.008983152841195215, 0.0, 89.22965717159208, 0.0, -0.008983152841195215, 23.014837579142142, 0.0, 0.0, 1.0)","(89.22965717159208, 21.658381500121664, 89.7596631892226, 23.014837579142142)",-9999.0,4732,4177
CHIRPS,2017_10.tif,E:\Geospatial\Precipitation Downscaling\Precipitation-Downscaling-Khulna\data\processed\rasters_aligned\monthly\CHIRPS\2017_10.tif,"GEOGCS[""WGS 84"",DATUM[""World Geodetic System 1984"",SPHEROID[""WGS 84"",6378137,298.257223563]],PRIMEM[""Greenwich"",0],UNIT[""degree"",0.0174532925199433,AUTHORITY[""EPSG"",""9122""]],AXIS[""Latitude"",NORTH],AXIS[""Longitude"",EAST]]",59,151,0.008983152841195215,0.008983152841195215,"(0.008983152841195215, 0.0, 89.22965717159208, 0.0, -0.008983152841195215, 23.014837579142142, 0.0, 0.0, 1.0)","(89.22965717159208, 21.658381500121664, 89.7596631892226, 23.014837579142142)",-9999.0,4732,4177
CHIRPS,2017_11.tif,E:\Geospatial\Precipitation Downscaling\Precipitation-Downscaling-Khulna\data\processed\rasters_aligned\monthly\CHIRPS\2017_11.tif,"GEOGCS[""WGS 84"",DATUM[""World Geodetic System 1984"",SPHEROID[""WGS 84"",6378137,298.257223563]],PRIMEM[""Greenwich"",0],UNIT[""degree"",0.0174532925199433,AUTHORITY[""EPSG"",""9122""]],AXIS[""Latitude"",NORTH],AXIS[""Longitude"",EAST]]",59,151,0.008983152841195215,0.008983152841195215,"(0.008983152841195215, 0.0, 89.22965717159208, 0.0, -0.008983152841195215, 23.014837579142142, 0.0, 0.0, 1.0)","(89.22965717159208, 21.658381500121664, 89.7596631892226, 23.014837579142142)",-9999.0,4732,4177
CHIRPS,2017_12.tif,E:\Geospatial\Precipitation Downscaling\Precipitation-Downscaling-Khulna\data\processed\rasters_aligned\monthly\CHIRPS\2017_12.tif,"GEOGCS[""WGS 84"",DATUM[""World Geodetic System 1984"",SPHEROID[""WGS 84"",6378137,298.257223563]],PRIMEM[""Greenwich"",0],UNIT[""degree"",0.0174532925199433,AUTHORITY[""EPSG"",""9122""]],AXIS[""Latitude"",NORTH],AXIS[""Longitude"",EAST]]",59,151,0.008983152841195215,0.008983152841195215,"(0.008983152841195215, 0.0, 89.22965717159208, 0.0, -0.008983152841195215, 23.014837579142142, 0.0, 0.0, 1.0)","(89.22965717159208, 21.658381500121664, 89.7596631892226, 23.014837579142142)",-9999.0,4732,4177
CHIRPS,2018_01.tif,E:\Geospatial\Precipitation Downscaling\Precipitation-Downscaling-Khulna\data\processed\rasters_aligned\monthly\CHIRPS\2018_01.tif,"GEOGCS[""WGS 84"",DATUM[""World Geodetic System 1984"",SPHEROID[""WGS 84"",6378137,298.257223563]],PRIMEM[""Greenwich"",0],UNIT[""degree"",0.0174532925199433,AUTHORITY[""EPSG"",""9122""]],AXIS[""Latitude"",NORTH],AXIS[""Longitude"",EAST]]",59,151,0.008983152841195215,0.008983152841195215,"(0.008983152841195215, 0.0, 89.22965717159208, 0.0, -0.008983152841195215, 23.014837579142142, 0.0, 0.0, 1.0)","(89.22965717159208, 21.658381500121664, 89.7596631892226, 23.014837579142142)",-9999.0,4732,4177
CHIRPS,2018_02.tif,E:\Geospatial\Precipitation Downscaling\Precipitation-Downscaling-Khulna\data\processed\rasters_aligned\monthly\CHIRPS\2018_02.tif,"GEOGCS[""WGS 84"",DATUM[""World Geodetic System 1984"",SPHEROID[""WGS 84"",6378137,298.257223563]],PRIMEM[""Greenwich"",0],UNIT[""degree"",0.0174532925199433,AUTHORITY[""EPSG"",""9122""]],AXIS[""Latitude"",NORTH],AXIS[""Longitude"",EAST]]",59,151,0.008983152841195215,0.008983152841195215,"(0.008983152841195215, 0.0, 89.22965717159208, 0.0, -0.008983152841195215, 23.014837579142142, 0.0, 0.0, 1.0)","(89.22965717159208, 21.658381500121664, 89.7596631892226, 23.014837579142142)",-9999.0,4732,4177
CHIRPS,2018_03.tif,E:\Geospatial\Precipitation Downscaling\Precipitation-Downscaling-Khulna\data\processed\rasters_aligned\monthly\CHIRPS\2018_03.tif,"GEOGCS[""WGS 84"",DATUM[""World Geodetic System 1984"",SPHEROID[""WGS 84"",6378137,298.257223563]],PRIMEM[""Greenwich"",0],UNIT[""degree"",0.0174532925199433,AUTHORITY[""EPSG"",""9122""]],AXIS[""Latitude"",NORTH],AXIS[""Longitude"",EAST]]",59,151,0.008983152841195215,0.008983152841195215,"(0.008983152841195215, 0.0, 89.22965717159208, 0.0, -0.008983152841195215, 23.014837579142142, 0.0, 0.0, 1.0)","(89.22965717159208, 21.658381500121664, 89.7596631892226, 23.014837579142142)",-9999.0,4732,4177
CHIRPS,2018_04.tif,E:\Geospatial\Precipitation Downscaling\Precipitation-Downscaling-Khulna\data\processed\rasters_aligned\monthly\CHIRPS\2018_04.tif,"GEOGCS[""WGS 84"",DATUM[""World Geodetic System 1984"",SPHEROID[""WGS 84"",6378137,298.257223563]],PRIMEM[""Greenwich"",0],UNIT[""degree"",0.0174532925199433,AUTHORITY[""EPSG"",""9122""]],AXIS[""Latitude"",NORTH],AXIS[""Longitude"",EAST]]",59,151,0.008983152841195215,0.008983152841195215,"(0.008983152841195215, 0.0, 89.22965717159208, 0.0, -0.008983152841195215, 23.014837579142142, 0.0, 0.0, 1.0)","(89.22965717159208, 21.658381500121664, 89.7596631892226, 23.014837579142142)",-9999.0,4732,4177
CHIRPS,2018_05.tif,E:\Geospatial\Precipitation Downscaling\Precipitation-Downscaling-Khulna\data\processed\rasters_aligned\monthly\CHIRPS\2018_05.tif,"GEOGCS[""WGS 84"",DATUM[""World Geodetic System 1984"",SPHEROID[""WGS 84"",6378137,298.257223563]],PRIMEM[""Greenwich"",0],UNIT[""degree"",0.0174532925199433,AUTHORITY[""EPSG"",""9122""]],AXIS[""Latitude"",NORTH],AXIS[""Longitude"",EAST]]",59,151,0.008983152841195215,0.008983152841195215,"(0.008983152841195215, 0.0, 89.22965717159208, 0.0, -0.008983152841195215, 23.014837579142142, 0.0, 0.0, 1.0)","(89.22965717159208, 21.658381500121664, 89.7596631892226, 23.014837579142142)",-9999.0,4732,4177
CHIRPS,2018_06.tif,E:\Geospatial\Precipitation Downscaling\Precipitation-Downscaling-Khulna\data\processed\rasters_aligned\monthly\CHIRPS\2018_06.tif,"GEOGCS[""WGS 84"",DATUM[""World Geodetic System 1984"",SPHEROID[""WGS 84"",6378137,298.257223563]],PRIMEM[""Greenwich"",0],UNIT[""degree"",0.0174532925199433,AUTHORITY[""EPSG"",""9122""]],AXIS[""Latitude"",NORTH],AXIS[""Longitude"",EAST]]",59,151,0.008983152841195215,0.008983152841195215,"(0.008983152841195215, 0.0, 89.22965717159208, 0.0, -0.008983152841195215, 23.014837579142142, 0.0, 0.0, 1.0)","(89.22965717159208, 21.658381500121664, 89.7596631892226, 23.014837579142142)",-9999.0,4732,4177
CHIRPS,2018_07.tif,E:\Geospatial\Precipitation Downscaling\Precipitation-Downscaling-Khulna\data\processed\rasters_aligned\monthly\CHIRPS\2018_07.tif,"GEOGCS[""WGS 84"",DATUM[""World Geodetic System 1984"",SPHEROID[""WGS 84"",6378137,298.257223563]],PRIMEM[""Greenwich"",0],UNIT[""degree"",0.0174532925199433,AUTHORITY[""EPSG"",""9122""]],AXIS[""Latitude"",NORTH],AXIS[""Longitude"",EAST]]",59,151,0.008983152841195215,0.008983152841195215,"(0.008983152841195215, 0.0, 89.22965717159208, 0.0, -0.008983152841195215, 23.014837579142142, 0.0, 0.0, 1.0)","(89.22965717159208, 21.658381500121664, 89.7596631892226, 23.014837579142142)",-9999.0,4732,4177
CHIRPS,2018_08.tif,E:\Geospatial\Precipitation Downscaling\Precipitation-Downscaling-Khulna\data\processed\rasters_aligned\monthly\CHIRPS\2018_08.tif,"GEOGCS[""WGS 84"",DATUM[""World Geodetic System 1984"",SPHEROID[""WGS 84"",6378137,298.257223563]],PRIMEM[""Greenwich"",0],UNIT[""degree"",0.0174532925199433,AUTHORITY[""EPSG"",""9122""]],AXIS[""Latitude"",NORTH],AXIS[""Longitude"",EAST]]",59,151,0.008983152841195215,0.008983152841195215,"(0.008983152841195215, 0.0, 89.22965717159208, 0.0, -0.008983152841195215, 23.014837579142142, 0.0, 0.0, 1.0)","(89.22965717159208, 21.658381500121664, 89.7596631892226, 23.014837579142142)",-9999.0,4732,4177
CHIRPS,2018_09.tif,E:\Geospatial\Precipitation Downscaling\Precipitation-Downscaling-Khulna\data\processed\rasters_aligned\monthly\CHIRPS\2018_09.tif,"GEOGCS[""WGS 84"",DATUM[""World Geodetic System 1984"",SPHEROID[""WGS 84"",6378137,298.257223563]],PRIMEM[""Greenwich"",0],UNIT[""degree"",0.0174532925199433,AUTHORITY[""EPSG"",""9122""]],AXIS[""Latitude"",NORTH],AXIS[""Longitude"",EAST]]",59,151,0.008983152841195215,0.008983152841195215,"(0.008983152841195215, 0.0, 89.22965717159208, 0.0, -0.008983152841195215, 23.014837579142142, 0.0, 0.0, 1.0)","(89.22965717159208, 21.658381500121664, 89.7596631892226, 23.014837579142142)",-9999.0,4732,4177
CHIRPS,2018_10.tif,E:\Geospatial\Precipitation Downscaling\Precipitation-Downscaling-Khulna\data\processed\rasters_aligned\monthly\CHIRPS\2018_10.tif,"GEOGCS[""WGS 84"",DATUM[""World Geodetic System 1984"",SPHEROID[""WGS 84"",6378137,298.257223563]],PRIMEM[""Greenwich"",0],UNIT[""degree"",0.0174532925199433,AUTHORITY[""EPSG"",""9122""]],AXIS[""Latitude"",NORTH],AXIS[""Longitude"",EAST]]",59,151,0.008983152841195215,0.008983152841195215,"(0.008983152841195215, 0.0, 89.22965717159208, 0.0, -0.008983152841195215, 23.014837579142142, 0.0, 0.0, 1.0)","(89.22965717159208, 21.658381500121664, 89.7596631892226, 23.014837579142142)",-9999.0,4732,4177
CHIRPS,2018_11.tif,E:\Geospatial\Precipitation Downscaling\Precipitation-Downscaling-Khulna\data\processed\rasters_aligned\monthly\CHIRPS\2018_11.tif,"GEOGCS[""WGS 84"",DATUM[""World Geodetic System 1984"",SPHEROID[""WGS 84"",6378137,298.257223563]],PRIMEM[""Greenwich"",0],UNIT[""degree"",0.0174532925199433,AUTHORITY[""EPSG"",""9122""]],AXIS[""Latitude"",NORTH],AXIS[""Longitude"",EAST]]",59,151,0.008983152841195215,0.008983152841195215,"(0.008983152841195215, 0.0, 89.22965717159208, 0.0, -0.008983152841195215, 23.014837579142142, 0.0, 0.0, 1.0)","(89.22965717159208, 21.658381500121664, 89.7596631892226, 23.014837579142142)",-9999.0,4732,4177
CHIRPS,2018_12.tif,E:\Geospatial\Precipitation Downscaling\Precipitation-Downscaling-Khulna\data\processed\rasters_aligned\monthly\CHIRPS\2018_12.tif,"GEOGCS[""WGS 84"",DATUM[""World Geodetic System 1984"",SPHEROID[""WGS 84"",6378137,298.257223563]],PRIMEM[""Greenwich"",0],UNIT[""degree"",0.0174532925199433,AUTHORITY[""EPSG"",""9122""]],AXIS[""Latitude"",NORTH],AXIS[""Longitude"",EAST]]",59,151,0.008983152841195215,0.008983152841195215,"(0.008983152841195215, 0.0, 89.22965717159208, 0.0, -0.008983152841195215, 23.014837579142142, 0.0, 0.0, 1.0)","(89.22965717159208, 21.658381500121664, 89.7596631892226, 23.014837579142142)",-9999.0,4732,4177
CHIRPS,2019_01.tif,E:\Geospatial\Precipitation Downscaling\Precipitation-Downscaling-Khulna\data\processed\rasters_aligned\monthly\CHIRPS\2019_01.tif,"GEOGCS[""WGS 84"",DATUM[""World Geodetic System 1984"",SPHEROID[""WGS 84"",6378137,298.257223563]],PRIMEM[""Greenwich"",0],UNIT[""degree"",0.0174532925199433,AUTHORITY[""EPSG"",""9122""]],AXIS[""Latitude"",NORTH],AXIS[""Longitude"",EAST]]",59,151,0.008983152841195215,0.008983152841195215,"(0.008983152841195215, 0.0, 89.22965717159208, 0.0, -0.008983152841195215, 23.014837579142142, 0.0, 0.0, 1.0)","(89.22965717159208, 21.658381500121664, 89.7596631892226, 23.014837579142142)",-9999.0,4732,4177
CHIRPS,2019_02.tif,E:\Geospatial\Precipitation Downscaling\Precipitation-Downscaling-Khulna\data\processed\rasters_aligned\monthly\CHIRPS\2019_02.tif,"GEOGCS[""WGS 84"",DATUM[""World Geodetic System 1984"",SPHEROID[""WGS 84"",6378137,298.257223563]],PRIMEM[""Greenwich"",0],UNIT[""degree"",0.0174532925199433,AUTHORITY[""EPSG"",""9122""]],AXIS[""Latitude"",NORTH],AXIS[""Longitude"",EAST]]",59,151,0.008983152841195215,0.008983152841195215,"(0.008983152841195215, 0.0, 89.22965717159208, 0.0, -0.008983152841195215, 23.014837579142142, 0.0, 0.0, 1.0)","(89.22965717159208, 21.658381500121664, 89.7596631892226, 23.014837579142142)",-9999.0,4732,4177
CHIRPS,2019_03.tif,E:\Geospatial\Precipitation Downscaling\Precipitation-Downscaling-Khulna\data\processed\rasters_aligned\monthly\CHIRPS\2019_03.tif,"GEOGCS[""WGS 84"",DATUM[""World Geodetic System 1984"",SPHEROID[""WGS 84"",6378137,298.257223563]],PRIMEM[""Greenwich"",0],UNIT[""degree"",0.0174532925199433,AUTHORITY[""EPSG"",""9122""]],AXIS[""Latitude"",NORTH],AXIS[""Longitude"",EAST]]",59,151,0.008983152841195215,0.008983152841195215,"(0.008983152841195215, 0.0, 89.22965717159208, 0.0, -0.008983152841195215, 23.014837579142142, 0.0, 0.0, 1.0)","(89.22965717159208, 21.658381500121664, 89.7596631892226, 23.014837579142142)",-9999.0,4732,4177
CHIRPS,2019_04.tif,E:\Geospatial\Precipitation Downscaling\Precipitation-Downscaling-Khulna\data\processed\rasters_aligned\monthly\CHIRPS\2019_04.tif,"GEOGCS[""WGS 84"",DATUM[""World Geodetic System 1984"",SPHEROID[""WGS 84"",6378137,298.257223563]],PRIMEM[""Greenwich"",0],UNIT[""degree"",0.0174532925199433,AUTHORITY[""EPSG"",""9122""]],AXIS[""Latitude"",NORTH],AXIS[""Longitude"",EAST]]",59,151,0.008983152841195215,0.008983152841195215,"(0.008983152841195215, 0.0, 89.22965717159208, 0.0, -0.008983152841195215, 23.014837579142142, 0.0, 0.0, 1.0)","(89.22965717159208, 21.658381500121664, 89.7596631892226, 23.014837579142142)",-9999.0,4732,4177
CHIRPS,2019_05.tif,E:\Geospatial\Precipitation Downscaling\Precipitation-Downscaling-Khulna\data\processed\rasters_aligned\monthly\CHIRPS\2019_05.tif,"GEOGCS[""WGS 84"",DATUM[""World Geodetic System 1984"",SPHEROID[""WGS 84"",6378137,298.257223563]],PRIMEM[""Greenwich"",0],UNIT[""degree"",0.0174532925199433,AUTHORITY[""EPSG"",""9122""]],AXIS[""Latitude"",NORTH],AXIS[""Longitude"",EAST]]",59,151,0.008983152841195215,0.008983152841195215,"(0.008983152841195215, 0.0, 89.22965717159208, 0.0, -0.008983152841195215, 23.014837579142142, 0.0, 0.0, 1.0)","(89.22965717159208, 21.658381500121664, 89.7596631892226, 23.014837579142142)",-9999.0,4732,4177
CHIRPS,2019_06.tif,E:\Geospatial\Precipitation Downscaling\Precipitation-Downscaling-Khulna\data\processed\rasters_aligned\monthly\CHIRPS\2019_06.tif,"GEOGCS[""WGS 84"",DATUM[""World Geodetic System 1984"",SPHEROID[""WGS 84"",6378137,298.257223563]],PRIMEM[""Greenwich"",0],UNIT[""degree"",0.0174532925199433,AUTHORITY[""EPSG"",""9122""]],AXIS[""Latitude"",NORTH],AXIS[""Longitude"",EAST]]",59,151,0.008983152841195215,0.008983152841195215,"(0.008983152841195215, 0.0, 89.22965717159208, 0.0, -0.008983152841195215, 23.014837579142142, 0.0, 0.0, 1.0)","(89.22965717159208, 21.658381500121664, 89.7596631892226, 23.014837579142142)",-9999.0,4732,4177
CHIRPS,2019_07.tif,E:\Geospatial\Precipitation Downscaling\Precipitation-Downscaling-Khulna\data\processed\rasters_aligned\monthly\CHIRPS\2019_07.tif,"GEOGCS[""WGS 84"",DATUM[""World Geodetic System 1984"",SPHEROID[""WGS 84"",6378137,298.257223563]],PRIMEM[""Greenwich"",0],UNIT[""degree"",0.0174532925199433,AUTHORITY[""EPSG"",""9122""]],AXIS[""Latitude"",NORTH],AXIS[""Longitude"",EAST]]",59,151,0.008983152841195215,0.008983152841195215,"(0.008983152841195215, 0.0, 89.22965717159208, 0.0, -0.008983152841195215, 23.014837579142142, 0.0, 0.0, 1.0)","(89.22965717159208, 21.658381500121664, 89.7596631892226, 23.014837579142142)",-9999.0,4732,4177
CHIRPS,2019_08.tif,E:\Geospatial\Precipitation Downscaling\Precipitation-Downscaling-Khulna\data\processed\rasters_aligned\monthly\CHIRPS\2019_08.tif,"GEOGCS[""WGS 84"",DATUM[""World Geodetic System 1984"",SPHEROID[""WGS 84"",6378137,298.257223563]],PRIMEM[""Greenwich"",0],UNIT[""degree"",0.0174532925199433,AUTHORITY[""EPSG"",""9122""]],AXIS[""Latitude"",NORTH],AXIS[""Longitude"",EAST]]",59,151,0.008983152841195215,0.008983152841195215,"(0.008983152841195215, 0.0, 89.22965717159208, 0.0, -0.008983152841195215, 23.014837579142142, 0.0, 0.0, 1.0)","(89.22965717159208, 21.658381500121664, 89.7596631892226, 23.014837579142142)",-9999.0,4732,4177
CHIRPS,2019_09.tif,E:\Geospatial\Precipitation Downscaling\Precipitation-Downscaling-Khulna\data\processed\rasters_aligned\monthly\CHIRPS\2019_09.tif,"GEOGCS[""WGS 84"",DATUM[""World Geodetic System 1984"",SPHEROID[""WGS 84"",6378137,298.257223563]],PRIMEM[""Greenwich"",0],UNIT[""degree"",0.0174532925199433,AUTHORITY[""EPSG"",""9122""]],AXIS[""Latitude"",NORTH],AXIS[""Longitude"",EAST]]",59,151,0.008983152841195215,0.008983152841195215,"(0.008983152841195215, 0.0, 89.22965717159208, 0.0, -0.008983152841195215, 23.014837579142142, 0.0, 0.0, 1.0)","(89.22965717159208, 21.658381500121664, 89.7596631892226, 23.014837579142142)",-9999.0,4732,4177
CHIRPS,2019_10.tif,E:\Geospatial\Precipitation Downscaling\Precipitation-Downscaling-Khulna\data\processed\rasters_aligned\monthly\CHIRPS\2019_10.tif,"GEOGCS[""WGS 84"",DATUM[""World Geodetic System 1984"",SPHEROID[""WGS 84"",6378137,298.257223563]],PRIMEM[""Greenwich"",0],UNIT[""degree"",0.0174532925199433,AUTHORITY[""EPSG"",""9122""]],AXIS[""Latitude"",NORTH],AXIS[""Longitude"",EAST]]",59,151,0.008983152841195215,0.008983152841195215,"(0.008983152841195215, 0.0, 89.22965717159208, 0.0, -0.008983152841195215, 23.014837579142142, 0.0, 0.0, 1.0)","(89.22965717159208, 21.658381500121664, 89.7596631892226, 23.014837579142142)",-9999.0,4732,4177
CHIRPS,2019_11.tif,E:\Geospatial\Precipitation Downscaling\Precipitation-Downscaling-Khulna\data\processed\rasters_aligned\monthly\CHIRPS\2019_11.tif,"GEOGCS[""WGS 84"",DATUM[""World Geodetic System 1984"",SPHEROID[""WGS 84"",6378137,298.257223563]],PRIMEM[""Greenwich"",0],UNIT[""degree"",0.0174532925199433,AUTHORITY[""EPSG"",""9122""]],AXIS[""Latitude"",NORTH],AXIS[""Longitude"",EAST]]",59,151,0.008983152841195215,0.008983152841195215,"(0.008983152841195215, 0.0, 89.22965717159208, 0.0, -0.008983152841195215, 23.014837579142142, 0.0, 0.0, 1.0)","(89.22965717159208, 21.658381500121664, 89.7596631892226, 23.014837579142142)",-9999.0,4732,4177
CHIRPS,2019_12.tif,E:\Geospatial\Precipitation Downscaling\Precipitation-Downscaling-Khulna\data\processed\rasters_aligned\monthly\CHIRPS\2019_12.tif,"GEOGCS[""WGS 84"",DATUM[""World Geodetic System 1984"",SPHEROID[""WGS 84"",6378137,298.257223563]],PRIMEM[""Greenwich"",0],UNIT[""degree"",0.0174532925199433,AUTHORITY[""EPSG"",""9122""]],AXIS[""Latitude"",NORTH],AXIS[""Longitude"",EAST]]",59,151,0.008983152841195215,0.008983152841195215,"(0.008983152841195215, 0.0, 89.22965717159208, 0.0, -0.008983152841195215, 23.014837579142142, 0.0, 0.0, 1.0)","(89.22965717159208, 21.658381500121664, 89.7596631892226, 23.014837579142142)",-9999.0,4732,4177
CHIRPS,2020_01.tif,E:\Geospatial\Precipitation Downscaling\Precipitation-Downscaling-Khulna\data\processed\rasters_aligned\monthly\CHIRPS\2020_01.tif,"GEOGCS[""WGS 84"",DATUM[""World Geodetic System 1984"",SPHEROID[""WGS 84"",6378137,298.257223563]],PRIMEM[""Greenwich"",0],UNIT[""degree"",0.0174532925199433,AUTHORITY[""EPSG"",""9122""]],AXIS[""Latitude"",NORTH],AXIS[""Longitude"",EAST]]",59,151,0.008983152841195215,0.008983152841195215,"(0.008983152841195215, 0.0, 89.22965717159208, 0.0, -0.008983152841195215, 23.014837579142142, 0.0, 0.0, 1.0)","(89.22965717159208, 21.658381500121664, 89.7596631892226, 23.014837579142142)",-9999.0,4732,4177
CHIRPS,2020_02.tif,E:\Geospatial\Precipitation Downscaling\Precipitation-Downscaling-Khulna\data\processed\rasters_aligned\monthly\CHIRPS\2020_02.tif,"GEOGCS[""WGS 84"",DATUM[""World Geodetic System 1984"",SPHEROID[""WGS 84"",6378137,298.257223563]],PRIMEM[""Greenwich"",0],UNIT[""degree"",0.0174532925199433,AUTHORITY[""EPSG"",""9122""]],AXIS[""Latitude"",NORTH],AXIS[""Longitude"",EAST]]",59,151,0.008983152841195215,0.008983152841195215,"(0.008983152841195215, 0.0, 89.22965717159208, 0.0, -0.008983152841195215, 23.014837579142142, 0.0, 0.0, 1.0)","(89.22965717159208, 21.658381500121664, 89.7596631892226, 23.014837579142142)",-9999.0,4732,4177
CHIRPS,2020_03.tif,E:\Geospatial\Precipitation Downscaling\Precipitation-Downscaling-Khulna\data\processed\rasters_aligned\monthly\CHIRPS\2020_03.tif,"GEOGCS[""WGS 84"",DATUM[""World Geodetic System 1984"",SPHEROID[""WGS 84"",6378137,298.257223563]],PRIMEM[""Greenwich"",0],UNIT[""degree"",0.0174532925199433,AUTHORITY[""EPSG"",""9122""]],AXIS[""Latitude"",NORTH],AXIS[""Longitude"",EAST]]",59,151,0.008983152841195215,0.008983152841195215,"(0.008983152841195215, 0.0, 89.22965717159208, 0.0, -0.008983152841195215, 23.014837579142142, 0.0, 0.0, 1.0)","(89.22965717159208, 21.658381500121664, 89.7596631892226, 23.014837579142142)",-9999.0,4732,4177
CHIRPS,2020_04.tif,E:\Geospatial\Precipitation Downscaling\Precipitation-Downscaling-Khulna\data\processed\rasters_aligned\monthly\CHIRPS\2020_04.tif,"GEOGCS[""WGS 84"",DATUM[""World Geodetic System 1984"",SPHEROID[""WGS 84"",6378137,298.257223563]],PRIMEM[""Greenwich"",0],UNIT[""degree"",0.0174532925199433,AUTHORITY[""EPSG"",""9122""]],AXIS[""Latitude"",NORTH],AXIS[""Longitude"",EAST]]",59,151,0.008983152841195215,0.008983152841195215,"(0.008983152841195215, 0.0, 89.22965717159208, 0.0, -0.008983152841195215, 23.014837579142142, 0.0, 0.0, 1.0)","(89.22965717159208, 21.658381500121664, 89.7596631892226, 23.014837579142142)",-9999.0,4732,4177
CHIRPS,2020_05.tif,E:\Geospatial\Precipitation Downscaling\Precipitation-Downscaling-Khulna\data\processed\rasters_aligned\monthly\CHIRPS\2020_05.tif,"GEOGCS[""WGS 84"",DATUM[""World Geodetic System 1984"",SPHEROID[""WGS 84"",6378137,298.257223563]],PRIMEM[""Greenwich"",0],UNIT[""degree"",0.0174532925199433,AUTHORITY[""EPSG"",""9122""]],AXIS[""Latitude"",NORTH],AXIS[""Longitude"",EAST]]",59,151,0.008983152841195215,0.008983152841195215,"(0.008983152841195215, 0.0, 89.22965717159208, 0.0, -0.008983152841195215, 23.014837579142142, 0.0, 0.0, 1.0)","(89.22965717159208, 21.658381500121664, 89.7596631892226, 23.014837579142142)",-9999.0,4732,4177
CHIRPS,2020_06.tif,E:\Geospatial\Precipitation Downscaling\Precipitation-Downscaling-Khulna\data\processed\rasters_aligned\monthly\CHIRPS\2020_06.tif,"GEOGCS[""WGS 84"",DATUM[""World Geodetic System 1984"",SPHEROID[""WGS 84"",6378137,298.257223563]],PRIMEM[""Greenwich"",0],UNIT[""degree"",0.0174532925199433,AUTHORITY[""EPSG"",""9122""]],AXIS[""Latitude"",NORTH],AXIS[""Longitude"",EAST]]",59,151,0.008983152841195215,0.008983152841195215,"(0.008983152841195215, 0.0, 89.22965717159208, 0.0, -0.008983152841195215, 23.014837579142142, 0.0, 0.0, 1.0)","(89.22965717159208, 21.658381500121664, 89.7596631892226, 23.014837579142142)",-9999.0,4732,4177
CHIRPS,2020_07.tif,E:\Geospatial\Precipitation Downscaling\Precipitation-Downscaling-Khulna\data\processed\rasters_aligned\monthly\CHIRPS\2020_07.tif,"GEOGCS[""WGS 84"",DATUM[""World Geodetic System 1984"",SPHEROID[""WGS 84"",6378137,298.257223563]],PRIMEM[""Greenwich"",0],UNIT[""degree"",0.0174532925199433,AUTHORITY[""EPSG"",""9122""]],AXIS[""Latitude"",NORTH],AXIS[""Longitude"",EAST]]",59,151,0.008983152841195215,0.008983152841195215,"(0.008983152841195215, 0.0, 89.22965717159208, 0.0, -0.008983152841195215, 23.014837579142142, 0.0, 0.0, 1.0)","(89.22965717159208, 21.658381500121664, 89.7596631892226, 23.014837579142142)",-9999.0,4732,4177
CHIRPS,2020_08.tif,E:\Geospatial\Precipitation Downscaling\Precipitation-Downscaling-Khulna\data\processed\rasters_aligned\monthly\CHIRPS\2020_08.tif,"GEOGCS[""WGS 84"",DATUM[""World Geodetic System 1984"",SPHEROID[""WGS 84"",6378137,298.257223563]],PRIMEM[""Greenwich"",0],UNIT[""degree"",0.0174532925199433,AUTHORITY[""EPSG"",""9122""]],AXIS[""Latitude"",NORTH],AXIS[""Longitude"",EAST]]",59,151,0.008983152841195215,0.008983152841195215,"(0.008983152841195215, 0.0, 89.22965717159208, 0.0, -0.008983152841195215, 23.014837579142142, 0.0, 0.0, 1.0)","(89.22965717159208, 21.658381500121664, 89.7596631892226, 23.014837579142142)",-9999.0,4732,4177
CHIRPS,2020_09.tif,E:\Geospatial\Precipitation Downscaling\Precipitation-Downscaling-Khulna\data\processed\rasters_aligned\monthly\CHIRPS\2020_09.tif,"GEOGCS[""WGS 84"",DATUM[""World Geodetic System 1984"",SPHEROID[""WGS 84"",6378137,298.257223563]],PRIMEM[""Greenwich"",0],UNIT[""degree"",0.0174532925199433,AUTHORITY[""EPSG"",""9122""]],AXIS[""Latitude"",NORTH],AXIS[""Longitude"",EAST]]",59,151,0.008983152841195215,0.008983152841195215,"(0.008983152841195215, 0.0, 89.22965717159208, 0.0, -0.008983152841195215, 23.014837579142142, 0.0, 0.0, 1.0)","(89.22965717159208, 21.658381500121664, 89.7596631892226, 23.014837579142142)",-9999.0,4732,4177
CHIRPS,2020_10.tif,E:\Geospatial\Precipitation Downscaling\Precipitation-Downscaling-Khulna\data\processed\rasters_aligned\monthly\CHIRPS\2020_10.tif,"GEOGCS[""WGS 84"",DATUM[""World Geodetic System 1984"",SPHEROID[""WGS 84"",6378137,298.257223563]],PRIMEM[""Greenwich"",0],UNIT[""degree"",0.0174532925199433,AUTHORITY[""EPSG"",""9122""]],AXIS[""Latitude"",NORTH],AXIS[""Longitude"",EAST]]",59,151,0.008983152841195215,0.008983152841195215,"(0.008983152841195215, 0.0, 89.22965717159208, 0.0, -0.008983152841195215, 23.014837579142142, 0.0, 0.0, 1.0)","(89.22965717159208, 21.658381500121664, 89.7596631892226, 23.014837579142142)",-9999.0,4732,4177
CHIRPS,2020_11.tif,E:\Geospatial\Precipitation Downscaling\Precipitation-Downscaling-Khulna\data\processed\rasters_aligned\monthly\CHIRPS\2020_11.tif,"GEOGCS[""WGS 84"",DATUM[""World Geodetic System 1984"",SPHEROID[""WGS 84"",6378137,298.257223563]],PRIMEM[""Greenwich"",0],UNIT[""degree"",0.0174532925199433,AUTHORITY[""EPSG"",""9122""]],AXIS[""Latitude"",NORTH],AXIS[""Longitude"",EAST]]",59,151,0.008983152841195215,0.008983152841195215,"(0.008983152841195215, 0.0, 89.22965717159208, 0.0, -0.008983152841195215, 23.014837579142142, 0.0, 0.0, 1.0)","(89.22965717159208, 21.658381500121664, 89.7596631892226, 23.014837579142142)",-9999.0,4732,4177
CHIRPS,2020_12.tif,E:\Geospatial\Precipitation Downscaling\Precipitation-Downscaling-Khulna\data\processed\rasters_aligned\monthly\CHIRPS\2020_12.tif,"GEOGCS[""WGS 84"",DATUM[""World Geodetic System 1984"",SPHEROID[""WGS 84"",6378137,298.257223563]],PRIMEM[""Greenwich"",0],UNIT[""degree"",0.0174532925199433,AUTHORITY[""EPSG"",""9122""]],AXIS[""Latitude"",NORTH],AXIS[""Longitude"",EAST]]",59,151,0.008983152841195215,0.008983152841195215,"(0.008983152841195215, 0.0, 89.22965717159208, 0.0, -0.008983152841195215, 23.014837579142142, 0.0, 0.0, 1.0)","(89.22965717159208, 21.658381500121664, 89.7596631892226, 23.014837579142142)",-9999.0,4732,4177
CHIRPS,2021_01.tif,E:\Geospatial\Precipitation Downscaling\Precipitation-Downscaling-Khulna\data\processed\rasters_aligned\monthly\CHIRPS\2021_01.tif,"GEOGCS[""WGS 84"",DATUM[""World Geodetic System 1984"",SPHEROID[""WGS 84"",6378137,298.257223563]],PRIMEM[""Greenwich"",0],UNIT[""degree"",0.0174532925199433,AUTHORITY[""EPSG"",""9122""]],AXIS[""Latitude"",NORTH],AXIS[""Longitude"",EAST]]",59,151,0.008983152841195215,0.008983152841195215,"(0.008983152841195215, 0.0, 89.22965717159208, 0.0, -0.008983152841195215, 23.014837579142142, 0.0, 0.0, 1.0)","(89.22965717159208, 21.658381500121664, 89.7596631892226, 23.014837579142142)",-9999.0,4732,4177
CHIRPS,2021_02.tif,E:\Geospatial\Precipitation Downscaling\Precipitation-Downscaling-Khulna\data\processed\rasters_aligned\monthly\CHIRPS\2021_02.tif,"GEOGCS[""WGS 84"",DATUM[""World Geodetic System 1984"",SPHEROID[""WGS 84"",6378137,298.257223563]],PRIMEM[""Greenwich"",0],UNIT[""degree"",0.0174532925199433,AUTHORITY[""EPSG"",""9122""]],AXIS[""Latitude"",NORTH],AXIS[""Longitude"",EAST]]",59,151,0.008983152841195215,0.008983152841195215,"(0.008983152841195215, 0.0, 89.22965717159208, 0.0, -0.008983152841195215, 23.014837579142142, 0.0, 0.0, 1.0)","(89.22965717159208, 21.658381500121664, 89.7596631892226, 23.014837579142142)",-9999.0,4732,4177
CHIRPS,2021_03.tif,E:\Geospatial\Precipitation Downscaling\Precipitation-Downscaling-Khulna\data\processed\rasters_aligned\monthly\CHIRPS\2021_03.tif,"GEOGCS[""WGS 84"",DATUM[""World Geodetic System 1984"",SPHEROID[""WGS 84"",6378137,298.257223563]],PRIMEM[""Greenwich"",0],UNIT[""degree"",0.0174532925199433,AUTHORITY[""EPSG"",""9122""]],AXIS[""Latitude"",NORTH],AXIS[""Longitude"",EAST]]",59,151,0.008983152841195215,0.008983152841195215,"(0.008983152841195215, 0.0, 89.22965717159208, 0.0, -0.008983152841195215, 23.014837579142142, 0.0, 0.0, 1.0)","(89.22965717159208, 21.658381500121664, 89.7596631892226, 23.014837579142142)",-9999.0,4732,4177
CHIRPS,2021_04.tif,E:\Geospatial\Precipitation Downscaling\Precipitation-Downscaling-Khulna\data\processed\rasters_aligned\monthly\CHIRPS\2021_04.tif,"GEOGCS[""WGS 84"",DATUM[""World Geodetic System 1984"",SPHEROID[""WGS 84"",6378137,298.257223563]],PRIMEM[""Greenwich"",0],UNIT[""degree"",0.0174532925199433,AUTHORITY[""EPSG"",""9122""]],AXIS[""Latitude"",NORTH],AXIS[""Longitude"",EAST]]",59,151,0.008983152841195215,0.008983152841195215,"(0.008983152841195215, 0.0, 89.22965717159208, 0.0, -0.008983152841195215, 23.014837579142142, 0.0, 0.0, 1.0)","(89.22965717159208, 21.658381500121664, 89.7596631892226, 23.014837579142142)",-9999.0,4732,4177
CHIRPS,2021_05.tif,E:\Geospatial\Precipitation Downscaling\Precipitation-Downscaling-Khulna\data\processed\rasters_aligned\monthly\CHIRPS\2021_05.tif,"GEOGCS[""WGS 84"",DATUM[""World Geodetic System 1984"",SPHEROID[""WGS 84"",6378137,298.257223563]],PRIMEM[""Greenwich"",0],UNIT[""degree"",0.0174532925199433,AUTHORITY[""EPSG"",""9122""]],AXIS[""Latitude"",NORTH],AXIS[""Longitude"",EAST]]",59,151,0.008983152841195215,0.008983152841195215,"(0.008983152841195215, 0.0, 89.22965717159208, 0.0, -0.008983152841195215, 23.014837579142142, 0.0, 0.0, 1.0)","(89.22965717159208, 21.658381500121664, 89.7596631892226, 23.014837579142142)",-9999.0,4732,4177
CHIRPS,2021_06.tif,E:\Geospatial\Precipitation Downscaling\Precipitation-Downscaling-Khulna\data\processed\rasters_aligned\monthly\CHIRPS\2021_06.tif,"GEOGCS[""WGS 84"",DATUM[""World Geodetic System 1984"",SPHEROID[""WGS 84"",6378137,298.257223563]],PRIMEM[""Greenwich"",0],UNIT[""degree"",0.0174532925199433,AUTHORITY[""EPSG"",""9122""]],AXIS[""Latitude"",NORTH],AXIS[""Longitude"",EAST]]",59,151,0.008983152841195215,0.008983152841195215,"(0.008983152841195215, 0.0, 89.22965717159208, 0.0, -0.008983152841195215, 23.014837579142142, 0.0, 0.0, 1.0)","(89.22965717159208, 21.658381500121664, 89.7596631892226, 23.014837579142142)",-9999.0,4732,4177
CHIRPS,2021_07.tif,E:\Geospatial\Precipitation Downscaling\Precipitation-Downscaling-Khulna\data\processed\rasters_aligned\monthly\CHIRPS\2021_07.tif,"GEOGCS[""WGS 84"",DATUM[""World Geodetic System 1984"",SPHEROID[""WGS 84"",6378137,298.257223563]],PRIMEM[""Greenwich"",0],UNIT[""degree"",0.0174532925199433,AUTHORITY[""EPSG"",""9122""]],AXIS[""Latitude"",NORTH],AXIS[""Longitude"",EAST]]",59,151,0.008983152841195215,0.008983152841195215,"(0.008983152841195215, 0.0, 89.22965717159208, 0.0, -0.008983152841195215, 23.014837579142142, 0.0, 0.0, 1.0)","(89.22965717159208, 21.658381500121664, 89.7596631892226, 23.014837579142142)",-9999.0,4732,4177
CHIRPS,2021_08.tif,E:\Geospatial\Precipitation Downscaling\Precipitation-Downscaling-Khulna\data\processed\rasters_aligned\monthly\CHIRPS\2021_08.tif,"GEOGCS[""WGS 84"",DATUM[""World Geodetic System 1984"",SPHEROID[""WGS 84"",6378137,298.257223563]],PRIMEM[""Greenwich"",0],UNIT[""degree"",0.0174532925199433,AUTHORITY[""EPSG"",""9122""]],AXIS[""Latitude"",NORTH],AXIS[""Longitude"",EAST]]",59,151,0.008983152841195215,0.008983152841195215,"(0.008983152841195215, 0.0, 89.22965717159208, 0.0, -0.008983152841195215, 23.014837579142142, 0.0, 0.0, 1.0)","(89.22965717159208, 21.658381500121664, 89.7596631892226, 23.014837579142142)",-9999.0,4732,4177
CHIRPS,2021_09.tif,E:\Geospatial\Precipitation Downscaling\Precipitation-Downscaling-Khulna\data\processed\rasters_aligned\monthly\CHIRPS\2021_09.tif,"GEOGCS[""WGS 84"",DATUM[""World Geodetic System 1984"",SPHEROID[""WGS 84"",6378137,298.257223563]],PRIMEM[""Greenwich"",0],UNIT[""degree"",0.0174532925199433,AUTHORITY[""EPSG"",""9122""]],AXIS[""Latitude"",NORTH],AXIS[""Longitude"",EAST]]",59,151,0.008983152841195215,0.008983152841195215,"(0.008983152841195215, 0.0, 89.22965717159208, 0.0, -0.008983152841195215, 23.014837579142142, 0.0, 0.0, 1.0)","(89.22965717159208, 21.658381500121664, 89.7596631892226, 23.014837579142142)",-9999.0,4732,4177
CHIRPS,2021_10.tif,E:\Geospatial\Precipitation Downscaling\Precipitation-Downscaling-Khulna\data\processed\rasters_aligned\monthly\CHIRPS\2021_10.tif,"GEOGCS[""WGS 84"",DATUM[""World Geodetic System 1984"",SPHEROID[""WGS 84"",6378137,298.257223563]],PRIMEM[""Greenwich"",0],UNIT[""degree"",0.0174532925199433,AUTHORITY[""EPSG"",""9122""]],AXIS[""Latitude"",NORTH],AXIS[""Longitude"",EAST]]",59,151,0.008983152841195215,0.008983152841195215,"(0.008983152841195215, 0.0, 89.22965717159208, 0.0, -0.008983152841195215, 23.014837579142142, 0.0, 0.0, 1.0)","(89.22965717159208, 21.658381500121664, 89.7596631892226, 23.014837579142142)",-9999.0,4732,4177
CHIRPS,2021_11.tif,E:\Geospatial\Precipitation Downscaling\Precipitation-Downscaling-Khulna\data\processed\rasters_aligned\monthly\CHIRPS\2021_11.tif,"GEOGCS[""WGS 84"",DATUM[""World Geodetic System 1984"",SPHEROID[""WGS 84"",6378137,298.257223563]],PRIMEM[""Greenwich"",0],UNIT[""degree"",0.0174532925199433,AUTHORITY[""EPSG"",""9122""]],AXIS[""Latitude"",NORTH],AXIS[""Longitude"",EAST]]",59,151,0.008983152841195215,0.008983152841195215,"(0.008983152841195215, 0.0, 89.22965717159208, 0.0, -0.008983152841195215, 23.014837579142142, 0.0, 0.0, 1.0)","(89.22965717159208, 21.658381500121664, 89.7596631892226, 23.014837579142142)",-9999.0,4732,4177
CHIRPS,2021_12.tif,E:\Geospatial\Precipitation Downscaling\Precipitation-Downscaling-Khulna\data\processed\rasters_aligned\monthly\CHIRPS\2021_12.tif,"GEOGCS[""WGS 84"",DATUM[""World Geodetic System 1984"",SPHEROID[""WGS 84"",6378137,298.257223563]],PRIMEM[""Greenwich"",0],UNIT[""degree"",0.0174532925199433,AUTHORITY[""EPSG"",""9122""]],AXIS[""Latitude"",NORTH],AXIS[""Longitude"",EAST]]",59,151,0.008983152841195215,0.008983152841195215,"(0.008983152841195215, 0.0, 89.22965717159208, 0.0, -0.008983152841195215, 23.014837579142142, 0.0, 0.0, 1.0)","(89.22965717159208, 21.658381500121664, 89.7596631892226, 23.014837579142142)",-9999.0,4732,4177
CHIRPS,2022_01.tif,E:\Geospatial\Precipitation Downscaling\Precipitation-Downscaling-Khulna\data\processed\rasters_aligned\monthly\CHIRPS\2022_01.tif,"GEOGCS[""WGS 84"",DATUM[""World Geodetic System 1984"",SPHEROID[""WGS 84"",6378137,298.257223563]],PRIMEM[""Greenwich"",0],UNIT[""degree"",0.0174532925199433,AUTHORITY[""EPSG"",""9122""]],AXIS[""Latitude"",NORTH],AXIS[""Longitude"",EAST]]",59,151,0.008983152841195215,0.008983152841195215,"(0.008983152841195215, 0.0, 89.22965717159208, 0.0, -0.008983152841195215, 23.014837579142142, 0.0, 0.0, 1.0)","(89.22965717159208, 21.658381500121664, 89.7596631892226, 23.014837579142142)",-9999.0,4732,4177
CHIRPS,2022_02.tif,E:\Geospatial\Precipitation Downscaling\Precipitation-Downscaling-Khulna\data\processed\rasters_aligned\monthly\CHIRPS\2022_02.tif,"GEOGCS[""WGS 84"",DATUM[""World Geodetic System 1984"",SPHEROID[""WGS 84"",6378137,298.257223563]],PRIMEM[""Greenwich"",0],UNIT[""degree"",0.0174532925199433,AUTHORITY[""EPSG"",""9122""]],AXIS[""Latitude"",NORTH],AXIS[""Longitude"",EAST]]",59,151,0.008983152841195215,0.008983152841195215,"(0.008983152841195215, 0.0, 89.22965717159208, 0.0, -0.008983152841195215, 23.014837579142142, 0.0, 0.0, 1.0)","(89.22965717159208, 21.658381500121664, 89.7596631892226, 23.014837579142142)",-9999.0,4732,4177
CHIRPS,2022_03.tif,E:\Geospatial\Precipitation Downscaling\Precipitation-Downscaling-Khulna\data\processed\rasters_aligned\monthly\CHIRPS\2022_03.tif,"GEOGCS[""WGS 84"",DATUM[""World Geodetic System 1984"",SPHEROID[""WGS 84"",6378137,298.257223563]],PRIMEM[""Greenwich"",0],UNIT[""degree"",0.0174532925199433,AUTHORITY[""EPSG"",""9122""]],AXIS[""Latitude"",NORTH],AXIS[""Longitude"",EAST]]",59,151,0.008983152841195215,0.008983152841195215,"(0.008983152841195215, 0.0, 89.22965717159208, 0.0, -0.008983152841195215, 23.014837579142142, 0.0, 0.0, 1.0)","(89.22965717159208, 21.658381500121664, 89.7596631892226, 23.014837579142142)",-9999.0,4732,4177
CHIRPS,2022_04.tif,E:\Geospatial\Precipitation Downscaling\Precipitation-Downscaling-Khulna\data\processed\rasters_aligned\monthly\CHIRPS\2022_04.tif,"GEOGCS[""WGS 84"",DATUM[""World Geodetic System 1984"",SPHEROID[""WGS 84"",6378137,298.257223563]],PRIMEM[""Greenwich"",0],UNIT[""degree"",0.0174532925199433,AUTHORITY[""EPSG"",""9122""]],AXIS[""Latitude"",NORTH],AXIS[""Longitude"",EAST]]",59,151,0.008983152841195215,0.008983152841195215,"(0.008983152841195215, 0.0, 89.22965717159208, 0.0, -0.008983152841195215, 23.014837579142142, 0.0, 0.0, 1.0)","(89.22965717159208, 21.658381500121664, 89.7596631892226, 23.014837579142142)",-9999.0,4732,4177
CHIRPS,2022_05.tif,E:\Geospatial\Precipitation Downscaling\Precipitation-Downscaling-Khulna\data\processed\rasters_aligned\monthly\CHIRPS\2022_05.tif,"GEOGCS[""WGS 84"",DATUM[""World Geodetic System 1984"",SPHEROID[""WGS 84"",6378137,298.257223563]],PRIMEM[""Greenwich"",0],UNIT[""degree"",0.0174532925199433,AUTHORITY[""EPSG"",""9122""]],AXIS[""Latitude"",NORTH],AXIS[""Longitude"",EAST]]",59,151,0.008983152841195215,0.008983152841195215,"(0.008983152841195215, 0.0, 89.22965717159208, 0.0, -0.008983152841195215, 23.014837579142142, 0.0, 0.0, 1.0)","(89.22965717159208, 21.658381500121664, 89.7596631892226, 23.014837579142142)",-9999.0,4732,4177
CHIRPS,2022_06.tif,E:\Geospatial\Precipitation Downscaling\Precipitation-Downscaling-Khulna\data\processed\rasters_aligned\monthly\CHIRPS\2022_06.tif,"GEOGCS[""WGS 84"",DATUM[""World Geodetic System 1984"",SPHEROID[""WGS 84"",6378137,298.257223563]],PRIMEM[""Greenwich"",0],UNIT[""degree"",0.0174532925199433,AUTHORITY[""EPSG"",""9122""]],AXIS[""Latitude"",NORTH],AXIS[""Longitude"",EAST]]",59,151,0.008983152841195215,0.008983152841195215,"(0.008983152841195215, 0.0, 89.22965717159208, 0.0, -0.008983152841195215, 23.014837579142142, 0.0, 0.0, 1.0)","(89.22965717159208, 21.658381500121664, 89.7596631892226, 23.014837579142142)",-9999.0,4732,4177
CHIRPS,2022_07.tif,E:\Geospatial\Precipitation Downscaling\Precipitation-Downscaling-Khulna\data\processed\rasters_aligned\monthly\CHIRPS\2022_07.tif,"GEOGCS[""WGS 84"",DATUM[""World Geodetic System 1984"",SPHEROID[""WGS 84"",6378137,298.257223563]],PRIMEM[""Greenwich"",0],UNIT[""degree"",0.0174532925199433,AUTHORITY[""EPSG"",""9122""]],AXIS[""Latitude"",NORTH],AXIS[""Longitude"",EAST]]",59,151,0.008983152841195215,0.008983152841195215,"(0.008983152841195215, 0.0, 89.22965717159208, 0.0, -0.008983152841195215, 23.014837579142142, 0.0, 0.0, 1.0)","(89.22965717159208, 21.658381500121664, 89.7596631892226, 23.014837579142142)",-9999.0,4732,4177
CHIRPS,2022_08.tif,E:\Geospatial\Precipitation Downscaling\Precipitation-Downscaling-Khulna\data\processed\rasters_aligned\monthly\CHIRPS\2022_08.tif,"GEOGCS[""WGS 84"",DATUM[""World Geodetic System 1984"",SPHEROID[""WGS 84"",6378137,298.257223563]],PRIMEM[""Greenwich"",0],UNIT[""degree"",0.0174532925199433,AUTHORITY[""EPSG"",""9122""]],AXIS[""Latitude"",NORTH],AXIS[""Longitude"",EAST]]",59,151,0.008983152841195215,0.008983152841195215,"(0.008983152841195215, 0.0, 89.22965717159208, 0.0, -0.008983152841195215, 23.014837579142142, 0.0, 0.0, 1.0)","(89.22965717159208, 21.658381500121664, 89.7596631892226, 23.014837579142142)",-9999.0,4732,4177
CHIRPS,2022_09.tif,E:\Geospatial\Precipitation Downscaling\Precipitation-Downscaling-Khulna\data\processed\rasters_aligned\monthly\CHIRPS\2022_09.tif,"GEOGCS[""WGS 84"",DATUM[""World Geodetic System 1984"",SPHEROID[""WGS 84"",6378137,298.257223563]],PRIMEM[""Greenwich"",0],UNIT[""degree"",0.0174532925199433,AUTHORITY[""EPSG"",""9122""]],AXIS[""Latitude"",NORTH],AXIS[""Longitude"",EAST]]",59,151,0.008983152841195215,0.008983152841195215,"(0.008983152841195215, 0.0, 89.22965717159208, 0.0, -0.008983152841195215, 23.014837579142142, 0.0, 0.0, 1.0)","(89.22965717159208, 21.658381500121664, 89.7596631892226, 23.014837579142142)",-9999.0,4732,4177
CHIRPS,2022_10.tif,E:\Geospatial\Precipitation Downscaling\Precipitation-Downscaling-Khulna\data\processed\rasters_aligned\monthly\CHIRPS\2022_10.tif,"GEOGCS[""WGS 84"",DATUM[""World Geodetic System 1984"",SPHEROID[""WGS 84"",6378137,298.257223563]],PRIMEM[""Greenwich"",0],UNIT[""degree"",0.0174532925199433,AUTHORITY[""EPSG"",""9122""]],AXIS[""Latitude"",NORTH],AXIS[""Longitude"",EAST]]",59,151,0.008983152841195215,0.008983152841195215,"(0.008983152841195215, 0.0, 89.22965717159208, 0.0, -0.008983152841195215, 23.014837579142142, 0.0, 0.0, 1.0)","(89.22965717159208, 21.658381500121664, 89.7596631892226, 23.014837579142142)",-9999.0,4732,4177
CHIRPS,2022_11.tif,E:\Geospatial\Precipitation Downscaling\Precipitation-Downscaling-Khulna\data\processed\rasters_aligned\monthly\CHIRPS\2022_11.tif,"GEOGCS[""WGS 84"",DATUM[""World Geodetic System 1984"",SPHEROID[""WGS 84"",6378137,298.257223563]],PRIMEM[""Greenwich"",0],UNIT[""degree"",0.0174532925199433,AUTHORITY[""EPSG"",""9122""]],AXIS[""Latitude"",NORTH],AXIS[""Longitude"",EAST]]",59,151,0.008983152841195215,0.008983152841195215,"(0.008983152841195215, 0.0, 89.22965717159208, 0.0, -0.008983152841195215, 23.014837579142142, 0.0, 0.0, 1.0)","(89.22965717159208, 21.658381500121664, 89.7596631892226, 23.014837579142142)",-9999.0,4732,4177
CHIRPS,2022_12.tif,E:\Geospatial\Precipitation Downscaling\Precipitation-Downscaling-Khulna\data\processed\rasters_aligned\monthly\CHIRPS\2022_12.tif,"GEOGCS[""WGS 84"",DATUM[""World Geodetic System 1984"",SPHEROID[""WGS 84"",6378137,298.257223563]],PRIMEM[""Greenwich"",0],UNIT[""degree"",0.0174532925199433,AUTHORITY[""EPSG"",""9122""]],AXIS[""Latitude"",NORTH],AXIS[""Longitude"",EAST]]",59,151,0.008983152841195215,0.008983152841195215,"(0.008983152841195215, 0.0, 89.22965717159208, 0.0, -0.008983152841195215, 23.014837579142142, 0.0, 0.0, 1.0)","(89.22965717159208, 21.658381500121664, 89.7596631892226, 23.014837579142142)",-9999.0,4732,4177
ERA5,2017_01.tif,E:\Geospatial\Precipitation Downscaling\Precipitation-Downscaling-Khulna\data\processed\rasters_aligned\monthly\ERA5\2017_01.tif,"GEOGCS[""WGS 84"",DATUM[""World Geodetic System 1984"",SPHEROID[""WGS 84"",6378137,298.257223563]],PRIMEM[""Greenwich"",0],UNIT[""degree"",0.0174532925199433,AUTHORITY[""EPSG"",""9122""]],AXIS[""Latitude"",NORTH],AXIS[""Longitude"",EAST]]",59,151,0.008983152841195215,0.008983152841195215,"(0.008983152841195215, 0.0, 89.22965717159208, 0.0, -0.008983152841195215, 23.014837579142142, 0.0, 0.0, 1.0)","(89.22965717159208, 21.658381500121664, 89.7596631892226, 23.014837579142142)",-9999.0,4833,4076
ERA5,2017_02.tif,E:\Geospatial\Precipitation Downscaling\Precipitation-Downscaling-Khulna\data\processed\rasters_aligned\monthly\ERA5\2017_02.tif,"GEOGCS[""WGS 84"",DATUM[""World Geodetic System 1984"",SPHEROID[""WGS 84"",6378137,298.257223563]],PRIMEM[""Greenwich"",0],UNIT[""degree"",0.0174532925199433,AUTHORITY[""EPSG"",""9122""]],AXIS[""Latitude"",NORTH],AXIS[""Longitude"",EAST]]",59,151,0.008983152841195215,0.008983152841195215,"(0.008983152841195215, 0.0, 89.22965717159208, 0.0, -0.008983152841195215, 23.014837579142142, 0.0, 0.0, 1.0)","(89.22965717159208, 21.658381500121664, 89.7596631892226, 23.014837579142142)",-9999.0,4833,4076
ERA5,2017_03.tif,E:\Geospatial\Precipitation Downscaling\Precipitation-Downscaling-Khulna\data\processed\rasters_aligned\monthly\ERA5\2017_03.tif,"GEOGCS[""WGS 84"",DATUM[""World Geodetic System 1984"",SPHEROID[""WGS 84"",6378137,298.257223563]],PRIMEM[""Greenwich"",0],UNIT[""degree"",0.0174532925199433,AUTHORITY[""EPSG"",""9122""]],AXIS[""Latitude"",NORTH],AXIS[""Longitude"",EAST]]",59,151,0.008983152841195215,0.008983152841195215,"(0.008983152841195215, 0.0, 89.22965717159208, 0.0, -0.008983152841195215, 23.014837579142142, 0.0, 0.0, 1.0)","(89.22965717159208, 21.658381500121664, 89.7596631892226, 23.014837579142142)",-9999.0,4833,4076
ERA5,2017_04.tif,E:\Geospatial\Precipitation Downscaling\Precipitation-Downscaling-Khulna\data\processed\rasters_aligned\monthly\ERA5\2017_04.tif,"GEOGCS[""WGS 84"",DATUM[""World Geodetic System 1984"",SPHEROID[""WGS 84"",6378137,298.257223563]],PRIMEM[""Greenwich"",0],UNIT[""degree"",0.0174532925199433,AUTHORITY[""EPSG"",""9122""]],AXIS[""Latitude"",NORTH],AXIS[""Longitude"",EAST]]",59,151,0.008983152841195215,0.008983152841195215,"(0.008983152841195215, 0.0, 89.22965717159208, 0.0, -0.008983152841195215, 23.014837579142142, 0.0, 0.0, 1.0)","(89.22965717159208, 21.658381500121664, 89.7596631892226, 23.014837579142142)",-9999.0,4833,4076
ERA5,2017_05.tif,E:\Geospatial\Precipitation Downscaling\Precipitation-Downscaling-Khulna\data\processed\rasters_aligned\monthly\ERA5\2017_05.tif,"GEOGCS[""WGS 84"",DATUM[""World Geodetic System 1984"",SPHEROID[""WGS 84"",6378137,298.257223563]],PRIMEM[""Greenwich"",0],UNIT[""degree"",0.0174532925199433,AUTHORITY[""EPSG"",""9122""]],AXIS[""Latitude"",NORTH],AXIS[""Longitude"",EAST]]",59,151,0.008983152841195215,0.008983152841195215,"(0.008983152841195215, 0.0, 89.22965717159208, 0.0, -0.008983152841195215, 23.014837579142142, 0.0, 0.0, 1.0)","(89.22965717159208, 21.658381500121664, 89.7596631892226, 23.014837579142142)",-9999.0,4833,4076
ERA5,2017_06.tif,E:\Geospatial\Precipitation Downscaling\Precipitation-Downscaling-Khulna\data\processed\rasters_aligned\monthly\ERA5\2017_06.tif,"GEOGCS[""WGS 84"",DATUM[""World Geodetic System 1984"",SPHEROID[""WGS 84"",6378137,298.257223563]],PRIMEM[""Greenwich"",0],UNIT[""degree"",0.0174532925199433,AUTHORITY[""EPSG"",""9122""]],AXIS[""Latitude"",NORTH],AXIS[""Longitude"",EAST]]",59,151,0.008983152841195215,0.008983152841195215,"(0.008983152841195215, 0.0, 89.22965717159208, 0.0, -0.008983152841195215, 23.014837579142142, 0.0, 0.0, 1.0)","(89.22965717159208, 21.658381500121664, 89.7596631892226, 23.014837579142142)",-9999.0,4833,4076
ERA5,2017_07.tif,E:\Geospatial\Precipitation Downscaling\Precipitation-Downscaling-Khulna\data\processed\rasters_aligned\monthly\ERA5\2017_07.tif,"GEOGCS[""WGS 84"",DATUM[""World Geodetic System 1984"",SPHEROID[""WGS 84"",6378137,298.257223563]],PRIMEM[""Greenwich"",0],UNIT[""degree"",0.0174532925199433,AUTHORITY[""EPSG"",""9122""]],AXIS[""Latitude"",NORTH],AXIS[""Longitude"",EAST]]",59,151,0.008983152841195215,0.008983152841195215,"(0.008983152841195215, 0.0, 89.22965717159208, 0.0, -0.008983152841195215, 23.014837579142142, 0.0, 0.0, 1.0)","(89.22965717159208, 21.658381500121664, 89.7596631892226, 23.014837579142142)",-9999.0,4833,4076
ERA5,2017_08.tif,E:\Geospatial\Precipitation Downscaling\Precipitation-Downscaling-Khulna\data\processed\rasters_aligned\monthly\ERA5\2017_08.tif,"GEOGCS[""WGS 84"",DATUM[""World Geodetic System 1984"",SPHEROID[""WGS 84"",6378137,298.257223563]],PRIMEM[""Greenwich"",0],UNIT[""degree"",0.0174532925199433,AUTHORITY[""EPSG"",""9122""]],AXIS[""Latitude"",NORTH],AXIS[""Longitude"",EAST]]",59,151,0.008983152841195215,0.008983152841195215,"(0.008983152841195215, 0.0, 89.22965717159208, 0.0, -0.008983152841195215, 23.014837579142142, 0.0, 0.0, 1.0)","(89.22965717159208, 21.658381500121664, 89.7596631892226, 23.014837579142142)",-9999.0,4833,4076
ERA5,2017_09.tif,E:\Geospatial\Precipitation Downscaling\Precipitation-Downscaling-Khulna\data\processed\rasters_aligned\monthly\ERA5\2017_09.tif,"GEOGCS[""WGS 84"",DATUM[""World Geodetic System 1984"",SPHEROID[""WGS 84"",6378137,298.257223563]],PRIMEM[""Greenwich"",0],UNIT[""degree"",0.0174532925199433,AUTHORITY[""EPSG"",""9122""]],AXIS[""Latitude"",NORTH],AXIS[""Longitude"",EAST]]",59,151,0.008983152841195215,0.008983152841195215,"(0.008983152841195215, 0.0, 89.22965717159208, 0.0, -0.008983152841195215, 23.014837579142142, 0.0, 0.0, 1.0)","(89.22965717159208, 21.658381500121664, 89.7596631892226, 23.014837579142142)",-9999.0,4833,4076
ERA5,2017_10.tif,E:\Geospatial\Precipitation Downscaling\Precipitation-Downscaling-Khulna\data\processed\rasters_aligned\monthly\ERA5\2017_10.tif,"GEOGCS[""WGS 84"",DATUM[""World Geodetic System 1984"",SPHEROID[""WGS 84"",6378137,298.257223563]],PRIMEM[""Greenwich"",0],UNIT[""degree"",0.0174532925199433,AUTHORITY[""EPSG"",""9122""]],AXIS[""Latitude"",NORTH],AXIS[""Longitude"",EAST]]",59,151,0.008983152841195215,0.008983152841195215,"(0.008983152841195215, 0.0, 89.22965717159208, 0.0, -0.008983152841195215, 23.014837579142142, 0.0, 0.0, 1.0)","(89.22965717159208, 21.658381500121664, 89.7596631892226, 23.014837579142142)",-9999.0,4833,4076
ERA5,2017_11.tif,E:\Geospatial\Precipitation Downscaling\Precipitation-Downscaling-Khulna\data\processed\rasters_aligned\monthly\ERA5\2017_11.tif,"GEOGCS[""WGS 84"",DATUM[""World Geodetic System 1984"",SPHEROID[""WGS 84"",6378137,298.257223563]],PRIMEM[""Greenwich"",0],UNIT[""degree"",0.0174532925199433,AUTHORITY[""EPSG"",""9122""]],AXIS[""Latitude"",NORTH],AXIS[""Longitude"",EAST]]",59,151,0.008983152841195215,0.008983152841195215,"(0.008983152841195215, 0.0, 89.22965717159208, 0.0, -0.008983152841195215, 23.014837579142142, 0.0, 0.0, 1.0)","(89.22965717159208, 21.658381500121664, 89.7596631892226, 23.014837579142142)",-9999.0,4833,4076
ERA5,2017_12.tif,E:\Geospatial\Precipitation Downscaling\Precipitation-Downscaling-Khulna\data\processed\rasters_aligned\monthly\ERA5\2017_12.tif,"GEOGCS[""WGS 84"",DATUM[""World Geodetic System 1984"",SPHEROID[""WGS 84"",6378137,298.257223563]],PRIMEM[""Greenwich"",0],UNIT[""degree"",0.0174532925199433,AUTHORITY[""EPSG"",""9122""]],AXIS[""Latitude"",NORTH],AXIS[""Longitude"",EAST]]",59,151,0.008983152841195215,0.008983152841195215,"(0.008983152841195215, 0.0, 89.22965717159208, 0.0, -0.008983152841195215, 23.014837579142142, 0.0, 0.0, 1.0)","(89.22965717159208, 21.658381500121664, 89.7596631892226, 23.014837579142142)",-9999.0,4833,4076
ERA5,2018_01.tif,E:\Geospatial\Precipitation Downscaling\Precipitation-Downscaling-Khulna\data\processed\rasters_aligned\monthly\ERA5\2018_01.tif,"GEOGCS[""WGS 84"",DATUM[""World Geodetic System 1984"",SPHEROID[""WGS 84"",6378137,298.257223563]],PRIMEM[""Greenwich"",0],UNIT[""degree"",0.0174532925199433,AUTHORITY[""EPSG"",""9122""]],AXIS[""Latitude"",NORTH],AXIS[""Longitude"",EAST]]",59,151,0.008983152841195215,0.008983152841195215,"(0.008983152841195215, 0.0, 89.22965717159208, 0.0, -0.008983152841195215, 23.014837579142142, 0.0, 0.0, 1.0)","(89.22965717159208, 21.658381500121664, 89.7596631892226, 23.014837579142142)",-9999.0,4833,4076
ERA5,2018_02.tif,E:\Geospatial\Precipitation Downscaling\Precipitation-Downscaling-Khulna\data\processed\rasters_aligned\monthly\ERA5\2018_02.tif,"GEOGCS[""WGS 84"",DATUM[""World Geodetic System 1984"",SPHEROID[""WGS 84"",6378137,298.257223563]],PRIMEM[""Greenwich"",0],UNIT[""degree"",0.0174532925199433,AUTHORITY[""EPSG"",""9122""]],AXIS[""Latitude"",NORTH],AXIS[""Longitude"",EAST]]",59,151,0.008983152841195215,0.008983152841195215,"(0.008983152841195215, 0.0, 89.22965717159208, 0.0, -0.008983152841195215, 23.014837579142142, 0.0, 0.0, 1.0)","(89.22965717159208, 21.658381500121664, 89.7596631892226, 23.014837579142142)",-9999.0,4833,4076
ERA5,2018_03.tif,E:\Geospatial\Precipitation Downscaling\Precipitation-Downscaling-Khulna\data\processed\rasters_aligned\monthly\ERA5\2018_03.tif,"GEOGCS[""WGS 84"",DATUM[""World Geodetic System 1984"",SPHEROID[""WGS 84"",6378137,298.257223563]],PRIMEM[""Greenwich"",0],UNIT[""degree"",0.0174532925199433,AUTHORITY[""EPSG"",""9122""]],AXIS[""Latitude"",NORTH],AXIS[""Longitude"",EAST]]",59,151,0.008983152841195215,0.008983152841195215,"(0.008983152841195215, 0.0, 89.22965717159208, 0.0, -0.008983152841195215, 23.014837579142142, 0.0, 0.0, 1.0)","(89.22965717159208, 21.658381500121664, 89.7596631892226, 23.014837579142142)",-9999.0,4833,4076
ERA5,2018_04.tif,E:\Geospatial\Precipitation Downscaling\Precipitation-Downscaling-Khulna\data\processed\rasters_aligned\monthly\ERA5\2018_04.tif,"GEOGCS[""WGS 84"",DATUM[""World Geodetic System 1984"",SPHEROID[""WGS 84"",6378137,298.257223563]],PRIMEM[""Greenwich"",0],UNIT[""degree"",0.0174532925199433,AUTHORITY[""EPSG"",""9122""]],AXIS[""Latitude"",NORTH],AXIS[""Longitude"",EAST]]",59,151,0.008983152841195215,0.008983152841195215,"(0.008983152841195215, 0.0, 89.22965717159208, 0.0, -0.008983152841195215, 23.014837579142142, 0.0, 0.0, 1.0)","(89.22965717159208, 21.658381500121664, 89.7596631892226, 23.014837579142142)",-9999.0,4833,4076
ERA5,2018_05.tif,E:\Geospatial\Precipitation Downscaling\Precipitation-Downscaling-Khulna\data\processed\rasters_aligned\monthly\ERA5\2018_05.tif,"GEOGCS[""WGS 84"",DATUM[""World Geodetic System 1984"",SPHEROID[""WGS 84"",6378137,298.257223563]],PRIMEM[""Greenwich"",0],UNIT[""degree"",0.0174532925199433,AUTHORITY[""EPSG"",""9122""]],AXIS[""Latitude"",NORTH],AXIS[""Longitude"",EAST]]",59,151,0.008983152841195215,0.008983152841195215,"(0.008983152841195215, 0.0, 89.22965717159208, 0.0, -0.008983152841195215, 23.014837579142142, 0.0, 0.0, 1.0)","(89.22965717159208, 21.658381500121664, 89.7596631892226, 23.014837579142142)",-9999.0,4833,4076
ERA5,2018_06.tif,E:\Geospatial\Precipitation Downscaling\Precipitation-Downscaling-Khulna\data\processed\rasters_aligned\monthly\ERA5\2018_06.tif,"GEOGCS[""WGS 84"",DATUM[""World Geodetic System 1984"",SPHEROID[""WGS 84"",6378137,298.257223563]],PRIMEM[""Greenwich"",0],UNIT[""degree"",0.0174532925199433,AUTHORITY[""EPSG"",""9122""]],AXIS[""Latitude"",NORTH],AXIS[""Longitude"",EAST]]",59,151,0.008983152841195215,0.008983152841195215,"(0.008983152841195215, 0.0, 89.22965717159208, 0.0, -0.008983152841195215, 23.014837579142142, 0.0, 0.0, 1.0)","(89.22965717159208, 21.658381500121664, 89.7596631892226, 23.014837579142142)",-9999.0,4833,4076
ERA5,2018_07.tif,E:\Geospatial\Precipitation Downscaling\Precipitation-Downscaling-Khulna\data\processed\rasters_aligned\monthly\ERA5\2018_07.tif,"GEOGCS[""WGS 84"",DATUM[""World Geodetic System 1984"",SPHEROID[""WGS 84"",6378137,298.257223563]],PRIMEM[""Greenwich"",0],UNIT[""degree"",0.0174532925199433,AUTHORITY[""EPSG"",""9122""]],AXIS[""Latitude"",NORTH],AXIS[""Longitude"",EAST]]",59,151,0.008983152841195215,0.008983152841195215,"(0.008983152841195215, 0.0, 89.22965717159208, 0.0, -0.008983152841195215, 23.014837579142142, 0.0, 0.0, 1.0)","(89.22965717159208, 21.658381500121664, 89.7596631892226, 23.014837579142142)",-9999.0,4833,4076
ERA5,2018_08.tif,E:\Geospatial\Precipitation Downscaling\Precipitation-Downscaling-Khulna\data\processed\rasters_aligned\monthly\ERA5\2018_08.tif,"GEOGCS[""WGS 84"",DATUM[""World Geodetic System 1984"",SPHEROID[""WGS 84"",6378137,298.257223563]],PRIMEM[""Greenwich"",0],UNIT[""degree"",0.0174532925199433,AUTHORITY[""EPSG"",""9122""]],AXIS[""Latitude"",NORTH],AXIS[""Longitude"",EAST]]",59,151,0.008983152841195215,0.008983152841195215,"(0.008983152841195215, 0.0, 89.22965717159208, 0.0, -0.008983152841195215, 23.014837579142142, 0.0, 0.0, 1.0)","(89.22965717159208, 21.658381500121664, 89.7596631892226, 23.014837579142142)",-9999.0,4833,4076
ERA5,2018_09.tif,E:\Geospatial\Precipitation Downscaling\Precipitation-Downscaling-Khulna\data\processed\rasters_aligned\monthly\ERA5\2018_09.tif,"GEOGCS[""WGS 84"",DATUM[""World Geodetic System 1984"",SPHEROID[""WGS 84"",6378137,298.257223563]],PRIMEM[""Greenwich"",0],UNIT[""degree"",0.0174532925199433,AUTHORITY[""EPSG"",""9122""]],AXIS[""Latitude"",NORTH],AXIS[""Longitude"",EAST]]",59,151,0.008983152841195215,0.008983152841195215,"(0.008983152841195215, 0.0, 89.22965717159208, 0.0, -0.008983152841195215, 23.014837579142142, 0.0, 0.0, 1.0)","(89.22965717159208, 21.658381500121664, 89.7596631892226, 23.014837579142142)",-9999.0,4833,4076
ERA5,2018_10.tif,E:\Geospatial\Precipitation Downscaling\Precipitation-Downscaling-Khulna\data\processed\rasters_aligned\monthly\ERA5\2018_10.tif,"GEOGCS[""WGS 84"",DATUM[""World Geodetic System 1984"",SPHEROID[""WGS 84"",6378137,298.257223563]],PRIMEM[""Greenwich"",0],UNIT[""degree"",0.0174532925199433,AUTHORITY[""EPSG"",""9122""]],AXIS[""Latitude"",NORTH],AXIS[""Longitude"",EAST]]",59,151,0.008983152841195215,0.008983152841195215,"(0.008983152841195215, 0.0, 89.22965717159208, 0.0, -0.008983152841195215, 23.014837579142142, 0.0, 0.0, 1.0)","(89.22965717159208, 21.658381500121664, 89.7596631892226, 23.014837579142142)",-9999.0,4833,4076
ERA5,2018_11.tif,E:\Geospatial\Precipitation Downscaling\Precipitation-Downscaling-Khulna\data\processed\rasters_aligned\monthly\ERA5\2018_11.tif,"GEOGCS[""WGS 84"",DATUM[""World Geodetic System 1984"",SPHEROID[""WGS 84"",6378137,298.257223563]],PRIMEM[""Greenwich"",0],UNIT[""degree"",0.0174532925199433,AUTHORITY[""EPSG"",""9122""]],AXIS[""Latitude"",NORTH],AXIS[""Longitude"",EAST]]",59,151,0.008983152841195215,0.008983152841195215,"(0.008983152841195215, 0.0, 89.22965717159208, 0.0, -0.008983152841195215, 23.014837579142142, 0.0, 0.0, 1.0)","(89.22965717159208, 21.658381500121664, 89.7596631892226, 23.014837579142142)",-9999.0,4833,4076
ERA5,2018_12.tif,E:\Geospatial\Precipitation Downscaling\Precipitation-Downscaling-Khulna\data\processed\rasters_aligned\monthly\ERA5\2018_12.tif,"GEOGCS[""WGS 84"",DATUM[""World Geodetic System 1984"",SPHEROID[""WGS 84"",6378137,298.257223563]],PRIMEM[""Greenwich"",0],UNIT[""degree"",0.0174532925199433,AUTHORITY[""EPSG"",""9122""]],AXIS[""Latitude"",NORTH],AXIS[""Longitude"",EAST]]",59,151,0.008983152841195215,0.008983152841195215,"(0.008983152841195215, 0.0, 89.22965717159208, 0.0, -0.008983152841195215, 23.014837579142142, 0.0, 0.0, 1.0)","(89.22965717159208, 21.658381500121664, 89.7596631892226, 23.014837579142142)",-9999.0,4833,4076
ERA5,2019_01.tif,E:\Geospatial\Precipitation Downscaling\Precipitation-Downscaling-Khulna\data\processed\rasters_aligned\monthly\ERA5\2019_01.tif,"GEOGCS[""WGS 84"",DATUM[""World Geodetic System 1984"",SPHEROID[""WGS 84"",6378137,298.257223563]],PRIMEM[""Greenwich"",0],UNIT[""degree"",0.0174532925199433,AUTHORITY[""EPSG"",""9122""]],AXIS[""Latitude"",NORTH],AXIS[""Longitude"",EAST]]",59,151,0.008983152841195215,0.008983152841195215,"(0.008983152841195215, 0.0, 89.22965717159208, 0.0, -0.008983152841195215, 23.014837579142142, 0.0, 0.0, 1.0)","(89.22965717159208, 21.658381500121664, 89.7596631892226, 23.014837579142142)",-9999.0,4833,4076
ERA5,2019_02.tif,E:\Geospatial\Precipitation Downscaling\Precipitation-Downscaling-Khulna\data\processed\rasters_aligned\monthly\ERA5\2019_02.tif,"GEOGCS[""WGS 84"",DATUM[""World Geodetic System 1984"",SPHEROID[""WGS 84"",6378137,298.257223563]],PRIMEM[""Greenwich"",0],UNIT[""degree"",0.0174532925199433,AUTHORITY[""EPSG"",""9122""]],AXIS[""Latitude"",NORTH],AXIS[""Longitude"",EAST]]",59,151,0.008983152841195215,0.008983152841195215,"(0.008983152841195215, 0.0, 89.22965717159208, 0.0, -0.008983152841195215, 23.014837579142142, 0.0, 0.0, 1.0)","(89.22965717159208, 21.658381500121664, 89.7596631892226, 23.014837579142142)",-9999.0,4833,4076
ERA5,2019_03.tif,E:\Geospatial\Precipitation Downscaling\Precipitation-Downscaling-Khulna\data\processed\rasters_aligned\monthly\ERA5\2019_03.tif,"GEOGCS[""WGS 84"",DATUM[""World Geodetic System 1984"",SPHEROID[""WGS 84"",6378137,298.257223563]],PRIMEM[""Greenwich"",0],UNIT[""degree"",0.0174532925199433,AUTHORITY[""EPSG"",""9122""]],AXIS[""Latitude"",NORTH],AXIS[""Longitude"",EAST]]",59,151,0.008983152841195215,0.008983152841195215,"(0.008983152841195215, 0.0, 89.22965717159208, 0.0, -0.008983152841195215, 23.014837579142142, 0.0, 0.0, 1.0)","(89.22965717159208, 21.658381500121664, 89.7596631892226, 23.014837579142142)",-9999.0,4833,4076
ERA5,2019_04.tif,E:\Geospatial\Precipitation Downscaling\Precipitation-Downscaling-Khulna\data\processed\rasters_aligned\monthly\ERA5\2019_04.tif,"GEOGCS[""WGS 84"",DATUM[""World Geodetic System 1984"",SPHEROID[""WGS 84"",6378137,298.257223563]],PRIMEM[""Greenwich"",0],UNIT[""degree"",0.0174532925199433,AUTHORITY[""EPSG"",""9122""]],AXIS[""Latitude"",NORTH],AXIS[""Longitude"",EAST]]",59,151,0.008983152841195215,0.008983152841195215,"(0.008983152841195215, 0.0, 89.22965717159208, 0.0, -0.008983152841195215, 23.014837579142142, 0.0, 0.0, 1.0)","(89.22965717159208, 21.658381500121664, 89.7596631892226, 23.014837579142142)",-9999.0,4833,4076
ERA5,2019_05.tif,E:\Geospatial\Precipitation Downscaling\Precipitation-Downscaling-Khulna\data\processed\rasters_aligned\monthly\ERA5\2019_05.tif,"GEOGCS[""WGS 84"",DATUM[""World Geodetic System 1984"",SPHEROID[""WGS 84"",6378137,298.257223563]],PRIMEM[""Greenwich"",0],UNIT[""degree"",0.0174532925199433,AUTHORITY[""EPSG"",""9122""]],AXIS[""Latitude"",NORTH],AXIS[""Longitude"",EAST]]",59,151,0.008983152841195215,0.008983152841195215,"(0.008983152841195215, 0.0, 89.22965717159208, 0.0, -0.008983152841195215, 23.014837579142142, 0.0, 0.0, 1.0)","(89.22965717159208, 21.658381500121664, 89.7596631892226, 23.014837579142142)",-9999.0,4833,4076
ERA5,2019_06.tif,E:\Geospatial\Precipitation Downscaling\Precipitation-Downscaling-Khulna\data\processed\rasters_aligned\monthly\ERA5\2019_06.tif,"GEOGCS[""WGS 84"",DATUM[""World Geodetic System 1984"",SPHEROID[""WGS 84"",6378137,298.257223563]],PRIMEM[""Greenwich"",0],UNIT[""degree"",0.0174532925199433,AUTHORITY[""EPSG"",""9122""]],AXIS[""Latitude"",NORTH],AXIS[""Longitude"",EAST]]",59,151,0.008983152841195215,0.008983152841195215,"(0.008983152841195215, 0.0, 89.22965717159208, 0.0, -0.008983152841195215, 23.014837579142142, 0.0, 0.0, 1.0)","(89.22965717159208, 21.658381500121664, 89.7596631892226, 23.014837579142142)",-9999.0,4833,4076
ERA5,2019_07.tif,E:\Geospatial\Precipitation Downscaling\Precipitation-Downscaling-Khulna\data\processed\rasters_aligned\monthly\ERA5\2019_07.tif,"GEOGCS[""WGS 84"",DATUM[""World Geodetic System 1984"",SPHEROID[""WGS 84"",6378137,298.257223563]],PRIMEM[""Greenwich"",0],UNIT[""degree"",0.0174532925199433,AUTHORITY[""EPSG"",""9122""]],AXIS[""Latitude"",NORTH],AXIS[""Longitude"",EAST]]",59,151,0.008983152841195215,0.008983152841195215,"(0.008983152841195215, 0.0, 89.22965717159208, 0.0, -0.008983152841195215, 23.014837579142142, 0.0, 0.0, 1.0)","(89.22965717159208, 21.658381500121664, 89.7596631892226, 23.014837579142142)",-9999.0,4833,4076
ERA5,2019_08.tif,E:\Geospatial\Precipitation Downscaling\Precipitation-Downscaling-Khulna\data\processed\rasters_aligned\monthly\ERA5\2019_08.tif,"GEOGCS[""WGS 84"",DATUM[""World Geodetic System 1984"",SPHEROID[""WGS 84"",6378137,298.257223563]],PRIMEM[""Greenwich"",0],UNIT[""degree"",0.0174532925199433,AUTHORITY[""EPSG"",""9122""]],AXIS[""Latitude"",NORTH],AXIS[""Longitude"",EAST]]",59,151,0.008983152841195215,0.008983152841195215,"(0.008983152841195215, 0.0, 89.22965717159208, 0.0, -0.008983152841195215, 23.014837579142142, 0.0, 0.0, 1.0)","(89.22965717159208, 21.658381500121664, 89.7596631892226, 23.014837579142142)",-9999.0,4833,4076
ERA5,2019_09.tif,E:\Geospatial\Precipitation Downscaling\Precipitation-Downscaling-Khulna\data\processed\rasters_aligned\monthly\ERA5\2019_09.tif,"GEOGCS[""WGS 84"",DATUM[""World Geodetic System 1984"",SPHEROID[""WGS 84"",6378137,298.257223563]],PRIMEM[""Greenwich"",0],UNIT[""degree"",0.0174532925199433,AUTHORITY[""EPSG"",""9122""]],AXIS[""Latitude"",NORTH],AXIS[""Longitude"",EAST]]",59,151,0.008983152841195215,0.008983152841195215,"(0.008983152841195215, 0.0, 89.22965717159208, 0.0, -0.008983152841195215, 23.014837579142142, 0.0, 0.0, 1.0)","(89.22965717159208, 21.658381500121664, 89.7596631892226, 23.014837579142142)",-9999.0,4833,4076
ERA5,2019_10.tif,E:\Geospatial\Precipitation Downscaling\Precipitation-Downscaling-Khulna\data\processed\rasters_aligned\monthly\ERA5\2019_10.tif,"GEOGCS[""WGS 84"",DATUM[""World Geodetic System 1984"",SPHEROID[""WGS 84"",6378137,298.257223563]],PRIMEM[""Greenwich"",0],UNIT[""degree"",0.0174532925199433,AUTHORITY[""EPSG"",""9122""]],AXIS[""Latitude"",NORTH],AXIS[""Longitude"",EAST]]",59,151,0.008983152841195215,0.008983152841195215,"(0.008983152841195215, 0.0, 89.22965717159208, 0.0, -0.008983152841195215, 23.014837579142142, 0.0, 0.0, 1.0)","(89.22965717159208, 21.658381500121664, 89.7596631892226, 23.014837579142142)",-9999.0,4833,4076
ERA5,2019_11.tif,E:\Geospatial\Precipitation Downscaling\Precipitation-Downscaling-Khulna\data\processed\rasters_aligned\monthly\ERA5\2019_11.tif,"GEOGCS[""WGS 84"",DATUM[""World Geodetic System 1984"",SPHEROID[""WGS 84"",6378137,298.257223563]],PRIMEM[""Greenwich"",0],UNIT[""degree"",0.0174532925199433,AUTHORITY[""EPSG"",""9122""]],AXIS[""Latitude"",NORTH],AXIS[""Longitude"",EAST]]",59,151,0.008983152841195215,0.008983152841195215,"(0.008983152841195215, 0.0, 89.22965717159208, 0.0, -0.008983152841195215, 23.014837579142142, 0.0, 0.0, 1.0)","(89.22965717159208, 21.658381500121664, 89.7596631892226, 23.014837579142142)",-9999.0,4833,4076
ERA5,2019_12.tif,E:\Geospatial\Precipitation Downscaling\Precipitation-Downscaling-Khulna\data\processed\rasters_aligned\monthly\ERA5\2019_12.tif,"GEOGCS[""WGS 84"",DATUM[""World Geodetic System 1984"",SPHEROID[""WGS 84"",6378137,298.257223563]],PRIMEM[""Greenwich"",0],UNIT[""degree"",0.0174532925199433,AUTHORITY[""EPSG"",""9122""]],AXIS[""Latitude"",NORTH],AXIS[""Longitude"",EAST]]",59,151,0.008983152841195215,0.008983152841195215,"(0.008983152841195215, 0.0, 89.22965717159208, 0.0, -0.008983152841195215, 23.014837579142142, 0.0, 0.0, 1.0)","(89.22965717159208, 21.658381500121664, 89.7596631892226, 23.014837579142142)",-9999.0,4833,4076
ERA5,2020_01.tif,E:\Geospatial\Precipitation Downscaling\Precipitation-Downscaling-Khulna\data\processed\rasters_aligned\monthly\ERA5\2020_01.tif,"GEOGCS[""WGS 84"",DATUM[""World Geodetic System 1984"",SPHEROID[""WGS 84"",6378137,298.257223563]],PRIMEM[""Greenwich"",0],UNIT[""degree"",0.0174532925199433,AUTHORITY[""EPSG"",""9122""]],AXIS[""Latitude"",NORTH],AXIS[""Longitude"",EAST]]",59,151,0.008983152841195215,0.008983152841195215,"(0.008983152841195215, 0.0, 89.22965717159208, 0.0, -0.008983152841195215, 23.014837579142142, 0.0, 0.0, 1.0)","(89.22965717159208, 21.658381500121664, 89.7596631892226, 23.014837579142142)",-9999.0,4833,4076
ERA5,2020_02.tif,E:\Geospatial\Precipitation Downscaling\Precipitation-Downscaling-Khulna\data\processed\rasters_aligned\monthly\ERA5\2020_02.tif,"GEOGCS[""WGS 84"",DATUM[""World Geodetic System 1984"",SPHEROID[""WGS 84"",6378137,298.257223563]],PRIMEM[""Greenwich"",0],UNIT[""degree"",0.0174532925199433,AUTHORITY[""EPSG"",""9122""]],AXIS[""Latitude"",NORTH],AXIS[""Longitude"",EAST]]",59,151,0.008983152841195215,0.008983152841195215,"(0.008983152841195215, 0.0, 89.22965717159208, 0.0, -0.008983152841195215, 23.014837579142142, 0.0, 0.0, 1.0)","(89.22965717159208, 21.658381500121664, 89.7596631892226, 23.014837579142142)",-9999.0,4833,4076
ERA5,2020_03.tif,E:\Geospatial\Precipitation Downscaling\Precipitation-Downscaling-Khulna\data\processed\rasters_aligned\monthly\ERA5\2020_03.tif,"GEOGCS[""WGS 84"",DATUM[""World Geodetic System 1984"",SPHEROID[""WGS 84"",6378137,298.257223563]],PRIMEM[""Greenwich"",0],UNIT[""degree"",0.0174532925199433,AUTHORITY[""EPSG"",""9122""]],AXIS[""Latitude"",NORTH],AXIS[""Longitude"",EAST]]",59,151,0.008983152841195215,0.008983152841195215,"(0.008983152841195215, 0.0, 89.22965717159208, 0.0, -0.008983152841195215, 23.014837579142142, 0.0, 0.0, 1.0)","(89.22965717159208, 21.658381500121664, 89.7596631892226, 23.014837579142142)",-9999.0,4833,4076
ERA5,2020_04.tif,E:\Geospatial\Precipitation Downscaling\Precipitation-Downscaling-Khulna\data\processed\rasters_aligned\monthly\ERA5\2020_04.tif,"GEOGCS[""WGS 84"",DATUM[""World Geodetic System 1984"",SPHEROID[""WGS 84"",6378137,298.257223563]],PRIMEM[""Greenwich"",0],UNIT[""degree"",0.0174532925199433,AUTHORITY[""EPSG"",""9122""]],AXIS[""Latitude"",NORTH],AXIS[""Longitude"",EAST]]",59,151,0.008983152841195215,0.008983152841195215,"(0.008983152841195215, 0.0, 89.22965717159208, 0.0, -0.008983152841195215, 23.014837579142142, 0.0, 0.0, 1.0)","(89.22965717159208, 21.658381500121664, 89.7596631892226, 23.014837579142142)",-9999.0,4833,4076
ERA5,2020_05.tif,E:\Geospatial\Precipitation Downscaling\Precipitation-Downscaling-Khulna\data\processed\rasters_aligned\monthly\ERA5\2020_05.tif,"GEOGCS[""WGS 84"",DATUM[""World Geodetic System 1984"",SPHEROID[""WGS 84"",6378137,298.257223563]],PRIMEM[""Greenwich"",0],UNIT[""degree"",0.0174532925199433,AUTHORITY[""EPSG"",""9122""]],AXIS[""Latitude"",NORTH],AXIS[""Longitude"",EAST]]",59,151,0.008983152841195215,0.008983152841195215,"(0.008983152841195215, 0.0, 89.22965717159208, 0.0, -0.008983152841195215, 23.014837579142142, 0.0, 0.0, 1.0)","(89.22965717159208, 21.658381500121664, 89.7596631892226, 23.014837579142142)",-9999.0,4833,4076
ERA5,2020_06.tif,E:\Geospatial\Precipitation Downscaling\Precipitation-Downscaling-Khulna\data\processed\rasters_aligned\monthly\ERA5\2020_06.tif,"GEOGCS[""WGS 84"",DATUM[""World Geodetic System 1984"",SPHEROID[""WGS 84"",6378137,298.257223563]],PRIMEM[""Greenwich"",0],UNIT[""degree"",0.0174532925199433,AUTHORITY[""EPSG"",""9122""]],AXIS[""Latitude"",NORTH],AXIS[""Longitude"",EAST]]",59,151,0.008983152841195215,0.008983152841195215,"(0.008983152841195215, 0.0, 89.22965717159208, 0.0, -0.008983152841195215, 23.014837579142142, 0.0, 0.0, 1.0)","(89.22965717159208, 21.658381500121664, 89.7596631892226, 23.014837579142142)",-9999.0,4833,4076
ERA5,2020_07.tif,E:\Geospatial\Precipitation Downscaling\Precipitation-Downscaling-Khulna\data\processed\rasters_aligned\monthly\ERA5\2020_07.tif,"GEOGCS[""WGS 84"",DATUM[""World Geodetic System 1984"",SPHEROID[""WGS 84"",6378137,298.257223563]],PRIMEM[""Greenwich"",0],UNIT[""degree"",0.0174532925199433,AUTHORITY[""EPSG"",""9122""]],AXIS[""Latitude"",NORTH],AXIS[""Longitude"",EAST]]",59,151,0.008983152841195215,0.008983152841195215,"(0.008983152841195215, 0.0, 89.22965717159208, 0.0, -0.008983152841195215, 23.014837579142142, 0.0, 0.0, 1.0)","(89.22965717159208, 21.658381500121664, 89.7596631892226, 23.014837579142142)",-9999.0,4553,4356
ERA5,2020_08.tif,E:\Geospatial\Precipitation Downscaling\Precipitation-Downscaling-Khulna\data\processed\rasters_aligned\monthly\ERA5\2020_08.tif,"GEOGCS[""WGS 84"",DATUM[""World Geodetic System 1984"",SPHEROID[""WGS 84"",6378137,298.257223563]],PRIMEM[""Greenwich"",0],UNIT[""degree"",0.0174532925199433,AUTHORITY[""EPSG"",""9122""]],AXIS[""Latitude"",NORTH],AXIS[""Longitude"",EAST]]",59,151,0.008983152841195215,0.008983152841195215,"(0.008983152841195215, 0.0, 89.22965717159208, 0.0, -0.008983152841195215, 23.014837579142142, 0.0, 0.0, 1.0)","(89.22965717159208, 21.658381500121664, 89.7596631892226, 23.014837579142142)",-9999.0,4553,4356
ERA5,2020_09.tif,E:\Geospatial\Precipitation Downscaling\Precipitation-Downscaling-Khulna\data\processed\rasters_aligned\monthly\ERA5\2020_09.tif,"GEOGCS[""WGS 84"",DATUM[""World Geodetic System 1984"",SPHEROID[""WGS 84"",6378137,298.257223563]],PRIMEM[""Greenwich"",0],UNIT[""degree"",0.0174532925199433,AUTHORITY[""EPSG"",""9122""]],AXIS[""Latitude"",NORTH],AXIS[""Longitude"",EAST]]",59,151,0.008983152841195215,0.008983152841195215,"(0.008983152841195215, 0.0, 89.22965717159208, 0.0, -0.008983152841195215, 23.014837579142142, 0.0, 0.0, 1.0)","(89.22965717159208, 21.658381500121664, 89.7596631892226, 23.014837579142142)",-9999.0,4553,4356
ERA5,2020_10.tif,E:\Geospatial\Precipitation Downscaling\Precipitation-Downscaling-Khulna\data\processed\rasters_aligned\monthly\ERA5\2020_10.tif,"GEOGCS[""WGS 84"",DATUM[""World Geodetic System 1984"",SPHEROID[""WGS 84"",6378137,298.257223563]],PRIMEM[""Greenwich"",0],UNIT[""degree"",0.0174532925199433,AUTHORITY[""EPSG"",""9122""]],AXIS[""Latitude"",NORTH],AXIS[""Longitude"",EAST]]",59,151,0.008983152841195215,0.008983152841195215,"(0.008983152841195215, 0.0, 89.22965717159208, 0.0, -0.008983152841195215, 23.014837579142142, 0.0, 0.0, 1.0)","(89.22965717159208, 21.658381500121664, 89.7596631892226, 23.014837579142142)",-9999.0,4553,4356
ERA5,2020_11.tif,E:\Geospatial\Precipitation Downscaling\Precipitation-Downscaling-Khulna\data\processed\rasters_aligned\monthly\ERA5\2020_11.tif,"GEOGCS[""WGS 84"",DATUM[""World Geodetic System 1984"",SPHEROID[""WGS 84"",6378137,298.257223563]],PRIMEM[""Greenwich"",0],UNIT[""degree"",0.0174532925199433,AUTHORITY[""EPSG"",""9122""]],AXIS[""Latitude"",NORTH],AXIS[""Longitude"",EAST]]",59,151,0.008983152841195215,0.008983152841195215,"(0.008983152841195215, 0.0, 89.22965717159208, 0.0, -0.008983152841195215, 23.014837579142142, 0.0, 0.0, 1.0)","(89.22965717159208, 21.658381500121664, 89.7596631892226, 23.014837579142142)",-9999.0,4553,4356
ERA5,2020_12.tif,E:\Geospatial\Precipitation Downscaling\Precipitation-Downscaling-Khulna\data\processed\rasters_aligned\monthly\ERA5\2020_12.tif,"GEOGCS[""WGS 84"",DATUM[""World Geodetic System 1984"",SPHEROID[""WGS 84"",6378137,298.257223563]],PRIMEM[""Greenwich"",0],UNIT[""degree"",0.0174532925199433,AUTHORITY[""EPSG"",""9122""]],AXIS[""Latitude"",NORTH],AXIS[""Longitude"",EAST]]",59,151,0.008983152841195215,0.008983152841195215,"(0.008983152841195215, 0.0, 89.22965717159208, 0.0, -0.008983152841195215, 23.014837579142142, 0.0, 0.0, 1.0)","(89.22965717159208, 21.658381500121664, 89.7596631892226, 23.014837579142142)",-9999.0,4553,4356
ERA5,2021_01.tif,E:\Geospatial\Precipitation Downscaling\Precipitation-Downscaling-Khulna\data\processed\rasters_aligned\monthly\ERA5\2021_01.tif,"GEOGCS[""WGS 84"",DATUM[""World Geodetic System 1984"",SPHEROID[""WGS 84"",6378137,298.257223563]],PRIMEM[""Greenwich"",0],UNIT[""degree"",0.0174532925199433,AUTHORITY[""EPSG"",""9122""]],AXIS[""Latitude"",NORTH],AXIS[""Longitude"",EAST]]",59,151,0.008983152841195215,0.008983152841195215,"(0.008983152841195215, 0.0, 89.22965717159208, 0.0, -0.008983152841195215, 23.014837579142142, 0.0, 0.0, 1.0)","(89.22965717159208, 21.658381500121664, 89.7596631892226, 23.014837579142142)",-9999.0,4553,4356
ERA5,2021_02.tif,E:\Geospatial\Precipitation Downscaling\Precipitation-Downscaling-Khulna\data\processed\rasters_aligned\monthly\ERA5\2021_02.tif,"GEOGCS[""WGS 84"",DATUM[""World Geodetic System 1984"",SPHEROID[""WGS 84"",6378137,298.257223563]],PRIMEM[""Greenwich"",0],UNIT[""degree"",0.0174532925199433,AUTHORITY[""EPSG"",""9122""]],AXIS[""Latitude"",NORTH],AXIS[""Longitude"",EAST]]",59,151,0.008983152841195215,0.008983152841195215,"(0.008983152841195215, 0.0, 89.22965717159208, 0.0, -0.008983152841195215, 23.014837579142142, 0.0, 0.0, 1.0)","(89.22965717159208, 21.658381500121664, 89.7596631892226, 23.014837579142142)",-9999.0,4553,4356
ERA5,2021_03.tif,E:\Geospatial\Precipitation Downscaling\Precipitation-Downscaling-Khulna\data\processed\rasters_aligned\monthly\ERA5\2021_03.tif,"GEOGCS[""WGS 84"",DATUM[""World Geodetic System 1984"",SPHEROID[""WGS 84"",6378137,298.257223563]],PRIMEM[""Greenwich"",0],UNIT[""degree"",0.0174532925199433,AUTHORITY[""EPSG"",""9122""]],AXIS[""Latitude"",NORTH],AXIS[""Longitude"",EAST]]",59,151,0.008983152841195215,0.008983152841195215,"(0.008983152841195215, 0.0, 89.22965717159208, 0.0, -0.008983152841195215, 23.014837579142142, 0.0, 0.0, 1.0)","(89.22965717159208, 21.658381500121664, 89.7596631892226, 23.014837579142142)",-9999.0,4553,4356
ERA5,2021_04.tif,E:\Geospatial\Precipitation Downscaling\Precipitation-Downscaling-Khulna\data\processed\rasters_aligned\monthly\ERA5\2021_04.tif,"GEOGCS[""WGS 84"",DATUM[""World Geodetic System 1984"",SPHEROID[""WGS 84"",6378137,298.257223563]],PRIMEM[""Greenwich"",0],UNIT[""degree"",0.0174532925199433,AUTHORITY[""EPSG"",""9122""]],AXIS[""Latitude"",NORTH],AXIS[""Longitude"",EAST]]",59,151,0.008983152841195215,0.008983152841195215,"(0.008983152841195215, 0.0, 89.22965717159208, 0.0, -0.008983152841195215, 23.014837579142142, 0.0, 0.0, 1.0)","(89.22965717159208, 21.658381500121664, 89.7596631892226, 23.014837579142142)",-9999.0,4553,4356
ERA5,2021_05.tif,E:\Geospatial\Precipitation Downscaling\Precipitation-Downscaling-Khulna\data\processed\rasters_aligned\monthly\ERA5\2021_05.tif,"GEOGCS[""WGS 84"",DATUM[""World Geodetic System 1984"",SPHEROID[""WGS 84"",6378137,298.257223563]],PRIMEM[""Greenwich"",0],UNIT[""degree"",0.0174532925199433,AUTHORITY[""EPSG"",""9122""]],AXIS[""Latitude"",NORTH],AXIS[""Longitude"",EAST]]",59,151,0.008983152841195215,0.008983152841195215,"(0.008983152841195215, 0.0, 89.22965717159208, 0.0, -0.008983152841195215, 23.014837579142142, 0.0, 0.0, 1.0)","(89.22965717159208, 21.658381500121664, 89.7596631892226, 23.014837579142142)",-9999.0,4553,4356
ERA5,2021_06.tif,E:\Geospatial\Precipitation Downscaling\Precipitation-Downscaling-Khulna\data\processed\rasters_aligned\monthly\ERA5\2021_06.tif,"GEOGCS[""WGS 84"",DATUM[""World Geodetic System 1984"",SPHEROID[""WGS 84"",6378137,298.257223563]],PRIMEM[""Greenwich"",0],UNIT[""degree"",0.0174532925199433,AUTHORITY[""EPSG"",""9122""]],AXIS[""Latitude"",NORTH],AXIS[""Longitude"",EAST]]",59,151,0.008983152841195215,0.008983152841195215,"(0.008983152841195215, 0.0, 89.22965717159208, 0.0, -0.008983152841195215, 23.014837579142142, 0.0, 0.0, 1.0)","(89.22965717159208, 21.658381500121664, 89.7596631892226, 23.014837579142142)",-9999.0,4553,4356
ERA5,2021_07.tif,E:\Geospatial\Precipitation Downscaling\Precipitation-Downscaling-Khulna\data\processed\rasters_aligned\monthly\ERA5\2021_07.tif,"GEOGCS[""WGS 84"",DATUM[""World Geodetic System 1984"",SPHEROID[""WGS 84"",6378137,298.257223563]],PRIMEM[""Greenwich"",0],UNIT[""degree"",0.0174532925199433,AUTHORITY[""EPSG"",""9122""]],AXIS[""Latitude"",NORTH],AXIS[""Longitude"",EAST]]",59,151,0.008983152841195215,0.008983152841195215,"(0.008983152841195215, 0.0, 89.22965717159208, 0.0, -0.008983152841195215, 23.014837579142142, 0.0, 0.0, 1.0)","(89.22965717159208, 21.658381500121664, 89.7596631892226, 23.014837579142142)",-9999.0,4553,4356
ERA5,2021_08.tif,E:\Geospatial\Precipitation Downscaling\Precipitation-Downscaling-Khulna\data\processed\rasters_aligned\monthly\ERA5\2021_08.tif,"GEOGCS[""WGS 84"",DATUM[""World Geodetic System 1984"",SPHEROID[""WGS 84"",6378137,298.257223563]],PRIMEM[""Greenwich"",0],UNIT[""degree"",0.0174532925199433,AUTHORITY[""EPSG"",""9122""]],AXIS[""Latitude"",NORTH],AXIS[""Longitude"",EAST]]",59,151,0.008983152841195215,0.008983152841195215,"(0.008983152841195215, 0.0, 89.22965717159208, 0.0, -0.008983152841195215, 23.014837579142142, 0.0, 0.0, 1.0)","(89.22965717159208, 21.658381500121664, 89.7596631892226, 23.014837579142142)",-9999.0,4553,4356
ERA5,2021_09.tif,E:\Geospatial\Precipitation Downscaling\Precipitation-Downscaling-Khulna\data\processed\rasters_aligned\monthly\ERA5\2021_09.tif,"GEOGCS[""WGS 84"",DATUM[""World Geodetic System 1984"",SPHEROID[""WGS 84"",6378137,298.257223563]],PRIMEM[""Greenwich"",0],UNIT[""degree"",0.0174532925199433,AUTHORITY[""EPSG"",""9122""]],AXIS[""Latitude"",NORTH],AXIS[""Longitude"",EAST]]",59,151,0.008983152841195215,0.008983152841195215,"(0.008983152841195215, 0.0, 89.22965717159208, 0.0, -0.008983152841195215, 23.014837579142142, 0.0, 0.0, 1.0)","(89.22965717159208, 21.658381500121664, 89.7596631892226, 23.014837579142142)",-9999.0,4553,4356
ERA5,2021_10.tif,E:\Geospatial\Precipitation Downscaling\Precipitation-Downscaling-Khulna\data\processed\rasters_aligned\monthly\ERA5\2021_10.tif,"GEOGCS[""WGS 84"",DATUM[""World Geodetic System 1984"",SPHEROID[""WGS 84"",6378137,298.257223563]],PRIMEM[""Greenwich"",0],UNIT[""degree"",0.0174532925199433,AUTHORITY[""EPSG"",""9122""]],AXIS[""Latitude"",NORTH],AXIS[""Longitude"",EAST]]",59,151,0.008983152841195215,0.008983152841195215,"(0.008983152841195215, 0.0, 89.22965717159208, 0.0, -0.008983152841195215, 23.014837579142142, 0.0, 0.0, 1.0)","(89.22965717159208, 21.658381500121664, 89.7596631892226, 23.014837579142142)",-9999.0,4553,4356
ERA5,2021_11.tif,E:\Geospatial\Precipitation Downscaling\Precipitation-Downscaling-Khulna\data\processed\rasters_aligned\monthly\ERA5\2021_11.tif,"GEOGCS[""WGS 84"",DATUM[""World Geodetic System 1984"",SPHEROID[""WGS 84"",6378137,298.257223563]],PRIMEM[""Greenwich"",0],UNIT[""degree"",0.0174532925199433,AUTHORITY[""EPSG"",""9122""]],AXIS[""Latitude"",NORTH],AXIS[""Longitude"",EAST]]",59,151,0.008983152841195215,0.008983152841195215,"(0.008983152841195215, 0.0, 89.22965717159208, 0.0, -0.008983152841195215, 23.014837579142142, 0.0, 0.0, 1.0)","(89.22965717159208, 21.658381500121664, 89.7596631892226, 23.014837579142142)",-9999.0,4553,4356
ERA5,2021_12.tif,E:\Geospatial\Precipitation Downscaling\Precipitation-Downscaling-Khulna\data\processed\rasters_aligned\monthly\ERA5\2021_12.tif,"GEOGCS[""WGS 84"",DATUM[""World Geodetic System 1984"",SPHEROID[""WGS 84"",6378137,298.257223563]],PRIMEM[""Greenwich"",0],UNIT[""degree"",0.0174532925199433,AUTHORITY[""EPSG"",""9122""]],AXIS[""Latitude"",NORTH],AXIS[""Longitude"",EAST]]",59,151,0.008983152841195215,0.008983152841195215,"(0.008983152841195215, 0.0, 89.22965717159208, 0.0, -0.008983152841195215, 23.014837579142142, 0.0, 0.0, 1.0)","(89.22965717159208, 21.658381500121664, 89.7596631892226, 23.014837579142142)",-9999.0,4553,4356
ERA5,2022_01.tif,E:\Geospatial\Precipitation Downscaling\Precipitation-Downscaling-Khulna\data\processed\rasters_aligned\monthly\ERA5\2022_01.tif,"GEOGCS[""WGS 84"",DATUM[""World Geodetic System 1984"",SPHEROID[""WGS 84"",6378137,298.257223563]],PRIMEM[""Greenwich"",0],UNIT[""degree"",0.0174532925199433,AUTHORITY[""EPSG"",""9122""]],AXIS[""Latitude"",NORTH],AXIS[""Longitude"",EAST]]",59,151,0.008983152841195215,0.008983152841195215,"(0.008983152841195215, 0.0, 89.22965717159208, 0.0, -0.008983152841195215, 23.014837579142142, 0.0, 0.0, 1.0)","(89.22965717159208, 21.658381500121664, 89.7596631892226, 23.014837579142142)",-9999.0,4553,4356
ERA5,2022_02.tif,E:\Geospatial\Precipitation Downscaling\Precipitation-Downscaling-Khulna\data\processed\rasters_aligned\monthly\ERA5\2022_02.tif,"GEOGCS[""WGS 84"",DATUM[""World Geodetic System 1984"",SPHEROID[""WGS 84"",6378137,298.257223563]],PRIMEM[""Greenwich"",0],UNIT[""degree"",0.0174532925199433,AUTHORITY[""EPSG"",""9122""]],AXIS[""Latitude"",NORTH],AXIS[""Longitude"",EAST]]",59,151,0.008983152841195215,0.008983152841195215,"(0.008983152841195215, 0.0, 89.22965717159208, 0.0, -0.008983152841195215, 23.014837579142142, 0.0, 0.0, 1.0)","(89.22965717159208, 21.658381500121664, 89.7596631892226, 23.014837579142142)",-9999.0,4553,4356
ERA5,2022_03.tif,E:\Geospatial\Precipitation Downscaling\Precipitation-Downscaling-Khulna\data\processed\rasters_aligned\monthly\ERA5\2022_03.tif,"GEOGCS[""WGS 84"",DATUM[""World Geodetic System 1984"",SPHEROID[""WGS 84"",6378137,298.257223563]],PRIMEM[""Greenwich"",0],UNIT[""degree"",0.0174532925199433,AUTHORITY[""EPSG"",""9122""]],AXIS[""Latitude"",NORTH],AXIS[""Longitude"",EAST]]",59,151,0.008983152841195215,0.008983152841195215,"(0.008983152841195215, 0.0, 89.22965717159208, 0.0, -0.008983152841195215, 23.014837579142142, 0.0, 0.0, 1.0)","(89.22965717159208, 21.658381500121664, 89.7596631892226, 23.014837579142142)",-9999.0,4553,4356
ERA5,2022_04.tif,E:\Geospatial\Precipitation Downscaling\Precipitation-Downscaling-Khulna\data\processed\rasters_aligned\monthly\ERA5\2022_04.tif,"GEOGCS[""WGS 84"",DATUM[""World Geodetic System 1984"",SPHEROID[""WGS 84"",6378137,298.257223563]],PRIMEM[""Greenwich"",0],UNIT[""degree"",0.0174532925199433,AUTHORITY[""EPSG"",""9122""]],AXIS[""Latitude"",NORTH],AXIS[""Longitude"",EAST]]",59,151,0.008983152841195215,0.008983152841195215,"(0.008983152841195215, 0.0, 89.22965717159208, 0.0, -0.008983152841195215, 23.014837579142142, 0.0, 0.0, 1.0)","(89.22965717159208, 21.658381500121664, 89.7596631892226, 23.014837579142142)",-9999.0,4553,4356
ERA5,2022_05.tif,E:\Geospatial\Precipitation Downscaling\Precipitation-Downscaling-Khulna\data\processed\rasters_aligned\monthly\ERA5\2022_05.tif,"GEOGCS[""WGS 84"",DATUM[""World Geodetic System 1984"",SPHEROID[""WGS 84"",6378137,298.257223563]],PRIMEM[""Greenwich"",0],UNIT[""degree"",0.0174532925199433,AUTHORITY[""EPSG"",""9122""]],AXIS[""Latitude"",NORTH],AXIS[""Longitude"",EAST]]",59,151,0.008983152841195215,0.008983152841195215,"(0.008983152841195215, 0.0, 89.22965717159208, 0.0, -0.008983152841195215, 23.014837579142142, 0.0, 0.0, 1.0)","(89.22965717159208, 21.658381500121664, 89.7596631892226, 23.014837579142142)",-9999.0,4553,4356
ERA5,2022_06.tif,E:\Geospatial\Precipitation Downscaling\Precipitation-Downscaling-Khulna\data\processed\rasters_aligned\monthly\ERA5\2022_06.tif,"GEOGCS[""WGS 84"",DATUM[""World Geodetic System 1984"",SPHEROID[""WGS 84"",6378137,298.257223563]],PRIMEM[""Greenwich"",0],UNIT[""degree"",0.0174532925199433,AUTHORITY[""EPSG"",""9122""]],AXIS[""Latitude"",NORTH],AXIS[""Longitude"",EAST]]",59,151,0.008983152841195215,0.008983152841195215,"(0.008983152841195215, 0.0, 89.22965717159208, 0.0, -0.008983152841195215, 23.014837579142142, 0.0, 0.0, 1.0)","(89.22965717159208, 21.658381500121664, 89.7596631892226, 23.014837579142142)",-9999.0,4553,4356
ERA5,2022_07.tif,E:\Geospatial\Precipitation Downscaling\Precipitation-Downscaling-Khulna\data\processed\rasters_aligned\monthly\ERA5\2022_07.tif,"GEOGCS[""WGS 84"",DATUM[""World Geodetic System 1984"",SPHEROID[""WGS 84"",6378137,298.257223563]],PRIMEM[""Greenwich"",0],UNIT[""degree"",0.0174532925199433,AUTHORITY[""EPSG"",""9122""]],AXIS[""Latitude"",NORTH],AXIS[""Longitude"",EAST]]",59,151,0.008983152841195215,0.008983152841195215,"(0.008983152841195215, 0.0, 89.22965717159208, 0.0, -0.008983152841195215, 23.014837579142142, 0.0, 0.0, 1.0)","(89.22965717159208, 21.658381500121664, 89.7596631892226, 23.014837579142142)",-9999.0,4553,4356
ERA5,2022_08.tif,E:\Geospatial\Precipitation Downscaling\Precipitation-Downscaling-Khulna\data\processed\rasters_aligned\monthly\ERA5\2022_08.tif,"GEOGCS[""WGS 84"",DATUM[""World Geodetic System 1984"",SPHEROID[""WGS 84"",6378137,298.257223563]],PRIMEM[""Greenwich"",0],UNIT[""degree"",0.0174532925199433,AUTHORITY[""EPSG"",""9122""]],AXIS[""Latitude"",NORTH],AXIS[""Longitude"",EAST]]",59,151,0.008983152841195215,0.008983152841195215,"(0.008983152841195215, 0.0, 89.22965717159208, 0.0, -0.008983152841195215, 23.014837579142142, 0.0, 0.0, 1.0)","(89.22965717159208, 21.658381500121664, 89.7596631892226, 23.014837579142142)",-9999.0,4553,4356
ERA5,2022_09.tif,E:\Geospatial\Precipitation Downscaling\Precipitation-Downscaling-Khulna\data\processed\rasters_aligned\monthly\ERA5\2022_09.tif,"GEOGCS[""WGS 84"",DATUM[""World Geodetic System 1984"",SPHEROID[""WGS 84"",6378137,298.257223563]],PRIMEM[""Greenwich"",0],UNIT[""degree"",0.0174532925199433,AUTHORITY[""EPSG"",""9122""]],AXIS[""Latitude"",NORTH],AXIS[""Longitude"",EAST]]",59,151,0.008983152841195215,0.008983152841195215,"(0.008983152841195215, 0.0, 89.22965717159208, 0.0, -0.008983152841195215, 23.014837579142142, 0.0, 0.0, 1.0)","(89.22965717159208, 21.658381500121664, 89.7596631892226, 23.014837579142142)",-9999.0,4553,4356
ERA5,2022_10.tif,E:\Geospatial\Precipitation Downscaling\Precipitation-Downscaling-Khulna\data\processed\rasters_aligned\monthly\ERA5\2022_10.tif,"GEOGCS[""WGS 84"",DATUM[""World Geodetic System 1984"",SPHEROID[""WGS 84"",6378137,298.257223563]],PRIMEM[""Greenwich"",0],UNIT[""degree"",0.0174532925199433,AUTHORITY[""EPSG"",""9122""]],AXIS[""Latitude"",NORTH],AXIS[""Longitude"",EAST]]",59,151,0.008983152841195215,0.008983152841195215,"(0.008983152841195215, 0.0, 89.22965717159208, 0.0, -0.008983152841195215, 23.014837579142142, 0.0, 0.0, 1.0)","(89.22965717159208, 21.658381500121664, 89.7596631892226, 23.014837579142142)",-9999.0,4553,4356
ERA5,2022_11.tif,E:\Geospatial\Precipitation Downscaling\Precipitation-Downscaling-Khulna\data\processed\rasters_aligned\monthly\ERA5\2022_11.tif,"GEOGCS[""WGS 84"",DATUM[""World Geodetic System 1984"",SPHEROID[""WGS 84"",6378137,298.257223563]],PRIMEM[""Greenwich"",0],UNIT[""degree"",0.0174532925199433,AUTHORITY[""EPSG"",""9122""]],AXIS[""Latitude"",NORTH],AXIS[""Longitude"",EAST]]",59,151,0.008983152841195215,0.008983152841195215,"(0.008983152841195215, 0.0, 89.22965717159208, 0.0, -0.008983152841195215, 23.014837579142142, 0.0, 0.0, 1.0)","(89.22965717159208, 21.658381500121664, 89.7596631892226, 23.014837579142142)",-9999.0,4553,4356
ERA5,2022_12.tif,E:\Geospatial\Precipitation Downscaling\Precipitation-Downscaling-Khulna\data\processed\rasters_aligned\monthly\ERA5\2022_12.tif,"GEOGCS[""WGS 84"",DATUM[""World Geodetic System 1984"",SPHEROID[""WGS 84"",6378137,298.257223563]],PRIMEM[""Greenwich"",0],UNIT[""degree"",0.0174532925199433,AUTHORITY[""EPSG"",""9122""]],AXIS[""Latitude"",NORTH],AXIS[""Longitude"",EAST]]",59,151,0.008983152841195215,0.008983152841195215,"(0.008983152841195215, 0.0, 89.22965717159208, 0.0, -0.008983152841195215, 23.014837579142142, 0.0, 0.0, 1.0)","(89.22965717159208, 21.658381500121664, 89.7596631892226, 23.014837579142142)",-9999.0,4553,4356
GSMaP_Gauge,2017_01.tif,E:\Geospatial\Precipitation Downscaling\Precipitation-Downscaling-Khulna\data\processed\rasters_aligned\monthly\GSMaP_Gauge\2017_01.tif,"GEOGCS[""WGS 84"",DATUM[""World Geodetic System 1984"",SPHEROID[""WGS 84"",6378137,298.257223563]],PRIMEM[""Greenwich"",0],UNIT[""degree"",0.0174532925199433,AUTHORITY[""EPSG"",""9122""]],AXIS[""Latitude"",NORTH],AXIS[""Longitude"",EAST]]",59,151,0.008983152841195215,0.008983152841195215,"(0.008983152841195215, 0.0, 89.22965717159208, 0.0, -0.008983152841195215, 23.014837579142142, 0.0, 0.0, 1.0)","(89.22965717159208, 21.658381500121664, 89.7596631892226, 23.014837579142142)",-9999.0,4837,4072
GSMaP_Gauge,2017_02.tif,E:\Geospatial\Precipitation Downscaling\Precipitation-Downscaling-Khulna\data\processed\rasters_aligned\monthly\GSMaP_Gauge\2017_02.tif,"GEOGCS[""WGS 84"",DATUM[""World Geodetic System 1984"",SPHEROID[""WGS 84"",6378137,298.257223563]],PRIMEM[""Greenwich"",0],UNIT[""degree"",0.0174532925199433,AUTHORITY[""EPSG"",""9122""]],AXIS[""Latitude"",NORTH],AXIS[""Longitude"",EAST]]",59,151,0.008983152841195215,0.008983152841195215,"(0.008983152841195215, 0.0, 89.22965717159208, 0.0, -0.008983152841195215, 23.014837579142142, 0.0, 0.0, 1.0)","(89.22965717159208, 21.658381500121664, 89.7596631892226, 23.014837579142142)",-9999.0,4837,4072
GSMaP_Gauge,2017_03.tif,E:\Geospatial\Precipitation Downscaling\Precipitation-Downscaling-Khulna\data\processed\rasters_aligned\monthly\GSMaP_Gauge\2017_03.tif,"GEOGCS[""WGS 84"",DATUM[""World Geodetic System 1984"",SPHEROID[""WGS 84"",6378137,298.257223563]],PRIMEM[""Greenwich"",0],UNIT[""degree"",0.0174532925199433,AUTHORITY[""EPSG"",""9122""]],AXIS[""Latitude"",NORTH],AXIS[""Longitude"",EAST]]",59,151,0.008983152841195215,0.008983152841195215,"(0.008983152841195215, 0.0, 89.22965717159208, 0.0, -0.008983152841195215, 23.014837579142142, 0.0, 0.0, 1.0)","(89.22965717159208, 21.658381500121664, 89.7596631892226, 23.014837579142142)",-9999.0,4837,4072
GSMaP_Gauge,2017_04.tif,E:\Geospatial\Precipitation Downscaling\Precipitation-Downscaling-Khulna\data\processed\rasters_aligned\monthly\GSMaP_Gauge\2017_04.tif,"GEOGCS[""WGS 84"",DATUM[""World Geodetic System 1984"",SPHEROID[""WGS 84"",6378137,298.257223563]],PRIMEM[""Greenwich"",0],UNIT[""degree"",0.0174532925199433,AUTHORITY[""EPSG"",""9122""]],AXIS[""Latitude"",NORTH],AXIS[""Longitude"",EAST]]",59,151,0.008983152841195215,0.008983152841195215,"(0.008983152841195215, 0.0, 89.22965717159208, 0.0, -0.008983152841195215, 23.014837579142142, 0.0, 0.0, 1.0)","(89.22965717159208, 21.658381500121664, 89.7596631892226, 23.014837579142142)",-9999.0,4837,4072
GSMaP_Gauge,2017_05.tif,E:\Geospatial\Precipitation Downscaling\Precipitation-Downscaling-Khulna\data\processed\rasters_aligned\monthly\GSMaP_Gauge\2017_05.tif,"GEOGCS[""WGS 84"",DATUM[""World Geodetic System 1984"",SPHEROID[""WGS 84"",6378137,298.257223563]],PRIMEM[""Greenwich"",0],UNIT[""degree"",0.0174532925199433,AUTHORITY[""EPSG"",""9122""]],AXIS[""Latitude"",NORTH],AXIS[""Longitude"",EAST]]",59,151,0.008983152841195215,0.008983152841195215,"(0.008983152841195215, 0.0, 89.22965717159208, 0.0, -0.008983152841195215, 23.014837579142142, 0.0, 0.0, 1.0)","(89.22965717159208, 21.658381500121664, 89.7596631892226, 23.014837579142142)",-9999.0,4837,4072
GSMaP_Gauge,2017_06.tif,E:\Geospatial\Precipitation Downscaling\Precipitation-Downscaling-Khulna\data\processed\rasters_aligned\monthly\GSMaP_Gauge\2017_06.tif,"GEOGCS[""WGS 84"",DATUM[""World Geodetic System 1984"",SPHEROID[""WGS 84"",6378137,298.257223563]],PRIMEM[""Greenwich"",0],UNIT[""degree"",0.0174532925199433,AUTHORITY[""EPSG"",""9122""]],AXIS[""Latitude"",NORTH],AXIS[""Longitude"",EAST]]",59,151,0.008983152841195215,0.008983152841195215,"(0.008983152841195215, 0.0, 89.22965717159208, 0.0, -0.008983152841195215, 23.014837579142142, 0.0, 0.0, 1.0)","(89.22965717159208, 21.658381500121664, 89.7596631892226, 23.014837579142142)",-9999.0,4837,4072
GSMaP_Gauge,2017_07.tif,E:\Geospatial\Precipitation Downscaling\Precipitation-Downscaling-Khulna\data\processed\rasters_aligned\monthly\GSMaP_Gauge\2017_07.tif,"GEOGCS[""WGS 84"",DATUM[""World Geodetic System 1984"",SPHEROID[""WGS 84"",6378137,298.257223563]],PRIMEM[""Greenwich"",0],UNIT[""degree"",0.0174532925199433,AUTHORITY[""EPSG"",""9122""]],AXIS[""Latitude"",NORTH],AXIS[""Longitude"",EAST]]",59,151,0.008983152841195215,0.008983152841195215,"(0.008983152841195215, 0.0, 89.22965717159208, 0.0, -0.008983152841195215, 23.014837579142142, 0.0, 0.0, 1.0)","(89.22965717159208, 21.658381500121664, 89.7596631892226, 23.014837579142142)",-9999.0,4837,4072
GSMaP_Gauge,2017_08.tif,E:\Geospatial\Precipitation Downscaling\Precipitation-Downscaling-Khulna\data\processed\rasters_aligned\monthly\GSMaP_Gauge\2017_08.tif,"GEOGCS[""WGS 84"",DATUM[""World Geodetic System 1984"",SPHEROID[""WGS 84"",6378137,298.257223563]],PRIMEM[""Greenwich"",0],UNIT[""degree"",0.0174532925199433,AUTHORITY[""EPSG"",""9122""]],AXIS[""Latitude"",NORTH],AXIS[""Longitude"",EAST]]",59,151,0.008983152841195215,0.008983152841195215,"(0.008983152841195215, 0.0, 89.22965717159208, 0.0, -0.008983152841195215, 23.014837579142142, 0.0, 0.0, 1.0)","(89.22965717159208, 21.658381500121664, 89.7596631892226, 23.014837579142142)",-9999.0,4837,4072
GSMaP_Gauge,2017_09.tif,E:\Geospatial\Precipitation Downscaling\Precipitation-Downscaling-Khulna\data\processed\rasters_aligned\monthly\GSMaP_Gauge\2017_09.tif,"GEOGCS[""WGS 84"",DATUM[""World Geodetic System 1984"",SPHEROID[""WGS 84"",6378137,298.257223563]],PRIMEM[""Greenwich"",0],UNIT[""degree"",0.0174532925199433,AUTHORITY[""EPSG"",""9122""]],AXIS[""Latitude"",NORTH],AXIS[""Longitude"",EAST]]",59,151,0.008983152841195215,0.008983152841195215,"(0.008983152841195215, 0.0, 89.22965717159208, 0.0, -0.008983152841195215, 23.014837579142142, 0.0, 0.0, 1.0)","(89.22965717159208, 21.658381500121664, 89.7596631892226, 23.014837579142142)",-9999.0,4837,4072
GSMaP_Gauge,2017_10.tif,E:\Geospatial\Precipitation Downscaling\Precipitation-Downscaling-Khulna\data\processed\rasters_aligned\monthly\GSMaP_Gauge\2017_10.tif,"GEOGCS[""WGS 84"",DATUM[""World Geodetic System 1984"",SPHEROID[""WGS 84"",6378137,298.257223563]],PRIMEM[""Greenwich"",0],UNIT[""degree"",0.0174532925199433,AUTHORITY[""EPSG"",""9122""]],AXIS[""Latitude"",NORTH],AXIS[""Longitude"",EAST]]",59,151,0.008983152841195215,0.008983152841195215,"(0.008983152841195215, 0.0, 89.22965717159208, 0.0, -0.008983152841195215, 23.014837579142142, 0.0, 0.0, 1.0)","(89.22965717159208, 21.658381500121664, 89.7596631892226, 23.014837579142142)",-9999.0,4837,4072
GSMaP_Gauge,2017_11.tif,E:\Geospatial\Precipitation Downscaling\Precipitation-Downscaling-Khulna\data\processed\rasters_aligned\monthly\GSMaP_Gauge\2017_11.tif,"GEOGCS[""WGS 84"",DATUM[""World Geodetic System 1984"",SPHEROID[""WGS 84"",6378137,298.257223563]],PRIMEM[""Greenwich"",0],UNIT[""degree"",0.0174532925199433,AUTHORITY[""EPSG"",""9122""]],AXIS[""Latitude"",NORTH],AXIS[""Longitude"",EAST]]",59,151,0.008983152841195215,0.008983152841195215,"(0.008983152841195215, 0.0, 89.22965717159208, 0.0, -0.008983152841195215, 23.014837579142142, 0.0, 0.0, 1.0)","(89.22965717159208, 21.658381500121664, 89.7596631892226, 23.014837579142142)",-9999.0,4837,4072
GSMaP_Gauge,2017_12.tif,E:\Geospatial\Precipitation Downscaling\Precipitation-Downscaling-Khulna\data\processed\rasters_aligned\monthly\GSMaP_Gauge\2017_12.tif,"GEOGCS[""WGS 84"",DATUM[""World Geodetic System 1984"",SPHEROID[""WGS 84"",6378137,298.257223563]],PRIMEM[""Greenwich"",0],UNIT[""degree"",0.0174532925199433,AUTHORITY[""EPSG"",""9122""]],AXIS[""Latitude"",NORTH],AXIS[""Longitude"",EAST]]",59,151,0.008983152841195215,0.008983152841195215,"(0.008983152841195215, 0.0, 89.22965717159208, 0.0, -0.008983152841195215, 23.014837579142142, 0.0, 0.0, 1.0)","(89.22965717159208, 21.658381500121664, 89.7596631892226, 23.014837579142142)",-9999.0,4837,4072
GSMaP_Gauge,2018_01.tif,E:\Geospatial\Precipitation Downscaling\Precipitation-Downscaling-Khulna\data\processed\rasters_aligned\monthly\GSMaP_Gauge\2018_01.tif,"GEOGCS[""WGS 84"",DATUM[""World Geodetic System 1984"",SPHEROID[""WGS 84"",6378137,298.257223563]],PRIMEM[""Greenwich"",0],UNIT[""degree"",0.0174532925199433,AUTHORITY[""EPSG"",""9122""]],AXIS[""Latitude"",NORTH],AXIS[""Longitude"",EAST]]",59,151,0.008983152841195215,0.008983152841195215,"(0.008983152841195215, 0.0, 89.22965717159208, 0.0, -0.008983152841195215, 23.014837579142142, 0.0, 0.0, 1.0)","(89.22965717159208, 21.658381500121664, 89.7596631892226, 23.014837579142142)",-9999.0,4837,4072
GSMaP_Gauge,2018_02.tif,E:\Geospatial\Precipitation Downscaling\Precipitation-Downscaling-Khulna\data\processed\rasters_aligned\monthly\GSMaP_Gauge\2018_02.tif,"GEOGCS[""WGS 84"",DATUM[""World Geodetic System 1984"",SPHEROID[""WGS 84"",6378137,298.257223563]],PRIMEM[""Greenwich"",0],UNIT[""degree"",0.0174532925199433,AUTHORITY[""EPSG"",""9122""]],AXIS[""Latitude"",NORTH],AXIS[""Longitude"",EAST]]",59,151,0.008983152841195215,0.008983152841195215,"(0.008983152841195215, 0.0, 89.22965717159208, 0.0, -0.008983152841195215, 23.014837579142142, 0.0, 0.0, 1.0)","(89.22965717159208, 21.658381500121664, 89.7596631892226, 23.014837579142142)",-9999.0,4837,4072
GSMaP_Gauge,2018_03.tif,E:\Geospatial\Precipitation Downscaling\Precipitation-Downscaling-Khulna\data\processed\rasters_aligned\monthly\GSMaP_Gauge\2018_03.tif,"GEOGCS[""WGS 84"",DATUM[""World Geodetic System 1984"",SPHEROID[""WGS 84"",6378137,298.257223563]],PRIMEM[""Greenwich"",0],UNIT[""degree"",0.0174532925199433,AUTHORITY[""EPSG"",""9122""]],AXIS[""Latitude"",NORTH],AXIS[""Longitude"",EAST]]",59,151,0.008983152841195215,0.008983152841195215,"(0.008983152841195215, 0.0, 89.22965717159208, 0.0, -0.008983152841195215, 23.014837579142142, 0.0, 0.0, 1.0)","(89.22965717159208, 21.658381500121664, 89.7596631892226, 23.014837579142142)",-9999.0,4837,4072
GSMaP_Gauge,2018_04.tif,E:\Geospatial\Precipitation Downscaling\Precipitation-Downscaling-Khulna\data\processed\rasters_aligned\monthly\GSMaP_Gauge\2018_04.tif,"GEOGCS[""WGS 84"",DATUM[""World Geodetic System 1984"",SPHEROID[""WGS 84"",6378137,298.257223563]],PRIMEM[""Greenwich"",0],UNIT[""degree"",0.0174532925199433,AUTHORITY[""EPSG"",""9122""]],AXIS[""Latitude"",NORTH],AXIS[""Longitude"",EAST]]",59,151,0.008983152841195215,0.008983152841195215,"(0.008983152841195215, 0.0, 89.22965717159208, 0.0, -0.008983152841195215, 23.014837579142142, 0.0, 0.0, 1.0)","(89.22965717159208, 21.658381500121664, 89.7596631892226, 23.014837579142142)",-9999.0,4837,4072
GSMaP_Gauge,2018_05.tif,E:\Geospatial\Precipitation Downscaling\Precipitation-Downscaling-Khulna\data\processed\rasters_aligned\monthly\GSMaP_Gauge\2018_05.tif,"GEOGCS[""WGS 84"",DATUM[""World Geodetic System 1984"",SPHEROID[""WGS 84"",6378137,298.257223563]],PRIMEM[""Greenwich"",0],UNIT[""degree"",0.0174532925199433,AUTHORITY[""EPSG"",""9122""]],AXIS[""Latitude"",NORTH],AXIS[""Longitude"",EAST]]",59,151,0.008983152841195215,0.008983152841195215,"(0.008983152841195215, 0.0, 89.22965717159208, 0.0, -0.008983152841195215, 23.014837579142142, 0.0, 0.0, 1.0)","(89.22965717159208, 21.658381500121664, 89.7596631892226, 23.014837579142142)",-9999.0,4837,4072
GSMaP_Gauge,2018_06.tif,E:\Geospatial\Precipitation Downscaling\Precipitation-Downscaling-Khulna\data\processed\rasters_aligned\monthly\GSMaP_Gauge\2018_06.tif,"GEOGCS[""WGS 84"",DATUM[""World Geodetic System 1984"",SPHEROID[""WGS 84"",6378137,298.257223563]],PRIMEM[""Greenwich"",0],UNIT[""degree"",0.0174532925199433,AUTHORITY[""EPSG"",""9122""]],AXIS[""Latitude"",NORTH],AXIS[""Longitude"",EAST]]",59,151,0.008983152841195215,0.008983152841195215,"(0.008983152841195215, 0.0, 89.22965717159208, 0.0, -0.008983152841195215, 23.014837579142142, 0.0, 0.0, 1.0)","(89.22965717159208, 21.658381500121664, 89.7596631892226, 23.014837579142142)",-9999.0,4837,4072
GSMaP_Gauge,2018_07.tif,E:\Geospatial\Precipitation Downscaling\Precipitation-Downscaling-Khulna\data\processed\rasters_aligned\monthly\GSMaP_Gauge\2018_07.tif,"GEOGCS[""WGS 84"",DATUM[""World Geodetic System 1984"",SPHEROID[""WGS 84"",6378137,298.257223563]],PRIMEM[""Greenwich"",0],UNIT[""degree"",0.0174532925199433,AUTHORITY[""EPSG"",""9122""]],AXIS[""Latitude"",NORTH],AXIS[""Longitude"",EAST]]",59,151,0.008983152841195215,0.008983152841195215,"(0.008983152841195215, 0.0, 89.22965717159208, 0.0, -0.008983152841195215, 23.014837579142142, 0.0, 0.0, 1.0)","(89.22965717159208, 21.658381500121664, 89.7596631892226, 23.014837579142142)",-9999.0,4837,4072
GSMaP_Gauge,2018_08.tif,E:\Geospatial\Precipitation Downscaling\Precipitation-Downscaling-Khulna\data\processed\rasters_aligned\monthly\GSMaP_Gauge\2018_08.tif,"GEOGCS[""WGS 84"",DATUM[""World Geodetic System 1984"",SPHEROID[""WGS 84"",6378137,298.257223563]],PRIMEM[""Greenwich"",0],UNIT[""degree"",0.0174532925199433,AUTHORITY[""EPSG"",""9122""]],AXIS[""Latitude"",NORTH],AXIS[""Longitude"",EAST]]",59,151,0.008983152841195215,0.008983152841195215,"(0.008983152841195215, 0.0, 89.22965717159208, 0.0, -0.008983152841195215, 23.014837579142142, 0.0, 0.0, 1.0)","(89.22965717159208, 21.658381500121664, 89.7596631892226, 23.014837579142142)",-9999.0,4837,4072
GSMaP_Gauge,2018_09.tif,E:\Geospatial\Precipitation Downscaling\Precipitation-Downscaling-Khulna\data\processed\rasters_aligned\monthly\GSMaP_Gauge\2018_09.tif,"GEOGCS[""WGS 84"",DATUM[""World Geodetic System 1984"",SPHEROID[""WGS 84"",6378137,298.257223563]],PRIMEM[""Greenwich"",0],UNIT[""degree"",0.0174532925199433,AUTHORITY[""EPSG"",""9122""]],AXIS[""Latitude"",NORTH],AXIS[""Longitude"",EAST]]",59,151,0.008983152841195215,0.008983152841195215,"(0.008983152841195215, 0.0, 89.22965717159208, 0.0, -0.008983152841195215, 23.014837579142142, 0.0, 0.0, 1.0)","(89.22965717159208, 21.658381500121664, 89.7596631892226, 23.014837579142142)",-9999.0,4837,4072
GSMaP_Gauge,2018_10.tif,E:\Geospatial\Precipitation Downscaling\Precipitation-Downscaling-Khulna\data\processed\rasters_aligned\monthly\GSMaP_Gauge\2018_10.tif,"GEOGCS[""WGS 84"",DATUM[""World Geodetic System 1984"",SPHEROID[""WGS 84"",6378137,298.257223563]],PRIMEM[""Greenwich"",0],UNIT[""degree"",0.0174532925199433,AUTHORITY[""EPSG"",""9122""]],AXIS[""Latitude"",NORTH],AXIS[""Longitude"",EAST]]",59,151,0.008983152841195215,0.008983152841195215,"(0.008983152841195215, 0.0, 89.22965717159208, 0.0, -0.008983152841195215, 23.014837579142142, 0.0, 0.0, 1.0)","(89.22965717159208, 21.658381500121664, 89.7596631892226, 23.014837579142142)",-9999.0,4837,4072
GSMaP_Gauge,2018_11.tif,E:\Geospatial\Precipitation Downscaling\Precipitation-Downscaling-Khulna\data\processed\rasters_aligned\monthly\GSMaP_Gauge\2018_11.tif,"GEOGCS[""WGS 84"",DATUM[""World Geodetic System 1984"",SPHEROID[""WGS 84"",6378137,298.257223563]],PRIMEM[""Greenwich"",0],UNIT[""degree"",0.0174532925199433,AUTHORITY[""EPSG"",""9122""]],AXIS[""Latitude"",NORTH],AXIS[""Longitude"",EAST]]",59,151,0.008983152841195215,0.008983152841195215,"(0.008983152841195215, 0.0, 89.22965717159208, 0.0, -0.008983152841195215, 23.014837579142142, 0.0, 0.0, 1.0)","(89.22965717159208, 21.658381500121664, 89.7596631892226, 23.014837579142142)",-9999.0,4837,4072
GSMaP_Gauge,2018_12.tif,E:\Geospatial\Precipitation Downscaling\Precipitation-Downscaling-Khulna\data\processed\rasters_aligned\monthly\GSMaP_Gauge\2018_12.tif,"GEOGCS[""WGS 84"",DATUM[""World Geodetic System 1984"",SPHEROID[""WGS 84"",6378137,298.257223563]],PRIMEM[""Greenwich"",0],UNIT[""degree"",0.0174532925199433,AUTHORITY[""EPSG"",""9122""]],AXIS[""Latitude"",NORTH],AXIS[""Longitude"",EAST]]",59,151,0.008983152841195215,0.008983152841195215,"(0.008983152841195215, 0.0, 89.22965717159208, 0.0, -0.008983152841195215, 23.014837579142142, 0.0, 0.0, 1.0)","(89.22965717159208, 21.658381500121664, 89.7596631892226, 23.014837579142142)",-9999.0,4837,4072
GSMaP_Gauge,2019_01.tif,E:\Geospatial\Precipitation Downscaling\Precipitation-Downscaling-Khulna\data\processed\rasters_aligned\monthly\GSMaP_Gauge\2019_01.tif,"GEOGCS[""WGS 84"",DATUM[""World Geodetic System 1984"",SPHEROID[""WGS 84"",6378137,298.257223563]],PRIMEM[""Greenwich"",0],UNIT[""degree"",0.0174532925199433,AUTHORITY[""EPSG"",""9122""]],AXIS[""Latitude"",NORTH],AXIS[""Longitude"",EAST]]",59,151,0.008983152841195215,0.008983152841195215,"(0.008983152841195215, 0.0, 89.22965717159208, 0.0, -0.008983152841195215, 23.014837579142142, 0.0, 0.0, 1.0)","(89.22965717159208, 21.658381500121664, 89.7596631892226, 23.014837579142142)",-9999.0,4837,4072
GSMaP_Gauge,2019_02.tif,E:\Geospatial\Precipitation Downscaling\Precipitation-Downscaling-Khulna\data\processed\rasters_aligned\monthly\GSMaP_Gauge\2019_02.tif,"GEOGCS[""WGS 84"",DATUM[""World Geodetic System 1984"",SPHEROID[""WGS 84"",6378137,298.257223563]],PRIMEM[""Greenwich"",0],UNIT[""degree"",0.0174532925199433,AUTHORITY[""EPSG"",""9122""]],AXIS[""Latitude"",NORTH],AXIS[""Longitude"",EAST]]",59,151,0.008983152841195215,0.008983152841195215,"(0.008983152841195215, 0.0, 89.22965717159208, 0.0, -0.008983152841195215, 23.014837579142142, 0.0, 0.0, 1.0)","(89.22965717159208, 21.658381500121664, 89.7596631892226, 23.014837579142142)",-9999.0,4837,4072
GSMaP_Gauge,2019_03.tif,E:\Geospatial\Precipitation Downscaling\Precipitation-Downscaling-Khulna\data\processed\rasters_aligned\monthly\GSMaP_Gauge\2019_03.tif,"GEOGCS[""WGS 84"",DATUM[""World Geodetic System 1984"",SPHEROID[""WGS 84"",6378137,298.257223563]],PRIMEM[""Greenwich"",0],UNIT[""degree"",0.0174532925199433,AUTHORITY[""EPSG"",""9122""]],AXIS[""Latitude"",NORTH],AXIS[""Longitude"",EAST]]",59,151,0.008983152841195215,0.008983152841195215,"(0.008983152841195215, 0.0, 89.22965717159208, 0.0, -0.008983152841195215, 23.014837579142142, 0.0, 0.0, 1.0)","(89.22965717159208, 21.658381500121664, 89.7596631892226, 23.014837579142142)",-9999.0,4837,4072
GSMaP_Gauge,2019_04.tif,E:\Geospatial\Precipitation Downscaling\Precipitation-Downscaling-Khulna\data\processed\rasters_aligned\monthly\GSMaP_Gauge\2019_04.tif,"GEOGCS[""WGS 84"",DATUM[""World Geodetic System 1984"",SPHEROID[""WGS 84"",6378137,298.257223563]],PRIMEM[""Greenwich"",0],UNIT[""degree"",0.0174532925199433,AUTHORITY[""EPSG"",""9122""]],AXIS[""Latitude"",NORTH],AXIS[""Longitude"",EAST]]",59,151,0.008983152841195215,0.008983152841195215,"(0.008983152841195215, 0.0, 89.22965717159208, 0.0, -0.008983152841195215, 23.014837579142142, 0.0, 0.0, 1.0)","(89.22965717159208, 21.658381500121664, 89.7596631892226, 23.014837579142142)",-9999.0,4837,4072
GSMaP_Gauge,2019_05.tif,E:\Geospatial\Precipitation Downscaling\Precipitation-Downscaling-Khulna\data\processed\rasters_aligned\monthly\GSMaP_Gauge\2019_05.tif,"GEOGCS[""WGS 84"",DATUM[""World Geodetic System 1984"",SPHEROID[""WGS 84"",6378137,298.257223563]],PRIMEM[""Greenwich"",0],UNIT[""degree"",0.0174532925199433,AUTHORITY[""EPSG"",""9122""]],AXIS[""Latitude"",NORTH],AXIS[""Longitude"",EAST]]",59,151,0.008983152841195215,0.008983152841195215,"(0.008983152841195215, 0.0, 89.22965717159208, 0.0, -0.008983152841195215, 23.014837579142142, 0.0, 0.0, 1.0)","(89.22965717159208, 21.658381500121664, 89.7596631892226, 23.014837579142142)",-9999.0,4837,4072
GSMaP_Gauge,2019_06.tif,E:\Geospatial\Precipitation Downscaling\Precipitation-Downscaling-Khulna\data\processed\rasters_aligned\monthly\GSMaP_Gauge\2019_06.tif,"GEOGCS[""WGS 84"",DATUM[""World Geodetic System 1984"",SPHEROID[""WGS 84"",6378137,298.257223563]],PRIMEM[""Greenwich"",0],UNIT[""degree"",0.0174532925199433,AUTHORITY[""EPSG"",""9122""]],AXIS[""Latitude"",NORTH],AXIS[""Longitude"",EAST]]",59,151,0.008983152841195215,0.008983152841195215,"(0.008983152841195215, 0.0, 89.22965717159208, 0.0, -0.008983152841195215, 23.014837579142142, 0.0, 0.0, 1.0)","(89.22965717159208, 21.658381500121664, 89.7596631892226, 23.014837579142142)",-9999.0,4837,4072
GSMaP_Gauge,2019_07.tif,E:\Geospatial\Precipitation Downscaling\Precipitation-Downscaling-Khulna\data\processed\rasters_aligned\monthly\GSMaP_Gauge\2019_07.tif,"GEOGCS[""WGS 84"",DATUM[""World Geodetic System 1984"",SPHEROID[""WGS 84"",6378137,298.257223563]],PRIMEM[""Greenwich"",0],UNIT[""degree"",0.0174532925199433,AUTHORITY[""EPSG"",""9122""]],AXIS[""Latitude"",NORTH],AXIS[""Longitude"",EAST]]",59,151,0.008983152841195215,0.008983152841195215,"(0.008983152841195215, 0.0, 89.22965717159208, 0.0, -0.008983152841195215, 23.014837579142142, 0.0, 0.0, 1.0)","(89.22965717159208, 21.658381500121664, 89.7596631892226, 23.014837579142142)",-9999.0,4837,4072
GSMaP_Gauge,2019_08.tif,E:\Geospatial\Precipitation Downscaling\Precipitation-Downscaling-Khulna\data\processed\rasters_aligned\monthly\GSMaP_Gauge\2019_08.tif,"GEOGCS[""WGS 84"",DATUM[""World Geodetic System 1984"",SPHEROID[""WGS 84"",6378137,298.257223563]],PRIMEM[""Greenwich"",0],UNIT[""degree"",0.0174532925199433,AUTHORITY[""EPSG"",""9122""]],AXIS[""Latitude"",NORTH],AXIS[""Longitude"",EAST]]",59,151,0.008983152841195215,0.008983152841195215,"(0.008983152841195215, 0.0, 89.22965717159208, 0.0, -0.008983152841195215, 23.014837579142142, 0.0, 0.0, 1.0)","(89.22965717159208, 21.658381500121664, 89.7596631892226, 23.014837579142142)",-9999.0,4837,4072
GSMaP_Gauge,2019_09.tif,E:\Geospatial\Precipitation Downscaling\Precipitation-Downscaling-Khulna\data\processed\rasters_aligned\monthly\GSMaP_Gauge\2019_09.tif,"GEOGCS[""WGS 84"",DATUM[""World Geodetic System 1984"",SPHEROID[""WGS 84"",6378137,298.257223563]],PRIMEM[""Greenwich"",0],UNIT[""degree"",0.0174532925199433,AUTHORITY[""EPSG"",""9122""]],AXIS[""Latitude"",NORTH],AXIS[""Longitude"",EAST]]",59,151,0.008983152841195215,0.008983152841195215,"(0.008983152841195215, 0.0, 89.22965717159208, 0.0, -0.008983152841195215, 23.014837579142142, 0.0, 0.0, 1.0)","(89.22965717159208, 21.658381500121664, 89.7596631892226, 23.014837579142142)",-9999.0,4837,4072
GSMaP_Gauge,2019_10.tif,E:\Geospatial\Precipitation Downscaling\Precipitation-Downscaling-Khulna\data\processed\rasters_aligned\monthly\GSMaP_Gauge\2019_10.tif,"GEOGCS[""WGS 84"",DATUM[""World Geodetic System 1984"",SPHEROID[""WGS 84"",6378137,298.257223563]],PRIMEM[""Greenwich"",0],UNIT[""degree"",0.0174532925199433,AUTHORITY[""EPSG"",""9122""]],AXIS[""Latitude"",NORTH],AXIS[""Longitude"",EAST]]",59,151,0.008983152841195215,0.008983152841195215,"(0.008983152841195215, 0.0, 89.22965717159208, 0.0, -0.008983152841195215, 23.014837579142142, 0.0, 0.0, 1.0)","(89.22965717159208, 21.658381500121664, 89.7596631892226, 23.014837579142142)",-9999.0,4837,4072
GSMaP_Gauge,2019_11.tif,E:\Geospatial\Precipitation Downscaling\Precipitation-Downscaling-Khulna\data\processed\rasters_aligned\monthly\GSMaP_Gauge\2019_11.tif,"GEOGCS[""WGS 84"",DATUM[""World Geodetic System 1984"",SPHEROID[""WGS 84"",6378137,298.257223563]],PRIMEM[""Greenwich"",0],UNIT[""degree"",0.0174532925199433,AUTHORITY[""EPSG"",""9122""]],AXIS[""Latitude"",NORTH],AXIS[""Longitude"",EAST]]",59,151,0.008983152841195215,0.008983152841195215,"(0.008983152841195215, 0.0, 89.22965717159208, 0.0, -0.008983152841195215, 23.014837579142142, 0.0, 0.0, 1.0)","(89.22965717159208, 21.658381500121664, 89.7596631892226, 23.014837579142142)",-9999.0,4837,4072
GSMaP_Gauge,2019_12.tif,E:\Geospatial\Precipitation Downscaling\Precipitation-Downscaling-Khulna\data\processed\rasters_aligned\monthly\GSMaP_Gauge\2019_12.tif,"GEOGCS[""WGS 84"",DATUM[""World Geodetic System 1984"",SPHEROID[""WGS 84"",6378137,298.257223563]],PRIMEM[""Greenwich"",0],UNIT[""degree"",0.0174532925199433,AUTHORITY[""EPSG"",""9122""]],AXIS[""Latitude"",NORTH],AXIS[""Longitude"",EAST]]",59,151,0.008983152841195215,0.008983152841195215,"(0.008983152841195215, 0.0, 89.22965717159208, 0.0, -0.008983152841195215, 23.014837579142142, 0.0, 0.0, 1.0)","(89.22965717159208, 21.658381500121664, 89.7596631892226, 23.014837579142142)",-9999.0,4837,4072
GSMaP_Gauge,2020_01.tif,E:\Geospatial\Precipitation Downscaling\Precipitation-Downscaling-Khulna\data\processed\rasters_aligned\monthly\GSMaP_Gauge\2020_01.tif,"GEOGCS[""WGS 84"",DATUM[""World Geodetic System 1984"",SPHEROID[""WGS 84"",6378137,298.257223563]],PRIMEM[""Greenwich"",0],UNIT[""degree"",0.0174532925199433,AUTHORITY[""EPSG"",""9122""]],AXIS[""Latitude"",NORTH],AXIS[""Longitude"",EAST]]",59,151,0.008983152841195215,0.008983152841195215,"(0.008983152841195215, 0.0, 89.22965717159208, 0.0, -0.008983152841195215, 23.014837579142142, 0.0, 0.0, 1.0)","(89.22965717159208, 21.658381500121664, 89.7596631892226, 23.014837579142142)",-9999.0,4837,4072
GSMaP_Gauge,2020_02.tif,E:\Geospatial\Precipitation Downscaling\Precipitation-Downscaling-Khulna\data\processed\rasters_aligned\monthly\GSMaP_Gauge\2020_02.tif,"GEOGCS[""WGS 84"",DATUM[""World Geodetic System 1984"",SPHEROID[""WGS 84"",6378137,298.257223563]],PRIMEM[""Greenwich"",0],UNIT[""degree"",0.0174532925199433,AUTHORITY[""EPSG"",""9122""]],AXIS[""Latitude"",NORTH],AXIS[""Longitude"",EAST]]",59,151,0.008983152841195215,0.008983152841195215,"(0.008983152841195215, 0.0, 89.22965717159208, 0.0, -0.008983152841195215, 23.014837579142142, 0.0, 0.0, 1.0)","(89.22965717159208, 21.658381500121664, 89.7596631892226, 23.014837579142142)",-9999.0,4837,4072
GSMaP_Gauge,2020_03.tif,E:\Geospatial\Precipitation Downscaling\Precipitation-Downscaling-Khulna\data\processed\rasters_aligned\monthly\GSMaP_Gauge\2020_03.tif,"GEOGCS[""WGS 84"",DATUM[""World Geodetic System 1984"",SPHEROID[""WGS 84"",6378137,298.257223563]],PRIMEM[""Greenwich"",0],UNIT[""degree"",0.0174532925199433,AUTHORITY[""EPSG"",""9122""]],AXIS[""Latitude"",NORTH],AXIS[""Longitude"",EAST]]",59,151,0.008983152841195215,0.008983152841195215,"(0.008983152841195215, 0.0, 89.22965717159208, 0.0, -0.008983152841195215, 23.014837579142142, 0.0, 0.0, 1.0)","(89.22965717159208, 21.658381500121664, 89.7596631892226, 23.014837579142142)",-9999.0,4837,4072
GSMaP_Gauge,2020_04.tif,E:\Geospatial\Precipitation Downscaling\Precipitation-Downscaling-Khulna\data\processed\rasters_aligned\monthly\GSMaP_Gauge\2020_04.tif,"GEOGCS[""WGS 84"",DATUM[""World Geodetic System 1984"",SPHEROID[""WGS 84"",6378137,298.257223563]],PRIMEM[""Greenwich"",0],UNIT[""degree"",0.0174532925199433,AUTHORITY[""EPSG"",""9122""]],AXIS[""Latitude"",NORTH],AXIS[""Longitude"",EAST]]",59,151,0.008983152841195215,0.008983152841195215,"(0.008983152841195215, 0.0, 89.22965717159208, 0.0, -0.008983152841195215, 23.014837579142142, 0.0, 0.0, 1.0)","(89.22965717159208, 21.658381500121664, 89.7596631892226, 23.014837579142142)",-9999.0,4837,4072
GSMaP_Gauge,2020_05.tif,E:\Geospatial\Precipitation Downscaling\Precipitation-Downscaling-Khulna\data\processed\rasters_aligned\monthly\GSMaP_Gauge\2020_05.tif,"GEOGCS[""WGS 84"",DATUM[""World Geodetic System 1984"",SPHEROID[""WGS 84"",6378137,298.257223563]],PRIMEM[""Greenwich"",0],UNIT[""degree"",0.0174532925199433,AUTHORITY[""EPSG"",""9122""]],AXIS[""Latitude"",NORTH],AXIS[""Longitude"",EAST]]",59,151,0.008983152841195215,0.008983152841195215,"(0.008983152841195215, 0.0, 89.22965717159208, 0.0, -0.008983152841195215, 23.014837579142142, 0.0, 0.0, 1.0)","(89.22965717159208, 21.658381500121664, 89.7596631892226, 23.014837579142142)",-9999.0,4837,4072
GSMaP_Gauge,2020_06.tif,E:\Geospatial\Precipitation Downscaling\Precipitation-Downscaling-Khulna\data\processed\rasters_aligned\monthly\GSMaP_Gauge\2020_06.tif,"GEOGCS[""WGS 84"",DATUM[""World Geodetic System 1984"",SPHEROID[""WGS 84"",6378137,298.257223563]],PRIMEM[""Greenwich"",0],UNIT[""degree"",0.0174532925199433,AUTHORITY[""EPSG"",""9122""]],AXIS[""Latitude"",NORTH],AXIS[""Longitude"",EAST]]",59,151,0.008983152841195215,0.008983152841195215,"(0.008983152841195215, 0.0, 89.22965717159208, 0.0, -0.008983152841195215, 23.014837579142142, 0.0, 0.0, 1.0)","(89.22965717159208, 21.658381500121664, 89.7596631892226, 23.014837579142142)",-9999.0,4837,4072
GSMaP_Gauge,2020_07.tif,E:\Geospatial\Precipitation Downscaling\Precipitation-Downscaling-Khulna\data\processed\rasters_aligned\monthly\GSMaP_Gauge\2020_07.tif,"GEOGCS[""WGS 84"",DATUM[""World Geodetic System 1984"",SPHEROID[""WGS 84"",6378137,298.257223563]],PRIMEM[""Greenwich"",0],UNIT[""degree"",0.0174532925199433,AUTHORITY[""EPSG"",""9122""]],AXIS[""Latitude"",NORTH],AXIS[""Longitude"",EAST]]",59,151,0.008983152841195215,0.008983152841195215,"(0.008983152841195215, 0.0, 89.22965717159208, 0.0, -0.008983152841195215, 23.014837579142142, 0.0, 0.0, 1.0)","(89.22965717159208, 21.658381500121664, 89.7596631892226, 23.014837579142142)",-9999.0,4837,4072
GSMaP_Gauge,2020_08.tif,E:\Geospatial\Precipitation Downscaling\Precipitation-Downscaling-Khulna\data\processed\rasters_aligned\monthly\GSMaP_Gauge\2020_08.tif,"GEOGCS[""WGS 84"",DATUM[""World Geodetic System 1984"",SPHEROID[""WGS 84"",6378137,298.257223563]],PRIMEM[""Greenwich"",0],UNIT[""degree"",0.0174532925199433,AUTHORITY[""EPSG"",""9122""]],AXIS[""Latitude"",NORTH],AXIS[""Longitude"",EAST]]",59,151,0.008983152841195215,0.008983152841195215,"(0.008983152841195215, 0.0, 89.22965717159208, 0.0, -0.008983152841195215, 23.014837579142142, 0.0, 0.0, 1.0)","(89.22965717159208, 21.658381500121664, 89.7596631892226, 23.014837579142142)",-9999.0,4837,4072
GSMaP_Gauge,2020_09.tif,E:\Geospatial\Precipitation Downscaling\Precipitation-Downscaling-Khulna\data\processed\rasters_aligned\monthly\GSMaP_Gauge\2020_09.tif,"GEOGCS[""WGS 84"",DATUM[""World Geodetic System 1984"",SPHEROID[""WGS 84"",6378137,298.257223563]],PRIMEM[""Greenwich"",0],UNIT[""degree"",0.0174532925199433,AUTHORITY[""EPSG"",""9122""]],AXIS[""Latitude"",NORTH],AXIS[""Longitude"",EAST]]",59,151,0.008983152841195215,0.008983152841195215,"(0.008983152841195215, 0.0, 89.22965717159208, 0.0, -0.008983152841195215, 23.014837579142142, 0.0, 0.0, 1.0)","(89.22965717159208, 21.658381500121664, 89.7596631892226, 23.014837579142142)",-9999.0,4837,4072
GSMaP_Gauge,2020_10.tif,E:\Geospatial\Precipitation Downscaling\Precipitation-Downscaling-Khulna\data\processed\rasters_aligned\monthly\GSMaP_Gauge\2020_10.tif,"GEOGCS[""WGS 84"",DATUM[""World Geodetic System 1984"",SPHEROID[""WGS 84"",6378137,298.257223563]],PRIMEM[""Greenwich"",0],UNIT[""degree"",0.0174532925199433,AUTHORITY[""EPSG"",""9122""]],AXIS[""Latitude"",NORTH],AXIS[""Longitude"",EAST]]",59,151,0.008983152841195215,0.008983152841195215,"(0.008983152841195215, 0.0, 89.22965717159208, 0.0, -0.008983152841195215, 23.014837579142142, 0.0, 0.0, 1.0)","(89.22965717159208, 21.658381500121664, 89.7596631892226, 23.014837579142142)",-9999.0,4837,4072
GSMaP_Gauge,2020_11.tif,E:\Geospatial\Precipitation Downscaling\Precipitation-Downscaling-Khulna\data\processed\rasters_aligned\monthly\GSMaP_Gauge\2020_11.tif,"GEOGCS[""WGS 84"",DATUM[""World Geodetic System 1984"",SPHEROID[""WGS 84"",6378137,298.257223563]],PRIMEM[""Greenwich"",0],UNIT[""degree"",0.0174532925199433,AUTHORITY[""EPSG"",""9122""]],AXIS[""Latitude"",NORTH],AXIS[""Longitude"",EAST]]",59,151,0.008983152841195215,0.008983152841195215,"(0.008983152841195215, 0.0, 89.22965717159208, 0.0, -0.008983152841195215, 23.014837579142142, 0.0, 0.0, 1.0)","(89.22965717159208, 21.658381500121664, 89.7596631892226, 23.014837579142142)",-9999.0,4837,4072
GSMaP_Gauge,2020_12.tif,E:\Geospatial\Precipitation Downscaling\Precipitation-Downscaling-Khulna\data\processed\rasters_aligned\monthly\GSMaP_Gauge\2020_12.tif,"GEOGCS[""WGS 84"",DATUM[""World Geodetic System 1984"",SPHEROID[""WGS 84"",6378137,298.257223563]],PRIMEM[""Greenwich"",0],UNIT[""degree"",0.0174532925199433,AUTHORITY[""EPSG"",""9122""]],AXIS[""Latitude"",NORTH],AXIS[""Longitude"",EAST]]",59,151,0.008983152841195215,0.008983152841195215,"(0.008983152841195215, 0.0, 89.22965717159208, 0.0, -0.008983152841195215, 23.014837579142142, 0.0, 0.0, 1.0)","(89.22965717159208, 21.658381500121664, 89.7596631892226, 23.014837579142142)",-9999.0,4837,4072
GSMaP_Gauge,2021_01.tif,E:\Geospatial\Precipitation Downscaling\Precipitation-Downscaling-Khulna\data\processed\rasters_aligned\monthly\GSMaP_Gauge\2021_01.tif,"GEOGCS[""WGS 84"",DATUM[""World Geodetic System 1984"",SPHEROID[""WGS 84"",6378137,298.257223563]],PRIMEM[""Greenwich"",0],UNIT[""degree"",0.0174532925199433,AUTHORITY[""EPSG"",""9122""]],AXIS[""Latitude"",NORTH],AXIS[""Longitude"",EAST]]",59,151,0.008983152841195215,0.008983152841195215,"(0.008983152841195215, 0.0, 89.22965717159208, 0.0, -0.008983152841195215, 23.014837579142142, 0.0, 0.0, 1.0)","(89.22965717159208, 21.658381500121664, 89.7596631892226, 23.014837579142142)",-9999.0,4837,4072
GSMaP_Gauge,2021_02.tif,E:\Geospatial\Precipitation Downscaling\Precipitation-Downscaling-Khulna\data\processed\rasters_aligned\monthly\GSMaP_Gauge\2021_02.tif,"GEOGCS[""WGS 84"",DATUM[""World Geodetic System 1984"",SPHEROID[""WGS 84"",6378137,298.257223563]],PRIMEM[""Greenwich"",0],UNIT[""degree"",0.0174532925199433,AUTHORITY[""EPSG"",""9122""]],AXIS[""Latitude"",NORTH],AXIS[""Longitude"",EAST]]",59,151,0.008983152841195215,0.008983152841195215,"(0.008983152841195215, 0.0, 89.22965717159208, 0.0, -0.008983152841195215, 23.014837579142142, 0.0, 0.0, 1.0)","(89.22965717159208, 21.658381500121664, 89.7596631892226, 23.014837579142142)",-9999.0,4837,4072
GSMaP_Gauge,2021_03.tif,E:\Geospatial\Precipitation Downscaling\Precipitation-Downscaling-Khulna\data\processed\rasters_aligned\monthly\GSMaP_Gauge\2021_03.tif,"GEOGCS[""WGS 84"",DATUM[""World Geodetic System 1984"",SPHEROID[""WGS 84"",6378137,298.257223563]],PRIMEM[""Greenwich"",0],UNIT[""degree"",0.0174532925199433,AUTHORITY[""EPSG"",""9122""]],AXIS[""Latitude"",NORTH],AXIS[""Longitude"",EAST]]",59,151,0.008983152841195215,0.008983152841195215,"(0.008983152841195215, 0.0, 89.22965717159208, 0.0, -0.008983152841195215, 23.014837579142142, 0.0, 0.0, 1.0)","(89.22965717159208, 21.658381500121664, 89.7596631892226, 23.014837579142142)",-9999.0,4837,4072
GSMaP_Gauge,2021_04.tif,E:\Geospatial\Precipitation Downscaling\Precipitation-Downscaling-Khulna\data\processed\rasters_aligned\monthly\GSMaP_Gauge\2021_04.tif,"GEOGCS[""WGS 84"",DATUM[""World Geodetic System 1984"",SPHEROID[""WGS 84"",6378137,298.257223563]],PRIMEM[""Greenwich"",0],UNIT[""degree"",0.0174532925199433,AUTHORITY[""EPSG"",""9122""]],AXIS[""Latitude"",NORTH],AXIS[""Longitude"",EAST]]",59,151,0.008983152841195215,0.008983152841195215,"(0.008983152841195215, 0.0, 89.22965717159208, 0.0, -0.008983152841195215, 23.014837579142142, 0.0, 0.0, 1.0)","(89.22965717159208, 21.658381500121664, 89.7596631892226, 23.014837579142142)",-9999.0,4837,4072
GSMaP_Gauge,2021_05.tif,E:\Geospatial\Precipitation Downscaling\Precipitation-Downscaling-Khulna\data\processed\rasters_aligned\monthly\GSMaP_Gauge\2021_05.tif,"GEOGCS[""WGS 84"",DATUM[""World Geodetic System 1984"",SPHEROID[""WGS 84"",6378137,298.257223563]],PRIMEM[""Greenwich"",0],UNIT[""degree"",0.0174532925199433,AUTHORITY[""EPSG"",""9122""]],AXIS[""Latitude"",NORTH],AXIS[""Longitude"",EAST]]",59,151,0.008983152841195215,0.008983152841195215,"(0.008983152841195215, 0.0, 89.22965717159208, 0.0, -0.008983152841195215, 23.014837579142142, 0.0, 0.0, 1.0)","(89.22965717159208, 21.658381500121664, 89.7596631892226, 23.014837579142142)",-9999.0,4837,4072
GSMaP_Gauge,2021_06.tif,E:\Geospatial\Precipitation Downscaling\Precipitation-Downscaling-Khulna\data\processed\rasters_aligned\monthly\GSMaP_Gauge\2021_06.tif,"GEOGCS[""WGS 84"",DATUM[""World Geodetic System 1984"",SPHEROID[""WGS 84"",6378137,298.257223563]],PRIMEM[""Greenwich"",0],UNIT[""degree"",0.0174532925199433,AUTHORITY[""EPSG"",""9122""]],AXIS[""Latitude"",NORTH],AXIS[""Longitude"",EAST]]",59,151,0.008983152841195215,0.008983152841195215,"(0.008983152841195215, 0.0, 89.22965717159208, 0.0, -0.008983152841195215, 23.014837579142142, 0.0, 0.0, 1.0)","(89.22965717159208, 21.658381500121664, 89.7596631892226, 23.014837579142142)",-9999.0,4837,4072
GSMaP_Gauge,2021_07.tif,E:\Geospatial\Precipitation Downscaling\Precipitation-Downscaling-Khulna\data\processed\rasters_aligned\monthly\GSMaP_Gauge\2021_07.tif,"GEOGCS[""WGS 84"",DATUM[""World Geodetic System 1984"",SPHEROID[""WGS 84"",6378137,298.257223563]],PRIMEM[""Greenwich"",0],UNIT[""degree"",0.0174532925199433,AUTHORITY[""EPSG"",""9122""]],AXIS[""Latitude"",NORTH],AXIS[""Longitude"",EAST]]",59,151,0.008983152841195215,0.008983152841195215,"(0.008983152841195215, 0.0, 89.22965717159208, 0.0, -0.008983152841195215, 23.014837579142142, 0.0, 0.0, 1.0)","(89.22965717159208, 21.658381500121664, 89.7596631892226, 23.014837579142142)",-9999.0,4837,4072
GSMaP_Gauge,2021_08.tif,E:\Geospatial\Precipitation Downscaling\Precipitation-Downscaling-Khulna\data\processed\rasters_aligned\monthly\GSMaP_Gauge\2021_08.tif,"GEOGCS[""WGS 84"",DATUM[""World Geodetic System 1984"",SPHEROID[""WGS 84"",6378137,298.257223563]],PRIMEM[""Greenwich"",0],UNIT[""degree"",0.0174532925199433,AUTHORITY[""EPSG"",""9122""]],AXIS[""Latitude"",NORTH],AXIS[""Longitude"",EAST]]",59,151,0.008983152841195215,0.008983152841195215,"(0.008983152841195215, 0.0, 89.22965717159208, 0.0, -0.008983152841195215, 23.014837579142142, 0.0, 0.0, 1.0)","(89.22965717159208, 21.658381500121664, 89.7596631892226, 23.014837579142142)",-9999.0,4837,4072
GSMaP_Gauge,2021_09.tif,E:\Geospatial\Precipitation Downscaling\Precipitation-Downscaling-Khulna\data\processed\rasters_aligned\monthly\GSMaP_Gauge\2021_09.tif,"GEOGCS[""WGS 84"",DATUM[""World Geodetic System 1984"",SPHEROID[""WGS 84"",6378137,298.257223563]],PRIMEM[""Greenwich"",0],UNIT[""degree"",0.0174532925199433,AUTHORITY[""EPSG"",""9122""]],AXIS[""Latitude"",NORTH],AXIS[""Longitude"",EAST]]",59,151,0.008983152841195215,0.008983152841195215,"(0.008983152841195215, 0.0, 89.22965717159208, 0.0, -0.008983152841195215, 23.014837579142142, 0.0, 0.0, 1.0)","(89.22965717159208, 21.658381500121664, 89.7596631892226, 23.014837579142142)",-9999.0,4837,4072
GSMaP_Gauge,2021_10.tif,E:\Geospatial\Precipitation Downscaling\Precipitation-Downscaling-Khulna\data\processed\rasters_aligned\monthly\GSMaP_Gauge\2021_10.tif,"GEOGCS[""WGS 84"",DATUM[""World Geodetic System 1984"",SPHEROID[""WGS 84"",6378137,298.257223563]],PRIMEM[""Greenwich"",0],UNIT[""degree"",0.0174532925199433,AUTHORITY[""EPSG"",""9122""]],AXIS[""Latitude"",NORTH],AXIS[""Longitude"",EAST]]",59,151,0.008983152841195215,0.008983152841195215,"(0.008983152841195215, 0.0, 89.22965717159208, 0.0, -0.008983152841195215, 23.014837579142142, 0.0, 0.0, 1.0)","(89.22965717159208, 21.658381500121664, 89.7596631892226, 23.014837579142142)",-9999.0,4837,4072
GSMaP_Gauge,2021_11.tif,E:\Geospatial\Precipitation Downscaling\Precipitation-Downscaling-Khulna\data\processed\rasters_aligned\monthly\GSMaP_Gauge\2021_11.tif,"GEOGCS[""WGS 84"",DATUM[""World Geodetic System 1984"",SPHEROID[""WGS 84"",6378137,298.257223563]],PRIMEM[""Greenwich"",0],UNIT[""degree"",0.0174532925199433,AUTHORITY[""EPSG"",""9122""]],AXIS[""Latitude"",NORTH],AXIS[""Longitude"",EAST]]",59,151,0.008983152841195215,0.008983152841195215,"(0.008983152841195215, 0.0, 89.22965717159208, 0.0, -0.008983152841195215, 23.014837579142142, 0.0, 0.0, 1.0)","(89.22965717159208, 21.658381500121664, 89.7596631892226, 23.014837579142142)",-9999.0,4837,4072
GSMaP_Gauge,2021_12.tif,E:\Geospatial\Precipitation Downscaling\Precipitation-Downscaling-Khulna\data\processed\rasters_aligned\monthly\GSMaP_Gauge\2021_12.tif,"GEOGCS[""WGS 84"",DATUM[""World Geodetic System 1984"",SPHEROID[""WGS 84"",6378137,298.257223563]],PRIMEM[""Greenwich"",0],UNIT[""degree"",0.0174532925199433,AUTHORITY[""EPSG"",""9122""]],AXIS[""Latitude"",NORTH],AXIS[""Longitude"",EAST]]",59,151,0.008983152841195215,0.008983152841195215,"(0.008983152841195215, 0.0, 89.22965717159208, 0.0, -0.008983152841195215, 23.014837579142142, 0.0, 0.0, 1.0)","(89.22965717159208, 21.658381500121664, 89.7596631892226, 23.014837579142142)",-9999.0,4837,4072
GSMaP_Gauge,2022_01.tif,E:\Geospatial\Precipitation Downscaling\Precipitation-Downscaling-Khulna\data\processed\rasters_aligned\monthly\GSMaP_Gauge\2022_01.tif,"GEOGCS[""WGS 84"",DATUM[""World Geodetic System 1984"",SPHEROID[""WGS 84"",6378137,298.257223563]],PRIMEM[""Greenwich"",0],UNIT[""degree"",0.0174532925199433,AUTHORITY[""EPSG"",""9122""]],AXIS[""Latitude"",NORTH],AXIS[""Longitude"",EAST]]",59,151,0.008983152841195215,0.008983152841195215,"(0.008983152841195215, 0.0, 89.22965717159208, 0.0, -0.008983152841195215, 23.014837579142142, 0.0, 0.0, 1.0)","(89.22965717159208, 21.658381500121664, 89.7596631892226, 23.014837579142142)",-9999.0,4837,4072
GSMaP_Gauge,2022_02.tif,E:\Geospatial\Precipitation Downscaling\Precipitation-Downscaling-Khulna\data\processed\rasters_aligned\monthly\GSMaP_Gauge\2022_02.tif,"GEOGCS[""WGS 84"",DATUM[""World Geodetic System 1984"",SPHEROID[""WGS 84"",6378137,298.257223563]],PRIMEM[""Greenwich"",0],UNIT[""degree"",0.0174532925199433,AUTHORITY[""EPSG"",""9122""]],AXIS[""Latitude"",NORTH],AXIS[""Longitude"",EAST]]",59,151,0.008983152841195215,0.008983152841195215,"(0.008983152841195215, 0.0, 89.22965717159208, 0.0, -0.008983152841195215, 23.014837579142142, 0.0, 0.0, 1.0)","(89.22965717159208, 21.658381500121664, 89.7596631892226, 23.014837579142142)",-9999.0,4837,4072
GSMaP_Gauge,2022_03.tif,E:\Geospatial\Precipitation Downscaling\Precipitation-Downscaling-Khulna\data\processed\rasters_aligned\monthly\GSMaP_Gauge\2022_03.tif,"GEOGCS[""WGS 84"",DATUM[""World Geodetic System 1984"",SPHEROID[""WGS 84"",6378137,298.257223563]],PRIMEM[""Greenwich"",0],UNIT[""degree"",0.0174532925199433,AUTHORITY[""EPSG"",""9122""]],AXIS[""Latitude"",NORTH],AXIS[""Longitude"",EAST]]",59,151,0.008983152841195215,0.008983152841195215,"(0.008983152841195215, 0.0, 89.22965717159208, 0.0, -0.008983152841195215, 23.014837579142142, 0.0, 0.0, 1.0)","(89.22965717159208, 21.658381500121664, 89.7596631892226, 23.014837579142142)",-9999.0,4837,4072
GSMaP_Gauge,2022_04.tif,E:\Geospatial\Precipitation Downscaling\Precipitation-Downscaling-Khulna\data\processed\rasters_aligned\monthly\GSMaP_Gauge\2022_04.tif,"GEOGCS[""WGS 84"",DATUM[""World Geodetic System 1984"",SPHEROID[""WGS 84"",6378137,298.257223563]],PRIMEM[""Greenwich"",0],UNIT[""degree"",0.0174532925199433,AUTHORITY[""EPSG"",""9122""]],AXIS[""Latitude"",NORTH],AXIS[""Longitude"",EAST]]",59,151,0.008983152841195215,0.008983152841195215,"(0.008983152841195215, 0.0, 89.22965717159208, 0.0, -0.008983152841195215, 23.014837579142142, 0.0, 0.0, 1.0)","(89.22965717159208, 21.658381500121664, 89.7596631892226, 23.014837579142142)",-9999.0,4837,4072
GSMaP_Gauge,2022_05.tif,E:\Geospatial\Precipitation Downscaling\Precipitation-Downscaling-Khulna\data\processed\rasters_aligned\monthly\GSMaP_Gauge\2022_05.tif,"GEOGCS[""WGS 84"",DATUM[""World Geodetic System 1984"",SPHEROID[""WGS 84"",6378137,298.257223563]],PRIMEM[""Greenwich"",0],UNIT[""degree"",0.0174532925199433,AUTHORITY[""EPSG"",""9122""]],AXIS[""Latitude"",NORTH],AXIS[""Longitude"",EAST]]",59,151,0.008983152841195215,0.008983152841195215,"(0.008983152841195215, 0.0, 89.22965717159208, 0.0, -0.008983152841195215, 23.014837579142142, 0.0, 0.0, 1.0)","(89.22965717159208, 21.658381500121664, 89.7596631892226, 23.014837579142142)",-9999.0,4837,4072
GSMaP_Gauge,2022_06.tif,E:\Geospatial\Precipitation Downscaling\Precipitation-Downscaling-Khulna\data\processed\rasters_aligned\monthly\GSMaP_Gauge\2022_06.tif,"GEOGCS[""WGS 84"",DATUM[""World Geodetic System 1984"",SPHEROID[""WGS 84"",6378137,298.257223563]],PRIMEM[""Greenwich"",0],UNIT[""degree"",0.0174532925199433,AUTHORITY[""EPSG"",""9122""]],AXIS[""Latitude"",NORTH],AXIS[""Longitude"",EAST]]",59,151,0.008983152841195215,0.008983152841195215,"(0.008983152841195215, 0.0, 89.22965717159208, 0.0, -0.008983152841195215, 23.014837579142142, 0.0, 0.0, 1.0)","(89.22965717159208, 21.658381500121664, 89.7596631892226, 23.014837579142142)",-9999.0,4837,4072
GSMaP_Gauge,2022_07.tif,E:\Geospatial\Precipitation Downscaling\Precipitation-Downscaling-Khulna\data\processed\rasters_aligned\monthly\GSMaP_Gauge\2022_07.tif,"GEOGCS[""WGS 84"",DATUM[""World Geodetic System 1984"",SPHEROID[""WGS 84"",6378137,298.257223563]],PRIMEM[""Greenwich"",0],UNIT[""degree"",0.0174532925199433,AUTHORITY[""EPSG"",""9122""]],AXIS[""Latitude"",NORTH],AXIS[""Longitude"",EAST]]",59,151,0.008983152841195215,0.008983152841195215,"(0.008983152841195215, 0.0, 89.22965717159208, 0.0, -0.008983152841195215, 23.014837579142142, 0.0, 0.0, 1.0)","(89.22965717159208, 21.658381500121664, 89.7596631892226, 23.014837579142142)",-9999.0,4837,4072
GSMaP_Gauge,2022_08.tif,E:\Geospatial\Precipitation Downscaling\Precipitation-Downscaling-Khulna\data\processed\rasters_aligned\monthly\GSMaP_Gauge\2022_08.tif,"GEOGCS[""WGS 84"",DATUM[""World Geodetic System 1984"",SPHEROID[""WGS 84"",6378137,298.257223563]],PRIMEM[""Greenwich"",0],UNIT[""degree"",0.0174532925199433,AUTHORITY[""EPSG"",""9122""]],AXIS[""Latitude"",NORTH],AXIS[""Longitude"",EAST]]",59,151,0.008983152841195215,0.008983152841195215,"(0.008983152841195215, 0.0, 89.22965717159208, 0.0, -0.008983152841195215, 23.014837579142142, 0.0, 0.0, 1.0)","(89.22965717159208, 21.658381500121664, 89.7596631892226, 23.014837579142142)",-9999.0,4837,4072
GSMaP_Gauge,2022_09.tif,E:\Geospatial\Precipitation Downscaling\Precipitation-Downscaling-Khulna\data\processed\rasters_aligned\monthly\GSMaP_Gauge\2022_09.tif,"GEOGCS[""WGS 84"",DATUM[""World Geodetic System 1984"",SPHEROID[""WGS 84"",6378137,298.257223563]],PRIMEM[""Greenwich"",0],UNIT[""degree"",0.0174532925199433,AUTHORITY[""EPSG"",""9122""]],AXIS[""Latitude"",NORTH],AXIS[""Longitude"",EAST]]",59,151,0.008983152841195215,0.008983152841195215,"(0.008983152841195215, 0.0, 89.22965717159208, 0.0, -0.008983152841195215, 23.014837579142142, 0.0, 0.0, 1.0)","(89.22965717159208, 21.658381500121664, 89.7596631892226, 23.014837579142142)",-9999.0,4837,4072
GSMaP_Gauge,2022_10.tif,E:\Geospatial\Precipitation Downscaling\Precipitation-Downscaling-Khulna\data\processed\rasters_aligned\monthly\GSMaP_Gauge\2022_10.tif,"GEOGCS[""WGS 84"",DATUM[""World Geodetic System 1984"",SPHEROID[""WGS 84"",6378137,298.257223563]],PRIMEM[""Greenwich"",0],UNIT[""degree"",0.0174532925199433,AUTHORITY[""EPSG"",""9122""]],AXIS[""Latitude"",NORTH],AXIS[""Longitude"",EAST]]",59,151,0.008983152841195215,0.008983152841195215,"(0.008983152841195215, 0.0, 89.22965717159208, 0.0, -0.008983152841195215, 23.014837579142142, 0.0, 0.0, 1.0)","(89.22965717159208, 21.658381500121664, 89.7596631892226, 23.014837579142142)",-9999.0,4837,4072
GSMaP_Gauge,2022_11.tif,E:\Geospatial\Precipitation Downscaling\Precipitation-Downscaling-Khulna\data\processed\rasters_aligned\monthly\GSMaP_Gauge\2022_11.tif,"GEOGCS[""WGS 84"",DATUM[""World Geodetic System 1984"",SPHEROID[""WGS 84"",6378137,298.257223563]],PRIMEM[""Greenwich"",0],UNIT[""degree"",0.0174532925199433,AUTHORITY[""EPSG"",""9122""]],AXIS[""Latitude"",NORTH],AXIS[""Longitude"",EAST]]",59,151,0.008983152841195215,0.008983152841195215,"(0.008983152841195215, 0.0, 89.22965717159208, 0.0, -0.008983152841195215, 23.014837579142142, 0.0, 0.0, 1.0)","(89.22965717159208, 21.658381500121664, 89.7596631892226, 23.014837579142142)",-9999.0,4837,4072
GSMaP_Gauge,2022_12.tif,E:\Geospatial\Precipitation Downscaling\Precipitation-Downscaling-Khulna\data\processed\rasters_aligned\monthly\GSMaP_Gauge\2022_12.tif,"GEOGCS[""WGS 84"",DATUM[""World Geodetic System 1984"",SPHEROID[""WGS 84"",6378137,298.257223563]],PRIMEM[""Greenwich"",0],UNIT[""degree"",0.0174532925199433,AUTHORITY[""EPSG"",""9122""]],AXIS[""Latitude"",NORTH],AXIS[""Longitude"",EAST]]",59,151,0.008983152841195215,0.008983152841195215,"(0.008983152841195215, 0.0, 89.22965717159208, 0.0, -0.008983152841195215, 23.014837579142142, 0.0, 0.0, 1.0)","(89.22965717159208, 21.658381500121664, 89.7596631892226, 23.014837579142142)",-9999.0,4837,4072
GSMaP_MVK,2017_01.tif,E:\Geospatial\Precipitation Downscaling\Precipitation-Downscaling-Khulna\data\processed\rasters_aligned\monthly\GSMaP_MVK\2017_01.tif,"GEOGCS[""WGS 84"",DATUM[""World Geodetic System 1984"",SPHEROID[""WGS 84"",6378137,298.257223563]],PRIMEM[""Greenwich"",0],UNIT[""degree"",0.0174532925199433,AUTHORITY[""EPSG"",""9122""]],AXIS[""Latitude"",NORTH],AXIS[""Longitude"",EAST]]",59,151,0.008983152841195215,0.008983152841195215,"(0.008983152841195215, 0.0, 89.22965717159208, 0.0, -0.008983152841195215, 23.014837579142142, 0.0, 0.0, 1.0)","(89.22965717159208, 21.658381500121664, 89.7596631892226, 23.014837579142142)",-9999.0,4837,4072
GSMaP_MVK,2017_02.tif,E:\Geospatial\Precipitation Downscaling\Precipitation-Downscaling-Khulna\data\processed\rasters_aligned\monthly\GSMaP_MVK\2017_02.tif,"GEOGCS[""WGS 84"",DATUM[""World Geodetic System 1984"",SPHEROID[""WGS 84"",6378137,298.257223563]],PRIMEM[""Greenwich"",0],UNIT[""degree"",0.0174532925199433,AUTHORITY[""EPSG"",""9122""]],AXIS[""Latitude"",NORTH],AXIS[""Longitude"",EAST]]",59,151,0.008983152841195215,0.008983152841195215,"(0.008983152841195215, 0.0, 89.22965717159208, 0.0, -0.008983152841195215, 23.014837579142142, 0.0, 0.0, 1.0)","(89.22965717159208, 21.658381500121664, 89.7596631892226, 23.014837579142142)",-9999.0,4837,4072
GSMaP_MVK,2017_03.tif,E:\Geospatial\Precipitation Downscaling\Precipitation-Downscaling-Khulna\data\processed\rasters_aligned\monthly\GSMaP_MVK\2017_03.tif,"GEOGCS[""WGS 84"",DATUM[""World Geodetic System 1984"",SPHEROID[""WGS 84"",6378137,298.257223563]],PRIMEM[""Greenwich"",0],UNIT[""degree"",0.0174532925199433,AUTHORITY[""EPSG"",""9122""]],AXIS[""Latitude"",NORTH],AXIS[""Longitude"",EAST]]",59,151,0.008983152841195215,0.008983152841195215,"(0.008983152841195215, 0.0, 89.22965717159208, 0.0, -0.008983152841195215, 23.014837579142142, 0.0, 0.0, 1.0)","(89.22965717159208, 21.658381500121664, 89.7596631892226, 23.014837579142142)",-9999.0,4837,4072
GSMaP_MVK,2017_04.tif,E:\Geospatial\Precipitation Downscaling\Precipitation-Downscaling-Khulna\data\processed\rasters_aligned\monthly\GSMaP_MVK\2017_04.tif,"GEOGCS[""WGS 84"",DATUM[""World Geodetic System 1984"",SPHEROID[""WGS 84"",6378137,298.257223563]],PRIMEM[""Greenwich"",0],UNIT[""degree"",0.0174532925199433,AUTHORITY[""EPSG"",""9122""]],AXIS[""Latitude"",NORTH],AXIS[""Longitude"",EAST]]",59,151,0.008983152841195215,0.008983152841195215,"(0.008983152841195215, 0.0, 89.22965717159208, 0.0, -0.008983152841195215, 23.014837579142142, 0.0, 0.0, 1.0)","(89.22965717159208, 21.658381500121664, 89.7596631892226, 23.014837579142142)",-9999.0,4837,4072
GSMaP_MVK,2017_05.tif,E:\Geospatial\Precipitation Downscaling\Precipitation-Downscaling-Khulna\data\processed\rasters_aligned\monthly\GSMaP_MVK\2017_05.tif,"GEOGCS[""WGS 84"",DATUM[""World Geodetic System 1984"",SPHEROID[""WGS 84"",6378137,298.257223563]],PRIMEM[""Greenwich"",0],UNIT[""degree"",0.0174532925199433,AUTHORITY[""EPSG"",""9122""]],AXIS[""Latitude"",NORTH],AXIS[""Longitude"",EAST]]",59,151,0.008983152841195215,0.008983152841195215,"(0.008983152841195215, 0.0, 89.22965717159208, 0.0, -0.008983152841195215, 23.014837579142142, 0.0, 0.0, 1.0)","(89.22965717159208, 21.658381500121664, 89.7596631892226, 23.014837579142142)",-9999.0,4837,4072
GSMaP_MVK,2017_06.tif,E:\Geospatial\Precipitation Downscaling\Precipitation-Downscaling-Khulna\data\processed\rasters_aligned\monthly\GSMaP_MVK\2017_06.tif,"GEOGCS[""WGS 84"",DATUM[""World Geodetic System 1984"",SPHEROID[""WGS 84"",6378137,298.257223563]],PRIMEM[""Greenwich"",0],UNIT[""degree"",0.0174532925199433,AUTHORITY[""EPSG"",""9122""]],AXIS[""Latitude"",NORTH],AXIS[""Longitude"",EAST]]",59,151,0.008983152841195215,0.008983152841195215,"(0.008983152841195215, 0.0, 89.22965717159208, 0.0, -0.008983152841195215, 23.014837579142142, 0.0, 0.0, 1.0)","(89.22965717159208, 21.658381500121664, 89.7596631892226, 23.014837579142142)",-9999.0,4837,4072
GSMaP_MVK,2017_07.tif,E:\Geospatial\Precipitation Downscaling\Precipitation-Downscaling-Khulna\data\processed\rasters_aligned\monthly\GSMaP_MVK\2017_07.tif,"GEOGCS[""WGS 84"",DATUM[""World Geodetic System 1984"",SPHEROID[""WGS 84"",6378137,298.257223563]],PRIMEM[""Greenwich"",0],UNIT[""degree"",0.0174532925199433,AUTHORITY[""EPSG"",""9122""]],AXIS[""Latitude"",NORTH],AXIS[""Longitude"",EAST]]",59,151,0.008983152841195215,0.008983152841195215,"(0.008983152841195215, 0.0, 89.22965717159208, 0.0, -0.008983152841195215, 23.014837579142142, 0.0, 0.0, 1.0)","(89.22965717159208, 21.658381500121664, 89.7596631892226, 23.014837579142142)",-9999.0,4837,4072
GSMaP_MVK,2017_08.tif,E:\Geospatial\Precipitation Downscaling\Precipitation-Downscaling-Khulna\data\processed\rasters_aligned\monthly\GSMaP_MVK\2017_08.tif,"GEOGCS[""WGS 84"",DATUM[""World Geodetic System 1984"",SPHEROID[""WGS 84"",6378137,298.257223563]],PRIMEM[""Greenwich"",0],UNIT[""degree"",0.0174532925199433,AUTHORITY[""EPSG"",""9122""]],AXIS[""Latitude"",NORTH],AXIS[""Longitude"",EAST]]",59,151,0.008983152841195215,0.008983152841195215,"(0.008983152841195215, 0.0, 89.22965717159208, 0.0, -0.008983152841195215, 23.014837579142142, 0.0, 0.0, 1.0)","(89.22965717159208, 21.658381500121664, 89.7596631892226, 23.014837579142142)",-9999.0,438,8471
GSMaP_MVK,2017_09.tif,E:\Geospatial\Precipitation Downscaling\Precipitation-Downscaling-Khulna\data\processed\rasters_aligned\monthly\GSMaP_MVK\2017_09.tif,"GEOGCS[""WGS 84"",DATUM[""World Geodetic System 1984"",SPHEROID[""WGS 84"",6378137,298.257223563]],PRIMEM[""Greenwich"",0],UNIT[""degree"",0.0174532925199433,AUTHORITY[""EPSG"",""9122""]],AXIS[""Latitude"",NORTH],AXIS[""Longitude"",EAST]]",59,151,0.008983152841195215,0.008983152841195215,"(0.008983152841195215, 0.0, 89.22965717159208, 0.0, -0.008983152841195215, 23.014837579142142, 0.0, 0.0, 1.0)","(89.22965717159208, 21.658381500121664, 89.7596631892226, 23.014837579142142)",-9999.0,4837,4072
GSMaP_MVK,2017_10.tif,E:\Geospatial\Precipitation Downscaling\Precipitation-Downscaling-Khulna\data\processed\rasters_aligned\monthly\GSMaP_MVK\2017_10.tif,"GEOGCS[""WGS 84"",DATUM[""World Geodetic System 1984"",SPHEROID[""WGS 84"",6378137,298.257223563]],PRIMEM[""Greenwich"",0],UNIT[""degree"",0.0174532925199433,AUTHORITY[""EPSG"",""9122""]],AXIS[""Latitude"",NORTH],AXIS[""Longitude"",EAST]]",59,151,0.008983152841195215,0.008983152841195215,"(0.008983152841195215, 0.0, 89.22965717159208, 0.0, -0.008983152841195215, 23.014837579142142, 0.0, 0.0, 1.0)","(89.22965717159208, 21.658381500121664, 89.7596631892226, 23.014837579142142)",-9999.0,4837,4072
GSMaP_MVK,2017_11.tif,E:\Geospatial\Precipitation Downscaling\Precipitation-Downscaling-Khulna\data\processed\rasters_aligned\monthly\GSMaP_MVK\2017_11.tif,"GEOGCS[""WGS 84"",DATUM[""World Geodetic System 1984"",SPHEROID[""WGS 84"",6378137,298.257223563]],PRIMEM[""Greenwich"",0],UNIT[""degree"",0.0174532925199433,AUTHORITY[""EPSG"",""9122""]],AXIS[""Latitude"",NORTH],AXIS[""Longitude"",EAST]]",59,151,0.008983152841195215,0.008983152841195215,"(0.008983152841195215, 0.0, 89.22965717159208, 0.0, -0.008983152841195215, 23.014837579142142, 0.0, 0.0, 1.0)","(89.22965717159208, 21.658381500121664, 89.7596631892226, 23.014837579142142)",-9999.0,4837,4072
GSMaP_MVK,2017_12.tif,E:\Geospatial\Precipitation Downscaling\Precipitation-Downscaling-Khulna\data\processed\rasters_aligned\monthly\GSMaP_MVK\2017_12.tif,"GEOGCS[""WGS 84"",DATUM[""World Geodetic System 1984"",SPHEROID[""WGS 84"",6378137,298.257223563]],PRIMEM[""Greenwich"",0],UNIT[""degree"",0.0174532925199433,AUTHORITY[""EPSG"",""9122""]],AXIS[""Latitude"",NORTH],AXIS[""Longitude"",EAST]]",59,151,0.008983152841195215,0.008983152841195215,"(0.008983152841195215, 0.0, 89.22965717159208, 0.0, -0.008983152841195215, 23.014837579142142, 0.0, 0.0, 1.0)","(89.22965717159208, 21.658381500121664, 89.7596631892226, 23.014837579142142)",-9999.0,4837,4072
GSMaP_MVK,2018_01.tif,E:\Geospatial\Precipitation Downscaling\Precipitation-Downscaling-Khulna\data\processed\rasters_aligned\monthly\GSMaP_MVK\2018_01.tif,"GEOGCS[""WGS 84"",DATUM[""World Geodetic System 1984"",SPHEROID[""WGS 84"",6378137,298.257223563]],PRIMEM[""Greenwich"",0],UNIT[""degree"",0.0174532925199433,AUTHORITY[""EPSG"",""9122""]],AXIS[""Latitude"",NORTH],AXIS[""Longitude"",EAST]]",59,151,0.008983152841195215,0.008983152841195215,"(0.008983152841195215, 0.0, 89.22965717159208, 0.0, -0.008983152841195215, 23.014837579142142, 0.0, 0.0, 1.0)","(89.22965717159208, 21.658381500121664, 89.7596631892226, 23.014837579142142)",-9999.0,4837,4072
GSMaP_MVK,2018_02.tif,E:\Geospatial\Precipitation Downscaling\Precipitation-Downscaling-Khulna\data\processed\rasters_aligned\monthly\GSMaP_MVK\2018_02.tif,"GEOGCS[""WGS 84"",DATUM[""World Geodetic System 1984"",SPHEROID[""WGS 84"",6378137,298.257223563]],PRIMEM[""Greenwich"",0],UNIT[""degree"",0.0174532925199433,AUTHORITY[""EPSG"",""9122""]],AXIS[""Latitude"",NORTH],AXIS[""Longitude"",EAST]]",59,151,0.008983152841195215,0.008983152841195215,"(0.008983152841195215, 0.0, 89.22965717159208, 0.0, -0.008983152841195215, 23.014837579142142, 0.0, 0.0, 1.0)","(89.22965717159208, 21.658381500121664, 89.7596631892226, 23.014837579142142)",-9999.0,4837,4072
GSMaP_MVK,2018_03.tif,E:\Geospatial\Precipitation Downscaling\Precipitation-Downscaling-Khulna\data\processed\rasters_aligned\monthly\GSMaP_MVK\2018_03.tif,"GEOGCS[""WGS 84"",DATUM[""World Geodetic System 1984"",SPHEROID[""WGS 84"",6378137,298.257223563]],PRIMEM[""Greenwich"",0],UNIT[""degree"",0.0174532925199433,AUTHORITY[""EPSG"",""9122""]],AXIS[""Latitude"",NORTH],AXIS[""Longitude"",EAST]]",59,151,0.008983152841195215,0.008983152841195215,"(0.008983152841195215, 0.0, 89.22965717159208, 0.0, -0.008983152841195215, 23.014837579142142, 0.0, 0.0, 1.0)","(89.22965717159208, 21.658381500121664, 89.7596631892226, 23.014837579142142)",-9999.0,4837,4072
GSMaP_MVK,2018_04.tif,E:\Geospatial\Precipitation Downscaling\Precipitation-Downscaling-Khulna\data\processed\rasters_aligned\monthly\GSMaP_MVK\2018_04.tif,"GEOGCS[""WGS 84"",DATUM[""World Geodetic System 1984"",SPHEROID[""WGS 84"",6378137,298.257223563]],PRIMEM[""Greenwich"",0],UNIT[""degree"",0.0174532925199433,AUTHORITY[""EPSG"",""9122""]],AXIS[""Latitude"",NORTH],AXIS[""Longitude"",EAST]]",59,151,0.008983152841195215,0.008983152841195215,"(0.008983152841195215, 0.0, 89.22965717159208, 0.0, -0.008983152841195215, 23.014837579142142, 0.0, 0.0, 1.0)","(89.22965717159208, 21.658381500121664, 89.7596631892226, 23.014837579142142)",-9999.0,4837,4072
GSMaP_MVK,2018_05.tif,E:\Geospatial\Precipitation Downscaling\Precipitation-Downscaling-Khulna\data\processed\rasters_aligned\monthly\GSMaP_MVK\2018_05.tif,"GEOGCS[""WGS 84"",DATUM[""World Geodetic System 1984"",SPHEROID[""WGS 84"",6378137,298.257223563]],PRIMEM[""Greenwich"",0],UNIT[""degree"",0.0174532925199433,AUTHORITY[""EPSG"",""9122""]],AXIS[""Latitude"",NORTH],AXIS[""Longitude"",EAST]]",59,151,0.008983152841195215,0.008983152841195215,"(0.008983152841195215, 0.0, 89.22965717159208, 0.0, -0.008983152841195215, 23.014837579142142, 0.0, 0.0, 1.0)","(89.22965717159208, 21.658381500121664, 89.7596631892226, 23.014837579142142)",-9999.0,4837,4072
GSMaP_MVK,2018_06.tif,E:\Geospatial\Precipitation Downscaling\Precipitation-Downscaling-Khulna\data\processed\rasters_aligned\monthly\GSMaP_MVK\2018_06.tif,"GEOGCS[""WGS 84"",DATUM[""World Geodetic System 1984"",SPHEROID[""WGS 84"",6378137,298.257223563]],PRIMEM[""Greenwich"",0],UNIT[""degree"",0.0174532925199433,AUTHORITY[""EPSG"",""9122""]],AXIS[""Latitude"",NORTH],AXIS[""Longitude"",EAST]]",59,151,0.008983152841195215,0.008983152841195215,"(0.008983152841195215, 0.0, 89.22965717159208, 0.0, -0.008983152841195215, 23.014837579142142, 0.0, 0.0, 1.0)","(89.22965717159208, 21.658381500121664, 89.7596631892226, 23.014837579142142)",-9999.0,4837,4072
GSMaP_MVK,2018_07.tif,E:\Geospatial\Precipitation Downscaling\Precipitation-Downscaling-Khulna\data\processed\rasters_aligned\monthly\GSMaP_MVK\2018_07.tif,"GEOGCS[""WGS 84"",DATUM[""World Geodetic System 1984"",SPHEROID[""WGS 84"",6378137,298.257223563]],PRIMEM[""Greenwich"",0],UNIT[""degree"",0.0174532925199433,AUTHORITY[""EPSG"",""9122""]],AXIS[""Latitude"",NORTH],AXIS[""Longitude"",EAST]]",59,151,0.008983152841195215,0.008983152841195215,"(0.008983152841195215, 0.0, 89.22965717159208, 0.0, -0.008983152841195215, 23.014837579142142, 0.0, 0.0, 1.0)","(89.22965717159208, 21.658381500121664, 89.7596631892226, 23.014837579142142)",-9999.0,4837,4072
GSMaP_MVK,2018_08.tif,E:\Geospatial\Precipitation Downscaling\Precipitation-Downscaling-Khulna\data\processed\rasters_aligned\monthly\GSMaP_MVK\2018_08.tif,"GEOGCS[""WGS 84"",DATUM[""World Geodetic System 1984"",SPHEROID[""WGS 84"",6378137,298.257223563]],PRIMEM[""Greenwich"",0],UNIT[""degree"",0.0174532925199433,AUTHORITY[""EPSG"",""9122""]],AXIS[""Latitude"",NORTH],AXIS[""Longitude"",EAST]]",59,151,0.008983152841195215,0.008983152841195215,"(0.008983152841195215, 0.0, 89.22965717159208, 0.0, -0.008983152841195215, 23.014837579142142, 0.0, 0.0, 1.0)","(89.22965717159208, 21.658381500121664, 89.7596631892226, 23.014837579142142)",-9999.0,438,8471
GSMaP_MVK,2018_09.tif,E:\Geospatial\Precipitation Downscaling\Precipitation-Downscaling-Khulna\data\processed\rasters_aligned\monthly\GSMaP_MVK\2018_09.tif,"GEOGCS[""WGS 84"",DATUM[""World Geodetic System 1984"",SPHEROID[""WGS 84"",6378137,298.257223563]],PRIMEM[""Greenwich"",0],UNIT[""degree"",0.0174532925199433,AUTHORITY[""EPSG"",""9122""]],AXIS[""Latitude"",NORTH],AXIS[""Longitude"",EAST]]",59,151,0.008983152841195215,0.008983152841195215,"(0.008983152841195215, 0.0, 89.22965717159208, 0.0, -0.008983152841195215, 23.014837579142142, 0.0, 0.0, 1.0)","(89.22965717159208, 21.658381500121664, 89.7596631892226, 23.014837579142142)",-9999.0,4837,4072
GSMaP_MVK,2018_10.tif,E:\Geospatial\Precipitation Downscaling\Precipitation-Downscaling-Khulna\data\processed\rasters_aligned\monthly\GSMaP_MVK\2018_10.tif,"GEOGCS[""WGS 84"",DATUM[""World Geodetic System 1984"",SPHEROID[""WGS 84"",6378137,298.257223563]],PRIMEM[""Greenwich"",0],UNIT[""degree"",0.0174532925199433,AUTHORITY[""EPSG"",""9122""]],AXIS[""Latitude"",NORTH],AXIS[""Longitude"",EAST]]",59,151,0.008983152841195215,0.008983152841195215,"(0.008983152841195215, 0.0, 89.22965717159208, 0.0, -0.008983152841195215, 23.014837579142142, 0.0, 0.0, 1.0)","(89.22965717159208, 21.658381500121664, 89.7596631892226, 23.014837579142142)",-9999.0,4837,4072
GSMaP_MVK,2018_11.tif,E:\Geospatial\Precipitation Downscaling\Precipitation-Downscaling-Khulna\data\processed\rasters_aligned\monthly\GSMaP_MVK\2018_11.tif,"GEOGCS[""WGS 84"",DATUM[""World Geodetic System 1984"",SPHEROID[""WGS 84"",6378137,298.257223563]],PRIMEM[""Greenwich"",0],UNIT[""degree"",0.0174532925199433,AUTHORITY[""EPSG"",""9122""]],AXIS[""Latitude"",NORTH],AXIS[""Longitude"",EAST]]",59,151,0.008983152841195215,0.008983152841195215,"(0.008983152841195215, 0.0, 89.22965717159208, 0.0, -0.008983152841195215, 23.014837579142142, 0.0, 0.0, 1.0)","(89.22965717159208, 21.658381500121664, 89.7596631892226, 23.014837579142142)",-9999.0,4837,4072
GSMaP_MVK,2018_12.tif,E:\Geospatial\Precipitation Downscaling\Precipitation-Downscaling-Khulna\data\processed\rasters_aligned\monthly\GSMaP_MVK\2018_12.tif,"GEOGCS[""WGS 84"",DATUM[""World Geodetic System 1984"",SPHEROID[""WGS 84"",6378137,298.257223563]],PRIMEM[""Greenwich"",0],UNIT[""degree"",0.0174532925199433,AUTHORITY[""EPSG"",""9122""]],AXIS[""Latitude"",NORTH],AXIS[""Longitude"",EAST]]",59,151,0.008983152841195215,0.008983152841195215,"(0.008983152841195215, 0.0, 89.22965717159208, 0.0, -0.008983152841195215, 23.014837579142142, 0.0, 0.0, 1.0)","(89.22965717159208, 21.658381500121664, 89.7596631892226, 23.014837579142142)",-9999.0,4837,4072
GSMaP_MVK,2019_01.tif,E:\Geospatial\Precipitation Downscaling\Precipitation-Downscaling-Khulna\data\processed\rasters_aligned\monthly\GSMaP_MVK\2019_01.tif,"GEOGCS[""WGS 84"",DATUM[""World Geodetic System 1984"",SPHEROID[""WGS 84"",6378137,298.257223563]],PRIMEM[""Greenwich"",0],UNIT[""degree"",0.0174532925199433,AUTHORITY[""EPSG"",""9122""]],AXIS[""Latitude"",NORTH],AXIS[""Longitude"",EAST]]",59,151,0.008983152841195215,0.008983152841195215,"(0.008983152841195215, 0.0, 89.22965717159208, 0.0, -0.008983152841195215, 23.014837579142142, 0.0, 0.0, 1.0)","(89.22965717159208, 21.658381500121664, 89.7596631892226, 23.014837579142142)",-9999.0,4837,4072
GSMaP_MVK,2019_02.tif,E:\Geospatial\Precipitation Downscaling\Precipitation-Downscaling-Khulna\data\processed\rasters_aligned\monthly\GSMaP_MVK\2019_02.tif,"GEOGCS[""WGS 84"",DATUM[""World Geodetic System 1984"",SPHEROID[""WGS 84"",6378137,298.257223563]],PRIMEM[""Greenwich"",0],UNIT[""degree"",0.0174532925199433,AUTHORITY[""EPSG"",""9122""]],AXIS[""Latitude"",NORTH],AXIS[""Longitude"",EAST]]",59,151,0.008983152841195215,0.008983152841195215,"(0.008983152841195215, 0.0, 89.22965717159208, 0.0, -0.008983152841195215, 23.014837579142142, 0.0, 0.0, 1.0)","(89.22965717159208, 21.658381500121664, 89.7596631892226, 23.014837579142142)",-9999.0,4837,4072
GSMaP_MVK,2019_03.tif,E:\Geospatial\Precipitation Downscaling\Precipitation-Downscaling-Khulna\data\processed\rasters_aligned\monthly\GSMaP_MVK\2019_03.tif,"GEOGCS[""WGS 84"",DATUM[""World Geodetic System 1984"",SPHEROID[""WGS 84"",6378137,298.257223563]],PRIMEM[""Greenwich"",0],UNIT[""degree"",0.0174532925199433,AUTHORITY[""EPSG"",""9122""]],AXIS[""Latitude"",NORTH],AXIS[""Longitude"",EAST]]",59,151,0.008983152841195215,0.008983152841195215,"(0.008983152841195215, 0.0, 89.22965717159208, 0.0, -0.008983152841195215, 23.014837579142142, 0.0, 0.0, 1.0)","(89.22965717159208, 21.658381500121664, 89.7596631892226, 23.014837579142142)",-9999.0,4837,4072
GSMaP_MVK,2019_04.tif,E:\Geospatial\Precipitation Downscaling\Precipitation-Downscaling-Khulna\data\processed\rasters_aligned\monthly\GSMaP_MVK\2019_04.tif,"GEOGCS[""WGS 84"",DATUM[""World Geodetic System 1984"",SPHEROID[""WGS 84"",6378137,298.257223563]],PRIMEM[""Greenwich"",0],UNIT[""degree"",0.0174532925199433,AUTHORITY[""EPSG"",""9122""]],AXIS[""Latitude"",NORTH],AXIS[""Longitude"",EAST]]",59,151,0.008983152841195215,0.008983152841195215,"(0.008983152841195215, 0.0, 89.22965717159208, 0.0, -0.008983152841195215, 23.014837579142142, 0.0, 0.0, 1.0)","(89.22965717159208, 21.658381500121664, 89.7596631892226, 23.014837579142142)",-9999.0,4837,4072
GSMaP_MVK,2019_05.tif,E:\Geospatial\Precipitation Downscaling\Precipitation-Downscaling-Khulna\data\processed\rasters_aligned\monthly\GSMaP_MVK\2019_05.tif,"GEOGCS[""WGS 84"",DATUM[""World Geodetic System 1984"",SPHEROID[""WGS 84"",6378137,298.257223563]],PRIMEM[""Greenwich"",0],UNIT[""degree"",0.0174532925199433,AUTHORITY[""EPSG"",""9122""]],AXIS[""Latitude"",NORTH],AXIS[""Longitude"",EAST]]",59,151,0.008983152841195215,0.008983152841195215,"(0.008983152841195215, 0.0, 89.22965717159208, 0.0, -0.008983152841195215, 23.014837579142142, 0.0, 0.0, 1.0)","(89.22965717159208, 21.658381500121664, 89.7596631892226, 23.014837579142142)",-9999.0,4837,4072
GSMaP_MVK,2019_06.tif,E:\Geospatial\Precipitation Downscaling\Precipitation-Downscaling-Khulna\data\processed\rasters_aligned\monthly\GSMaP_MVK\2019_06.tif,"GEOGCS[""WGS 84"",DATUM[""World Geodetic System 1984"",SPHEROID[""WGS 84"",6378137,298.257223563]],PRIMEM[""Greenwich"",0],UNIT[""degree"",0.0174532925199433,AUTHORITY[""EPSG"",""9122""]],AXIS[""Latitude"",NORTH],AXIS[""Longitude"",EAST]]",59,151,0.008983152841195215,0.008983152841195215,"(0.008983152841195215, 0.0, 89.22965717159208, 0.0, -0.008983152841195215, 23.014837579142142, 0.0, 0.0, 1.0)","(89.22965717159208, 21.658381500121664, 89.7596631892226, 23.014837579142142)",-9999.0,4837,4072
GSMaP_MVK,2019_07.tif,E:\Geospatial\Precipitation Downscaling\Precipitation-Downscaling-Khulna\data\processed\rasters_aligned\monthly\GSMaP_MVK\2019_07.tif,"GEOGCS[""WGS 84"",DATUM[""World Geodetic System 1984"",SPHEROID[""WGS 84"",6378137,298.257223563]],PRIMEM[""Greenwich"",0],UNIT[""degree"",0.0174532925199433,AUTHORITY[""EPSG"",""9122""]],AXIS[""Latitude"",NORTH],AXIS[""Longitude"",EAST]]",59,151,0.008983152841195215,0.008983152841195215,"(0.008983152841195215, 0.0, 89.22965717159208, 0.0, -0.008983152841195215, 23.014837579142142, 0.0, 0.0, 1.0)","(89.22965717159208, 21.658381500121664, 89.7596631892226, 23.014837579142142)",-9999.0,4837,4072
GSMaP_MVK,2019_08.tif,E:\Geospatial\Precipitation Downscaling\Precipitation-Downscaling-Khulna\data\processed\rasters_aligned\monthly\GSMaP_MVK\2019_08.tif,"GEOGCS[""WGS 84"",DATUM[""World Geodetic System 1984"",SPHEROID[""WGS 84"",6378137,298.257223563]],PRIMEM[""Greenwich"",0],UNIT[""degree"",0.0174532925199433,AUTHORITY[""EPSG"",""9122""]],AXIS[""Latitude"",NORTH],AXIS[""Longitude"",EAST]]",59,151,0.008983152841195215,0.008983152841195215,"(0.008983152841195215, 0.0, 89.22965717159208, 0.0, -0.008983152841195215, 23.014837579142142, 0.0, 0.0, 1.0)","(89.22965717159208, 21.658381500121664, 89.7596631892226, 23.014837579142142)",-9999.0,438,8471
GSMaP_MVK,2019_09.tif,E:\Geospatial\Precipitation Downscaling\Precipitation-Downscaling-Khulna\data\processed\rasters_aligned\monthly\GSMaP_MVK\2019_09.tif,"GEOGCS[""WGS 84"",DATUM[""World Geodetic System 1984"",SPHEROID[""WGS 84"",6378137,298.257223563]],PRIMEM[""Greenwich"",0],UNIT[""degree"",0.0174532925199433,AUTHORITY[""EPSG"",""9122""]],AXIS[""Latitude"",NORTH],AXIS[""Longitude"",EAST]]",59,151,0.008983152841195215,0.008983152841195215,"(0.008983152841195215, 0.0, 89.22965717159208, 0.0, -0.008983152841195215, 23.014837579142142, 0.0, 0.0, 1.0)","(89.22965717159208, 21.658381500121664, 89.7596631892226, 23.014837579142142)",-9999.0,4837,4072
GSMaP_MVK,2019_10.tif,E:\Geospatial\Precipitation Downscaling\Precipitation-Downscaling-Khulna\data\processed\rasters_aligned\monthly\GSMaP_MVK\2019_10.tif,"GEOGCS[""WGS 84"",DATUM[""World Geodetic System 1984"",SPHEROID[""WGS 84"",6378137,298.257223563]],PRIMEM[""Greenwich"",0],UNIT[""degree"",0.0174532925199433,AUTHORITY[""EPSG"",""9122""]],AXIS[""Latitude"",NORTH],AXIS[""Longitude"",EAST]]",59,151,0.008983152841195215,0.008983152841195215,"(0.008983152841195215, 0.0, 89.22965717159208, 0.0, -0.008983152841195215, 23.014837579142142, 0.0, 0.0, 1.0)","(89.22965717159208, 21.658381500121664, 89.7596631892226, 23.014837579142142)",-9999.0,4837,4072
GSMaP_MVK,2019_11.tif,E:\Geospatial\Precipitation Downscaling\Precipitation-Downscaling-Khulna\data\processed\rasters_aligned\monthly\GSMaP_MVK\2019_11.tif,"GEOGCS[""WGS 84"",DATUM[""World Geodetic System 1984"",SPHEROID[""WGS 84"",6378137,298.257223563]],PRIMEM[""Greenwich"",0],UNIT[""degree"",0.0174532925199433,AUTHORITY[""EPSG"",""9122""]],AXIS[""Latitude"",NORTH],AXIS[""Longitude"",EAST]]",59,151,0.008983152841195215,0.008983152841195215,"(0.008983152841195215, 0.0, 89.22965717159208, 0.0, -0.008983152841195215, 23.014837579142142, 0.0, 0.0, 1.0)","(89.22965717159208, 21.658381500121664, 89.7596631892226, 23.014837579142142)",-9999.0,4837,4072
GSMaP_MVK,2019_12.tif,E:\Geospatial\Precipitation Downscaling\Precipitation-Downscaling-Khulna\data\processed\rasters_aligned\monthly\GSMaP_MVK\2019_12.tif,"GEOGCS[""WGS 84"",DATUM[""World Geodetic System 1984"",SPHEROID[""WGS 84"",6378137,298.257223563]],PRIMEM[""Greenwich"",0],UNIT[""degree"",0.0174532925199433,AUTHORITY[""EPSG"",""9122""]],AXIS[""Latitude"",NORTH],AXIS[""Longitude"",EAST]]",59,151,0.008983152841195215,0.008983152841195215,"(0.008983152841195215, 0.0, 89.22965717159208, 0.0, -0.008983152841195215, 23.014837579142142, 0.0, 0.0, 1.0)","(89.22965717159208, 21.658381500121664, 89.7596631892226, 23.014837579142142)",-9999.0,4837,4072
GSMaP_MVK,2020_01.tif,E:\Geospatial\Precipitation Downscaling\Precipitation-Downscaling-Khulna\data\processed\rasters_aligned\monthly\GSMaP_MVK\2020_01.tif,"GEOGCS[""WGS 84"",DATUM[""World Geodetic System 1984"",SPHEROID[""WGS 84"",6378137,298.257223563]],PRIMEM[""Greenwich"",0],UNIT[""degree"",0.0174532925199433,AUTHORITY[""EPSG"",""9122""]],AXIS[""Latitude"",NORTH],AXIS[""Longitude"",EAST]]",59,151,0.008983152841195215,0.008983152841195215,"(0.008983152841195215, 0.0, 89.22965717159208, 0.0, -0.008983152841195215, 23.014837579142142, 0.0, 0.0, 1.0)","(89.22965717159208, 21.658381500121664, 89.7596631892226, 23.014837579142142)",-9999.0,4837,4072
GSMaP_MVK,2020_02.tif,E:\Geospatial\Precipitation Downscaling\Precipitation-Downscaling-Khulna\data\processed\rasters_aligned\monthly\GSMaP_MVK\2020_02.tif,"GEOGCS[""WGS 84"",DATUM[""World Geodetic System 1984"",SPHEROID[""WGS 84"",6378137,298.257223563]],PRIMEM[""Greenwich"",0],UNIT[""degree"",0.0174532925199433,AUTHORITY[""EPSG"",""9122""]],AXIS[""Latitude"",NORTH],AXIS[""Longitude"",EAST]]",59,151,0.008983152841195215,0.008983152841195215,"(0.008983152841195215, 0.0, 89.22965717159208, 0.0, -0.008983152841195215, 23.014837579142142, 0.0, 0.0, 1.0)","(89.22965717159208, 21.658381500121664, 89.7596631892226, 23.014837579142142)",-9999.0,4837,4072
GSMaP_MVK,2020_03.tif,E:\Geospatial\Precipitation Downscaling\Precipitation-Downscaling-Khulna\data\processed\rasters_aligned\monthly\GSMaP_MVK\2020_03.tif,"GEOGCS[""WGS 84"",DATUM[""World Geodetic System 1984"",SPHEROID[""WGS 84"",6378137,298.257223563]],PRIMEM[""Greenwich"",0],UNIT[""degree"",0.0174532925199433,AUTHORITY[""EPSG"",""9122""]],AXIS[""Latitude"",NORTH],AXIS[""Longitude"",EAST]]",59,151,0.008983152841195215,0.008983152841195215,"(0.008983152841195215, 0.0, 89.22965717159208, 0.0, -0.008983152841195215, 23.014837579142142, 0.0, 0.0, 1.0)","(89.22965717159208, 21.658381500121664, 89.7596631892226, 23.014837579142142)",-9999.0,4837,4072
GSMaP_MVK,2020_04.tif,E:\Geospatial\Precipitation Downscaling\Precipitation-Downscaling-Khulna\data\processed\rasters_aligned\monthly\GSMaP_MVK\2020_04.tif,"GEOGCS[""WGS 84"",DATUM[""World Geodetic System 1984"",SPHEROID[""WGS 84"",6378137,298.257223563]],PRIMEM[""Greenwich"",0],UNIT[""degree"",0.0174532925199433,AUTHORITY[""EPSG"",""9122""]],AXIS[""Latitude"",NORTH],AXIS[""Longitude"",EAST]]",59,151,0.008983152841195215,0.008983152841195215,"(0.008983152841195215, 0.0, 89.22965717159208, 0.0, -0.008983152841195215, 23.014837579142142, 0.0, 0.0, 1.0)","(89.22965717159208, 21.658381500121664, 89.7596631892226, 23.014837579142142)",-9999.0,4837,4072
GSMaP_MVK,2020_05.tif,E:\Geospatial\Precipitation Downscaling\Precipitation-Downscaling-Khulna\data\processed\rasters_aligned\monthly\GSMaP_MVK\2020_05.tif,"GEOGCS[""WGS 84"",DATUM[""World Geodetic System 1984"",SPHEROID[""WGS 84"",6378137,298.257223563]],PRIMEM[""Greenwich"",0],UNIT[""degree"",0.0174532925199433,AUTHORITY[""EPSG"",""9122""]],AXIS[""Latitude"",NORTH],AXIS[""Longitude"",EAST]]",59,151,0.008983152841195215,0.008983152841195215,"(0.008983152841195215, 0.0, 89.22965717159208, 0.0, -0.008983152841195215, 23.014837579142142, 0.0, 0.0, 1.0)","(89.22965717159208, 21.658381500121664, 89.7596631892226, 23.014837579142142)",-9999.0,4837,4072
GSMaP_MVK,2020_06.tif,E:\Geospatial\Precipitation Downscaling\Precipitation-Downscaling-Khulna\data\processed\rasters_aligned\monthly\GSMaP_MVK\2020_06.tif,"GEOGCS[""WGS 84"",DATUM[""World Geodetic System 1984"",SPHEROID[""WGS 84"",6378137,298.257223563]],PRIMEM[""Greenwich"",0],UNIT[""degree"",0.0174532925199433,AUTHORITY[""EPSG"",""9122""]],AXIS[""Latitude"",NORTH],AXIS[""Longitude"",EAST]]",59,151,0.008983152841195215,0.008983152841195215,"(0.008983152841195215, 0.0, 89.22965717159208, 0.0, -0.008983152841195215, 23.014837579142142, 0.0, 0.0, 1.0)","(89.22965717159208, 21.658381500121664, 89.7596631892226, 23.014837579142142)",-9999.0,4837,4072
GSMaP_MVK,2020_07.tif,E:\Geospatial\Precipitation Downscaling\Precipitation-Downscaling-Khulna\data\processed\rasters_aligned\monthly\GSMaP_MVK\2020_07.tif,"GEOGCS[""WGS 84"",DATUM[""World Geodetic System 1984"",SPHEROID[""WGS 84"",6378137,298.257223563]],PRIMEM[""Greenwich"",0],UNIT[""degree"",0.0174532925199433,AUTHORITY[""EPSG"",""9122""]],AXIS[""Latitude"",NORTH],AXIS[""Longitude"",EAST]]",59,151,0.008983152841195215,0.008983152841195215,"(0.008983152841195215, 0.0, 89.22965717159208, 0.0, -0.008983152841195215, 23.014837579142142, 0.0, 0.0, 1.0)","(89.22965717159208, 21.658381500121664, 89.7596631892226, 23.014837579142142)",-9999.0,4837,4072
GSMaP_MVK,2020_08.tif,E:\Geospatial\Precipitation Downscaling\Precipitation-Downscaling-Khulna\data\processed\rasters_aligned\monthly\GSMaP_MVK\2020_08.tif,"GEOGCS[""WGS 84"",DATUM[""World Geodetic System 1984"",SPHEROID[""WGS 84"",6378137,298.257223563]],PRIMEM[""Greenwich"",0],UNIT[""degree"",0.0174532925199433,AUTHORITY[""EPSG"",""9122""]],AXIS[""Latitude"",NORTH],AXIS[""Longitude"",EAST]]",59,151,0.008983152841195215,0.008983152841195215,"(0.008983152841195215, 0.0, 89.22965717159208, 0.0, -0.008983152841195215, 23.014837579142142, 0.0, 0.0, 1.0)","(89.22965717159208, 21.658381500121664, 89.7596631892226, 23.014837579142142)",-9999.0,438,8471
GSMaP_MVK,2020_09.tif,E:\Geospatial\Precipitation Downscaling\Precipitation-Downscaling-Khulna\data\processed\rasters_aligned\monthly\GSMaP_MVK\2020_09.tif,"GEOGCS[""WGS 84"",DATUM[""World Geodetic System 1984"",SPHEROID[""WGS 84"",6378137,298.257223563]],PRIMEM[""Greenwich"",0],UNIT[""degree"",0.0174532925199433,AUTHORITY[""EPSG"",""9122""]],AXIS[""Latitude"",NORTH],AXIS[""Longitude"",EAST]]",59,151,0.008983152841195215,0.008983152841195215,"(0.008983152841195215, 0.0, 89.22965717159208, 0.0, -0.008983152841195215, 23.014837579142142, 0.0, 0.0, 1.0)","(89.22965717159208, 21.658381500121664, 89.7596631892226, 23.014837579142142)",-9999.0,4837,4072
GSMaP_MVK,2020_10.tif,E:\Geospatial\Precipitation Downscaling\Precipitation-Downscaling-Khulna\data\processed\rasters_aligned\monthly\GSMaP_MVK\2020_10.tif,"GEOGCS[""WGS 84"",DATUM[""World Geodetic System 1984"",SPHEROID[""WGS 84"",6378137,298.257223563]],PRIMEM[""Greenwich"",0],UNIT[""degree"",0.0174532925199433,AUTHORITY[""EPSG"",""9122""]],AXIS[""Latitude"",NORTH],AXIS[""Longitude"",EAST]]",59,151,0.008983152841195215,0.008983152841195215,"(0.008983152841195215, 0.0, 89.22965717159208, 0.0, -0.008983152841195215, 23.014837579142142, 0.0, 0.0, 1.0)","(89.22965717159208, 21.658381500121664, 89.7596631892226, 23.014837579142142)",-9999.0,4837,4072
GSMaP_MVK,2020_11.tif,E:\Geospatial\Precipitation Downscaling\Precipitation-Downscaling-Khulna\data\processed\rasters_aligned\monthly\GSMaP_MVK\2020_11.tif,"GEOGCS[""WGS 84"",DATUM[""World Geodetic System 1984"",SPHEROID[""WGS 84"",6378137,298.257223563]],PRIMEM[""Greenwich"",0],UNIT[""degree"",0.0174532925199433,AUTHORITY[""EPSG"",""9122""]],AXIS[""Latitude"",NORTH],AXIS[""Longitude"",EAST]]",59,151,0.008983152841195215,0.008983152841195215,"(0.008983152841195215, 0.0, 89.22965717159208, 0.0, -0.008983152841195215, 23.014837579142142, 0.0, 0.0, 1.0)","(89.22965717159208, 21.658381500121664, 89.7596631892226, 23.014837579142142)",-9999.0,4837,4072
GSMaP_MVK,2020_12.tif,E:\Geospatial\Precipitation Downscaling\Precipitation-Downscaling-Khulna\data\processed\rasters_aligned\monthly\GSMaP_MVK\2020_12.tif,"GEOGCS[""WGS 84"",DATUM[""World Geodetic System 1984"",SPHEROID[""WGS 84"",6378137,298.257223563]],PRIMEM[""Greenwich"",0],UNIT[""degree"",0.0174532925199433,AUTHORITY[""EPSG"",""9122""]],AXIS[""Latitude"",NORTH],AXIS[""Longitude"",EAST]]",59,151,0.008983152841195215,0.008983152841195215,"(0.008983152841195215, 0.0, 89.22965717159208, 0.0, -0.008983152841195215, 23.014837579142142, 0.0, 0.0, 1.0)","(89.22965717159208, 21.658381500121664, 89.7596631892226, 23.014837579142142)",-9999.0,4837,4072
GSMaP_MVK,2021_01.tif,E:\Geospatial\Precipitation Downscaling\Precipitation-Downscaling-Khulna\data\processed\rasters_aligned\monthly\GSMaP_MVK\2021_01.tif,"GEOGCS[""WGS 84"",DATUM[""World Geodetic System 1984"",SPHEROID[""WGS 84"",6378137,298.257223563]],PRIMEM[""Greenwich"",0],UNIT[""degree"",0.0174532925199433,AUTHORITY[""EPSG"",""9122""]],AXIS[""Latitude"",NORTH],AXIS[""Longitude"",EAST]]",59,151,0.008983152841195215,0.008983152841195215,"(0.008983152841195215, 0.0, 89.22965717159208, 0.0, -0.008983152841195215, 23.014837579142142, 0.0, 0.0, 1.0)","(89.22965717159208, 21.658381500121664, 89.7596631892226, 23.014837579142142)",-9999.0,4837,4072
GSMaP_MVK,2021_02.tif,E:\Geospatial\Precipitation Downscaling\Precipitation-Downscaling-Khulna\data\processed\rasters_aligned\monthly\GSMaP_MVK\2021_02.tif,"GEOGCS[""WGS 84"",DATUM[""World Geodetic System 1984"",SPHEROID[""WGS 84"",6378137,298.257223563]],PRIMEM[""Greenwich"",0],UNIT[""degree"",0.0174532925199433,AUTHORITY[""EPSG"",""9122""]],AXIS[""Latitude"",NORTH],AXIS[""Longitude"",EAST]]",59,151,0.008983152841195215,0.008983152841195215,"(0.008983152841195215, 0.0, 89.22965717159208, 0.0, -0.008983152841195215, 23.014837579142142, 0.0, 0.0, 1.0)","(89.22965717159208, 21.658381500121664, 89.7596631892226, 23.014837579142142)",-9999.0,4837,4072
GSMaP_MVK,2021_03.tif,E:\Geospatial\Precipitation Downscaling\Precipitation-Downscaling-Khulna\data\processed\rasters_aligned\monthly\GSMaP_MVK\2021_03.tif,"GEOGCS[""WGS 84"",DATUM[""World Geodetic System 1984"",SPHEROID[""WGS 84"",6378137,298.257223563]],PRIMEM[""Greenwich"",0],UNIT[""degree"",0.0174532925199433,AUTHORITY[""EPSG"",""9122""]],AXIS[""Latitude"",NORTH],AXIS[""Longitude"",EAST]]",59,151,0.008983152841195215,0.008983152841195215,"(0.008983152841195215, 0.0, 89.22965717159208, 0.0, -0.008983152841195215, 23.014837579142142, 0.0, 0.0, 1.0)","(89.22965717159208, 21.658381500121664, 89.7596631892226, 23.014837579142142)",-9999.0,4837,4072
GSMaP_MVK,2021_04.tif,E:\Geospatial\Precipitation Downscaling\Precipitation-Downscaling-Khulna\data\processed\rasters_aligned\monthly\GSMaP_MVK\2021_04.tif,"GEOGCS[""WGS 84"",DATUM[""World Geodetic System 1984"",SPHEROID[""WGS 84"",6378137,298.257223563]],PRIMEM[""Greenwich"",0],UNIT[""degree"",0.0174532925199433,AUTHORITY[""EPSG"",""9122""]],AXIS[""Latitude"",NORTH],AXIS[""Longitude"",EAST]]",59,151,0.008983152841195215,0.008983152841195215,"(0.008983152841195215, 0.0, 89.22965717159208, 0.0, -0.008983152841195215, 23.014837579142142, 0.0, 0.0, 1.0)","(89.22965717159208, 21.658381500121664, 89.7596631892226, 23.014837579142142)",-9999.0,4837,4072
GSMaP_MVK,2021_05.tif,E:\Geospatial\Precipitation Downscaling\Precipitation-Downscaling-Khulna\data\processed\rasters_aligned\monthly\GSMaP_MVK\2021_05.tif,"GEOGCS[""WGS 84"",DATUM[""World Geodetic System 1984"",SPHEROID[""WGS 84"",6378137,298.257223563]],PRIMEM[""Greenwich"",0],UNIT[""degree"",0.0174532925199433,AUTHORITY[""EPSG"",""9122""]],AXIS[""Latitude"",NORTH],AXIS[""Longitude"",EAST]]",59,151,0.008983152841195215,0.008983152841195215,"(0.008983152841195215, 0.0, 89.22965717159208, 0.0, -0.008983152841195215, 23.014837579142142, 0.0, 0.0, 1.0)","(89.22965717159208, 21.658381500121664, 89.7596631892226, 23.014837579142142)",-9999.0,4837,4072
GSMaP_MVK,2021_06.tif,E:\Geospatial\Precipitation Downscaling\Precipitation-Downscaling-Khulna\data\processed\rasters_aligned\monthly\GSMaP_MVK\2021_06.tif,"GEOGCS[""WGS 84"",DATUM[""World Geodetic System 1984"",SPHEROID[""WGS 84"",6378137,298.257223563]],PRIMEM[""Greenwich"",0],UNIT[""degree"",0.0174532925199433,AUTHORITY[""EPSG"",""9122""]],AXIS[""Latitude"",NORTH],AXIS[""Longitude"",EAST]]",59,151,0.008983152841195215,0.008983152841195215,"(0.008983152841195215, 0.0, 89.22965717159208, 0.0, -0.008983152841195215, 23.014837579142142, 0.0, 0.0, 1.0)","(89.22965717159208, 21.658381500121664, 89.7596631892226, 23.014837579142142)",-9999.0,4837,4072
GSMaP_MVK,2021_07.tif,E:\Geospatial\Precipitation Downscaling\Precipitation-Downscaling-Khulna\data\processed\rasters_aligned\monthly\GSMaP_MVK\2021_07.tif,"GEOGCS[""WGS 84"",DATUM[""World Geodetic System 1984"",SPHEROID[""WGS 84"",6378137,298.257223563]],PRIMEM[""Greenwich"",0],UNIT[""degree"",0.0174532925199433,AUTHORITY[""EPSG"",""9122""]],AXIS[""Latitude"",NORTH],AXIS[""Longitude"",EAST]]",59,151,0.008983152841195215,0.008983152841195215,"(0.008983152841195215, 0.0, 89.22965717159208, 0.0, -0.008983152841195215, 23.014837579142142, 0.0, 0.0, 1.0)","(89.22965717159208, 21.658381500121664, 89.7596631892226, 23.014837579142142)",-9999.0,4837,4072
GSMaP_MVK,2021_08.tif,E:\Geospatial\Precipitation Downscaling\Precipitation-Downscaling-Khulna\data\processed\rasters_aligned\monthly\GSMaP_MVK\2021_08.tif,"GEOGCS[""WGS 84"",DATUM[""World Geodetic System 1984"",SPHEROID[""WGS 84"",6378137,298.257223563]],PRIMEM[""Greenwich"",0],UNIT[""degree"",0.0174532925199433,AUTHORITY[""EPSG"",""9122""]],AXIS[""Latitude"",NORTH],AXIS[""Longitude"",EAST]]",59,151,0.008983152841195215,0.008983152841195215,"(0.008983152841195215, 0.0, 89.22965717159208, 0.0, -0.008983152841195215, 23.014837579142142, 0.0, 0.0, 1.0)","(89.22965717159208, 21.658381500121664, 89.7596631892226, 23.014837579142142)",-9999.0,438,8471
GSMaP_MVK,2021_09.tif,E:\Geospatial\Precipitation Downscaling\Precipitation-Downscaling-Khulna\data\processed\rasters_aligned\monthly\GSMaP_MVK\2021_09.tif,"GEOGCS[""WGS 84"",DATUM[""World Geodetic System 1984"",SPHEROID[""WGS 84"",6378137,298.257223563]],PRIMEM[""Greenwich"",0],UNIT[""degree"",0.0174532925199433,AUTHORITY[""EPSG"",""9122""]],AXIS[""Latitude"",NORTH],AXIS[""Longitude"",EAST]]",59,151,0.008983152841195215,0.008983152841195215,"(0.008983152841195215, 0.0, 89.22965717159208, 0.0, -0.008983152841195215, 23.014837579142142, 0.0, 0.0, 1.0)","(89.22965717159208, 21.658381500121664, 89.7596631892226, 23.014837579142142)",-9999.0,4837,4072
GSMaP_MVK,2021_10.tif,E:\Geospatial\Precipitation Downscaling\Precipitation-Downscaling-Khulna\data\processed\rasters_aligned\monthly\GSMaP_MVK\2021_10.tif,"GEOGCS[""WGS 84"",DATUM[""World Geodetic System 1984"",SPHEROID[""WGS 84"",6378137,298.257223563]],PRIMEM[""Greenwich"",0],UNIT[""degree"",0.0174532925199433,AUTHORITY[""EPSG"",""9122""]],AXIS[""Latitude"",NORTH],AXIS[""Longitude"",EAST]]",59,151,0.008983152841195215,0.008983152841195215,"(0.008983152841195215, 0.0, 89.22965717159208, 0.0, -0.008983152841195215, 23.014837579142142, 0.0, 0.0, 1.0)","(89.22965717159208, 21.658381500121664, 89.7596631892226, 23.014837579142142)",-9999.0,4837,4072
GSMaP_MVK,2021_11.tif,E:\Geospatial\Precipitation Downscaling\Precipitation-Downscaling-Khulna\data\processed\rasters_aligned\monthly\GSMaP_MVK\2021_11.tif,"GEOGCS[""WGS 84"",DATUM[""World Geodetic System 1984"",SPHEROID[""WGS 84"",6378137,298.257223563]],PRIMEM[""Greenwich"",0],UNIT[""degree"",0.0174532925199433,AUTHORITY[""EPSG"",""9122""]],AXIS[""Latitude"",NORTH],AXIS[""Longitude"",EAST]]",59,151,0.008983152841195215,0.008983152841195215,"(0.008983152841195215, 0.0, 89.22965717159208, 0.0, -0.008983152841195215, 23.014837579142142, 0.0, 0.0, 1.0)","(89.22965717159208, 21.658381500121664, 89.7596631892226, 23.014837579142142)",-9999.0,4837,4072
GSMaP_MVK,2021_12.tif,E:\Geospatial\Precipitation Downscaling\Precipitation-Downscaling-Khulna\data\processed\rasters_aligned\monthly\GSMaP_MVK\2021_12.tif,"GEOGCS[""WGS 84"",DATUM[""World Geodetic System 1984"",SPHEROID[""WGS 84"",6378137,298.257223563]],PRIMEM[""Greenwich"",0],UNIT[""degree"",0.0174532925199433,AUTHORITY[""EPSG"",""9122""]],AXIS[""Latitude"",NORTH],AXIS[""Longitude"",EAST]]",59,151,0.008983152841195215,0.008983152841195215,"(0.008983152841195215, 0.0, 89.22965717159208, 0.0, -0.008983152841195215, 23.014837579142142, 0.0, 0.0, 1.0)","(89.22965717159208, 21.658381500121664, 89.7596631892226, 23.014837579142142)",-9999.0,4837,4072
GSMaP_MVK,2022_01.tif,E:\Geospatial\Precipitation Downscaling\Precipitation-Downscaling-Khulna\data\processed\rasters_aligned\monthly\GSMaP_MVK\2022_01.tif,"GEOGCS[""WGS 84"",DATUM[""World Geodetic System 1984"",SPHEROID[""WGS 84"",6378137,298.257223563]],PRIMEM[""Greenwich"",0],UNIT[""degree"",0.0174532925199433,AUTHORITY[""EPSG"",""9122""]],AXIS[""Latitude"",NORTH],AXIS[""Longitude"",EAST]]",59,151,0.008983152841195215,0.008983152841195215,"(0.008983152841195215, 0.0, 89.22965717159208, 0.0, -0.008983152841195215, 23.014837579142142, 0.0, 0.0, 1.0)","(89.22965717159208, 21.658381500121664, 89.7596631892226, 23.014837579142142)",-9999.0,4837,4072
GSMaP_MVK,2022_02.tif,E:\Geospatial\Precipitation Downscaling\Precipitation-Downscaling-Khulna\data\processed\rasters_aligned\monthly\GSMaP_MVK\2022_02.tif,"GEOGCS[""WGS 84"",DATUM[""World Geodetic System 1984"",SPHEROID[""WGS 84"",6378137,298.257223563]],PRIMEM[""Greenwich"",0],UNIT[""degree"",0.0174532925199433,AUTHORITY[""EPSG"",""9122""]],AXIS[""Latitude"",NORTH],AXIS[""Longitude"",EAST]]",59,151,0.008983152841195215,0.008983152841195215,"(0.008983152841195215, 0.0, 89.22965717159208, 0.0, -0.008983152841195215, 23.014837579142142, 0.0, 0.0, 1.0)","(89.22965717159208, 21.658381500121664, 89.7596631892226, 23.014837579142142)",-9999.0,4837,4072
GSMaP_MVK,2022_03.tif,E:\Geospatial\Precipitation Downscaling\Precipitation-Downscaling-Khulna\data\processed\rasters_aligned\monthly\GSMaP_MVK\2022_03.tif,"GEOGCS[""WGS 84"",DATUM[""World Geodetic System 1984"",SPHEROID[""WGS 84"",6378137,298.257223563]],PRIMEM[""Greenwich"",0],UNIT[""degree"",0.0174532925199433,AUTHORITY[""EPSG"",""9122""]],AXIS[""Latitude"",NORTH],AXIS[""Longitude"",EAST]]",59,151,0.008983152841195215,0.008983152841195215,"(0.008983152841195215, 0.0, 89.22965717159208, 0.0, -0.008983152841195215, 23.014837579142142, 0.0, 0.0, 1.0)","(89.22965717159208, 21.658381500121664, 89.7596631892226, 23.014837579142142)",-9999.0,4837,4072
GSMaP_MVK,2022_04.tif,E:\Geospatial\Precipitation Downscaling\Precipitation-Downscaling-Khulna\data\processed\rasters_aligned\monthly\GSMaP_MVK\2022_04.tif,"GEOGCS[""WGS 84"",DATUM[""World Geodetic System 1984"",SPHEROID[""WGS 84"",6378137,298.257223563]],PRIMEM[""Greenwich"",0],UNIT[""degree"",0.0174532925199433,AUTHORITY[""EPSG"",""9122""]],AXIS[""Latitude"",NORTH],AXIS[""Longitude"",EAST]]",59,151,0.008983152841195215,0.008983152841195215,"(0.008983152841195215, 0.0, 89.22965717159208, 0.0, -0.008983152841195215, 23.014837579142142, 0.0, 0.0, 1.0)","(89.22965717159208, 21.658381500121664, 89.7596631892226, 23.014837579142142)",-9999.0,4837,4072
GSMaP_MVK,2022_05.tif,E:\Geospatial\Precipitation Downscaling\Precipitation-Downscaling-Khulna\data\processed\rasters_aligned\monthly\GSMaP_MVK\2022_05.tif,"GEOGCS[""WGS 84"",DATUM[""World Geodetic System 1984"",SPHEROID[""WGS 84"",6378137,298.257223563]],PRIMEM[""Greenwich"",0],UNIT[""degree"",0.0174532925199433,AUTHORITY[""EPSG"",""9122""]],AXIS[""Latitude"",NORTH],AXIS[""Longitude"",EAST]]",59,151,0.008983152841195215,0.008983152841195215,"(0.008983152841195215, 0.0, 89.22965717159208, 0.0, -0.008983152841195215, 23.014837579142142, 0.0, 0.0, 1.0)","(89.22965717159208, 21.658381500121664, 89.7596631892226, 23.014837579142142)",-9999.0,4837,4072
GSMaP_MVK,2022_06.tif,E:\Geospatial\Precipitation Downscaling\Precipitation-Downscaling-Khulna\data\processed\rasters_aligned\monthly\GSMaP_MVK\2022_06.tif,"GEOGCS[""WGS 84"",DATUM[""World Geodetic System 1984"",SPHEROID[""WGS 84"",6378137,298.257223563]],PRIMEM[""Greenwich"",0],UNIT[""degree"",0.0174532925199433,AUTHORITY[""EPSG"",""9122""]],AXIS[""Latitude"",NORTH],AXIS[""Longitude"",EAST]]",59,151,0.008983152841195215,0.008983152841195215,"(0.008983152841195215, 0.0, 89.22965717159208, 0.0, -0.008983152841195215, 23.014837579142142, 0.0, 0.0, 1.0)","(89.22965717159208, 21.658381500121664, 89.7596631892226, 23.014837579142142)",-9999.0,4837,4072
GSMaP_MVK,2022_07.tif,E:\Geospatial\Precipitation Downscaling\Precipitation-Downscaling-Khulna\data\processed\rasters_aligned\monthly\GSMaP_MVK\2022_07.tif,"GEOGCS[""WGS 84"",DATUM[""World Geodetic System 1984"",SPHEROID[""WGS 84"",6378137,298.257223563]],PRIMEM[""Greenwich"",0],UNIT[""degree"",0.0174532925199433,AUTHORITY[""EPSG"",""9122""]],AXIS[""Latitude"",NORTH],AXIS[""Longitude"",EAST]]",59,151,0.008983152841195215,0.008983152841195215,"(0.008983152841195215, 0.0, 89.22965717159208, 0.0, -0.008983152841195215, 23.014837579142142, 0.0, 0.0, 1.0)","(89.22965717159208, 21.658381500121664, 89.7596631892226, 23.014837579142142)",-9999.0,4837,4072
GSMaP_MVK,2022_08.tif,E:\Geospatial\Precipitation Downscaling\Precipitation-Downscaling-Khulna\data\processed\rasters_aligned\monthly\GSMaP_MVK\2022_08.tif,"GEOGCS[""WGS 84"",DATUM[""World Geodetic System 1984"",SPHEROID[""WGS 84"",6378137,298.257223563]],PRIMEM[""Greenwich"",0],UNIT[""degree"",0.0174532925199433,AUTHORITY[""EPSG"",""9122""]],AXIS[""Latitude"",NORTH],AXIS[""Longitude"",EAST]]",59,151,0.008983152841195215,0.008983152841195215,"(0.008983152841195215, 0.0, 89.22965717159208, 0.0, -0.008983152841195215, 23.014837579142142, 0.0, 0.0, 1.0)","(89.22965717159208, 21.658381500121664, 89.7596631892226, 23.014837579142142)",-9999.0,438,8471
GSMaP_MVK,2022_09.tif,E:\Geospatial\Precipitation Downscaling\Precipitation-Downscaling-Khulna\data\processed\rasters_aligned\monthly\GSMaP_MVK\2022_09.tif,"GEOGCS[""WGS 84"",DATUM[""World Geodetic System 1984"",SPHEROID[""WGS 84"",6378137,298.257223563]],PRIMEM[""Greenwich"",0],UNIT[""degree"",0.0174532925199433,AUTHORITY[""EPSG"",""9122""]],AXIS[""Latitude"",NORTH],AXIS[""Longitude"",EAST]]",59,151,0.008983152841195215,0.008983152841195215,"(0.008983152841195215, 0.0, 89.22965717159208, 0.0, -0.008983152841195215, 23.014837579142142, 0.0, 0.0, 1.0)","(89.22965717159208, 21.658381500121664, 89.7596631892226, 23.014837579142142)",-9999.0,4837,4072
GSMaP_MVK,2022_10.tif,E:\Geospatial\Precipitation Downscaling\Precipitation-Downscaling-Khulna\data\processed\rasters_aligned\monthly\GSMaP_MVK\2022_10.tif,"GEOGCS[""WGS 84"",DATUM[""World Geodetic System 1984"",SPHEROID[""WGS 84"",6378137,298.257223563]],PRIMEM[""Greenwich"",0],UNIT[""degree"",0.0174532925199433,AUTHORITY[""EPSG"",""9122""]],AXIS[""Latitude"",NORTH],AXIS[""Longitude"",EAST]]",59,151,0.008983152841195215,0.008983152841195215,"(0.008983152841195215, 0.0, 89.22965717159208, 0.0, -0.008983152841195215, 23.014837579142142, 0.0, 0.0, 1.0)","(89.22965717159208, 21.658381500121664, 89.7596631892226, 23.014837579142142)",-9999.0,4837,4072
GSMaP_MVK,2022_11.tif,E:\Geospatial\Precipitation Downscaling\Precipitation-Downscaling-Khulna\data\processed\rasters_aligned\monthly\GSMaP_MVK\2022_11.tif,"GEOGCS[""WGS 84"",DATUM[""World Geodetic System 1984"",SPHEROID[""WGS 84"",6378137,298.257223563]],PRIMEM[""Greenwich"",0],UNIT[""degree"",0.0174532925199433,AUTHORITY[""EPSG"",""9122""]],AXIS[""Latitude"",NORTH],AXIS[""Longitude"",EAST]]",59,151,0.008983152841195215,0.008983152841195215,"(0.008983152841195215, 0.0, 89.22965717159208, 0.0, -0.008983152841195215, 23.014837579142142, 0.0, 0.0, 1.0)","(89.22965717159208, 21.658381500121664, 89.7596631892226, 23.014837579142142)",-9999.0,4837,4072
GSMaP_MVK,2022_12.tif,E:\Geospatial\Precipitation Downscaling\Precipitation-Downscaling-Khulna\data\processed\rasters_aligned\monthly\GSMaP_MVK\2022_12.tif,"GEOGCS[""WGS 84"",DATUM[""World Geodetic System 1984"",SPHEROID[""WGS 84"",6378137,298.257223563]],PRIMEM[""Greenwich"",0],UNIT[""degree"",0.0174532925199433,AUTHORITY[""EPSG"",""9122""]],AXIS[""Latitude"",NORTH],AXIS[""Longitude"",EAST]]",59,151,0.008983152841195215,0.008983152841195215,"(0.008983152841195215, 0.0, 89.22965717159208, 0.0, -0.008983152841195215, 23.014837579142142, 0.0, 0.0, 1.0)","(89.22965717159208, 21.658381500121664, 89.7596631892226, 23.014837579142142)",-9999.0,4837,4072
IMERG,2017_01.tif,E:\Geospatial\Precipitation Downscaling\Precipitation-Downscaling-Khulna\data\processed\rasters_aligned\monthly\IMERG\2017_01.tif,"GEOGCS[""WGS 84"",DATUM[""World Geodetic System 1984"",SPHEROID[""WGS 84"",6378137,298.257223563]],PRIMEM[""Greenwich"",0],UNIT[""degree"",0.0174532925199433,AUTHORITY[""EPSG"",""9122""]],AXIS[""Latitude"",NORTH],AXIS[""Longitude"",EAST]]",59,151,0.008983152841195215,0.008983152841195215,"(0.008983152841195215, 0.0, 89.22965717159208, 0.0, -0.008983152841195215, 23.014837579142142, 0.0, 0.0, 1.0)","(89.22965717159208, 21.658381500121664, 89.7596631892226, 23.014837579142142)",-9999.0,4837,4072
IMERG,2017_02.tif,E:\Geospatial\Precipitation Downscaling\Precipitation-Downscaling-Khulna\data\processed\rasters_aligned\monthly\IMERG\2017_02.tif,"GEOGCS[""WGS 84"",DATUM[""World Geodetic System 1984"",SPHEROID[""WGS 84"",6378137,298.257223563]],PRIMEM[""Greenwich"",0],UNIT[""degree"",0.0174532925199433,AUTHORITY[""EPSG"",""9122""]],AXIS[""Latitude"",NORTH],AXIS[""Longitude"",EAST]]",59,151,0.008983152841195215,0.008983152841195215,"(0.008983152841195215, 0.0, 89.22965717159208, 0.0, -0.008983152841195215, 23.014837579142142, 0.0, 0.0, 1.0)","(89.22965717159208, 21.658381500121664, 89.7596631892226, 23.014837579142142)",-9999.0,4837,4072
IMERG,2017_03.tif,E:\Geospatial\Precipitation Downscaling\Precipitation-Downscaling-Khulna\data\processed\rasters_aligned\monthly\IMERG\2017_03.tif,"GEOGCS[""WGS 84"",DATUM[""World Geodetic System 1984"",SPHEROID[""WGS 84"",6378137,298.257223563]],PRIMEM[""Greenwich"",0],UNIT[""degree"",0.0174532925199433,AUTHORITY[""EPSG"",""9122""]],AXIS[""Latitude"",NORTH],AXIS[""Longitude"",EAST]]",59,151,0.008983152841195215,0.008983152841195215,"(0.008983152841195215, 0.0, 89.22965717159208, 0.0, -0.008983152841195215, 23.014837579142142, 0.0, 0.0, 1.0)","(89.22965717159208, 21.658381500121664, 89.7596631892226, 23.014837579142142)",-9999.0,4837,4072
IMERG,2017_04.tif,E:\Geospatial\Precipitation Downscaling\Precipitation-Downscaling-Khulna\data\processed\rasters_aligned\monthly\IMERG\2017_04.tif,"GEOGCS[""WGS 84"",DATUM[""World Geodetic System 1984"",SPHEROID[""WGS 84"",6378137,298.257223563]],PRIMEM[""Greenwich"",0],UNIT[""degree"",0.0174532925199433,AUTHORITY[""EPSG"",""9122""]],AXIS[""Latitude"",NORTH],AXIS[""Longitude"",EAST]]",59,151,0.008983152841195215,0.008983152841195215,"(0.008983152841195215, 0.0, 89.22965717159208, 0.0, -0.008983152841195215, 23.014837579142142, 0.0, 0.0, 1.0)","(89.22965717159208, 21.658381500121664, 89.7596631892226, 23.014837579142142)",-9999.0,4837,4072
IMERG,2017_05.tif,E:\Geospatial\Precipitation Downscaling\Precipitation-Downscaling-Khulna\data\processed\rasters_aligned\monthly\IMERG\2017_05.tif,"GEOGCS[""WGS 84"",DATUM[""World Geodetic System 1984"",SPHEROID[""WGS 84"",6378137,298.257223563]],PRIMEM[""Greenwich"",0],UNIT[""degree"",0.0174532925199433,AUTHORITY[""EPSG"",""9122""]],AXIS[""Latitude"",NORTH],AXIS[""Longitude"",EAST]]",59,151,0.008983152841195215,0.008983152841195215,"(0.008983152841195215, 0.0, 89.22965717159208, 0.0, -0.008983152841195215, 23.014837579142142, 0.0, 0.0, 1.0)","(89.22965717159208, 21.658381500121664, 89.7596631892226, 23.014837579142142)",-9999.0,4837,4072
IMERG,2017_06.tif,E:\Geospatial\Precipitation Downscaling\Precipitation-Downscaling-Khulna\data\processed\rasters_aligned\monthly\IMERG\2017_06.tif,"GEOGCS[""WGS 84"",DATUM[""World Geodetic System 1984"",SPHEROID[""WGS 84"",6378137,298.257223563]],PRIMEM[""Greenwich"",0],UNIT[""degree"",0.0174532925199433,AUTHORITY[""EPSG"",""9122""]],AXIS[""Latitude"",NORTH],AXIS[""Longitude"",EAST]]",59,151,0.008983152841195215,0.008983152841195215,"(0.008983152841195215, 0.0, 89.22965717159208, 0.0, -0.008983152841195215, 23.014837579142142, 0.0, 0.0, 1.0)","(89.22965717159208, 21.658381500121664, 89.7596631892226, 23.014837579142142)",-9999.0,4837,4072
IMERG,2017_07.tif,E:\Geospatial\Precipitation Downscaling\Precipitation-Downscaling-Khulna\data\processed\rasters_aligned\monthly\IMERG\2017_07.tif,"GEOGCS[""WGS 84"",DATUM[""World Geodetic System 1984"",SPHEROID[""WGS 84"",6378137,298.257223563]],PRIMEM[""Greenwich"",0],UNIT[""degree"",0.0174532925199433,AUTHORITY[""EPSG"",""9122""]],AXIS[""Latitude"",NORTH],AXIS[""Longitude"",EAST]]",59,151,0.008983152841195215,0.008983152841195215,"(0.008983152841195215, 0.0, 89.22965717159208, 0.0, -0.008983152841195215, 23.014837579142142, 0.0, 0.0, 1.0)","(89.22965717159208, 21.658381500121664, 89.7596631892226, 23.014837579142142)",-9999.0,4837,4072
IMERG,2017_08.tif,E:\Geospatial\Precipitation Downscaling\Precipitation-Downscaling-Khulna\data\processed\rasters_aligned\monthly\IMERG\2017_08.tif,"GEOGCS[""WGS 84"",DATUM[""World Geodetic System 1984"",SPHEROID[""WGS 84"",6378137,298.257223563]],PRIMEM[""Greenwich"",0],UNIT[""degree"",0.0174532925199433,AUTHORITY[""EPSG"",""9122""]],AXIS[""Latitude"",NORTH],AXIS[""Longitude"",EAST]]",59,151,0.008983152841195215,0.008983152841195215,"(0.008983152841195215, 0.0, 89.22965717159208, 0.0, -0.008983152841195215, 23.014837579142142, 0.0, 0.0, 1.0)","(89.22965717159208, 21.658381500121664, 89.7596631892226, 23.014837579142142)",-9999.0,4837,4072
IMERG,2017_09.tif,E:\Geospatial\Precipitation Downscaling\Precipitation-Downscaling-Khulna\data\processed\rasters_aligned\monthly\IMERG\2017_09.tif,"GEOGCS[""WGS 84"",DATUM[""World Geodetic System 1984"",SPHEROID[""WGS 84"",6378137,298.257223563]],PRIMEM[""Greenwich"",0],UNIT[""degree"",0.0174532925199433,AUTHORITY[""EPSG"",""9122""]],AXIS[""Latitude"",NORTH],AXIS[""Longitude"",EAST]]",59,151,0.008983152841195215,0.008983152841195215,"(0.008983152841195215, 0.0, 89.22965717159208, 0.0, -0.008983152841195215, 23.014837579142142, 0.0, 0.0, 1.0)","(89.22965717159208, 21.658381500121664, 89.7596631892226, 23.014837579142142)",-9999.0,4837,4072
IMERG,2017_10.tif,E:\Geospatial\Precipitation Downscaling\Precipitation-Downscaling-Khulna\data\processed\rasters_aligned\monthly\IMERG\2017_10.tif,"GEOGCS[""WGS 84"",DATUM[""World Geodetic System 1984"",SPHEROID[""WGS 84"",6378137,298.257223563]],PRIMEM[""Greenwich"",0],UNIT[""degree"",0.0174532925199433,AUTHORITY[""EPSG"",""9122""]],AXIS[""Latitude"",NORTH],AXIS[""Longitude"",EAST]]",59,151,0.008983152841195215,0.008983152841195215,"(0.008983152841195215, 0.0, 89.22965717159208, 0.0, -0.008983152841195215, 23.014837579142142, 0.0, 0.0, 1.0)","(89.22965717159208, 21.658381500121664, 89.7596631892226, 23.014837579142142)",-9999.0,4837,4072
IMERG,2017_11.tif,E:\Geospatial\Precipitation Downscaling\Precipitation-Downscaling-Khulna\data\processed\rasters_aligned\monthly\IMERG\2017_11.tif,"GEOGCS[""WGS 84"",DATUM[""World Geodetic System 1984"",SPHEROID[""WGS 84"",6378137,298.257223563]],PRIMEM[""Greenwich"",0],UNIT[""degree"",0.0174532925199433,AUTHORITY[""EPSG"",""9122""]],AXIS[""Latitude"",NORTH],AXIS[""Longitude"",EAST]]",59,151,0.008983152841195215,0.008983152841195215,"(0.008983152841195215, 0.0, 89.22965717159208, 0.0, -0.008983152841195215, 23.014837579142142, 0.0, 0.0, 1.0)","(89.22965717159208, 21.658381500121664, 89.7596631892226, 23.014837579142142)",-9999.0,4837,4072
IMERG,2017_12.tif,E:\Geospatial\Precipitation Downscaling\Precipitation-Downscaling-Khulna\data\processed\rasters_aligned\monthly\IMERG\2017_12.tif,"GEOGCS[""WGS 84"",DATUM[""World Geodetic System 1984"",SPHEROID[""WGS 84"",6378137,298.257223563]],PRIMEM[""Greenwich"",0],UNIT[""degree"",0.0174532925199433,AUTHORITY[""EPSG"",""9122""]],AXIS[""Latitude"",NORTH],AXIS[""Longitude"",EAST]]",59,151,0.008983152841195215,0.008983152841195215,"(0.008983152841195215, 0.0, 89.22965717159208, 0.0, -0.008983152841195215, 23.014837579142142, 0.0, 0.0, 1.0)","(89.22965717159208, 21.658381500121664, 89.7596631892226, 23.014837579142142)",-9999.0,4837,4072
IMERG,2018_01.tif,E:\Geospatial\Precipitation Downscaling\Precipitation-Downscaling-Khulna\data\processed\rasters_aligned\monthly\IMERG\2018_01.tif,"GEOGCS[""WGS 84"",DATUM[""World Geodetic System 1984"",SPHEROID[""WGS 84"",6378137,298.257223563]],PRIMEM[""Greenwich"",0],UNIT[""degree"",0.0174532925199433,AUTHORITY[""EPSG"",""9122""]],AXIS[""Latitude"",NORTH],AXIS[""Longitude"",EAST]]",59,151,0.008983152841195215,0.008983152841195215,"(0.008983152841195215, 0.0, 89.22965717159208, 0.0, -0.008983152841195215, 23.014837579142142, 0.0, 0.0, 1.0)","(89.22965717159208, 21.658381500121664, 89.7596631892226, 23.014837579142142)",-9999.0,4837,4072
IMERG,2018_02.tif,E:\Geospatial\Precipitation Downscaling\Precipitation-Downscaling-Khulna\data\processed\rasters_aligned\monthly\IMERG\2018_02.tif,"GEOGCS[""WGS 84"",DATUM[""World Geodetic System 1984"",SPHEROID[""WGS 84"",6378137,298.257223563]],PRIMEM[""Greenwich"",0],UNIT[""degree"",0.0174532925199433,AUTHORITY[""EPSG"",""9122""]],AXIS[""Latitude"",NORTH],AXIS[""Longitude"",EAST]]",59,151,0.008983152841195215,0.008983152841195215,"(0.008983152841195215, 0.0, 89.22965717159208, 0.0, -0.008983152841195215, 23.014837579142142, 0.0, 0.0, 1.0)","(89.22965717159208, 21.658381500121664, 89.7596631892226, 23.014837579142142)",-9999.0,4837,4072
IMERG,2018_03.tif,E:\Geospatial\Precipitation Downscaling\Precipitation-Downscaling-Khulna\data\processed\rasters_aligned\monthly\IMERG\2018_03.tif,"GEOGCS[""WGS 84"",DATUM[""World Geodetic System 1984"",SPHEROID[""WGS 84"",6378137,298.257223563]],PRIMEM[""Greenwich"",0],UNIT[""degree"",0.0174532925199433,AUTHORITY[""EPSG"",""9122""]],AXIS[""Latitude"",NORTH],AXIS[""Longitude"",EAST]]",59,151,0.008983152841195215,0.008983152841195215,"(0.008983152841195215, 0.0, 89.22965717159208, 0.0, -0.008983152841195215, 23.014837579142142, 0.0, 0.0, 1.0)","(89.22965717159208, 21.658381500121664, 89.7596631892226, 23.014837579142142)",-9999.0,4837,4072
IMERG,2018_04.tif,E:\Geospatial\Precipitation Downscaling\Precipitation-Downscaling-Khulna\data\processed\rasters_aligned\monthly\IMERG\2018_04.tif,"GEOGCS[""WGS 84"",DATUM[""World Geodetic System 1984"",SPHEROID[""WGS 84"",6378137,298.257223563]],PRIMEM[""Greenwich"",0],UNIT[""degree"",0.0174532925199433,AUTHORITY[""EPSG"",""9122""]],AXIS[""Latitude"",NORTH],AXIS[""Longitude"",EAST]]",59,151,0.008983152841195215,0.008983152841195215,"(0.008983152841195215, 0.0, 89.22965717159208, 0.0, -0.008983152841195215, 23.014837579142142, 0.0, 0.0, 1.0)","(89.22965717159208, 21.658381500121664, 89.7596631892226, 23.014837579142142)",-9999.0,4837,4072
IMERG,2018_05.tif,E:\Geospatial\Precipitation Downscaling\Precipitation-Downscaling-Khulna\data\processed\rasters_aligned\monthly\IMERG\2018_05.tif,"GEOGCS[""WGS 84"",DATUM[""World Geodetic System 1984"",SPHEROID[""WGS 84"",6378137,298.257223563]],PRIMEM[""Greenwich"",0],UNIT[""degree"",0.0174532925199433,AUTHORITY[""EPSG"",""9122""]],AXIS[""Latitude"",NORTH],AXIS[""Longitude"",EAST]]",59,151,0.008983152841195215,0.008983152841195215,"(0.008983152841195215, 0.0, 89.22965717159208, 0.0, -0.008983152841195215, 23.014837579142142, 0.0, 0.0, 1.0)","(89.22965717159208, 21.658381500121664, 89.7596631892226, 23.014837579142142)",-9999.0,4837,4072
IMERG,2018_06.tif,E:\Geospatial\Precipitation Downscaling\Precipitation-Downscaling-Khulna\data\processed\rasters_aligned\monthly\IMERG\2018_06.tif,"GEOGCS[""WGS 84"",DATUM[""World Geodetic System 1984"",SPHEROID[""WGS 84"",6378137,298.257223563]],PRIMEM[""Greenwich"",0],UNIT[""degree"",0.0174532925199433,AUTHORITY[""EPSG"",""9122""]],AXIS[""Latitude"",NORTH],AXIS[""Longitude"",EAST]]",59,151,0.008983152841195215,0.008983152841195215,"(0.008983152841195215, 0.0, 89.22965717159208, 0.0, -0.008983152841195215, 23.014837579142142, 0.0, 0.0, 1.0)","(89.22965717159208, 21.658381500121664, 89.7596631892226, 23.014837579142142)",-9999.0,4837,4072
IMERG,2018_07.tif,E:\Geospatial\Precipitation Downscaling\Precipitation-Downscaling-Khulna\data\processed\rasters_aligned\monthly\IMERG\2018_07.tif,"GEOGCS[""WGS 84"",DATUM[""World Geodetic System 1984"",SPHEROID[""WGS 84"",6378137,298.257223563]],PRIMEM[""Greenwich"",0],UNIT[""degree"",0.0174532925199433,AUTHORITY[""EPSG"",""9122""]],AXIS[""Latitude"",NORTH],AXIS[""Longitude"",EAST]]",59,151,0.008983152841195215,0.008983152841195215,"(0.008983152841195215, 0.0, 89.22965717159208, 0.0, -0.008983152841195215, 23.014837579142142, 0.0, 0.0, 1.0)","(89.22965717159208, 21.658381500121664, 89.7596631892226, 23.014837579142142)",-9999.0,4837,4072
IMERG,2018_08.tif,E:\Geospatial\Precipitation Downscaling\Precipitation-Downscaling-Khulna\data\processed\rasters_aligned\monthly\IMERG\2018_08.tif,"GEOGCS[""WGS 84"",DATUM[""World Geodetic System 1984"",SPHEROID[""WGS 84"",6378137,298.257223563]],PRIMEM[""Greenwich"",0],UNIT[""degree"",0.0174532925199433,AUTHORITY[""EPSG"",""9122""]],AXIS[""Latitude"",NORTH],AXIS[""Longitude"",EAST]]",59,151,0.008983152841195215,0.008983152841195215,"(0.008983152841195215, 0.0, 89.22965717159208, 0.0, -0.008983152841195215, 23.014837579142142, 0.0, 0.0, 1.0)","(89.22965717159208, 21.658381500121664, 89.7596631892226, 23.014837579142142)",-9999.0,4837,4072
IMERG,2018_09.tif,E:\Geospatial\Precipitation Downscaling\Precipitation-Downscaling-Khulna\data\processed\rasters_aligned\monthly\IMERG\2018_09.tif,"GEOGCS[""WGS 84"",DATUM[""World Geodetic System 1984"",SPHEROID[""WGS 84"",6378137,298.257223563]],PRIMEM[""Greenwich"",0],UNIT[""degree"",0.0174532925199433,AUTHORITY[""EPSG"",""9122""]],AXIS[""Latitude"",NORTH],AXIS[""Longitude"",EAST]]",59,151,0.008983152841195215,0.008983152841195215,"(0.008983152841195215, 0.0, 89.22965717159208, 0.0, -0.008983152841195215, 23.014837579142142, 0.0, 0.0, 1.0)","(89.22965717159208, 21.658381500121664, 89.7596631892226, 23.014837579142142)",-9999.0,4837,4072
IMERG,2018_10.tif,E:\Geospatial\Precipitation Downscaling\Precipitation-Downscaling-Khulna\data\processed\rasters_aligned\monthly\IMERG\2018_10.tif,"GEOGCS[""WGS 84"",DATUM[""World Geodetic System 1984"",SPHEROID[""WGS 84"",6378137,298.257223563]],PRIMEM[""Greenwich"",0],UNIT[""degree"",0.0174532925199433,AUTHORITY[""EPSG"",""9122""]],AXIS[""Latitude"",NORTH],AXIS[""Longitude"",EAST]]",59,151,0.008983152841195215,0.008983152841195215,"(0.008983152841195215, 0.0, 89.22965717159208, 0.0, -0.008983152841195215, 23.014837579142142, 0.0, 0.0, 1.0)","(89.22965717159208, 21.658381500121664, 89.7596631892226, 23.014837579142142)",-9999.0,4837,4072
IMERG,2018_11.tif,E:\Geospatial\Precipitation Downscaling\Precipitation-Downscaling-Khulna\data\processed\rasters_aligned\monthly\IMERG\2018_11.tif,"GEOGCS[""WGS 84"",DATUM[""World Geodetic System 1984"",SPHEROID[""WGS 84"",6378137,298.257223563]],PRIMEM[""Greenwich"",0],UNIT[""degree"",0.0174532925199433,AUTHORITY[""EPSG"",""9122""]],AXIS[""Latitude"",NORTH],AXIS[""Longitude"",EAST]]",59,151,0.008983152841195215,0.008983152841195215,"(0.008983152841195215, 0.0, 89.22965717159208, 0.0, -0.008983152841195215, 23.014837579142142, 0.0, 0.0, 1.0)","(89.22965717159208, 21.658381500121664, 89.7596631892226, 23.014837579142142)",-9999.0,4837,4072
IMERG,2018_12.tif,E:\Geospatial\Precipitation Downscaling\Precipitation-Downscaling-Khulna\data\processed\rasters_aligned\monthly\IMERG\2018_12.tif,"GEOGCS[""WGS 84"",DATUM[""World Geodetic System 1984"",SPHEROID[""WGS 84"",6378137,298.257223563]],PRIMEM[""Greenwich"",0],UNIT[""degree"",0.0174532925199433,AUTHORITY[""EPSG"",""9122""]],AXIS[""Latitude"",NORTH],AXIS[""Longitude"",EAST]]",59,151,0.008983152841195215,0.008983152841195215,"(0.008983152841195215, 0.0, 89.22965717159208, 0.0, -0.008983152841195215, 23.014837579142142, 0.0, 0.0, 1.0)","(89.22965717159208, 21.658381500121664, 89.7596631892226, 23.014837579142142)",-9999.0,4837,4072
IMERG,2019_01.tif,E:\Geospatial\Precipitation Downscaling\Precipitation-Downscaling-Khulna\data\processed\rasters_aligned\monthly\IMERG\2019_01.tif,"GEOGCS[""WGS 84"",DATUM[""World Geodetic System 1984"",SPHEROID[""WGS 84"",6378137,298.257223563]],PRIMEM[""Greenwich"",0],UNIT[""degree"",0.0174532925199433,AUTHORITY[""EPSG"",""9122""]],AXIS[""Latitude"",NORTH],AXIS[""Longitude"",EAST]]",59,151,0.008983152841195215,0.008983152841195215,"(0.008983152841195215, 0.0, 89.22965717159208, 0.0, -0.008983152841195215, 23.014837579142142, 0.0, 0.0, 1.0)","(89.22965717159208, 21.658381500121664, 89.7596631892226, 23.014837579142142)",-9999.0,4837,4072
IMERG,2019_02.tif,E:\Geospatial\Precipitation Downscaling\Precipitation-Downscaling-Khulna\data\processed\rasters_aligned\monthly\IMERG\2019_02.tif,"GEOGCS[""WGS 84"",DATUM[""World Geodetic System 1984"",SPHEROID[""WGS 84"",6378137,298.257223563]],PRIMEM[""Greenwich"",0],UNIT[""degree"",0.0174532925199433,AUTHORITY[""EPSG"",""9122""]],AXIS[""Latitude"",NORTH],AXIS[""Longitude"",EAST]]",59,151,0.008983152841195215,0.008983152841195215,"(0.008983152841195215, 0.0, 89.22965717159208, 0.0, -0.008983152841195215, 23.014837579142142, 0.0, 0.0, 1.0)","(89.22965717159208, 21.658381500121664, 89.7596631892226, 23.014837579142142)",-9999.0,4837,4072
IMERG,2019_03.tif,E:\Geospatial\Precipitation Downscaling\Precipitation-Downscaling-Khulna\data\processed\rasters_aligned\monthly\IMERG\2019_03.tif,"GEOGCS[""WGS 84"",DATUM[""World Geodetic System 1984"",SPHEROID[""WGS 84"",6378137,298.257223563]],PRIMEM[""Greenwich"",0],UNIT[""degree"",0.0174532925199433,AUTHORITY[""EPSG"",""9122""]],AXIS[""Latitude"",NORTH],AXIS[""Longitude"",EAST]]",59,151,0.008983152841195215,0.008983152841195215,"(0.008983152841195215, 0.0, 89.22965717159208, 0.0, -0.008983152841195215, 23.014837579142142, 0.0, 0.0, 1.0)","(89.22965717159208, 21.658381500121664, 89.7596631892226, 23.014837579142142)",-9999.0,4837,4072
IMERG,2019_04.tif,E:\Geospatial\Precipitation Downscaling\Precipitation-Downscaling-Khulna\data\processed\rasters_aligned\monthly\IMERG\2019_04.tif,"GEOGCS[""WGS 84"",DATUM[""World Geodetic System 1984"",SPHEROID[""WGS 84"",6378137,298.257223563]],PRIMEM[""Greenwich"",0],UNIT[""degree"",0.0174532925199433,AUTHORITY[""EPSG"",""9122""]],AXIS[""Latitude"",NORTH],AXIS[""Longitude"",EAST]]",59,151,0.008983152841195215,0.008983152841195215,"(0.008983152841195215, 0.0, 89.22965717159208, 0.0, -0.008983152841195215, 23.014837579142142, 0.0, 0.0, 1.0)","(89.22965717159208, 21.658381500121664, 89.7596631892226, 23.014837579142142)",-9999.0,4837,4072
IMERG,2019_05.tif,E:\Geospatial\Precipitation Downscaling\Precipitation-Downscaling-Khulna\data\processed\rasters_aligned\monthly\IMERG\2019_05.tif,"GEOGCS[""WGS 84"",DATUM[""World Geodetic System 1984"",SPHEROID[""WGS 84"",6378137,298.257223563]],PRIMEM[""Greenwich"",0],UNIT[""degree"",0.0174532925199433,AUTHORITY[""EPSG"",""9122""]],AXIS[""Latitude"",NORTH],AXIS[""Longitude"",EAST]]",59,151,0.008983152841195215,0.008983152841195215,"(0.008983152841195215, 0.0, 89.22965717159208, 0.0, -0.008983152841195215, 23.014837579142142, 0.0, 0.0, 1.0)","(89.22965717159208, 21.658381500121664, 89.7596631892226, 23.014837579142142)",-9999.0,4837,4072
IMERG,2019_06.tif,E:\Geospatial\Precipitation Downscaling\Precipitation-Downscaling-Khulna\data\processed\rasters_aligned\monthly\IMERG\2019_06.tif,"GEOGCS[""WGS 84"",DATUM[""World Geodetic System 1984"",SPHEROID[""WGS 84"",6378137,298.257223563]],PRIMEM[""Greenwich"",0],UNIT[""degree"",0.0174532925199433,AUTHORITY[""EPSG"",""9122""]],AXIS[""Latitude"",NORTH],AXIS[""Longitude"",EAST]]",59,151,0.008983152841195215,0.008983152841195215,"(0.008983152841195215, 0.0, 89.22965717159208, 0.0, -0.008983152841195215, 23.014837579142142, 0.0, 0.0, 1.0)","(89.22965717159208, 21.658381500121664, 89.7596631892226, 23.014837579142142)",-9999.0,4837,4072
IMERG,2019_07.tif,E:\Geospatial\Precipitation Downscaling\Precipitation-Downscaling-Khulna\data\processed\rasters_aligned\monthly\IMERG\2019_07.tif,"GEOGCS[""WGS 84"",DATUM[""World Geodetic System 1984"",SPHEROID[""WGS 84"",6378137,298.257223563]],PRIMEM[""Greenwich"",0],UNIT[""degree"",0.0174532925199433,AUTHORITY[""EPSG"",""9122""]],AXIS[""Latitude"",NORTH],AXIS[""Longitude"",EAST]]",59,151,0.008983152841195215,0.008983152841195215,"(0.008983152841195215, 0.0, 89.22965717159208, 0.0, -0.008983152841195215, 23.014837579142142, 0.0, 0.0, 1.0)","(89.22965717159208, 21.658381500121664, 89.7596631892226, 23.014837579142142)",-9999.0,4837,4072
IMERG,2019_08.tif,E:\Geospatial\Precipitation Downscaling\Precipitation-Downscaling-Khulna\data\processed\rasters_aligned\monthly\IMERG\2019_08.tif,"GEOGCS[""WGS 84"",DATUM[""World Geodetic System 1984"",SPHEROID[""WGS 84"",6378137,298.257223563]],PRIMEM[""Greenwich"",0],UNIT[""degree"",0.0174532925199433,AUTHORITY[""EPSG"",""9122""]],AXIS[""Latitude"",NORTH],AXIS[""Longitude"",EAST]]",59,151,0.008983152841195215,0.008983152841195215,"(0.008983152841195215, 0.0, 89.22965717159208, 0.0, -0.008983152841195215, 23.014837579142142, 0.0, 0.0, 1.0)","(89.22965717159208, 21.658381500121664, 89.7596631892226, 23.014837579142142)",-9999.0,4837,4072
IMERG,2019_09.tif,E:\Geospatial\Precipitation Downscaling\Precipitation-Downscaling-Khulna\data\processed\rasters_aligned\monthly\IMERG\2019_09.tif,"GEOGCS[""WGS 84"",DATUM[""World Geodetic System 1984"",SPHEROID[""WGS 84"",6378137,298.257223563]],PRIMEM[""Greenwich"",0],UNIT[""degree"",0.0174532925199433,AUTHORITY[""EPSG"",""9122""]],AXIS[""Latitude"",NORTH],AXIS[""Longitude"",EAST]]",59,151,0.008983152841195215,0.008983152841195215,"(0.008983152841195215, 0.0, 89.22965717159208, 0.0, -0.008983152841195215, 23.014837579142142, 0.0, 0.0, 1.0)","(89.22965717159208, 21.658381500121664, 89.7596631892226, 23.014837579142142)",-9999.0,4837,4072
IMERG,2019_10.tif,E:\Geospatial\Precipitation Downscaling\Precipitation-Downscaling-Khulna\data\processed\rasters_aligned\monthly\IMERG\2019_10.tif,"GEOGCS[""WGS 84"",DATUM[""World Geodetic System 1984"",SPHEROID[""WGS 84"",6378137,298.257223563]],PRIMEM[""Greenwich"",0],UNIT[""degree"",0.0174532925199433,AUTHORITY[""EPSG"",""9122""]],AXIS[""Latitude"",NORTH],AXIS[""Longitude"",EAST]]",59,151,0.008983152841195215,0.008983152841195215,"(0.008983152841195215, 0.0, 89.22965717159208, 0.0, -0.008983152841195215, 23.014837579142142, 0.0, 0.0, 1.0)","(89.22965717159208, 21.658381500121664, 89.7596631892226, 23.014837579142142)",-9999.0,4837,4072
IMERG,2019_11.tif,E:\Geospatial\Precipitation Downscaling\Precipitation-Downscaling-Khulna\data\processed\rasters_aligned\monthly\IMERG\2019_11.tif,"GEOGCS[""WGS 84"",DATUM[""World Geodetic System 1984"",SPHEROID[""WGS 84"",6378137,298.257223563]],PRIMEM[""Greenwich"",0],UNIT[""degree"",0.0174532925199433,AUTHORITY[""EPSG"",""9122""]],AXIS[""Latitude"",NORTH],AXIS[""Longitude"",EAST]]",59,151,0.008983152841195215,0.008983152841195215,"(0.008983152841195215, 0.0, 89.22965717159208, 0.0, -0.008983152841195215, 23.014837579142142, 0.0, 0.0, 1.0)","(89.22965717159208, 21.658381500121664, 89.7596631892226, 23.014837579142142)",-9999.0,4837,4072
IMERG,2019_12.tif,E:\Geospatial\Precipitation Downscaling\Precipitation-Downscaling-Khulna\data\processed\rasters_aligned\monthly\IMERG\2019_12.tif,"GEOGCS[""WGS 84"",DATUM[""World Geodetic System 1984"",SPHEROID[""WGS 84"",6378137,298.257223563]],PRIMEM[""Greenwich"",0],UNIT[""degree"",0.0174532925199433,AUTHORITY[""EPSG"",""9122""]],AXIS[""Latitude"",NORTH],AXIS[""Longitude"",EAST]]",59,151,0.008983152841195215,0.008983152841195215,"(0.008983152841195215, 0.0, 89.22965717159208, 0.0, -0.008983152841195215, 23.014837579142142, 0.0, 0.0, 1.0)","(89.22965717159208, 21.658381500121664, 89.7596631892226, 23.014837579142142)",-9999.0,4837,4072
IMERG,2020_01.tif,E:\Geospatial\Precipitation Downscaling\Precipitation-Downscaling-Khulna\data\processed\rasters_aligned\monthly\IMERG\2020_01.tif,"GEOGCS[""WGS 84"",DATUM[""World Geodetic System 1984"",SPHEROID[""WGS 84"",6378137,298.257223563]],PRIMEM[""Greenwich"",0],UNIT[""degree"",0.0174532925199433,AUTHORITY[""EPSG"",""9122""]],AXIS[""Latitude"",NORTH],AXIS[""Longitude"",EAST]]",59,151,0.008983152841195215,0.008983152841195215,"(0.008983152841195215, 0.0, 89.22965717159208, 0.0, -0.008983152841195215, 23.014837579142142, 0.0, 0.0, 1.0)","(89.22965717159208, 21.658381500121664, 89.7596631892226, 23.014837579142142)",-9999.0,4837,4072
IMERG,2020_02.tif,E:\Geospatial\Precipitation Downscaling\Precipitation-Downscaling-Khulna\data\processed\rasters_aligned\monthly\IMERG\2020_02.tif,"GEOGCS[""WGS 84"",DATUM[""World Geodetic System 1984"",SPHEROID[""WGS 84"",6378137,298.257223563]],PRIMEM[""Greenwich"",0],UNIT[""degree"",0.0174532925199433,AUTHORITY[""EPSG"",""9122""]],AXIS[""Latitude"",NORTH],AXIS[""Longitude"",EAST]]",59,151,0.008983152841195215,0.008983152841195215,"(0.008983152841195215, 0.0, 89.22965717159208, 0.0, -0.008983152841195215, 23.014837579142142, 0.0, 0.0, 1.0)","(89.22965717159208, 21.658381500121664, 89.7596631892226, 23.014837579142142)",-9999.0,4837,4072
IMERG,2020_03.tif,E:\Geospatial\Precipitation Downscaling\Precipitation-Downscaling-Khulna\data\processed\rasters_aligned\monthly\IMERG\2020_03.tif,"GEOGCS[""WGS 84"",DATUM[""World Geodetic System 1984"",SPHEROID[""WGS 84"",6378137,298.257223563]],PRIMEM[""Greenwich"",0],UNIT[""degree"",0.0174532925199433,AUTHORITY[""EPSG"",""9122""]],AXIS[""Latitude"",NORTH],AXIS[""Longitude"",EAST]]",59,151,0.008983152841195215,0.008983152841195215,"(0.008983152841195215, 0.0, 89.22965717159208, 0.0, -0.008983152841195215, 23.014837579142142, 0.0, 0.0, 1.0)","(89.22965717159208, 21.658381500121664, 89.7596631892226, 23.014837579142142)",-9999.0,4837,4072
IMERG,2020_04.tif,E:\Geospatial\Precipitation Downscaling\Precipitation-Downscaling-Khulna\data\processed\rasters_aligned\monthly\IMERG\2020_04.tif,"GEOGCS[""WGS 84"",DATUM[""World Geodetic System 1984"",SPHEROID[""WGS 84"",6378137,298.257223563]],PRIMEM[""Greenwich"",0],UNIT[""degree"",0.0174532925199433,AUTHORITY[""EPSG"",""9122""]],AXIS[""Latitude"",NORTH],AXIS[""Longitude"",EAST]]",59,151,0.008983152841195215,0.008983152841195215,"(0.008983152841195215, 0.0, 89.22965717159208, 0.0, -0.008983152841195215, 23.014837579142142, 0.0, 0.0, 1.0)","(89.22965717159208, 21.658381500121664, 89.7596631892226, 23.014837579142142)",-9999.0,4837,4072
IMERG,2020_05.tif,E:\Geospatial\Precipitation Downscaling\Precipitation-Downscaling-Khulna\data\processed\rasters_aligned\monthly\IMERG\2020_05.tif,"GEOGCS[""WGS 84"",DATUM[""World Geodetic System 1984"",SPHEROID[""WGS 84"",6378137,298.257223563]],PRIMEM[""Greenwich"",0],UNIT[""degree"",0.0174532925199433,AUTHORITY[""EPSG"",""9122""]],AXIS[""Latitude"",NORTH],AXIS[""Longitude"",EAST]]",59,151,0.008983152841195215,0.008983152841195215,"(0.008983152841195215, 0.0, 89.22965717159208, 0.0, -0.008983152841195215, 23.014837579142142, 0.0, 0.0, 1.0)","(89.22965717159208, 21.658381500121664, 89.7596631892226, 23.014837579142142)",-9999.0,4837,4072
IMERG,2020_06.tif,E:\Geospatial\Precipitation Downscaling\Precipitation-Downscaling-Khulna\data\processed\rasters_aligned\monthly\IMERG\2020_06.tif,"GEOGCS[""WGS 84"",DATUM[""World Geodetic System 1984"",SPHEROID[""WGS 84"",6378137,298.257223563]],PRIMEM[""Greenwich"",0],UNIT[""degree"",0.0174532925199433,AUTHORITY[""EPSG"",""9122""]],AXIS[""Latitude"",NORTH],AXIS[""Longitude"",EAST]]",59,151,0.008983152841195215,0.008983152841195215,"(0.008983152841195215, 0.0, 89.22965717159208, 0.0, -0.008983152841195215, 23.014837579142142, 0.0, 0.0, 1.0)","(89.22965717159208, 21.658381500121664, 89.7596631892226, 23.014837579142142)",-9999.0,4837,4072
IMERG,2020_07.tif,E:\Geospatial\Precipitation Downscaling\Precipitation-Downscaling-Khulna\data\processed\rasters_aligned\monthly\IMERG\2020_07.tif,"GEOGCS[""WGS 84"",DATUM[""World Geodetic System 1984"",SPHEROID[""WGS 84"",6378137,298.257223563]],PRIMEM[""Greenwich"",0],UNIT[""degree"",0.0174532925199433,AUTHORITY[""EPSG"",""9122""]],AXIS[""Latitude"",NORTH],AXIS[""Longitude"",EAST]]",59,151,0.008983152841195215,0.008983152841195215,"(0.008983152841195215, 0.0, 89.22965717159208, 0.0, -0.008983152841195215, 23.014837579142142, 0.0, 0.0, 1.0)","(89.22965717159208, 21.658381500121664, 89.7596631892226, 23.014837579142142)",-9999.0,4837,4072
IMERG,2020_08.tif,E:\Geospatial\Precipitation Downscaling\Precipitation-Downscaling-Khulna\data\processed\rasters_aligned\monthly\IMERG\2020_08.tif,"GEOGCS[""WGS 84"",DATUM[""World Geodetic System 1984"",SPHEROID[""WGS 84"",6378137,298.257223563]],PRIMEM[""Greenwich"",0],UNIT[""degree"",0.0174532925199433,AUTHORITY[""EPSG"",""9122""]],AXIS[""Latitude"",NORTH],AXIS[""Longitude"",EAST]]",59,151,0.008983152841195215,0.008983152841195215,"(0.008983152841195215, 0.0, 89.22965717159208, 0.0, -0.008983152841195215, 23.014837579142142, 0.0, 0.0, 1.0)","(89.22965717159208, 21.658381500121664, 89.7596631892226, 23.014837579142142)",-9999.0,4837,4072
IMERG,2020_09.tif,E:\Geospatial\Precipitation Downscaling\Precipitation-Downscaling-Khulna\data\processed\rasters_aligned\monthly\IMERG\2020_09.tif,"GEOGCS[""WGS 84"",DATUM[""World Geodetic System 1984"",SPHEROID[""WGS 84"",6378137,298.257223563]],PRIMEM[""Greenwich"",0],UNIT[""degree"",0.0174532925199433,AUTHORITY[""EPSG"",""9122""]],AXIS[""Latitude"",NORTH],AXIS[""Longitude"",EAST]]",59,151,0.008983152841195215,0.008983152841195215,"(0.008983152841195215, 0.0, 89.22965717159208, 0.0, -0.008983152841195215, 23.014837579142142, 0.0, 0.0, 1.0)","(89.22965717159208, 21.658381500121664, 89.7596631892226, 23.014837579142142)",-9999.0,4837,4072
IMERG,2020_10.tif,E:\Geospatial\Precipitation Downscaling\Precipitation-Downscaling-Khulna\data\processed\rasters_aligned\monthly\IMERG\2020_10.tif,"GEOGCS[""WGS 84"",DATUM[""World Geodetic System 1984"",SPHEROID[""WGS 84"",6378137,298.257223563]],PRIMEM[""Greenwich"",0],UNIT[""degree"",0.0174532925199433,AUTHORITY[""EPSG"",""9122""]],AXIS[""Latitude"",NORTH],AXIS[""Longitude"",EAST]]",59,151,0.008983152841195215,0.008983152841195215,"(0.008983152841195215, 0.0, 89.22965717159208, 0.0, -0.008983152841195215, 23.014837579142142, 0.0, 0.0, 1.0)","(89.22965717159208, 21.658381500121664, 89.7596631892226, 23.014837579142142)",-9999.0,4837,4072
IMERG,2020_11.tif,E:\Geospatial\Precipitation Downscaling\Precipitation-Downscaling-Khulna\data\processed\rasters_aligned\monthly\IMERG\2020_11.tif,"GEOGCS[""WGS 84"",DATUM[""World Geodetic System 1984"",SPHEROID[""WGS 84"",6378137,298.257223563]],PRIMEM[""Greenwich"",0],UNIT[""degree"",0.0174532925199433,AUTHORITY[""EPSG"",""9122""]],AXIS[""Latitude"",NORTH],AXIS[""Longitude"",EAST]]",59,151,0.008983152841195215,0.008983152841195215,"(0.008983152841195215, 0.0, 89.22965717159208, 0.0, -0.008983152841195215, 23.014837579142142, 0.0, 0.0, 1.0)","(89.22965717159208, 21.658381500121664, 89.7596631892226, 23.014837579142142)",-9999.0,4837,4072
IMERG,2020_12.tif,E:\Geospatial\Precipitation Downscaling\Precipitation-Downscaling-Khulna\data\processed\rasters_aligned\monthly\IMERG\2020_12.tif,"GEOGCS[""WGS 84"",DATUM[""World Geodetic System 1984"",SPHEROID[""WGS 84"",6378137,298.257223563]],PRIMEM[""Greenwich"",0],UNIT[""degree"",0.0174532925199433,AUTHORITY[""EPSG"",""9122""]],AXIS[""Latitude"",NORTH],AXIS[""Longitude"",EAST]]",59,151,0.008983152841195215,0.008983152841195215,"(0.008983152841195215, 0.0, 89.22965717159208, 0.0, -0.008983152841195215, 23.014837579142142, 0.0, 0.0, 1.0)","(89.22965717159208, 21.658381500121664, 89.7596631892226, 23.014837579142142)",-9999.0,4837,4072
IMERG,2021_01.tif,E:\Geospatial\Precipitation Downscaling\Precipitation-Downscaling-Khulna\data\processed\rasters_aligned\monthly\IMERG\2021_01.tif,"GEOGCS[""WGS 84"",DATUM[""World Geodetic System 1984"",SPHEROID[""WGS 84"",6378137,298.257223563]],PRIMEM[""Greenwich"",0],UNIT[""degree"",0.0174532925199433,AUTHORITY[""EPSG"",""9122""]],AXIS[""Latitude"",NORTH],AXIS[""Longitude"",EAST]]",59,151,0.008983152841195215,0.008983152841195215,"(0.008983152841195215, 0.0, 89.22965717159208, 0.0, -0.008983152841195215, 23.014837579142142, 0.0, 0.0, 1.0)","(89.22965717159208, 21.658381500121664, 89.7596631892226, 23.014837579142142)",-9999.0,4837,4072
IMERG,2021_02.tif,E:\Geospatial\Precipitation Downscaling\Precipitation-Downscaling-Khulna\data\processed\rasters_aligned\monthly\IMERG\2021_02.tif,"GEOGCS[""WGS 84"",DATUM[""World Geodetic System 1984"",SPHEROID[""WGS 84"",6378137,298.257223563]],PRIMEM[""Greenwich"",0],UNIT[""degree"",0.0174532925199433,AUTHORITY[""EPSG"",""9122""]],AXIS[""Latitude"",NORTH],AXIS[""Longitude"",EAST]]",59,151,0.008983152841195215,0.008983152841195215,"(0.008983152841195215, 0.0, 89.22965717159208, 0.0, -0.008983152841195215, 23.014837579142142, 0.0, 0.0, 1.0)","(89.22965717159208, 21.658381500121664, 89.7596631892226, 23.014837579142142)",-9999.0,4837,4072
IMERG,2021_03.tif,E:\Geospatial\Precipitation Downscaling\Precipitation-Downscaling-Khulna\data\processed\rasters_aligned\monthly\IMERG\2021_03.tif,"GEOGCS[""WGS 84"",DATUM[""World Geodetic System 1984"",SPHEROID[""WGS 84"",6378137,298.257223563]],PRIMEM[""Greenwich"",0],UNIT[""degree"",0.0174532925199433,AUTHORITY[""EPSG"",""9122""]],AXIS[""Latitude"",NORTH],AXIS[""Longitude"",EAST]]",59,151,0.008983152841195215,0.008983152841195215,"(0.008983152841195215, 0.0, 89.22965717159208, 0.0, -0.008983152841195215, 23.014837579142142, 0.0, 0.0, 1.0)","(89.22965717159208, 21.658381500121664, 89.7596631892226, 23.014837579142142)",-9999.0,4837,4072
IMERG,2021_04.tif,E:\Geospatial\Precipitation Downscaling\Precipitation-Downscaling-Khulna\data\processed\rasters_aligned\monthly\IMERG\2021_04.tif,"GEOGCS[""WGS 84"",DATUM[""World Geodetic System 1984"",SPHEROID[""WGS 84"",6378137,298.257223563]],PRIMEM[""Greenwich"",0],UNIT[""degree"",0.0174532925199433,AUTHORITY[""EPSG"",""9122""]],AXIS[""Latitude"",NORTH],AXIS[""Longitude"",EAST]]",59,151,0.008983152841195215,0.008983152841195215,"(0.008983152841195215, 0.0, 89.22965717159208, 0.0, -0.008983152841195215, 23.014837579142142, 0.0, 0.0, 1.0)","(89.22965717159208, 21.658381500121664, 89.7596631892226, 23.014837579142142)",-9999.0,4837,4072
IMERG,2021_05.tif,E:\Geospatial\Precipitation Downscaling\Precipitation-Downscaling-Khulna\data\processed\rasters_aligned\monthly\IMERG\2021_05.tif,"GEOGCS[""WGS 84"",DATUM[""World Geodetic System 1984"",SPHEROID[""WGS 84"",6378137,298.257223563]],PRIMEM[""Greenwich"",0],UNIT[""degree"",0.0174532925199433,AUTHORITY[""EPSG"",""9122""]],AXIS[""Latitude"",NORTH],AXIS[""Longitude"",EAST]]",59,151,0.008983152841195215,0.008983152841195215,"(0.008983152841195215, 0.0, 89.22965717159208, 0.0, -0.008983152841195215, 23.014837579142142, 0.0, 0.0, 1.0)","(89.22965717159208, 21.658381500121664, 89.7596631892226, 23.014837579142142)",-9999.0,4837,4072
IMERG,2021_06.tif,E:\Geospatial\Precipitation Downscaling\Precipitation-Downscaling-Khulna\data\processed\rasters_aligned\monthly\IMERG\2021_06.tif,"GEOGCS[""WGS 84"",DATUM[""World Geodetic System 1984"",SPHEROID[""WGS 84"",6378137,298.257223563]],PRIMEM[""Greenwich"",0],UNIT[""degree"",0.0174532925199433,AUTHORITY[""EPSG"",""9122""]],AXIS[""Latitude"",NORTH],AXIS[""Longitude"",EAST]]",59,151,0.008983152841195215,0.008983152841195215,"(0.008983152841195215, 0.0, 89.22965717159208, 0.0, -0.008983152841195215, 23.014837579142142, 0.0, 0.0, 1.0)","(89.22965717159208, 21.658381500121664, 89.7596631892226, 23.014837579142142)",-9999.0,4837,4072
IMERG,2021_07.tif,E:\Geospatial\Precipitation Downscaling\Precipitation-Downscaling-Khulna\data\processed\rasters_aligned\monthly\IMERG\2021_07.tif,"GEOGCS[""WGS 84"",DATUM[""World Geodetic System 1984"",SPHEROID[""WGS 84"",6378137,298.257223563]],PRIMEM[""Greenwich"",0],UNIT[""degree"",0.0174532925199433,AUTHORITY[""EPSG"",""9122""]],AXIS[""Latitude"",NORTH],AXIS[""Longitude"",EAST]]",59,151,0.008983152841195215,0.008983152841195215,"(0.008983152841195215, 0.0, 89.22965717159208, 0.0, -0.008983152841195215, 23.014837579142142, 0.0, 0.0, 1.0)","(89.22965717159208, 21.658381500121664, 89.7596631892226, 23.014837579142142)",-9999.0,4837,4072
IMERG,2021_08.tif,E:\Geospatial\Precipitation Downscaling\Precipitation-Downscaling-Khulna\data\processed\rasters_aligned\monthly\IMERG\2021_08.tif,"GEOGCS[""WGS 84"",DATUM[""World Geodetic System 1984"",SPHEROID[""WGS 84"",6378137,298.257223563]],PRIMEM[""Greenwich"",0],UNIT[""degree"",0.0174532925199433,AUTHORITY[""EPSG"",""9122""]],AXIS[""Latitude"",NORTH],AXIS[""Longitude"",EAST]]",59,151,0.008983152841195215,0.008983152841195215,"(0.008983152841195215, 0.0, 89.22965717159208, 0.0, -0.008983152841195215, 23.014837579142142, 0.0, 0.0, 1.0)","(89.22965717159208, 21.658381500121664, 89.7596631892226, 23.014837579142142)",-9999.0,4837,4072
IMERG,2021_09.tif,E:\Geospatial\Precipitation Downscaling\Precipitation-Downscaling-Khulna\data\processed\rasters_aligned\monthly\IMERG\2021_09.tif,"GEOGCS[""WGS 84"",DATUM[""World Geodetic System 1984"",SPHEROID[""WGS 84"",6378137,298.257223563]],PRIMEM[""Greenwich"",0],UNIT[""degree"",0.0174532925199433,AUTHORITY[""EPSG"",""9122""]],AXIS[""Latitude"",NORTH],AXIS[""Longitude"",EAST]]",59,151,0.008983152841195215,0.008983152841195215,"(0.008983152841195215, 0.0, 89.22965717159208, 0.0, -0.008983152841195215, 23.014837579142142, 0.0, 0.0, 1.0)","(89.22965717159208, 21.658381500121664, 89.7596631892226, 23.014837579142142)",-9999.0,4837,4072
IMERG,2021_10.tif,E:\Geospatial\Precipitation Downscaling\Precipitation-Downscaling-Khulna\data\processed\rasters_aligned\monthly\IMERG\2021_10.tif,"GEOGCS[""WGS 84"",DATUM[""World Geodetic System 1984"",SPHEROID[""WGS 84"",6378137,298.257223563]],PRIMEM[""Greenwich"",0],UNIT[""degree"",0.0174532925199433,AUTHORITY[""EPSG"",""9122""]],AXIS[""Latitude"",NORTH],AXIS[""Longitude"",EAST]]",59,151,0.008983152841195215,0.008983152841195215,"(0.008983152841195215, 0.0, 89.22965717159208, 0.0, -0.008983152841195215, 23.014837579142142, 0.0, 0.0, 1.0)","(89.22965717159208, 21.658381500121664, 89.7596631892226, 23.014837579142142)",-9999.0,4837,4072
IMERG,2021_11.tif,E:\Geospatial\Precipitation Downscaling\Precipitation-Downscaling-Khulna\data\processed\rasters_aligned\monthly\IMERG\2021_11.tif,"GEOGCS[""WGS 84"",DATUM[""World Geodetic System 1984"",SPHEROID[""WGS 84"",6378137,298.257223563]],PRIMEM[""Greenwich"",0],UNIT[""degree"",0.0174532925199433,AUTHORITY[""EPSG"",""9122""]],AXIS[""Latitude"",NORTH],AXIS[""Longitude"",EAST]]",59,151,0.008983152841195215,0.008983152841195215,"(0.008983152841195215, 0.0, 89.22965717159208, 0.0, -0.008983152841195215, 23.014837579142142, 0.0, 0.0, 1.0)","(89.22965717159208, 21.658381500121664, 89.7596631892226, 23.014837579142142)",-9999.0,4837,4072
IMERG,2021_12.tif,E:\Geospatial\Precipitation Downscaling\Precipitation-Downscaling-Khulna\data\processed\rasters_aligned\monthly\IMERG\2021_12.tif,"GEOGCS[""WGS 84"",DATUM[""World Geodetic System 1984"",SPHEROID[""WGS 84"",6378137,298.257223563]],PRIMEM[""Greenwich"",0],UNIT[""degree"",0.0174532925199433,AUTHORITY[""EPSG"",""9122""]],AXIS[""Latitude"",NORTH],AXIS[""Longitude"",EAST]]",59,151,0.008983152841195215,0.008983152841195215,"(0.008983152841195215, 0.0, 89.22965717159208, 0.0, -0.008983152841195215, 23.014837579142142, 0.0, 0.0, 1.0)","(89.22965717159208, 21.658381500121664, 89.7596631892226, 23.014837579142142)",-9999.0,4837,4072
IMERG,2022_01.tif,E:\Geospatial\Precipitation Downscaling\Precipitation-Downscaling-Khulna\data\processed\rasters_aligned\monthly\IMERG\2022_01.tif,"GEOGCS[""WGS 84"",DATUM[""World Geodetic System 1984"",SPHEROID[""WGS 84"",6378137,298.257223563]],PRIMEM[""Greenwich"",0],UNIT[""degree"",0.0174532925199433,AUTHORITY[""EPSG"",""9122""]],AXIS[""Latitude"",NORTH],AXIS[""Longitude"",EAST]]",59,151,0.008983152841195215,0.008983152841195215,"(0.008983152841195215, 0.0, 89.22965717159208, 0.0, -0.008983152841195215, 23.014837579142142, 0.0, 0.0, 1.0)","(89.22965717159208, 21.658381500121664, 89.7596631892226, 23.014837579142142)",-9999.0,4837,4072
IMERG,2022_02.tif,E:\Geospatial\Precipitation Downscaling\Precipitation-Downscaling-Khulna\data\processed\rasters_aligned\monthly\IMERG\2022_02.tif,"GEOGCS[""WGS 84"",DATUM[""World Geodetic System 1984"",SPHEROID[""WGS 84"",6378137,298.257223563]],PRIMEM[""Greenwich"",0],UNIT[""degree"",0.0174532925199433,AUTHORITY[""EPSG"",""9122""]],AXIS[""Latitude"",NORTH],AXIS[""Longitude"",EAST]]",59,151,0.008983152841195215,0.008983152841195215,"(0.008983152841195215, 0.0, 89.22965717159208, 0.0, -0.008983152841195215, 23.014837579142142, 0.0, 0.0, 1.0)","(89.22965717159208, 21.658381500121664, 89.7596631892226, 23.014837579142142)",-9999.0,4837,4072
IMERG,2022_03.tif,E:\Geospatial\Precipitation Downscaling\Precipitation-Downscaling-Khulna\data\processed\rasters_aligned\monthly\IMERG\2022_03.tif,"GEOGCS[""WGS 84"",DATUM[""World Geodetic System 1984"",SPHEROID[""WGS 84"",6378137,298.257223563]],PRIMEM[""Greenwich"",0],UNIT[""degree"",0.0174532925199433,AUTHORITY[""EPSG"",""9122""]],AXIS[""Latitude"",NORTH],AXIS[""Longitude"",EAST]]",59,151,0.008983152841195215,0.008983152841195215,"(0.008983152841195215, 0.0, 89.22965717159208, 0.0, -0.008983152841195215, 23.014837579142142, 0.0, 0.0, 1.0)","(89.22965717159208, 21.658381500121664, 89.7596631892226, 23.014837579142142)",-9999.0,4837,4072
IMERG,2022_04.tif,E:\Geospatial\Precipitation Downscaling\Precipitation-Downscaling-Khulna\data\processed\rasters_aligned\monthly\IMERG\2022_04.tif,"GEOGCS[""WGS 84"",DATUM[""World Geodetic System 1984"",SPHEROID[""WGS 84"",6378137,298.257223563]],PRIMEM[""Greenwich"",0],UNIT[""degree"",0.0174532925199433,AUTHORITY[""EPSG"",""9122""]],AXIS[""Latitude"",NORTH],AXIS[""Longitude"",EAST]]",59,151,0.008983152841195215,0.008983152841195215,"(0.008983152841195215, 0.0, 89.22965717159208, 0.0, -0.008983152841195215, 23.014837579142142, 0.0, 0.0, 1.0)","(89.22965717159208, 21.658381500121664, 89.7596631892226, 23.014837579142142)",-9999.0,4837,4072
IMERG,2022_05.tif,E:\Geospatial\Precipitation Downscaling\Precipitation-Downscaling-Khulna\data\processed\rasters_aligned\monthly\IMERG\2022_05.tif,"GEOGCS[""WGS 84"",DATUM[""World Geodetic System 1984"",SPHEROID[""WGS 84"",6378137,298.257223563]],PRIMEM[""Greenwich"",0],UNIT[""degree"",0.0174532925199433,AUTHORITY[""EPSG"",""9122""]],AXIS[""Latitude"",NORTH],AXIS[""Longitude"",EAST]]",59,151,0.008983152841195215,0.008983152841195215,"(0.008983152841195215, 0.0, 89.22965717159208, 0.0, -0.008983152841195215, 23.014837579142142, 0.0, 0.0, 1.0)","(89.22965717159208, 21.658381500121664, 89.7596631892226, 23.014837579142142)",-9999.0,4837,4072
IMERG,2022_06.tif,E:\Geospatial\Precipitation Downscaling\Precipitation-Downscaling-Khulna\data\processed\rasters_aligned\monthly\IMERG\2022_06.tif,"GEOGCS[""WGS 84"",DATUM[""World Geodetic System 1984"",SPHEROID[""WGS 84"",6378137,298.257223563]],PRIMEM[""Greenwich"",0],UNIT[""degree"",0.0174532925199433,AUTHORITY[""EPSG"",""9122""]],AXIS[""Latitude"",NORTH],AXIS[""Longitude"",EAST]]",59,151,0.008983152841195215,0.008983152841195215,"(0.008983152841195215, 0.0, 89.22965717159208, 0.0, -0.008983152841195215, 23.014837579142142, 0.0, 0.0, 1.0)","(89.22965717159208, 21.658381500121664, 89.7596631892226, 23.014837579142142)",-9999.0,4837,4072
IMERG,2022_07.tif,E:\Geospatial\Precipitation Downscaling\Precipitation-Downscaling-Khulna\data\processed\rasters_aligned\monthly\IMERG\2022_07.tif,"GEOGCS[""WGS 84"",DATUM[""World Geodetic System 1984"",SPHEROID[""WGS 84"",6378137,298.257223563]],PRIMEM[""Greenwich"",0],UNIT[""degree"",0.0174532925199433,AUTHORITY[""EPSG"",""9122""]],AXIS[""Latitude"",NORTH],AXIS[""Longitude"",EAST]]",59,151,0.008983152841195215,0.008983152841195215,"(0.008983152841195215, 0.0, 89.22965717159208, 0.0, -0.008983152841195215, 23.014837579142142, 0.0, 0.0, 1.0)","(89.22965717159208, 21.658381500121664, 89.7596631892226, 23.014837579142142)",-9999.0,4837,4072
IMERG,2022_08.tif,E:\Geospatial\Precipitation Downscaling\Precipitation-Downscaling-Khulna\data\processed\rasters_aligned\monthly\IMERG\2022_08.tif,"GEOGCS[""WGS 84"",DATUM[""World Geodetic System 1984"",SPHEROID[""WGS 84"",6378137,298.257223563]],PRIMEM[""Greenwich"",0],UNIT[""degree"",0.0174532925199433,AUTHORITY[""EPSG"",""9122""]],AXIS[""Latitude"",NORTH],AXIS[""Longitude"",EAST]]",59,151,0.008983152841195215,0.008983152841195215,"(0.008983152841195215, 0.0, 89.22965717159208, 0.0, -0.008983152841195215, 23.014837579142142, 0.0, 0.0, 1.0)","(89.22965717159208, 21.658381500121664, 89.7596631892226, 23.014837579142142)",-9999.0,4837,4072
IMERG,2022_09.tif,E:\Geospatial\Precipitation Downscaling\Precipitation-Downscaling-Khulna\data\processed\rasters_aligned\monthly\IMERG\2022_09.tif,"GEOGCS[""WGS 84"",DATUM[""World Geodetic System 1984"",SPHEROID[""WGS 84"",6378137,298.257223563]],PRIMEM[""Greenwich"",0],UNIT[""degree"",0.0174532925199433,AUTHORITY[""EPSG"",""9122""]],AXIS[""Latitude"",NORTH],AXIS[""Longitude"",EAST]]",59,151,0.008983152841195215,0.008983152841195215,"(0.008983152841195215, 0.0, 89.22965717159208, 0.0, -0.008983152841195215, 23.014837579142142, 0.0, 0.0, 1.0)","(89.22965717159208, 21.658381500121664, 89.7596631892226, 23.014837579142142)",-9999.0,4837,4072
IMERG,2022_10.tif,E:\Geospatial\Precipitation Downscaling\Precipitation-Downscaling-Khulna\data\processed\rasters_aligned\monthly\IMERG\2022_10.tif,"GEOGCS[""WGS 84"",DATUM[""World Geodetic System 1984"",SPHEROID[""WGS 84"",6378137,298.257223563]],PRIMEM[""Greenwich"",0],UNIT[""degree"",0.0174532925199433,AUTHORITY[""EPSG"",""9122""]],AXIS[""Latitude"",NORTH],AXIS[""Longitude"",EAST]]",59,151,0.008983152841195215,0.008983152841195215,"(0.008983152841195215, 0.0, 89.22965717159208, 0.0, -0.008983152841195215, 23.014837579142142, 0.0, 0.0, 1.0)","(89.22965717159208, 21.658381500121664, 89.7596631892226, 23.014837579142142)",-9999.0,4837,4072
IMERG,2022_11.tif,E:\Geospatial\Precipitation Downscaling\Precipitation-Downscaling-Khulna\data\processed\rasters_aligned\monthly\IMERG\2022_11.tif,"GEOGCS[""WGS 84"",DATUM[""World Geodetic System 1984"",SPHEROID[""WGS 84"",6378137,298.257223563]],PRIMEM[""Greenwich"",0],UNIT[""degree"",0.0174532925199433,AUTHORITY[""EPSG"",""9122""]],AXIS[""Latitude"",NORTH],AXIS[""Longitude"",EAST]]",59,151,0.008983152841195215,0.008983152841195215,"(0.008983152841195215, 0.0, 89.22965717159208, 0.0, -0.008983152841195215, 23.014837579142142, 0.0, 0.0, 1.0)","(89.22965717159208, 21.658381500121664, 89.7596631892226, 23.014837579142142)",-9999.0,4837,4072
IMERG,2022_12.tif,E:\Geospatial\Precipitation Downscaling\Precipitation-Downscaling-Khulna\data\processed\rasters_aligned\monthly\IMERG\2022_12.tif,"GEOGCS[""WGS 84"",DATUM[""World Geodetic System 1984"",SPHEROID[""WGS 84"",6378137,298.257223563]],PRIMEM[""Greenwich"",0],UNIT[""degree"",0.0174532925199433,AUTHORITY[""EPSG"",""9122""]],AXIS[""Latitude"",NORTH],AXIS[""Longitude"",EAST]]",59,151,0.008983152841195215,0.008983152841195215,"(0.008983152841195215, 0.0, 89.22965717159208, 0.0, -0.008983152841195215, 23.014837579142142, 0.0, 0.0, 1.0)","(89.22965717159208, 21.658381500121664, 89.7596631892226, 23.014837579142142)",-9999.0,4837,4072
LST,LST_Day_2017_1.tif,E:\Geospatial\Precipitation Downscaling\Precipitation-Downscaling-Khulna\data\processed\rasters_aligned\monthly\LST\LST_Day_2017_1.tif,"GEOGCS[""WGS 84"",DATUM[""World Geodetic System 1984"",SPHEROID[""WGS 84"",6378137,298.257223563]],PRIMEM[""Greenwich"",0],UNIT[""degree"",0.0174532925199433,AUTHORITY[""EPSG"",""9122""]],AXIS[""Latitude"",NORTH],AXIS[""Longitude"",EAST]]",59,151,0.008983152841195215,0.008983152841195215,"(0.008983152841195215, 0.0, 89.22965717159208, 0.0, -0.008983152841195215, 23.014837579142142, 0.0, 0.0, 1.0)","(89.22965717159208, 21.658381500121664, 89.7596631892226, 23.014837579142142)",-9999.0,4340,4569
LST,LST_Day_2017_10.tif,E:\Geospatial\Precipitation Downscaling\Precipitation-Downscaling-Khulna\data\processed\rasters_aligned\monthly\LST\LST_Day_2017_10.tif,"GEOGCS[""WGS 84"",DATUM[""World Geodetic System 1984"",SPHEROID[""WGS 84"",6378137,298.257223563]],PRIMEM[""Greenwich"",0],UNIT[""degree"",0.0174532925199433,AUTHORITY[""EPSG"",""9122""]],AXIS[""Latitude"",NORTH],AXIS[""Longitude"",EAST]]",59,151,0.008983152841195215,0.008983152841195215,"(0.008983152841195215, 0.0, 89.22965717159208, 0.0, -0.008983152841195215, 23.014837579142142, 0.0, 0.0, 1.0)","(89.22965717159208, 21.658381500121664, 89.7596631892226, 23.014837579142142)",-9999.0,4340,4569
LST,LST_Day_2017_11.tif,E:\Geospatial\Precipitation Downscaling\Precipitation-Downscaling-Khulna\data\processed\rasters_aligned\monthly\LST\LST_Day_2017_11.tif,"GEOGCS[""WGS 84"",DATUM[""World Geodetic System 1984"",SPHEROID[""WGS 84"",6378137,298.257223563]],PRIMEM[""Greenwich"",0],UNIT[""degree"",0.0174532925199433,AUTHORITY[""EPSG"",""9122""]],AXIS[""Latitude"",NORTH],AXIS[""Longitude"",EAST]]",59,151,0.008983152841195215,0.008983152841195215,"(0.008983152841195215, 0.0, 89.22965717159208, 0.0, -0.008983152841195215, 23.014837579142142, 0.0, 0.0, 1.0)","(89.22965717159208, 21.658381500121664, 89.7596631892226, 23.014837579142142)",-9999.0,4340,4569
LST,LST_Day_2017_12.tif,E:\Geospatial\Precipitation Downscaling\Precipitation-Downscaling-Khulna\data\processed\rasters_aligned\monthly\LST\LST_Day_2017_12.tif,"GEOGCS[""WGS 84"",DATUM[""World Geodetic System 1984"",SPHEROID[""WGS 84"",6378137,298.257223563]],PRIMEM[""Greenwich"",0],UNIT[""degree"",0.0174532925199433,AUTHORITY[""EPSG"",""9122""]],AXIS[""Latitude"",NORTH],AXIS[""Longitude"",EAST]]",59,151,0.008983152841195215,0.008983152841195215,"(0.008983152841195215, 0.0, 89.22965717159208, 0.0, -0.008983152841195215, 23.014837579142142, 0.0, 0.0, 1.0)","(89.22965717159208, 21.658381500121664, 89.7596631892226, 23.014837579142142)",-9999.0,4340,4569
LST,LST_Day_2017_2.tif,E:\Geospatial\Precipitation Downscaling\Precipitation-Downscaling-Khulna\data\processed\rasters_aligned\monthly\LST\LST_Day_2017_2.tif,"GEOGCS[""WGS 84"",DATUM[""World Geodetic System 1984"",SPHEROID[""WGS 84"",6378137,298.257223563]],PRIMEM[""Greenwich"",0],UNIT[""degree"",0.0174532925199433,AUTHORITY[""EPSG"",""9122""]],AXIS[""Latitude"",NORTH],AXIS[""Longitude"",EAST]]",59,151,0.008983152841195215,0.008983152841195215,"(0.008983152841195215, 0.0, 89.22965717159208, 0.0, -0.008983152841195215, 23.014837579142142, 0.0, 0.0, 1.0)","(89.22965717159208, 21.658381500121664, 89.7596631892226, 23.014837579142142)",-9999.0,4340,4569
LST,LST_Day_2017_3.tif,E:\Geospatial\Precipitation Downscaling\Precipitation-Downscaling-Khulna\data\processed\rasters_aligned\monthly\LST\LST_Day_2017_3.tif,"GEOGCS[""WGS 84"",DATUM[""World Geodetic System 1984"",SPHEROID[""WGS 84"",6378137,298.257223563]],PRIMEM[""Greenwich"",0],UNIT[""degree"",0.0174532925199433,AUTHORITY[""EPSG"",""9122""]],AXIS[""Latitude"",NORTH],AXIS[""Longitude"",EAST]]",59,151,0.008983152841195215,0.008983152841195215,"(0.008983152841195215, 0.0, 89.22965717159208, 0.0, -0.008983152841195215, 23.014837579142142, 0.0, 0.0, 1.0)","(89.22965717159208, 21.658381500121664, 89.7596631892226, 23.014837579142142)",-9999.0,4339,4570
LST,LST_Day_2017_4.tif,E:\Geospatial\Precipitation Downscaling\Precipitation-Downscaling-Khulna\data\processed\rasters_aligned\monthly\LST\LST_Day_2017_4.tif,"GEOGCS[""WGS 84"",DATUM[""World Geodetic System 1984"",SPHEROID[""WGS 84"",6378137,298.257223563]],PRIMEM[""Greenwich"",0],UNIT[""degree"",0.0174532925199433,AUTHORITY[""EPSG"",""9122""]],AXIS[""Latitude"",NORTH],AXIS[""Longitude"",EAST]]",59,151,0.008983152841195215,0.008983152841195215,"(0.008983152841195215, 0.0, 89.22965717159208, 0.0, -0.008983152841195215, 23.014837579142142, 0.0, 0.0, 1.0)","(89.22965717159208, 21.658381500121664, 89.7596631892226, 23.014837579142142)",-9999.0,4339,4570
LST,LST_Day_2017_5.tif,E:\Geospatial\Precipitation Downscaling\Precipitation-Downscaling-Khulna\data\processed\rasters_aligned\monthly\LST\LST_Day_2017_5.tif,"GEOGCS[""WGS 84"",DATUM[""World Geodetic System 1984"",SPHEROID[""WGS 84"",6378137,298.257223563]],PRIMEM[""Greenwich"",0],UNIT[""degree"",0.0174532925199433,AUTHORITY[""EPSG"",""9122""]],AXIS[""Latitude"",NORTH],AXIS[""Longitude"",EAST]]",59,151,0.008983152841195215,0.008983152841195215,"(0.008983152841195215, 0.0, 89.22965717159208, 0.0, -0.008983152841195215, 23.014837579142142, 0.0, 0.0, 1.0)","(89.22965717159208, 21.658381500121664, 89.7596631892226, 23.014837579142142)",-9999.0,4340,4569
LST,LST_Day_2017_6.tif,E:\Geospatial\Precipitation Downscaling\Precipitation-Downscaling-Khulna\data\processed\rasters_aligned\monthly\LST\LST_Day_2017_6.tif,"GEOGCS[""WGS 84"",DATUM[""World Geodetic System 1984"",SPHEROID[""WGS 84"",6378137,298.257223563]],PRIMEM[""Greenwich"",0],UNIT[""degree"",0.0174532925199433,AUTHORITY[""EPSG"",""9122""]],AXIS[""Latitude"",NORTH],AXIS[""Longitude"",EAST]]",59,151,0.008983152841195215,0.008983152841195215,"(0.008983152841195215, 0.0, 89.22965717159208, 0.0, -0.008983152841195215, 23.014837579142142, 0.0, 0.0, 1.0)","(89.22965717159208, 21.658381500121664, 89.7596631892226, 23.014837579142142)",-9999.0,4090,4819
LST,LST_Day_2017_7.tif,E:\Geospatial\Precipitation Downscaling\Precipitation-Downscaling-Khulna\data\processed\rasters_aligned\monthly\LST\LST_Day_2017_7.tif,"GEOGCS[""WGS 84"",DATUM[""World Geodetic System 1984"",SPHEROID[""WGS 84"",6378137,298.257223563]],PRIMEM[""Greenwich"",0],UNIT[""degree"",0.0174532925199433,AUTHORITY[""EPSG"",""9122""]],AXIS[""Latitude"",NORTH],AXIS[""Longitude"",EAST]]",59,151,0.008983152841195215,0.008983152841195215,"(0.008983152841195215, 0.0, 89.22965717159208, 0.0, -0.008983152841195215, 23.014837579142142, 0.0, 0.0, 1.0)","(89.22965717159208, 21.658381500121664, 89.7596631892226, 23.014837579142142)",-9999.0,927,7982
LST,LST_Day_2017_8.tif,E:\Geospatial\Precipitation Downscaling\Precipitation-Downscaling-Khulna\data\processed\rasters_aligned\monthly\LST\LST_Day_2017_8.tif,"GEOGCS[""WGS 84"",DATUM[""World Geodetic System 1984"",SPHEROID[""WGS 84"",6378137,298.257223563]],PRIMEM[""Greenwich"",0],UNIT[""degree"",0.0174532925199433,AUTHORITY[""EPSG"",""9122""]],AXIS[""Latitude"",NORTH],AXIS[""Longitude"",EAST]]",59,151,0.008983152841195215,0.008983152841195215,"(0.008983152841195215, 0.0, 89.22965717159208, 0.0, -0.008983152841195215, 23.014837579142142, 0.0, 0.0, 1.0)","(89.22965717159208, 21.658381500121664, 89.7596631892226, 23.014837579142142)",-9999.0,2696,6213
LST,LST_Day_2017_9.tif,E:\Geospatial\Precipitation Downscaling\Precipitation-Downscaling-Khulna\data\processed\rasters_aligned\monthly\LST\LST_Day_2017_9.tif,"GEOGCS[""WGS 84"",DATUM[""World Geodetic System 1984"",SPHEROID[""WGS 84"",6378137,298.257223563]],PRIMEM[""Greenwich"",0],UNIT[""degree"",0.0174532925199433,AUTHORITY[""EPSG"",""9122""]],AXIS[""Latitude"",NORTH],AXIS[""Longitude"",EAST]]",59,151,0.008983152841195215,0.008983152841195215,"(0.008983152841195215, 0.0, 89.22965717159208, 0.0, -0.008983152841195215, 23.014837579142142, 0.0, 0.0, 1.0)","(89.22965717159208, 21.658381500121664, 89.7596631892226, 23.014837579142142)",-9999.0,4319,4590
LST,LST_Day_2018_1.tif,E:\Geospatial\Precipitation Downscaling\Precipitation-Downscaling-Khulna\data\processed\rasters_aligned\monthly\LST\LST_Day_2018_1.tif,"GEOGCS[""WGS 84"",DATUM[""World Geodetic System 1984"",SPHEROID[""WGS 84"",6378137,298.257223563]],PRIMEM[""Greenwich"",0],UNIT[""degree"",0.0174532925199433,AUTHORITY[""EPSG"",""9122""]],AXIS[""Latitude"",NORTH],AXIS[""Longitude"",EAST]]",59,151,0.008983152841195215,0.008983152841195215,"(0.008983152841195215, 0.0, 89.22965717159208, 0.0, -0.008983152841195215, 23.014837579142142, 0.0, 0.0, 1.0)","(89.22965717159208, 21.658381500121664, 89.7596631892226, 23.014837579142142)",-9999.0,4340,4569
LST,LST_Day_2018_10.tif,E:\Geospatial\Precipitation Downscaling\Precipitation-Downscaling-Khulna\data\processed\rasters_aligned\monthly\LST\LST_Day_2018_10.tif,"GEOGCS[""WGS 84"",DATUM[""World Geodetic System 1984"",SPHEROID[""WGS 84"",6378137,298.257223563]],PRIMEM[""Greenwich"",0],UNIT[""degree"",0.0174532925199433,AUTHORITY[""EPSG"",""9122""]],AXIS[""Latitude"",NORTH],AXIS[""Longitude"",EAST]]",59,151,0.008983152841195215,0.008983152841195215,"(0.008983152841195215, 0.0, 89.22965717159208, 0.0, -0.008983152841195215, 23.014837579142142, 0.0, 0.0, 1.0)","(89.22965717159208, 21.658381500121664, 89.7596631892226, 23.014837579142142)",-9999.0,4340,4569
LST,LST_Day_2018_11.tif,E:\Geospatial\Precipitation Downscaling\Precipitation-Downscaling-Khulna\data\processed\rasters_aligned\monthly\LST\LST_Day_2018_11.tif,"GEOGCS[""WGS 84"",DATUM[""World Geodetic System 1984"",SPHEROID[""WGS 84"",6378137,298.257223563]],PRIMEM[""Greenwich"",0],UNIT[""degree"",0.0174532925199433,AUTHORITY[""EPSG"",""9122""]],AXIS[""Latitude"",NORTH],AXIS[""Longitude"",EAST]]",59,151,0.008983152841195215,0.008983152841195215,"(0.008983152841195215, 0.0, 89.22965717159208, 0.0, -0.008983152841195215, 23.014837579142142, 0.0, 0.0, 1.0)","(89.22965717159208, 21.658381500121664, 89.7596631892226, 23.014837579142142)",-9999.0,4340,4569
LST,LST_Day_2018_12.tif,E:\Geospatial\Precipitation Downscaling\Precipitation-Downscaling-Khulna\data\processed\rasters_aligned\monthly\LST\LST_Day_2018_12.tif,"GEOGCS[""WGS 84"",DATUM[""World Geodetic System 1984"",SPHEROID[""WGS 84"",6378137,298.257223563]],PRIMEM[""Greenwich"",0],UNIT[""degree"",0.0174532925199433,AUTHORITY[""EPSG"",""9122""]],AXIS[""Latitude"",NORTH],AXIS[""Longitude"",EAST]]",59,151,0.008983152841195215,0.008983152841195215,"(0.008983152841195215, 0.0, 89.22965717159208, 0.0, -0.008983152841195215, 23.014837579142142, 0.0, 0.0, 1.0)","(89.22965717159208, 21.658381500121664, 89.7596631892226, 23.014837579142142)",-9999.0,4340,4569
LST,LST_Day_2018_2.tif,E:\Geospatial\Precipitation Downscaling\Precipitation-Downscaling-Khulna\data\processed\rasters_aligned\monthly\LST\LST_Day_2018_2.tif,"GEOGCS[""WGS 84"",DATUM[""World Geodetic System 1984"",SPHEROID[""WGS 84"",6378137,298.257223563]],PRIMEM[""Greenwich"",0],UNIT[""degree"",0.0174532925199433,AUTHORITY[""EPSG"",""9122""]],AXIS[""Latitude"",NORTH],AXIS[""Longitude"",EAST]]",59,151,0.008983152841195215,0.008983152841195215,"(0.008983152841195215, 0.0, 89.22965717159208, 0.0, -0.008983152841195215, 23.014837579142142, 0.0, 0.0, 1.0)","(89.22965717159208, 21.658381500121664, 89.7596631892226, 23.014837579142142)",-9999.0,4340,4569
LST,LST_Day_2018_3.tif,E:\Geospatial\Precipitation Downscaling\Precipitation-Downscaling-Khulna\data\processed\rasters_aligned\monthly\LST\LST_Day_2018_3.tif,"GEOGCS[""WGS 84"",DATUM[""World Geodetic System 1984"",SPHEROID[""WGS 84"",6378137,298.257223563]],PRIMEM[""Greenwich"",0],UNIT[""degree"",0.0174532925199433,AUTHORITY[""EPSG"",""9122""]],AXIS[""Latitude"",NORTH],AXIS[""Longitude"",EAST]]",59,151,0.008983152841195215,0.008983152841195215,"(0.008983152841195215, 0.0, 89.22965717159208, 0.0, -0.008983152841195215, 23.014837579142142, 0.0, 0.0, 1.0)","(89.22965717159208, 21.658381500121664, 89.7596631892226, 23.014837579142142)",-9999.0,4340,4569
LST,LST_Day_2018_4.tif,E:\Geospatial\Precipitation Downscaling\Precipitation-Downscaling-Khulna\data\processed\rasters_aligned\monthly\LST\LST_Day_2018_4.tif,"GEOGCS[""WGS 84"",DATUM[""World Geodetic System 1984"",SPHEROID[""WGS 84"",6378137,298.257223563]],PRIMEM[""Greenwich"",0],UNIT[""degree"",0.0174532925199433,AUTHORITY[""EPSG"",""9122""]],AXIS[""Latitude"",NORTH],AXIS[""Longitude"",EAST]]",59,151,0.008983152841195215,0.008983152841195215,"(0.008983152841195215, 0.0, 89.22965717159208, 0.0, -0.008983152841195215, 23.014837579142142, 0.0, 0.0, 1.0)","(89.22965717159208, 21.658381500121664, 89.7596631892226, 23.014837579142142)",-9999.0,4340,4569
LST,LST_Day_2018_5.tif,E:\Geospatial\Precipitation Downscaling\Precipitation-Downscaling-Khulna\data\processed\rasters_aligned\monthly\LST\LST_Day_2018_5.tif,"GEOGCS[""WGS 84"",DATUM[""World Geodetic System 1984"",SPHEROID[""WGS 84"",6378137,298.257223563]],PRIMEM[""Greenwich"",0],UNIT[""degree"",0.0174532925199433,AUTHORITY[""EPSG"",""9122""]],AXIS[""Latitude"",NORTH],AXIS[""Longitude"",EAST]]",59,151,0.008983152841195215,0.008983152841195215,"(0.008983152841195215, 0.0, 89.22965717159208, 0.0, -0.008983152841195215, 23.014837579142142, 0.0, 0.0, 1.0)","(89.22965717159208, 21.658381500121664, 89.7596631892226, 23.014837579142142)",-9999.0,4340,4569
LST,LST_Day_2018_6.tif,E:\Geospatial\Precipitation Downscaling\Precipitation-Downscaling-Khulna\data\processed\rasters_aligned\monthly\LST\LST_Day_2018_6.tif,"GEOGCS[""WGS 84"",DATUM[""World Geodetic System 1984"",SPHEROID[""WGS 84"",6378137,298.257223563]],PRIMEM[""Greenwich"",0],UNIT[""degree"",0.0174532925199433,AUTHORITY[""EPSG"",""9122""]],AXIS[""Latitude"",NORTH],AXIS[""Longitude"",EAST]]",59,151,0.008983152841195215,0.008983152841195215,"(0.008983152841195215, 0.0, 89.22965717159208, 0.0, -0.008983152841195215, 23.014837579142142, 0.0, 0.0, 1.0)","(89.22965717159208, 21.658381500121664, 89.7596631892226, 23.014837579142142)",-9999.0,3127,5782
LST,LST_Day_2018_7.tif,E:\Geospatial\Precipitation Downscaling\Precipitation-Downscaling-Khulna\data\processed\rasters_aligned\monthly\LST\LST_Day_2018_7.tif,"GEOGCS[""WGS 84"",DATUM[""World Geodetic System 1984"",SPHEROID[""WGS 84"",6378137,298.257223563]],PRIMEM[""Greenwich"",0],UNIT[""degree"",0.0174532925199433,AUTHORITY[""EPSG"",""9122""]],AXIS[""Latitude"",NORTH],AXIS[""Longitude"",EAST]]",59,151,0.008983152841195215,0.008983152841195215,"(0.008983152841195215, 0.0, 89.22965717159208, 0.0, -0.008983152841195215, 23.014837579142142, 0.0, 0.0, 1.0)","(89.22965717159208, 21.658381500121664, 89.7596631892226, 23.014837579142142)",-9999.0,3033,5876
LST,LST_Day_2018_8.tif,E:\Geospatial\Precipitation Downscaling\Precipitation-Downscaling-Khulna\data\processed\rasters_aligned\monthly\LST\LST_Day_2018_8.tif,"GEOGCS[""WGS 84"",DATUM[""World Geodetic System 1984"",SPHEROID[""WGS 84"",6378137,298.257223563]],PRIMEM[""Greenwich"",0],UNIT[""degree"",0.0174532925199433,AUTHORITY[""EPSG"",""9122""]],AXIS[""Latitude"",NORTH],AXIS[""Longitude"",EAST]]",59,151,0.008983152841195215,0.008983152841195215,"(0.008983152841195215, 0.0, 89.22965717159208, 0.0, -0.008983152841195215, 23.014837579142142, 0.0, 0.0, 1.0)","(89.22965717159208, 21.658381500121664, 89.7596631892226, 23.014837579142142)",-9999.0,2832,6077
LST,LST_Day_2018_9.tif,E:\Geospatial\Precipitation Downscaling\Precipitation-Downscaling-Khulna\data\processed\rasters_aligned\monthly\LST\LST_Day_2018_9.tif,"GEOGCS[""WGS 84"",DATUM[""World Geodetic System 1984"",SPHEROID[""WGS 84"",6378137,298.257223563]],PRIMEM[""Greenwich"",0],UNIT[""degree"",0.0174532925199433,AUTHORITY[""EPSG"",""9122""]],AXIS[""Latitude"",NORTH],AXIS[""Longitude"",EAST]]",59,151,0.008983152841195215,0.008983152841195215,"(0.008983152841195215, 0.0, 89.22965717159208, 0.0, -0.008983152841195215, 23.014837579142142, 0.0, 0.0, 1.0)","(89.22965717159208, 21.658381500121664, 89.7596631892226, 23.014837579142142)",-9999.0,4340,4569
LST,LST_Day_2019_1.tif,E:\Geospatial\Precipitation Downscaling\Precipitation-Downscaling-Khulna\data\processed\rasters_aligned\monthly\LST\LST_Day_2019_1.tif,"GEOGCS[""WGS 84"",DATUM[""World Geodetic System 1984"",SPHEROID[""WGS 84"",6378137,298.257223563]],PRIMEM[""Greenwich"",0],UNIT[""degree"",0.0174532925199433,AUTHORITY[""EPSG"",""9122""]],AXIS[""Latitude"",NORTH],AXIS[""Longitude"",EAST]]",59,151,0.008983152841195215,0.008983152841195215,"(0.008983152841195215, 0.0, 89.22965717159208, 0.0, -0.008983152841195215, 23.014837579142142, 0.0, 0.0, 1.0)","(89.22965717159208, 21.658381500121664, 89.7596631892226, 23.014837579142142)",-9999.0,4340,4569
LST,LST_Day_2019_10.tif,E:\Geospatial\Precipitation Downscaling\Precipitation-Downscaling-Khulna\data\processed\rasters_aligned\monthly\LST\LST_Day_2019_10.tif,"GEOGCS[""WGS 84"",DATUM[""World Geodetic System 1984"",SPHEROID[""WGS 84"",6378137,298.257223563]],PRIMEM[""Greenwich"",0],UNIT[""degree"",0.0174532925199433,AUTHORITY[""EPSG"",""9122""]],AXIS[""Latitude"",NORTH],AXIS[""Longitude"",EAST]]",59,151,0.008983152841195215,0.008983152841195215,"(0.008983152841195215, 0.0, 89.22965717159208, 0.0, -0.008983152841195215, 23.014837579142142, 0.0, 0.0, 1.0)","(89.22965717159208, 21.658381500121664, 89.7596631892226, 23.014837579142142)",-9999.0,4340,4569
LST,LST_Day_2019_11.tif,E:\Geospatial\Precipitation Downscaling\Precipitation-Downscaling-Khulna\data\processed\rasters_aligned\monthly\LST\LST_Day_2019_11.tif,"GEOGCS[""WGS 84"",DATUM[""World Geodetic System 1984"",SPHEROID[""WGS 84"",6378137,298.257223563]],PRIMEM[""Greenwich"",0],UNIT[""degree"",0.0174532925199433,AUTHORITY[""EPSG"",""9122""]],AXIS[""Latitude"",NORTH],AXIS[""Longitude"",EAST]]",59,151,0.008983152841195215,0.008983152841195215,"(0.008983152841195215, 0.0, 89.22965717159208, 0.0, -0.008983152841195215, 23.014837579142142, 0.0, 0.0, 1.0)","(89.22965717159208, 21.658381500121664, 89.7596631892226, 23.014837579142142)",-9999.0,4340,4569
LST,LST_Day_2019_12.tif,E:\Geospatial\Precipitation Downscaling\Precipitation-Downscaling-Khulna\data\processed\rasters_aligned\monthly\LST\LST_Day_2019_12.tif,"GEOGCS[""WGS 84"",DATUM[""World Geodetic System 1984"",SPHEROID[""WGS 84"",6378137,298.257223563]],PRIMEM[""Greenwich"",0],UNIT[""degree"",0.0174532925199433,AUTHORITY[""EPSG"",""9122""]],AXIS[""Latitude"",NORTH],AXIS[""Longitude"",EAST]]",59,151,0.008983152841195215,0.008983152841195215,"(0.008983152841195215, 0.0, 89.22965717159208, 0.0, -0.008983152841195215, 23.014837579142142, 0.0, 0.0, 1.0)","(89.22965717159208, 21.658381500121664, 89.7596631892226, 23.014837579142142)",-9999.0,4340,4569
LST,LST_Day_2019_2.tif,E:\Geospatial\Precipitation Downscaling\Precipitation-Downscaling-Khulna\data\processed\rasters_aligned\monthly\LST\LST_Day_2019_2.tif,"GEOGCS[""WGS 84"",DATUM[""World Geodetic System 1984"",SPHEROID[""WGS 84"",6378137,298.257223563]],PRIMEM[""Greenwich"",0],UNIT[""degree"",0.0174532925199433,AUTHORITY[""EPSG"",""9122""]],AXIS[""Latitude"",NORTH],AXIS[""Longitude"",EAST]]",59,151,0.008983152841195215,0.008983152841195215,"(0.008983152841195215, 0.0, 89.22965717159208, 0.0, -0.008983152841195215, 23.014837579142142, 0.0, 0.0, 1.0)","(89.22965717159208, 21.658381500121664, 89.7596631892226, 23.014837579142142)",-9999.0,4340,4569
LST,LST_Day_2019_3.tif,E:\Geospatial\Precipitation Downscaling\Precipitation-Downscaling-Khulna\data\processed\rasters_aligned\monthly\LST\LST_Day_2019_3.tif,"GEOGCS[""WGS 84"",DATUM[""World Geodetic System 1984"",SPHEROID[""WGS 84"",6378137,298.257223563]],PRIMEM[""Greenwich"",0],UNIT[""degree"",0.0174532925199433,AUTHORITY[""EPSG"",""9122""]],AXIS[""Latitude"",NORTH],AXIS[""Longitude"",EAST]]",59,151,0.008983152841195215,0.008983152841195215,"(0.008983152841195215, 0.0, 89.22965717159208, 0.0, -0.008983152841195215, 23.014837579142142, 0.0, 0.0, 1.0)","(89.22965717159208, 21.658381500121664, 89.7596631892226, 23.014837579142142)",-9999.0,4340,4569
LST,LST_Day_2019_4.tif,E:\Geospatial\Precipitation Downscaling\Precipitation-Downscaling-Khulna\data\processed\rasters_aligned\monthly\LST\LST_Day_2019_4.tif,"GEOGCS[""WGS 84"",DATUM[""World Geodetic System 1984"",SPHEROID[""WGS 84"",6378137,298.257223563]],PRIMEM[""Greenwich"",0],UNIT[""degree"",0.0174532925199433,AUTHORITY[""EPSG"",""9122""]],AXIS[""Latitude"",NORTH],AXIS[""Longitude"",EAST]]",59,151,0.008983152841195215,0.008983152841195215,"(0.008983152841195215, 0.0, 89.22965717159208, 0.0, -0.008983152841195215, 23.014837579142142, 0.0, 0.0, 1.0)","(89.22965717159208, 21.658381500121664, 89.7596631892226, 23.014837579142142)",-9999.0,4340,4569
LST,LST_Day_2019_5.tif,E:\Geospatial\Precipitation Downscaling\Precipitation-Downscaling-Khulna\data\processed\rasters_aligned\monthly\LST\LST_Day_2019_5.tif,"GEOGCS[""WGS 84"",DATUM[""World Geodetic System 1984"",SPHEROID[""WGS 84"",6378137,298.257223563]],PRIMEM[""Greenwich"",0],UNIT[""degree"",0.0174532925199433,AUTHORITY[""EPSG"",""9122""]],AXIS[""Latitude"",NORTH],AXIS[""Longitude"",EAST]]",59,151,0.008983152841195215,0.008983152841195215,"(0.008983152841195215, 0.0, 89.22965717159208, 0.0, -0.008983152841195215, 23.014837579142142, 0.0, 0.0, 1.0)","(89.22965717159208, 21.658381500121664, 89.7596631892226, 23.014837579142142)",-9999.0,4340,4569
LST,LST_Day_2019_6.tif,E:\Geospatial\Precipitation Downscaling\Precipitation-Downscaling-Khulna\data\processed\rasters_aligned\monthly\LST\LST_Day_2019_6.tif,"GEOGCS[""WGS 84"",DATUM[""World Geodetic System 1984"",SPHEROID[""WGS 84"",6378137,298.257223563]],PRIMEM[""Greenwich"",0],UNIT[""degree"",0.0174532925199433,AUTHORITY[""EPSG"",""9122""]],AXIS[""Latitude"",NORTH],AXIS[""Longitude"",EAST]]",59,151,0.008983152841195215,0.008983152841195215,"(0.008983152841195215, 0.0, 89.22965717159208, 0.0, -0.008983152841195215, 23.014837579142142, 0.0, 0.0, 1.0)","(89.22965717159208, 21.658381500121664, 89.7596631892226, 23.014837579142142)",-9999.0,4270,4639
LST,LST_Day_2019_7.tif,E:\Geospatial\Precipitation Downscaling\Precipitation-Downscaling-Khulna\data\processed\rasters_aligned\monthly\LST\LST_Day_2019_7.tif,"GEOGCS[""WGS 84"",DATUM[""World Geodetic System 1984"",SPHEROID[""WGS 84"",6378137,298.257223563]],PRIMEM[""Greenwich"",0],UNIT[""degree"",0.0174532925199433,AUTHORITY[""EPSG"",""9122""]],AXIS[""Latitude"",NORTH],AXIS[""Longitude"",EAST]]",59,151,0.008983152841195215,0.008983152841195215,"(0.008983152841195215, 0.0, 89.22965717159208, 0.0, -0.008983152841195215, 23.014837579142142, 0.0, 0.0, 1.0)","(89.22965717159208, 21.658381500121664, 89.7596631892226, 23.014837579142142)",-9999.0,4122,4787
LST,LST_Day_2019_8.tif,E:\Geospatial\Precipitation Downscaling\Precipitation-Downscaling-Khulna\data\processed\rasters_aligned\monthly\LST\LST_Day_2019_8.tif,"GEOGCS[""WGS 84"",DATUM[""World Geodetic System 1984"",SPHEROID[""WGS 84"",6378137,298.257223563]],PRIMEM[""Greenwich"",0],UNIT[""degree"",0.0174532925199433,AUTHORITY[""EPSG"",""9122""]],AXIS[""Latitude"",NORTH],AXIS[""Longitude"",EAST]]",59,151,0.008983152841195215,0.008983152841195215,"(0.008983152841195215, 0.0, 89.22965717159208, 0.0, -0.008983152841195215, 23.014837579142142, 0.0, 0.0, 1.0)","(89.22965717159208, 21.658381500121664, 89.7596631892226, 23.014837579142142)",-9999.0,2898,6011
LST,LST_Day_2019_9.tif,E:\Geospatial\Precipitation Downscaling\Precipitation-Downscaling-Khulna\data\processed\rasters_aligned\monthly\LST\LST_Day_2019_9.tif,"GEOGCS[""WGS 84"",DATUM[""World Geodetic System 1984"",SPHEROID[""WGS 84"",6378137,298.257223563]],PRIMEM[""Greenwich"",0],UNIT[""degree"",0.0174532925199433,AUTHORITY[""EPSG"",""9122""]],AXIS[""Latitude"",NORTH],AXIS[""Longitude"",EAST]]",59,151,0.008983152841195215,0.008983152841195215,"(0.008983152841195215, 0.0, 89.22965717159208, 0.0, -0.008983152841195215, 23.014837579142142, 0.0, 0.0, 1.0)","(89.22965717159208, 21.658381500121664, 89.7596631892226, 23.014837579142142)",-9999.0,4313,4596
LST,LST_Day_2020_1.tif,E:\Geospatial\Precipitation Downscaling\Precipitation-Downscaling-Khulna\data\processed\rasters_aligned\monthly\LST\LST_Day_2020_1.tif,"GEOGCS[""WGS 84"",DATUM[""World Geodetic System 1984"",SPHEROID[""WGS 84"",6378137,298.257223563]],PRIMEM[""Greenwich"",0],UNIT[""degree"",0.0174532925199433,AUTHORITY[""EPSG"",""9122""]],AXIS[""Latitude"",NORTH],AXIS[""Longitude"",EAST]]",59,151,0.008983152841195215,0.008983152841195215,"(0.008983152841195215, 0.0, 89.22965717159208, 0.0, -0.008983152841195215, 23.014837579142142, 0.0, 0.0, 1.0)","(89.22965717159208, 21.658381500121664, 89.7596631892226, 23.014837579142142)",-9999.0,4340,4569
LST,LST_Day_2020_10.tif,E:\Geospatial\Precipitation Downscaling\Precipitation-Downscaling-Khulna\data\processed\rasters_aligned\monthly\LST\LST_Day_2020_10.tif,"GEOGCS[""WGS 84"",DATUM[""World Geodetic System 1984"",SPHEROID[""WGS 84"",6378137,298.257223563]],PRIMEM[""Greenwich"",0],UNIT[""degree"",0.0174532925199433,AUTHORITY[""EPSG"",""9122""]],AXIS[""Latitude"",NORTH],AXIS[""Longitude"",EAST]]",59,151,0.008983152841195215,0.008983152841195215,"(0.008983152841195215, 0.0, 89.22965717159208, 0.0, -0.008983152841195215, 23.014837579142142, 0.0, 0.0, 1.0)","(89.22965717159208, 21.658381500121664, 89.7596631892226, 23.014837579142142)",-9999.0,4340,4569
LST,LST_Day_2020_11.tif,E:\Geospatial\Precipitation Downscaling\Precipitation-Downscaling-Khulna\data\processed\rasters_aligned\monthly\LST\LST_Day_2020_11.tif,"GEOGCS[""WGS 84"",DATUM[""World Geodetic System 1984"",SPHEROID[""WGS 84"",6378137,298.257223563]],PRIMEM[""Greenwich"",0],UNIT[""degree"",0.0174532925199433,AUTHORITY[""EPSG"",""9122""]],AXIS[""Latitude"",NORTH],AXIS[""Longitude"",EAST]]",59,151,0.008983152841195215,0.008983152841195215,"(0.008983152841195215, 0.0, 89.22965717159208, 0.0, -0.008983152841195215, 23.014837579142142, 0.0, 0.0, 1.0)","(89.22965717159208, 21.658381500121664, 89.7596631892226, 23.014837579142142)",-9999.0,4340,4569
LST,LST_Day_2020_12.tif,E:\Geospatial\Precipitation Downscaling\Precipitation-Downscaling-Khulna\data\processed\rasters_aligned\monthly\LST\LST_Day_2020_12.tif,"GEOGCS[""WGS 84"",DATUM[""World Geodetic System 1984"",SPHEROID[""WGS 84"",6378137,298.257223563]],PRIMEM[""Greenwich"",0],UNIT[""degree"",0.0174532925199433,AUTHORITY[""EPSG"",""9122""]],AXIS[""Latitude"",NORTH],AXIS[""Longitude"",EAST]]",59,151,0.008983152841195215,0.008983152841195215,"(0.008983152841195215, 0.0, 89.22965717159208, 0.0, -0.008983152841195215, 23.014837579142142, 0.0, 0.0, 1.0)","(89.22965717159208, 21.658381500121664, 89.7596631892226, 23.014837579142142)",-9999.0,4338,4571
LST,LST_Day_2020_2.tif,E:\Geospatial\Precipitation Downscaling\Precipitation-Downscaling-Khulna\data\processed\rasters_aligned\monthly\LST\LST_Day_2020_2.tif,"GEOGCS[""WGS 84"",DATUM[""World Geodetic System 1984"",SPHEROID[""WGS 84"",6378137,298.257223563]],PRIMEM[""Greenwich"",0],UNIT[""degree"",0.0174532925199433,AUTHORITY[""EPSG"",""9122""]],AXIS[""Latitude"",NORTH],AXIS[""Longitude"",EAST]]",59,151,0.008983152841195215,0.008983152841195215,"(0.008983152841195215, 0.0, 89.22965717159208, 0.0, -0.008983152841195215, 23.014837579142142, 0.0, 0.0, 1.0)","(89.22965717159208, 21.658381500121664, 89.7596631892226, 23.014837579142142)",-9999.0,4340,4569
LST,LST_Day_2020_3.tif,E:\Geospatial\Precipitation Downscaling\Precipitation-Downscaling-Khulna\data\processed\rasters_aligned\monthly\LST\LST_Day_2020_3.tif,"GEOGCS[""WGS 84"",DATUM[""World Geodetic System 1984"",SPHEROID[""WGS 84"",6378137,298.257223563]],PRIMEM[""Greenwich"",0],UNIT[""degree"",0.0174532925199433,AUTHORITY[""EPSG"",""9122""]],AXIS[""Latitude"",NORTH],AXIS[""Longitude"",EAST]]",59,151,0.008983152841195215,0.008983152841195215,"(0.008983152841195215, 0.0, 89.22965717159208, 0.0, -0.008983152841195215, 23.014837579142142, 0.0, 0.0, 1.0)","(89.22965717159208, 21.658381500121664, 89.7596631892226, 23.014837579142142)",-9999.0,4340,4569
LST,LST_Day_2020_4.tif,E:\Geospatial\Precipitation Downscaling\Precipitation-Downscaling-Khulna\data\processed\rasters_aligned\monthly\LST\LST_Day_2020_4.tif,"GEOGCS[""WGS 84"",DATUM[""World Geodetic System 1984"",SPHEROID[""WGS 84"",6378137,298.257223563]],PRIMEM[""Greenwich"",0],UNIT[""degree"",0.0174532925199433,AUTHORITY[""EPSG"",""9122""]],AXIS[""Latitude"",NORTH],AXIS[""Longitude"",EAST]]",59,151,0.008983152841195215,0.008983152841195215,"(0.008983152841195215, 0.0, 89.22965717159208, 0.0, -0.008983152841195215, 23.014837579142142, 0.0, 0.0, 1.0)","(89.22965717159208, 21.658381500121664, 89.7596631892226, 23.014837579142142)",-9999.0,4340,4569
LST,LST_Day_2020_5.tif,E:\Geospatial\Precipitation Downscaling\Precipitation-Downscaling-Khulna\data\processed\rasters_aligned\monthly\LST\LST_Day_2020_5.tif,"GEOGCS[""WGS 84"",DATUM[""World Geodetic System 1984"",SPHEROID[""WGS 84"",6378137,298.257223563]],PRIMEM[""Greenwich"",0],UNIT[""degree"",0.0174532925199433,AUTHORITY[""EPSG"",""9122""]],AXIS[""Latitude"",NORTH],AXIS[""Longitude"",EAST]]",59,151,0.008983152841195215,0.008983152841195215,"(0.008983152841195215, 0.0, 89.22965717159208, 0.0, -0.008983152841195215, 23.014837579142142, 0.0, 0.0, 1.0)","(89.22965717159208, 21.658381500121664, 89.7596631892226, 23.014837579142142)",-9999.0,4339,4570
LST,LST_Day_2020_6.tif,E:\Geospatial\Precipitation Downscaling\Precipitation-Downscaling-Khulna\data\processed\rasters_aligned\monthly\LST\LST_Day_2020_6.tif,"GEOGCS[""WGS 84"",DATUM[""World Geodetic System 1984"",SPHEROID[""WGS 84"",6378137,298.257223563]],PRIMEM[""Greenwich"",0],UNIT[""degree"",0.0174532925199433,AUTHORITY[""EPSG"",""9122""]],AXIS[""Latitude"",NORTH],AXIS[""Longitude"",EAST]]",59,151,0.008983152841195215,0.008983152841195215,"(0.008983152841195215, 0.0, 89.22965717159208, 0.0, -0.008983152841195215, 23.014837579142142, 0.0, 0.0, 1.0)","(89.22965717159208, 21.658381500121664, 89.7596631892226, 23.014837579142142)",-9999.0,3318,5591
LST,LST_Day_2020_7.tif,E:\Geospatial\Precipitation Downscaling\Precipitation-Downscaling-Khulna\data\processed\rasters_aligned\monthly\LST\LST_Day_2020_7.tif,"GEOGCS[""WGS 84"",DATUM[""World Geodetic System 1984"",SPHEROID[""WGS 84"",6378137,298.257223563]],PRIMEM[""Greenwich"",0],UNIT[""degree"",0.0174532925199433,AUTHORITY[""EPSG"",""9122""]],AXIS[""Latitude"",NORTH],AXIS[""Longitude"",EAST]]",59,151,0.008983152841195215,0.008983152841195215,"(0.008983152841195215, 0.0, 89.22965717159208, 0.0, -0.008983152841195215, 23.014837579142142, 0.0, 0.0, 1.0)","(89.22965717159208, 21.658381500121664, 89.7596631892226, 23.014837579142142)",-9999.0,2531,6378
LST,LST_Day_2020_8.tif,E:\Geospatial\Precipitation Downscaling\Precipitation-Downscaling-Khulna\data\processed\rasters_aligned\monthly\LST\LST_Day_2020_8.tif,"GEOGCS[""WGS 84"",DATUM[""World Geodetic System 1984"",SPHEROID[""WGS 84"",6378137,298.257223563]],PRIMEM[""Greenwich"",0],UNIT[""degree"",0.0174532925199433,AUTHORITY[""EPSG"",""9122""]],AXIS[""Latitude"",NORTH],AXIS[""Longitude"",EAST]]",59,151,0.008983152841195215,0.008983152841195215,"(0.008983152841195215, 0.0, 89.22965717159208, 0.0, -0.008983152841195215, 23.014837579142142, 0.0, 0.0, 1.0)","(89.22965717159208, 21.658381500121664, 89.7596631892226, 23.014837579142142)",-9999.0,3764,5145
LST,LST_Day_2020_9.tif,E:\Geospatial\Precipitation Downscaling\Precipitation-Downscaling-Khulna\data\processed\rasters_aligned\monthly\LST\LST_Day_2020_9.tif,"GEOGCS[""WGS 84"",DATUM[""World Geodetic System 1984"",SPHEROID[""WGS 84"",6378137,298.257223563]],PRIMEM[""Greenwich"",0],UNIT[""degree"",0.0174532925199433,AUTHORITY[""EPSG"",""9122""]],AXIS[""Latitude"",NORTH],AXIS[""Longitude"",EAST]]",59,151,0.008983152841195215,0.008983152841195215,"(0.008983152841195215, 0.0, 89.22965717159208, 0.0, -0.008983152841195215, 23.014837579142142, 0.0, 0.0, 1.0)","(89.22965717159208, 21.658381500121664, 89.7596631892226, 23.014837579142142)",-9999.0,3922,4987
LST,LST_Day_2021_1.tif,E:\Geospatial\Precipitation Downscaling\Precipitation-Downscaling-Khulna\data\processed\rasters_aligned\monthly\LST\LST_Day_2021_1.tif,"GEOGCS[""WGS 84"",DATUM[""World Geodetic System 1984"",SPHEROID[""WGS 84"",6378137,298.257223563]],PRIMEM[""Greenwich"",0],UNIT[""degree"",0.0174532925199433,AUTHORITY[""EPSG"",""9122""]],AXIS[""Latitude"",NORTH],AXIS[""Longitude"",EAST]]",59,151,0.008983152841195215,0.008983152841195215,"(0.008983152841195215, 0.0, 89.22965717159208, 0.0, -0.008983152841195215, 23.014837579142142, 0.0, 0.0, 1.0)","(89.22965717159208, 21.658381500121664, 89.7596631892226, 23.014837579142142)",-9999.0,4340,4569
LST,LST_Day_2021_10.tif,E:\Geospatial\Precipitation Downscaling\Precipitation-Downscaling-Khulna\data\processed\rasters_aligned\monthly\LST\LST_Day_2021_10.tif,"GEOGCS[""WGS 84"",DATUM[""World Geodetic System 1984"",SPHEROID[""WGS 84"",6378137,298.257223563]],PRIMEM[""Greenwich"",0],UNIT[""degree"",0.0174532925199433,AUTHORITY[""EPSG"",""9122""]],AXIS[""Latitude"",NORTH],AXIS[""Longitude"",EAST]]",59,151,0.008983152841195215,0.008983152841195215,"(0.008983152841195215, 0.0, 89.22965717159208, 0.0, -0.008983152841195215, 23.014837579142142, 0.0, 0.0, 1.0)","(89.22965717159208, 21.658381500121664, 89.7596631892226, 23.014837579142142)",-9999.0,4339,4570
LST,LST_Day_2021_11.tif,E:\Geospatial\Precipitation Downscaling\Precipitation-Downscaling-Khulna\data\processed\rasters_aligned\monthly\LST\LST_Day_2021_11.tif,"GEOGCS[""WGS 84"",DATUM[""World Geodetic System 1984"",SPHEROID[""WGS 84"",6378137,298.257223563]],PRIMEM[""Greenwich"",0],UNIT[""degree"",0.0174532925199433,AUTHORITY[""EPSG"",""9122""]],AXIS[""Latitude"",NORTH],AXIS[""Longitude"",EAST]]",59,151,0.008983152841195215,0.008983152841195215,"(0.008983152841195215, 0.0, 89.22965717159208, 0.0, -0.008983152841195215, 23.014837579142142, 0.0, 0.0, 1.0)","(89.22965717159208, 21.658381500121664, 89.7596631892226, 23.014837579142142)",-9999.0,4340,4569
LST,LST_Day_2021_12.tif,E:\Geospatial\Precipitation Downscaling\Precipitation-Downscaling-Khulna\data\processed\rasters_aligned\monthly\LST\LST_Day_2021_12.tif,"GEOGCS[""WGS 84"",DATUM[""World Geodetic System 1984"",SPHEROID[""WGS 84"",6378137,298.257223563]],PRIMEM[""Greenwich"",0],UNIT[""degree"",0.0174532925199433,AUTHORITY[""EPSG"",""9122""]],AXIS[""Latitude"",NORTH],AXIS[""Longitude"",EAST]]",59,151,0.008983152841195215,0.008983152841195215,"(0.008983152841195215, 0.0, 89.22965717159208, 0.0, -0.008983152841195215, 23.014837579142142, 0.0, 0.0, 1.0)","(89.22965717159208, 21.658381500121664, 89.7596631892226, 23.014837579142142)",-9999.0,4340,4569
LST,LST_Day_2021_2.tif,E:\Geospatial\Precipitation Downscaling\Precipitation-Downscaling-Khulna\data\processed\rasters_aligned\monthly\LST\LST_Day_2021_2.tif,"GEOGCS[""WGS 84"",DATUM[""World Geodetic System 1984"",SPHEROID[""WGS 84"",6378137,298.257223563]],PRIMEM[""Greenwich"",0],UNIT[""degree"",0.0174532925199433,AUTHORITY[""EPSG"",""9122""]],AXIS[""Latitude"",NORTH],AXIS[""Longitude"",EAST]]",59,151,0.008983152841195215,0.008983152841195215,"(0.008983152841195215, 0.0, 89.22965717159208, 0.0, -0.008983152841195215, 23.014837579142142, 0.0, 0.0, 1.0)","(89.22965717159208, 21.658381500121664, 89.7596631892226, 23.014837579142142)",-9999.0,4340,4569
LST,LST_Day_2021_3.tif,E:\Geospatial\Precipitation Downscaling\Precipitation-Downscaling-Khulna\data\processed\rasters_aligned\monthly\LST\LST_Day_2021_3.tif,"GEOGCS[""WGS 84"",DATUM[""World Geodetic System 1984"",SPHEROID[""WGS 84"",6378137,298.257223563]],PRIMEM[""Greenwich"",0],UNIT[""degree"",0.0174532925199433,AUTHORITY[""EPSG"",""9122""]],AXIS[""Latitude"",NORTH],AXIS[""Longitude"",EAST]]",59,151,0.008983152841195215,0.008983152841195215,"(0.008983152841195215, 0.0, 89.22965717159208, 0.0, -0.008983152841195215, 23.014837579142142, 0.0, 0.0, 1.0)","(89.22965717159208, 21.658381500121664, 89.7596631892226, 23.014837579142142)",-9999.0,4340,4569
LST,LST_Day_2021_4.tif,E:\Geospatial\Precipitation Downscaling\Precipitation-Downscaling-Khulna\data\processed\rasters_aligned\monthly\LST\LST_Day_2021_4.tif,"GEOGCS[""WGS 84"",DATUM[""World Geodetic System 1984"",SPHEROID[""WGS 84"",6378137,298.257223563]],PRIMEM[""Greenwich"",0],UNIT[""degree"",0.0174532925199433,AUTHORITY[""EPSG"",""9122""]],AXIS[""Latitude"",NORTH],AXIS[""Longitude"",EAST]]",59,151,0.008983152841195215,0.008983152841195215,"(0.008983152841195215, 0.0, 89.22965717159208, 0.0, -0.008983152841195215, 23.014837579142142, 0.0, 0.0, 1.0)","(89.22965717159208, 21.658381500121664, 89.7596631892226, 23.014837579142142)",-9999.0,4339,4570
LST,LST_Day_2021_5.tif,E:\Geospatial\Precipitation Downscaling\Precipitation-Downscaling-Khulna\data\processed\rasters_aligned\monthly\LST\LST_Day_2021_5.tif,"GEOGCS[""WGS 84"",DATUM[""World Geodetic System 1984"",SPHEROID[""WGS 84"",6378137,298.257223563]],PRIMEM[""Greenwich"",0],UNIT[""degree"",0.0174532925199433,AUTHORITY[""EPSG"",""9122""]],AXIS[""Latitude"",NORTH],AXIS[""Longitude"",EAST]]",59,151,0.008983152841195215,0.008983152841195215,"(0.008983152841195215, 0.0, 89.22965717159208, 0.0, -0.008983152841195215, 23.014837579142142, 0.0, 0.0, 1.0)","(89.22965717159208, 21.658381500121664, 89.7596631892226, 23.014837579142142)",-9999.0,4340,4569
LST,LST_Day_2021_6.tif,E:\Geospatial\Precipitation Downscaling\Precipitation-Downscaling-Khulna\data\processed\rasters_aligned\monthly\LST\LST_Day_2021_6.tif,"GEOGCS[""WGS 84"",DATUM[""World Geodetic System 1984"",SPHEROID[""WGS 84"",6378137,298.257223563]],PRIMEM[""Greenwich"",0],UNIT[""degree"",0.0174532925199433,AUTHORITY[""EPSG"",""9122""]],AXIS[""Latitude"",NORTH],AXIS[""Longitude"",EAST]]",59,151,0.008983152841195215,0.008983152841195215,"(0.008983152841195215, 0.0, 89.22965717159208, 0.0, -0.008983152841195215, 23.014837579142142, 0.0, 0.0, 1.0)","(89.22965717159208, 21.658381500121664, 89.7596631892226, 23.014837579142142)",-9999.0,3996,4913
LST,LST_Day_2021_7.tif,E:\Geospatial\Precipitation Downscaling\Precipitation-Downscaling-Khulna\data\processed\rasters_aligned\monthly\LST\LST_Day_2021_7.tif,"GEOGCS[""WGS 84"",DATUM[""World Geodetic System 1984"",SPHEROID[""WGS 84"",6378137,298.257223563]],PRIMEM[""Greenwich"",0],UNIT[""degree"",0.0174532925199433,AUTHORITY[""EPSG"",""9122""]],AXIS[""Latitude"",NORTH],AXIS[""Longitude"",EAST]]",59,151,0.008983152841195215,0.008983152841195215,"(0.008983152841195215, 0.0, 89.22965717159208, 0.0, -0.008983152841195215, 23.014837579142142, 0.0, 0.0, 1.0)","(89.22965717159208, 21.658381500121664, 89.7596631892226, 23.014837579142142)",-9999.0,1140,7769
LST,LST_Day_2021_8.tif,E:\Geospatial\Precipitation Downscaling\Precipitation-Downscaling-Khulna\data\processed\rasters_aligned\monthly\LST\LST_Day_2021_8.tif,"GEOGCS[""WGS 84"",DATUM[""World Geodetic System 1984"",SPHEROID[""WGS 84"",6378137,298.257223563]],PRIMEM[""Greenwich"",0],UNIT[""degree"",0.0174532925199433,AUTHORITY[""EPSG"",""9122""]],AXIS[""Latitude"",NORTH],AXIS[""Longitude"",EAST]]",59,151,0.008983152841195215,0.008983152841195215,"(0.008983152841195215, 0.0, 89.22965717159208, 0.0, -0.008983152841195215, 23.014837579142142, 0.0, 0.0, 1.0)","(89.22965717159208, 21.658381500121664, 89.7596631892226, 23.014837579142142)",-9999.0,2234,6675
LST,LST_Day_2021_9.tif,E:\Geospatial\Precipitation Downscaling\Precipitation-Downscaling-Khulna\data\processed\rasters_aligned\monthly\LST\LST_Day_2021_9.tif,"GEOGCS[""WGS 84"",DATUM[""World Geodetic System 1984"",SPHEROID[""WGS 84"",6378137,298.257223563]],PRIMEM[""Greenwich"",0],UNIT[""degree"",0.0174532925199433,AUTHORITY[""EPSG"",""9122""]],AXIS[""Latitude"",NORTH],AXIS[""Longitude"",EAST]]",59,151,0.008983152841195215,0.008983152841195215,"(0.008983152841195215, 0.0, 89.22965717159208, 0.0, -0.008983152841195215, 23.014837579142142, 0.0, 0.0, 1.0)","(89.22965717159208, 21.658381500121664, 89.7596631892226, 23.014837579142142)",-9999.0,4329,4580
LST,LST_Day_2022_1.tif,E:\Geospatial\Precipitation Downscaling\Precipitation-Downscaling-Khulna\data\processed\rasters_aligned\monthly\LST\LST_Day_2022_1.tif,"GEOGCS[""WGS 84"",DATUM[""World Geodetic System 1984"",SPHEROID[""WGS 84"",6378137,298.257223563]],PRIMEM[""Greenwich"",0],UNIT[""degree"",0.0174532925199433,AUTHORITY[""EPSG"",""9122""]],AXIS[""Latitude"",NORTH],AXIS[""Longitude"",EAST]]",59,151,0.008983152841195215,0.008983152841195215,"(0.008983152841195215, 0.0, 89.22965717159208, 0.0, -0.008983152841195215, 23.014837579142142, 0.0, 0.0, 1.0)","(89.22965717159208, 21.658381500121664, 89.7596631892226, 23.014837579142142)",-9999.0,4340,4569
LST,LST_Day_2022_10.tif,E:\Geospatial\Precipitation Downscaling\Precipitation-Downscaling-Khulna\data\processed\rasters_aligned\monthly\LST\LST_Day_2022_10.tif,"GEOGCS[""WGS 84"",DATUM[""World Geodetic System 1984"",SPHEROID[""WGS 84"",6378137,298.257223563]],PRIMEM[""Greenwich"",0],UNIT[""degree"",0.0174532925199433,AUTHORITY[""EPSG"",""9122""]],AXIS[""Latitude"",NORTH],AXIS[""Longitude"",EAST]]",59,151,0.008983152841195215,0.008983152841195215,"(0.008983152841195215, 0.0, 89.22965717159208, 0.0, -0.008983152841195215, 23.014837579142142, 0.0, 0.0, 1.0)","(89.22965717159208, 21.658381500121664, 89.7596631892226, 23.014837579142142)",-9999.0,4340,4569
LST,LST_Day_2022_11.tif,E:\Geospatial\Precipitation Downscaling\Precipitation-Downscaling-Khulna\data\processed\rasters_aligned\monthly\LST\LST_Day_2022_11.tif,"GEOGCS[""WGS 84"",DATUM[""World Geodetic System 1984"",SPHEROID[""WGS 84"",6378137,298.257223563]],PRIMEM[""Greenwich"",0],UNIT[""degree"",0.0174532925199433,AUTHORITY[""EPSG"",""9122""]],AXIS[""Latitude"",NORTH],AXIS[""Longitude"",EAST]]",59,151,0.008983152841195215,0.008983152841195215,"(0.008983152841195215, 0.0, 89.22965717159208, 0.0, -0.008983152841195215, 23.014837579142142, 0.0, 0.0, 1.0)","(89.22965717159208, 21.658381500121664, 89.7596631892226, 23.014837579142142)",-9999.0,4340,4569
LST,LST_Day_2022_12.tif,E:\Geospatial\Precipitation Downscaling\Precipitation-Downscaling-Khulna\data\processed\rasters_aligned\monthly\LST\LST_Day_2022_12.tif,"GEOGCS[""WGS 84"",DATUM[""World Geodetic System 1984"",SPHEROID[""WGS 84"",6378137,298.257223563]],PRIMEM[""Greenwich"",0],UNIT[""degree"",0.0174532925199433,AUTHORITY[""EPSG"",""9122""]],AXIS[""Latitude"",NORTH],AXIS[""Longitude"",EAST]]",59,151,0.008983152841195215,0.008983152841195215,"(0.008983152841195215, 0.0, 89.22965717159208, 0.0, -0.008983152841195215, 23.014837579142142, 0.0, 0.0, 1.0)","(89.22965717159208, 21.658381500121664, 89.7596631892226, 23.014837579142142)",-9999.0,4340,4569
LST,LST_Day_2022_2.tif,E:\Geospatial\Precipitation Downscaling\Precipitation-Downscaling-Khulna\data\processed\rasters_aligned\monthly\LST\LST_Day_2022_2.tif,"GEOGCS[""WGS 84"",DATUM[""World Geodetic System 1984"",SPHEROID[""WGS 84"",6378137,298.257223563]],PRIMEM[""Greenwich"",0],UNIT[""degree"",0.0174532925199433,AUTHORITY[""EPSG"",""9122""]],AXIS[""Latitude"",NORTH],AXIS[""Longitude"",EAST]]",59,151,0.008983152841195215,0.008983152841195215,"(0.008983152841195215, 0.0, 89.22965717159208, 0.0, -0.008983152841195215, 23.014837579142142, 0.0, 0.0, 1.0)","(89.22965717159208, 21.658381500121664, 89.7596631892226, 23.014837579142142)",-9999.0,4340,4569
LST,LST_Day_2022_3.tif,E:\Geospatial\Precipitation Downscaling\Precipitation-Downscaling-Khulna\data\processed\rasters_aligned\monthly\LST\LST_Day_2022_3.tif,"GEOGCS[""WGS 84"",DATUM[""World Geodetic System 1984"",SPHEROID[""WGS 84"",6378137,298.257223563]],PRIMEM[""Greenwich"",0],UNIT[""degree"",0.0174532925199433,AUTHORITY[""EPSG"",""9122""]],AXIS[""Latitude"",NORTH],AXIS[""Longitude"",EAST]]",59,151,0.008983152841195215,0.008983152841195215,"(0.008983152841195215, 0.0, 89.22965717159208, 0.0, -0.008983152841195215, 23.014837579142142, 0.0, 0.0, 1.0)","(89.22965717159208, 21.658381500121664, 89.7596631892226, 23.014837579142142)",-9999.0,4340,4569
LST,LST_Day_2022_4.tif,E:\Geospatial\Precipitation Downscaling\Precipitation-Downscaling-Khulna\data\processed\rasters_aligned\monthly\LST\LST_Day_2022_4.tif,"GEOGCS[""WGS 84"",DATUM[""World Geodetic System 1984"",SPHEROID[""WGS 84"",6378137,298.257223563]],PRIMEM[""Greenwich"",0],UNIT[""degree"",0.0174532925199433,AUTHORITY[""EPSG"",""9122""]],AXIS[""Latitude"",NORTH],AXIS[""Longitude"",EAST]]",59,151,0.008983152841195215,0.008983152841195215,"(0.008983152841195215, 0.0, 89.22965717159208, 0.0, -0.008983152841195215, 23.014837579142142, 0.0, 0.0, 1.0)","(89.22965717159208, 21.658381500121664, 89.7596631892226, 23.014837579142142)",-9999.0,4340,4569
LST,LST_Day_2022_5.tif,E:\Geospatial\Precipitation Downscaling\Precipitation-Downscaling-Khulna\data\processed\rasters_aligned\monthly\LST\LST_Day_2022_5.tif,"GEOGCS[""WGS 84"",DATUM[""World Geodetic System 1984"",SPHEROID[""WGS 84"",6378137,298.257223563]],PRIMEM[""Greenwich"",0],UNIT[""degree"",0.0174532925199433,AUTHORITY[""EPSG"",""9122""]],AXIS[""Latitude"",NORTH],AXIS[""Longitude"",EAST]]",59,151,0.008983152841195215,0.008983152841195215,"(0.008983152841195215, 0.0, 89.22965717159208, 0.0, -0.008983152841195215, 23.014837579142142, 0.0, 0.0, 1.0)","(89.22965717159208, 21.658381500121664, 89.7596631892226, 23.014837579142142)",-9999.0,4340,4569
LST,LST_Day_2022_6.tif,E:\Geospatial\Precipitation Downscaling\Precipitation-Downscaling-Khulna\data\processed\rasters_aligned\monthly\LST\LST_Day_2022_6.tif,"GEOGCS[""WGS 84"",DATUM[""World Geodetic System 1984"",SPHEROID[""WGS 84"",6378137,298.257223563]],PRIMEM[""Greenwich"",0],UNIT[""degree"",0.0174532925199433,AUTHORITY[""EPSG"",""9122""]],AXIS[""Latitude"",NORTH],AXIS[""Longitude"",EAST]]",59,151,0.008983152841195215,0.008983152841195215,"(0.008983152841195215, 0.0, 89.22965717159208, 0.0, -0.008983152841195215, 23.014837579142142, 0.0, 0.0, 1.0)","(89.22965717159208, 21.658381500121664, 89.7596631892226, 23.014837579142142)",-9999.0,1484,7425
LST,LST_Day_2022_7.tif,E:\Geospatial\Precipitation Downscaling\Precipitation-Downscaling-Khulna\data\processed\rasters_aligned\monthly\LST\LST_Day_2022_7.tif,"GEOGCS[""WGS 84"",DATUM[""World Geodetic System 1984"",SPHEROID[""WGS 84"",6378137,298.257223563]],PRIMEM[""Greenwich"",0],UNIT[""degree"",0.0174532925199433,AUTHORITY[""EPSG"",""9122""]],AXIS[""Latitude"",NORTH],AXIS[""Longitude"",EAST]]",59,151,0.008983152841195215,0.008983152841195215,"(0.008983152841195215, 0.0, 89.22965717159208, 0.0, -0.008983152841195215, 23.014837579142142, 0.0, 0.0, 1.0)","(89.22965717159208, 21.658381500121664, 89.7596631892226, 23.014837579142142)",-9999.0,3506,5403
LST,LST_Day_2022_8.tif,E:\Geospatial\Precipitation Downscaling\Precipitation-Downscaling-Khulna\data\processed\rasters_aligned\monthly\LST\LST_Day_2022_8.tif,"GEOGCS[""WGS 84"",DATUM[""World Geodetic System 1984"",SPHEROID[""WGS 84"",6378137,298.257223563]],PRIMEM[""Greenwich"",0],UNIT[""degree"",0.0174532925199433,AUTHORITY[""EPSG"",""9122""]],AXIS[""Latitude"",NORTH],AXIS[""Longitude"",EAST]]",59,151,0.008983152841195215,0.008983152841195215,"(0.008983152841195215, 0.0, 89.22965717159208, 0.0, -0.008983152841195215, 23.014837579142142, 0.0, 0.0, 1.0)","(89.22965717159208, 21.658381500121664, 89.7596631892226, 23.014837579142142)",-9999.0,3552,5357
LST,LST_Day_2022_9.tif,E:\Geospatial\Precipitation Downscaling\Precipitation-Downscaling-Khulna\data\processed\rasters_aligned\monthly\LST\LST_Day_2022_9.tif,"GEOGCS[""WGS 84"",DATUM[""World Geodetic System 1984"",SPHEROID[""WGS 84"",6378137,298.257223563]],PRIMEM[""Greenwich"",0],UNIT[""degree"",0.0174532925199433,AUTHORITY[""EPSG"",""9122""]],AXIS[""Latitude"",NORTH],AXIS[""Longitude"",EAST]]",59,151,0.008983152841195215,0.008983152841195215,"(0.008983152841195215, 0.0, 89.22965717159208, 0.0, -0.008983152841195215, 23.014837579142142, 0.0, 0.0, 1.0)","(89.22965717159208, 21.658381500121664, 89.7596631892226, 23.014837579142142)",-9999.0,4300,4609
NDVI,NDVI_2017_1.tif,E:\Geospatial\Precipitation Downscaling\Precipitation-Downscaling-Khulna\data\processed\rasters_aligned\monthly\NDVI\NDVI_2017_1.tif,"GEOGCS[""WGS 84"",DATUM[""World Geodetic System 1984"",SPHEROID[""WGS 84"",6378137,298.257223563]],PRIMEM[""Greenwich"",0],UNIT[""degree"",0.0174532925199433,AUTHORITY[""EPSG"",""9122""]],AXIS[""Latitude"",NORTH],AXIS[""Longitude"",EAST]]",59,151,0.008983152841195215,0.008983152841195215,"(0.008983152841195215, 0.0, 89.22965717159208, 0.0, -0.008983152841195215, 23.014837579142142, 0.0, 0.0, 1.0)","(89.22965717159208, 21.658381500121664, 89.7596631892226, 23.014837579142142)",-9999.0,4413,4496
NDVI,NDVI_2017_10.tif,E:\Geospatial\Precipitation Downscaling\Precipitation-Downscaling-Khulna\data\processed\rasters_aligned\monthly\NDVI\NDVI_2017_10.tif,"GEOGCS[""WGS 84"",DATUM[""World Geodetic System 1984"",SPHEROID[""WGS 84"",6378137,298.257223563]],PRIMEM[""Greenwich"",0],UNIT[""degree"",0.0174532925199433,AUTHORITY[""EPSG"",""9122""]],AXIS[""Latitude"",NORTH],AXIS[""Longitude"",EAST]]",59,151,0.008983152841195215,0.008983152841195215,"(0.008983152841195215, 0.0, 89.22965717159208, 0.0, -0.008983152841195215, 23.014837579142142, 0.0, 0.0, 1.0)","(89.22965717159208, 21.658381500121664, 89.7596631892226, 23.014837579142142)",-9999.0,4423,4486
NDVI,NDVI_2017_11.tif,E:\Geospatial\Precipitation Downscaling\Precipitation-Downscaling-Khulna\data\processed\rasters_aligned\monthly\NDVI\NDVI_2017_11.tif,"GEOGCS[""WGS 84"",DATUM[""World Geodetic System 1984"",SPHEROID[""WGS 84"",6378137,298.257223563]],PRIMEM[""Greenwich"",0],UNIT[""degree"",0.0174532925199433,AUTHORITY[""EPSG"",""9122""]],AXIS[""Latitude"",NORTH],AXIS[""Longitude"",EAST]]",59,151,0.008983152841195215,0.008983152841195215,"(0.008983152841195215, 0.0, 89.22965717159208, 0.0, -0.008983152841195215, 23.014837579142142, 0.0, 0.0, 1.0)","(89.22965717159208, 21.658381500121664, 89.7596631892226, 23.014837579142142)",-9999.0,4421,4488
NDVI,NDVI_2017_12.tif,E:\Geospatial\Precipitation Downscaling\Precipitation-Downscaling-Khulna\data\processed\rasters_aligned\monthly\NDVI\NDVI_2017_12.tif,"GEOGCS[""WGS 84"",DATUM[""World Geodetic System 1984"",SPHEROID[""WGS 84"",6378137,298.257223563]],PRIMEM[""Greenwich"",0],UNIT[""degree"",0.0174532925199433,AUTHORITY[""EPSG"",""9122""]],AXIS[""Latitude"",NORTH],AXIS[""Longitude"",EAST]]",59,151,0.008983152841195215,0.008983152841195215,"(0.008983152841195215, 0.0, 89.22965717159208, 0.0, -0.008983152841195215, 23.014837579142142, 0.0, 0.0, 1.0)","(89.22965717159208, 21.658381500121664, 89.7596631892226, 23.014837579142142)",-9999.0,4431,4478
NDVI,NDVI_2017_2.tif,E:\Geospatial\Precipitation Downscaling\Precipitation-Downscaling-Khulna\data\processed\rasters_aligned\monthly\NDVI\NDVI_2017_2.tif,"GEOGCS[""WGS 84"",DATUM[""World Geodetic System 1984"",SPHEROID[""WGS 84"",6378137,298.257223563]],PRIMEM[""Greenwich"",0],UNIT[""degree"",0.0174532925199433,AUTHORITY[""EPSG"",""9122""]],AXIS[""Latitude"",NORTH],AXIS[""Longitude"",EAST]]",59,151,0.008983152841195215,0.008983152841195215,"(0.008983152841195215, 0.0, 89.22965717159208, 0.0, -0.008983152841195215, 23.014837579142142, 0.0, 0.0, 1.0)","(89.22965717159208, 21.658381500121664, 89.7596631892226, 23.014837579142142)",-9999.0,4424,4485
NDVI,NDVI_2017_3.tif,E:\Geospatial\Precipitation Downscaling\Precipitation-Downscaling-Khulna\data\processed\rasters_aligned\monthly\NDVI\NDVI_2017_3.tif,"GEOGCS[""WGS 84"",DATUM[""World Geodetic System 1984"",SPHEROID[""WGS 84"",6378137,298.257223563]],PRIMEM[""Greenwich"",0],UNIT[""degree"",0.0174532925199433,AUTHORITY[""EPSG"",""9122""]],AXIS[""Latitude"",NORTH],AXIS[""Longitude"",EAST]]",59,151,0.008983152841195215,0.008983152841195215,"(0.008983152841195215, 0.0, 89.22965717159208, 0.0, -0.008983152841195215, 23.014837579142142, 0.0, 0.0, 1.0)","(89.22965717159208, 21.658381500121664, 89.7596631892226, 23.014837579142142)",-9999.0,4427,4482
NDVI,NDVI_2017_4.tif,E:\Geospatial\Precipitation Downscaling\Precipitation-Downscaling-Khulna\data\processed\rasters_aligned\monthly\NDVI\NDVI_2017_4.tif,"GEOGCS[""WGS 84"",DATUM[""World Geodetic System 1984"",SPHEROID[""WGS 84"",6378137,298.257223563]],PRIMEM[""Greenwich"",0],UNIT[""degree"",0.0174532925199433,AUTHORITY[""EPSG"",""9122""]],AXIS[""Latitude"",NORTH],AXIS[""Longitude"",EAST]]",59,151,0.008983152841195215,0.008983152841195215,"(0.008983152841195215, 0.0, 89.22965717159208, 0.0, -0.008983152841195215, 23.014837579142142, 0.0, 0.0, 1.0)","(89.22965717159208, 21.658381500121664, 89.7596631892226, 23.014837579142142)",-9999.0,4441,4468
NDVI,NDVI_2017_5.tif,E:\Geospatial\Precipitation Downscaling\Precipitation-Downscaling-Khulna\data\processed\rasters_aligned\monthly\NDVI\NDVI_2017_5.tif,"GEOGCS[""WGS 84"",DATUM[""World Geodetic System 1984"",SPHEROID[""WGS 84"",6378137,298.257223563]],PRIMEM[""Greenwich"",0],UNIT[""degree"",0.0174532925199433,AUTHORITY[""EPSG"",""9122""]],AXIS[""Latitude"",NORTH],AXIS[""Longitude"",EAST]]",59,151,0.008983152841195215,0.008983152841195215,"(0.008983152841195215, 0.0, 89.22965717159208, 0.0, -0.008983152841195215, 23.014837579142142, 0.0, 0.0, 1.0)","(89.22965717159208, 21.658381500121664, 89.7596631892226, 23.014837579142142)",-9999.0,4437,4472
NDVI,NDVI_2017_6.tif,E:\Geospatial\Precipitation Downscaling\Precipitation-Downscaling-Khulna\data\processed\rasters_aligned\monthly\NDVI\NDVI_2017_6.tif,"GEOGCS[""WGS 84"",DATUM[""World Geodetic System 1984"",SPHEROID[""WGS 84"",6378137,298.257223563]],PRIMEM[""Greenwich"",0],UNIT[""degree"",0.0174532925199433,AUTHORITY[""EPSG"",""9122""]],AXIS[""Latitude"",NORTH],AXIS[""Longitude"",EAST]]",59,151,0.008983152841195215,0.008983152841195215,"(0.008983152841195215, 0.0, 89.22965717159208, 0.0, -0.008983152841195215, 23.014837579142142, 0.0, 0.0, 1.0)","(89.22965717159208, 21.658381500121664, 89.7596631892226, 23.014837579142142)",-9999.0,4434,4475
NDVI,NDVI_2017_7.tif,E:\Geospatial\Precipitation Downscaling\Precipitation-Downscaling-Khulna\data\processed\rasters_aligned\monthly\NDVI\NDVI_2017_7.tif,"GEOGCS[""WGS 84"",DATUM[""World Geodetic System 1984"",SPHEROID[""WGS 84"",6378137,298.257223563]],PRIMEM[""Greenwich"",0],UNIT[""degree"",0.0174532925199433,AUTHORITY[""EPSG"",""9122""]],AXIS[""Latitude"",NORTH],AXIS[""Longitude"",EAST]]",59,151,0.008983152841195215,0.008983152841195215,"(0.008983152841195215, 0.0, 89.22965717159208, 0.0, -0.008983152841195215, 23.014837579142142, 0.0, 0.0, 1.0)","(89.22965717159208, 21.658381500121664, 89.7596631892226, 23.014837579142142)",-9999.0,4441,4468
NDVI,NDVI_2017_8.tif,E:\Geospatial\Precipitation Downscaling\Precipitation-Downscaling-Khulna\data\processed\rasters_aligned\monthly\NDVI\NDVI_2017_8.tif,"GEOGCS[""WGS 84"",DATUM[""World Geodetic System 1984"",SPHEROID[""WGS 84"",6378137,298.257223563]],PRIMEM[""Greenwich"",0],UNIT[""degree"",0.0174532925199433,AUTHORITY[""EPSG"",""9122""]],AXIS[""Latitude"",NORTH],AXIS[""Longitude"",EAST]]",59,151,0.008983152841195215,0.008983152841195215,"(0.008983152841195215, 0.0, 89.22965717159208, 0.0, -0.008983152841195215, 23.014837579142142, 0.0, 0.0, 1.0)","(89.22965717159208, 21.658381500121664, 89.7596631892226, 23.014837579142142)",-9999.0,4442,4467
NDVI,NDVI_2017_9.tif,E:\Geospatial\Precipitation Downscaling\Precipitation-Downscaling-Khulna\data\processed\rasters_aligned\monthly\NDVI\NDVI_2017_9.tif,"GEOGCS[""WGS 84"",DATUM[""World Geodetic System 1984"",SPHEROID[""WGS 84"",6378137,298.257223563]],PRIMEM[""Greenwich"",0],UNIT[""degree"",0.0174532925199433,AUTHORITY[""EPSG"",""9122""]],AXIS[""Latitude"",NORTH],AXIS[""Longitude"",EAST]]",59,151,0.008983152841195215,0.008983152841195215,"(0.008983152841195215, 0.0, 89.22965717159208, 0.0, -0.008983152841195215, 23.014837579142142, 0.0, 0.0, 1.0)","(89.22965717159208, 21.658381500121664, 89.7596631892226, 23.014837579142142)",-9999.0,4435,4474
NDVI,NDVI_2018_1.tif,E:\Geospatial\Precipitation Downscaling\Precipitation-Downscaling-Khulna\data\processed\rasters_aligned\monthly\NDVI\NDVI_2018_1.tif,"GEOGCS[""WGS 84"",DATUM[""World Geodetic System 1984"",SPHEROID[""WGS 84"",6378137,298.257223563]],PRIMEM[""Greenwich"",0],UNIT[""degree"",0.0174532925199433,AUTHORITY[""EPSG"",""9122""]],AXIS[""Latitude"",NORTH],AXIS[""Longitude"",EAST]]",59,151,0.008983152841195215,0.008983152841195215,"(0.008983152841195215, 0.0, 89.22965717159208, 0.0, -0.008983152841195215, 23.014837579142142, 0.0, 0.0, 1.0)","(89.22965717159208, 21.658381500121664, 89.7596631892226, 23.014837579142142)",-9999.0,4417,4492
NDVI,NDVI_2018_10.tif,E:\Geospatial\Precipitation Downscaling\Precipitation-Downscaling-Khulna\data\processed\rasters_aligned\monthly\NDVI\NDVI_2018_10.tif,"GEOGCS[""WGS 84"",DATUM[""World Geodetic System 1984"",SPHEROID[""WGS 84"",6378137,298.257223563]],PRIMEM[""Greenwich"",0],UNIT[""degree"",0.0174532925199433,AUTHORITY[""EPSG"",""9122""]],AXIS[""Latitude"",NORTH],AXIS[""Longitude"",EAST]]",59,151,0.008983152841195215,0.008983152841195215,"(0.008983152841195215, 0.0, 89.22965717159208, 0.0, -0.008983152841195215, 23.014837579142142, 0.0, 0.0, 1.0)","(89.22965717159208, 21.658381500121664, 89.7596631892226, 23.014837579142142)",-9999.0,4417,4492
NDVI,NDVI_2018_11.tif,E:\Geospatial\Precipitation Downscaling\Precipitation-Downscaling-Khulna\data\processed\rasters_aligned\monthly\NDVI\NDVI_2018_11.tif,"GEOGCS[""WGS 84"",DATUM[""World Geodetic System 1984"",SPHEROID[""WGS 84"",6378137,298.257223563]],PRIMEM[""Greenwich"",0],UNIT[""degree"",0.0174532925199433,AUTHORITY[""EPSG"",""9122""]],AXIS[""Latitude"",NORTH],AXIS[""Longitude"",EAST]]",59,151,0.008983152841195215,0.008983152841195215,"(0.008983152841195215, 0.0, 89.22965717159208, 0.0, -0.008983152841195215, 23.014837579142142, 0.0, 0.0, 1.0)","(89.22965717159208, 21.658381500121664, 89.7596631892226, 23.014837579142142)",-9999.0,4406,4503
NDVI,NDVI_2018_12.tif,E:\Geospatial\Precipitation Downscaling\Precipitation-Downscaling-Khulna\data\processed\rasters_aligned\monthly\NDVI\NDVI_2018_12.tif,"GEOGCS[""WGS 84"",DATUM[""World Geodetic System 1984"",SPHEROID[""WGS 84"",6378137,298.257223563]],PRIMEM[""Greenwich"",0],UNIT[""degree"",0.0174532925199433,AUTHORITY[""EPSG"",""9122""]],AXIS[""Latitude"",NORTH],AXIS[""Longitude"",EAST]]",59,151,0.008983152841195215,0.008983152841195215,"(0.008983152841195215, 0.0, 89.22965717159208, 0.0, -0.008983152841195215, 23.014837579142142, 0.0, 0.0, 1.0)","(89.22965717159208, 21.658381500121664, 89.7596631892226, 23.014837579142142)",-9999.0,4426,4483
NDVI,NDVI_2018_2.tif,E:\Geospatial\Precipitation Downscaling\Precipitation-Downscaling-Khulna\data\processed\rasters_aligned\monthly\NDVI\NDVI_2018_2.tif,"GEOGCS[""WGS 84"",DATUM[""World Geodetic System 1984"",SPHEROID[""WGS 84"",6378137,298.257223563]],PRIMEM[""Greenwich"",0],UNIT[""degree"",0.0174532925199433,AUTHORITY[""EPSG"",""9122""]],AXIS[""Latitude"",NORTH],AXIS[""Longitude"",EAST]]",59,151,0.008983152841195215,0.008983152841195215,"(0.008983152841195215, 0.0, 89.22965717159208, 0.0, -0.008983152841195215, 23.014837579142142, 0.0, 0.0, 1.0)","(89.22965717159208, 21.658381500121664, 89.7596631892226, 23.014837579142142)",-9999.0,4429,4480
NDVI,NDVI_2018_3.tif,E:\Geospatial\Precipitation Downscaling\Precipitation-Downscaling-Khulna\data\processed\rasters_aligned\monthly\NDVI\NDVI_2018_3.tif,"GEOGCS[""WGS 84"",DATUM[""World Geodetic System 1984"",SPHEROID[""WGS 84"",6378137,298.257223563]],PRIMEM[""Greenwich"",0],UNIT[""degree"",0.0174532925199433,AUTHORITY[""EPSG"",""9122""]],AXIS[""Latitude"",NORTH],AXIS[""Longitude"",EAST]]",59,151,0.008983152841195215,0.008983152841195215,"(0.008983152841195215, 0.0, 89.22965717159208, 0.0, -0.008983152841195215, 23.014837579142142, 0.0, 0.0, 1.0)","(89.22965717159208, 21.658381500121664, 89.7596631892226, 23.014837579142142)",-9999.0,4442,4467
NDVI,NDVI_2018_4.tif,E:\Geospatial\Precipitation Downscaling\Precipitation-Downscaling-Khulna\data\processed\rasters_aligned\monthly\NDVI\NDVI_2018_4.tif,"GEOGCS[""WGS 84"",DATUM[""World Geodetic System 1984"",SPHEROID[""WGS 84"",6378137,298.257223563]],PRIMEM[""Greenwich"",0],UNIT[""degree"",0.0174532925199433,AUTHORITY[""EPSG"",""9122""]],AXIS[""Latitude"",NORTH],AXIS[""Longitude"",EAST]]",59,151,0.008983152841195215,0.008983152841195215,"(0.008983152841195215, 0.0, 89.22965717159208, 0.0, -0.008983152841195215, 23.014837579142142, 0.0, 0.0, 1.0)","(89.22965717159208, 21.658381500121664, 89.7596631892226, 23.014837579142142)",-9999.0,4431,4478
NDVI,NDVI_2018_5.tif,E:\Geospatial\Precipitation Downscaling\Precipitation-Downscaling-Khulna\data\processed\rasters_aligned\monthly\NDVI\NDVI_2018_5.tif,"GEOGCS[""WGS 84"",DATUM[""World Geodetic System 1984"",SPHEROID[""WGS 84"",6378137,298.257223563]],PRIMEM[""Greenwich"",0],UNIT[""degree"",0.0174532925199433,AUTHORITY[""EPSG"",""9122""]],AXIS[""Latitude"",NORTH],AXIS[""Longitude"",EAST]]",59,151,0.008983152841195215,0.008983152841195215,"(0.008983152841195215, 0.0, 89.22965717159208, 0.0, -0.008983152841195215, 23.014837579142142, 0.0, 0.0, 1.0)","(89.22965717159208, 21.658381500121664, 89.7596631892226, 23.014837579142142)",-9999.0,4437,4472
NDVI,NDVI_2018_6.tif,E:\Geospatial\Precipitation Downscaling\Precipitation-Downscaling-Khulna\data\processed\rasters_aligned\monthly\NDVI\NDVI_2018_6.tif,"GEOGCS[""WGS 84"",DATUM[""World Geodetic System 1984"",SPHEROID[""WGS 84"",6378137,298.257223563]],PRIMEM[""Greenwich"",0],UNIT[""degree"",0.0174532925199433,AUTHORITY[""EPSG"",""9122""]],AXIS[""Latitude"",NORTH],AXIS[""Longitude"",EAST]]",59,151,0.008983152841195215,0.008983152841195215,"(0.008983152841195215, 0.0, 89.22965717159208, 0.0, -0.008983152841195215, 23.014837579142142, 0.0, 0.0, 1.0)","(89.22965717159208, 21.658381500121664, 89.7596631892226, 23.014837579142142)",-9999.0,4443,4466
NDVI,NDVI_2018_7.tif,E:\Geospatial\Precipitation Downscaling\Precipitation-Downscaling-Khulna\data\processed\rasters_aligned\monthly\NDVI\NDVI_2018_7.tif,"GEOGCS[""WGS 84"",DATUM[""World Geodetic System 1984"",SPHEROID[""WGS 84"",6378137,298.257223563]],PRIMEM[""Greenwich"",0],UNIT[""degree"",0.0174532925199433,AUTHORITY[""EPSG"",""9122""]],AXIS[""Latitude"",NORTH],AXIS[""Longitude"",EAST]]",59,151,0.008983152841195215,0.008983152841195215,"(0.008983152841195215, 0.0, 89.22965717159208, 0.0, -0.008983152841195215, 23.014837579142142, 0.0, 0.0, 1.0)","(89.22965717159208, 21.658381500121664, 89.7596631892226, 23.014837579142142)",-9999.0,4438,4471
NDVI,NDVI_2018_8.tif,E:\Geospatial\Precipitation Downscaling\Precipitation-Downscaling-Khulna\data\processed\rasters_aligned\monthly\NDVI\NDVI_2018_8.tif,"GEOGCS[""WGS 84"",DATUM[""World Geodetic System 1984"",SPHEROID[""WGS 84"",6378137,298.257223563]],PRIMEM[""Greenwich"",0],UNIT[""degree"",0.0174532925199433,AUTHORITY[""EPSG"",""9122""]],AXIS[""Latitude"",NORTH],AXIS[""Longitude"",EAST]]",59,151,0.008983152841195215,0.008983152841195215,"(0.008983152841195215, 0.0, 89.22965717159208, 0.0, -0.008983152841195215, 23.014837579142142, 0.0, 0.0, 1.0)","(89.22965717159208, 21.658381500121664, 89.7596631892226, 23.014837579142142)",-9999.0,4436,4473
NDVI,NDVI_2018_9.tif,E:\Geospatial\Precipitation Downscaling\Precipitation-Downscaling-Khulna\data\processed\rasters_aligned\monthly\NDVI\NDVI_2018_9.tif,"GEOGCS[""WGS 84"",DATUM[""World Geodetic System 1984"",SPHEROID[""WGS 84"",6378137,298.257223563]],PRIMEM[""Greenwich"",0],UNIT[""degree"",0.0174532925199433,AUTHORITY[""EPSG"",""9122""]],AXIS[""Latitude"",NORTH],AXIS[""Longitude"",EAST]]",59,151,0.008983152841195215,0.008983152841195215,"(0.008983152841195215, 0.0, 89.22965717159208, 0.0, -0.008983152841195215, 23.014837579142142, 0.0, 0.0, 1.0)","(89.22965717159208, 21.658381500121664, 89.7596631892226, 23.014837579142142)",-9999.0,4435,4474
NDVI,NDVI_2019_1.tif,E:\Geospatial\Precipitation Downscaling\Precipitation-Downscaling-Khulna\data\processed\rasters_aligned\monthly\NDVI\NDVI_2019_1.tif,"GEOGCS[""WGS 84"",DATUM[""World Geodetic System 1984"",SPHEROID[""WGS 84"",6378137,298.257223563]],PRIMEM[""Greenwich"",0],UNIT[""degree"",0.0174532925199433,AUTHORITY[""EPSG"",""9122""]],AXIS[""Latitude"",NORTH],AXIS[""Longitude"",EAST]]",59,151,0.008983152841195215,0.008983152841195215,"(0.008983152841195215, 0.0, 89.22965717159208, 0.0, -0.008983152841195215, 23.014837579142142, 0.0, 0.0, 1.0)","(89.22965717159208, 21.658381500121664, 89.7596631892226, 23.014837579142142)",-9999.0,4411,4498
NDVI,NDVI_2019_10.tif,E:\Geospatial\Precipitation Downscaling\Precipitation-Downscaling-Khulna\data\processed\rasters_aligned\monthly\NDVI\NDVI_2019_10.tif,"GEOGCS[""WGS 84"",DATUM[""World Geodetic System 1984"",SPHEROID[""WGS 84"",6378137,298.257223563]],PRIMEM[""Greenwich"",0],UNIT[""degree"",0.0174532925199433,AUTHORITY[""EPSG"",""9122""]],AXIS[""Latitude"",NORTH],AXIS[""Longitude"",EAST]]",59,151,0.008983152841195215,0.008983152841195215,"(0.008983152841195215, 0.0, 89.22965717159208, 0.0, -0.008983152841195215, 23.014837579142142, 0.0, 0.0, 1.0)","(89.22965717159208, 21.658381500121664, 89.7596631892226, 23.014837579142142)",-9999.0,4416,4493
NDVI,NDVI_2019_11.tif,E:\Geospatial\Precipitation Downscaling\Precipitation-Downscaling-Khulna\data\processed\rasters_aligned\monthly\NDVI\NDVI_2019_11.tif,"GEOGCS[""WGS 84"",DATUM[""World Geodetic System 1984"",SPHEROID[""WGS 84"",6378137,298.257223563]],PRIMEM[""Greenwich"",0],UNIT[""degree"",0.0174532925199433,AUTHORITY[""EPSG"",""9122""]],AXIS[""Latitude"",NORTH],AXIS[""Longitude"",EAST]]",59,151,0.008983152841195215,0.008983152841195215,"(0.008983152841195215, 0.0, 89.22965717159208, 0.0, -0.008983152841195215, 23.014837579142142, 0.0, 0.0, 1.0)","(89.22965717159208, 21.658381500121664, 89.7596631892226, 23.014837579142142)",-9999.0,4424,4485
NDVI,NDVI_2019_12.tif,E:\Geospatial\Precipitation Downscaling\Precipitation-Downscaling-Khulna\data\processed\rasters_aligned\monthly\NDVI\NDVI_2019_12.tif,"GEOGCS[""WGS 84"",DATUM[""World Geodetic System 1984"",SPHEROID[""WGS 84"",6378137,298.257223563]],PRIMEM[""Greenwich"",0],UNIT[""degree"",0.0174532925199433,AUTHORITY[""EPSG"",""9122""]],AXIS[""Latitude"",NORTH],AXIS[""Longitude"",EAST]]",59,151,0.008983152841195215,0.008983152841195215,"(0.008983152841195215, 0.0, 89.22965717159208, 0.0, -0.008983152841195215, 23.014837579142142, 0.0, 0.0, 1.0)","(89.22965717159208, 21.658381500121664, 89.7596631892226, 23.014837579142142)",-9999.0,4439,4470
NDVI,NDVI_2019_2.tif,E:\Geospatial\Precipitation Downscaling\Precipitation-Downscaling-Khulna\data\processed\rasters_aligned\monthly\NDVI\NDVI_2019_2.tif,"GEOGCS[""WGS 84"",DATUM[""World Geodetic System 1984"",SPHEROID[""WGS 84"",6378137,298.257223563]],PRIMEM[""Greenwich"",0],UNIT[""degree"",0.0174532925199433,AUTHORITY[""EPSG"",""9122""]],AXIS[""Latitude"",NORTH],AXIS[""Longitude"",EAST]]",59,151,0.008983152841195215,0.008983152841195215,"(0.008983152841195215, 0.0, 89.22965717159208, 0.0, -0.008983152841195215, 23.014837579142142, 0.0, 0.0, 1.0)","(89.22965717159208, 21.658381500121664, 89.7596631892226, 23.014837579142142)",-9999.0,4435,4474
NDVI,NDVI_2019_3.tif,E:\Geospatial\Precipitation Downscaling\Precipitation-Downscaling-Khulna\data\processed\rasters_aligned\monthly\NDVI\NDVI_2019_3.tif,"GEOGCS[""WGS 84"",DATUM[""World Geodetic System 1984"",SPHEROID[""WGS 84"",6378137,298.257223563]],PRIMEM[""Greenwich"",0],UNIT[""degree"",0.0174532925199433,AUTHORITY[""EPSG"",""9122""]],AXIS[""Latitude"",NORTH],AXIS[""Longitude"",EAST]]",59,151,0.008983152841195215,0.008983152841195215,"(0.008983152841195215, 0.0, 89.22965717159208, 0.0, -0.008983152841195215, 23.014837579142142, 0.0, 0.0, 1.0)","(89.22965717159208, 21.658381500121664, 89.7596631892226, 23.014837579142142)",-9999.0,4447,4462
NDVI,NDVI_2019_4.tif,E:\Geospatial\Precipitation Downscaling\Precipitation-Downscaling-Khulna\data\processed\rasters_aligned\monthly\NDVI\NDVI_2019_4.tif,"GEOGCS[""WGS 84"",DATUM[""World Geodetic System 1984"",SPHEROID[""WGS 84"",6378137,298.257223563]],PRIMEM[""Greenwich"",0],UNIT[""degree"",0.0174532925199433,AUTHORITY[""EPSG"",""9122""]],AXIS[""Latitude"",NORTH],AXIS[""Longitude"",EAST]]",59,151,0.008983152841195215,0.008983152841195215,"(0.008983152841195215, 0.0, 89.22965717159208, 0.0, -0.008983152841195215, 23.014837579142142, 0.0, 0.0, 1.0)","(89.22965717159208, 21.658381500121664, 89.7596631892226, 23.014837579142142)",-9999.0,4444,4465
NDVI,NDVI_2019_5.tif,E:\Geospatial\Precipitation Downscaling\Precipitation-Downscaling-Khulna\data\processed\rasters_aligned\monthly\NDVI\NDVI_2019_5.tif,"GEOGCS[""WGS 84"",DATUM[""World Geodetic System 1984"",SPHEROID[""WGS 84"",6378137,298.257223563]],PRIMEM[""Greenwich"",0],UNIT[""degree"",0.0174532925199433,AUTHORITY[""EPSG"",""9122""]],AXIS[""Latitude"",NORTH],AXIS[""Longitude"",EAST]]",59,151,0.008983152841195215,0.008983152841195215,"(0.008983152841195215, 0.0, 89.22965717159208, 0.0, -0.008983152841195215, 23.014837579142142, 0.0, 0.0, 1.0)","(89.22965717159208, 21.658381500121664, 89.7596631892226, 23.014837579142142)",-9999.0,4437,4472
NDVI,NDVI_2019_6.tif,E:\Geospatial\Precipitation Downscaling\Precipitation-Downscaling-Khulna\data\processed\rasters_aligned\monthly\NDVI\NDVI_2019_6.tif,"GEOGCS[""WGS 84"",DATUM[""World Geodetic System 1984"",SPHEROID[""WGS 84"",6378137,298.257223563]],PRIMEM[""Greenwich"",0],UNIT[""degree"",0.0174532925199433,AUTHORITY[""EPSG"",""9122""]],AXIS[""Latitude"",NORTH],AXIS[""Longitude"",EAST]]",59,151,0.008983152841195215,0.008983152841195215,"(0.008983152841195215, 0.0, 89.22965717159208, 0.0, -0.008983152841195215, 23.014837579142142, 0.0, 0.0, 1.0)","(89.22965717159208, 21.658381500121664, 89.7596631892226, 23.014837579142142)",-9999.0,4439,4470
NDVI,NDVI_2019_7.tif,E:\Geospatial\Precipitation Downscaling\Precipitation-Downscaling-Khulna\data\processed\rasters_aligned\monthly\NDVI\NDVI_2019_7.tif,"GEOGCS[""WGS 84"",DATUM[""World Geodetic System 1984"",SPHEROID[""WGS 84"",6378137,298.257223563]],PRIMEM[""Greenwich"",0],UNIT[""degree"",0.0174532925199433,AUTHORITY[""EPSG"",""9122""]],AXIS[""Latitude"",NORTH],AXIS[""Longitude"",EAST]]",59,151,0.008983152841195215,0.008983152841195215,"(0.008983152841195215, 0.0, 89.22965717159208, 0.0, -0.008983152841195215, 23.014837579142142, 0.0, 0.0, 1.0)","(89.22965717159208, 21.658381500121664, 89.7596631892226, 23.014837579142142)",-9999.0,4441,4468
NDVI,NDVI_2019_8.tif,E:\Geospatial\Precipitation Downscaling\Precipitation-Downscaling-Khulna\data\processed\rasters_aligned\monthly\NDVI\NDVI_2019_8.tif,"GEOGCS[""WGS 84"",DATUM[""World Geodetic System 1984"",SPHEROID[""WGS 84"",6378137,298.257223563]],PRIMEM[""Greenwich"",0],UNIT[""degree"",0.0174532925199433,AUTHORITY[""EPSG"",""9122""]],AXIS[""Latitude"",NORTH],AXIS[""Longitude"",EAST]]",59,151,0.008983152841195215,0.008983152841195215,"(0.008983152841195215, 0.0, 89.22965717159208, 0.0, -0.008983152841195215, 23.014837579142142, 0.0, 0.0, 1.0)","(89.22965717159208, 21.658381500121664, 89.7596631892226, 23.014837579142142)",-9999.0,4448,4461
NDVI,NDVI_2019_9.tif,E:\Geospatial\Precipitation Downscaling\Precipitation-Downscaling-Khulna\data\processed\rasters_aligned\monthly\NDVI\NDVI_2019_9.tif,"GEOGCS[""WGS 84"",DATUM[""World Geodetic System 1984"",SPHEROID[""WGS 84"",6378137,298.257223563]],PRIMEM[""Greenwich"",0],UNIT[""degree"",0.0174532925199433,AUTHORITY[""EPSG"",""9122""]],AXIS[""Latitude"",NORTH],AXIS[""Longitude"",EAST]]",59,151,0.008983152841195215,0.008983152841195215,"(0.008983152841195215, 0.0, 89.22965717159208, 0.0, -0.008983152841195215, 23.014837579142142, 0.0, 0.0, 1.0)","(89.22965717159208, 21.658381500121664, 89.7596631892226, 23.014837579142142)",-9999.0,4450,4459
NDVI,NDVI_2020_1.tif,E:\Geospatial\Precipitation Downscaling\Precipitation-Downscaling-Khulna\data\processed\rasters_aligned\monthly\NDVI\NDVI_2020_1.tif,"GEOGCS[""WGS 84"",DATUM[""World Geodetic System 1984"",SPHEROID[""WGS 84"",6378137,298.257223563]],PRIMEM[""Greenwich"",0],UNIT[""degree"",0.0174532925199433,AUTHORITY[""EPSG"",""9122""]],AXIS[""Latitude"",NORTH],AXIS[""Longitude"",EAST]]",59,151,0.008983152841195215,0.008983152841195215,"(0.008983152841195215, 0.0, 89.22965717159208, 0.0, -0.008983152841195215, 23.014837579142142, 0.0, 0.0, 1.0)","(89.22965717159208, 21.658381500121664, 89.7596631892226, 23.014837579142142)",-9999.0,4403,4506
NDVI,NDVI_2020_10.tif,E:\Geospatial\Precipitation Downscaling\Precipitation-Downscaling-Khulna\data\processed\rasters_aligned\monthly\NDVI\NDVI_2020_10.tif,"GEOGCS[""WGS 84"",DATUM[""World Geodetic System 1984"",SPHEROID[""WGS 84"",6378137,298.257223563]],PRIMEM[""Greenwich"",0],UNIT[""degree"",0.0174532925199433,AUTHORITY[""EPSG"",""9122""]],AXIS[""Latitude"",NORTH],AXIS[""Longitude"",EAST]]",59,151,0.008983152841195215,0.008983152841195215,"(0.008983152841195215, 0.0, 89.22965717159208, 0.0, -0.008983152841195215, 23.014837579142142, 0.0, 0.0, 1.0)","(89.22965717159208, 21.658381500121664, 89.7596631892226, 23.014837579142142)",-9999.0,4440,4469
NDVI,NDVI_2020_11.tif,E:\Geospatial\Precipitation Downscaling\Precipitation-Downscaling-Khulna\data\processed\rasters_aligned\monthly\NDVI\NDVI_2020_11.tif,"GEOGCS[""WGS 84"",DATUM[""World Geodetic System 1984"",SPHEROID[""WGS 84"",6378137,298.257223563]],PRIMEM[""Greenwich"",0],UNIT[""degree"",0.0174532925199433,AUTHORITY[""EPSG"",""9122""]],AXIS[""Latitude"",NORTH],AXIS[""Longitude"",EAST]]",59,151,0.008983152841195215,0.008983152841195215,"(0.008983152841195215, 0.0, 89.22965717159208, 0.0, -0.008983152841195215, 23.014837579142142, 0.0, 0.0, 1.0)","(89.22965717159208, 21.658381500121664, 89.7596631892226, 23.014837579142142)",-9999.0,4424,4485
NDVI,NDVI_2020_12.tif,E:\Geospatial\Precipitation Downscaling\Precipitation-Downscaling-Khulna\data\processed\rasters_aligned\monthly\NDVI\NDVI_2020_12.tif,"GEOGCS[""WGS 84"",DATUM[""World Geodetic System 1984"",SPHEROID[""WGS 84"",6378137,298.257223563]],PRIMEM[""Greenwich"",0],UNIT[""degree"",0.0174532925199433,AUTHORITY[""EPSG"",""9122""]],AXIS[""Latitude"",NORTH],AXIS[""Longitude"",EAST]]",59,151,0.008983152841195215,0.008983152841195215,"(0.008983152841195215, 0.0, 89.22965717159208, 0.0, -0.008983152841195215, 23.014837579142142, 0.0, 0.0, 1.0)","(89.22965717159208, 21.658381500121664, 89.7596631892226, 23.014837579142142)",-9999.0,4430,4479
NDVI,NDVI_2020_2.tif,E:\Geospatial\Precipitation Downscaling\Precipitation-Downscaling-Khulna\data\processed\rasters_aligned\monthly\NDVI\NDVI_2020_2.tif,"GEOGCS[""WGS 84"",DATUM[""World Geodetic System 1984"",SPHEROID[""WGS 84"",6378137,298.257223563]],PRIMEM[""Greenwich"",0],UNIT[""degree"",0.0174532925199433,AUTHORITY[""EPSG"",""9122""]],AXIS[""Latitude"",NORTH],AXIS[""Longitude"",EAST]]",59,151,0.008983152841195215,0.008983152841195215,"(0.008983152841195215, 0.0, 89.22965717159208, 0.0, -0.008983152841195215, 23.014837579142142, 0.0, 0.0, 1.0)","(89.22965717159208, 21.658381500121664, 89.7596631892226, 23.014837579142142)",-9999.0,4415,4494
NDVI,NDVI_2020_3.tif,E:\Geospatial\Precipitation Downscaling\Precipitation-Downscaling-Khulna\data\processed\rasters_aligned\monthly\NDVI\NDVI_2020_3.tif,"GEOGCS[""WGS 84"",DATUM[""World Geodetic System 1984"",SPHEROID[""WGS 84"",6378137,298.257223563]],PRIMEM[""Greenwich"",0],UNIT[""degree"",0.0174532925199433,AUTHORITY[""EPSG"",""9122""]],AXIS[""Latitude"",NORTH],AXIS[""Longitude"",EAST]]",59,151,0.008983152841195215,0.008983152841195215,"(0.008983152841195215, 0.0, 89.22965717159208, 0.0, -0.008983152841195215, 23.014837579142142, 0.0, 0.0, 1.0)","(89.22965717159208, 21.658381500121664, 89.7596631892226, 23.014837579142142)",-9999.0,4444,4465
NDVI,NDVI_2020_4.tif,E:\Geospatial\Precipitation Downscaling\Precipitation-Downscaling-Khulna\data\processed\rasters_aligned\monthly\NDVI\NDVI_2020_4.tif,"GEOGCS[""WGS 84"",DATUM[""World Geodetic System 1984"",SPHEROID[""WGS 84"",6378137,298.257223563]],PRIMEM[""Greenwich"",0],UNIT[""degree"",0.0174532925199433,AUTHORITY[""EPSG"",""9122""]],AXIS[""Latitude"",NORTH],AXIS[""Longitude"",EAST]]",59,151,0.008983152841195215,0.008983152841195215,"(0.008983152841195215, 0.0, 89.22965717159208, 0.0, -0.008983152841195215, 23.014837579142142, 0.0, 0.0, 1.0)","(89.22965717159208, 21.658381500121664, 89.7596631892226, 23.014837579142142)",-9999.0,4438,4471
NDVI,NDVI_2020_5.tif,E:\Geospatial\Precipitation Downscaling\Precipitation-Downscaling-Khulna\data\processed\rasters_aligned\monthly\NDVI\NDVI_2020_5.tif,"GEOGCS[""WGS 84"",DATUM[""World Geodetic System 1984"",SPHEROID[""WGS 84"",6378137,298.257223563]],PRIMEM[""Greenwich"",0],UNIT[""degree"",0.0174532925199433,AUTHORITY[""EPSG"",""9122""]],AXIS[""Latitude"",NORTH],AXIS[""Longitude"",EAST]]",59,151,0.008983152841195215,0.008983152841195215,"(0.008983152841195215, 0.0, 89.22965717159208, 0.0, -0.008983152841195215, 23.014837579142142, 0.0, 0.0, 1.0)","(89.22965717159208, 21.658381500121664, 89.7596631892226, 23.014837579142142)",-9999.0,4438,4471
NDVI,NDVI_2020_6.tif,E:\Geospatial\Precipitation Downscaling\Precipitation-Downscaling-Khulna\data\processed\rasters_aligned\monthly\NDVI\NDVI_2020_6.tif,"GEOGCS[""WGS 84"",DATUM[""World Geodetic System 1984"",SPHEROID[""WGS 84"",6378137,298.257223563]],PRIMEM[""Greenwich"",0],UNIT[""degree"",0.0174532925199433,AUTHORITY[""EPSG"",""9122""]],AXIS[""Latitude"",NORTH],AXIS[""Longitude"",EAST]]",59,151,0.008983152841195215,0.008983152841195215,"(0.008983152841195215, 0.0, 89.22965717159208, 0.0, -0.008983152841195215, 23.014837579142142, 0.0, 0.0, 1.0)","(89.22965717159208, 21.658381500121664, 89.7596631892226, 23.014837579142142)",-9999.0,4435,4474
NDVI,NDVI_2020_7.tif,E:\Geospatial\Precipitation Downscaling\Precipitation-Downscaling-Khulna\data\processed\rasters_aligned\monthly\NDVI\NDVI_2020_7.tif,"GEOGCS[""WGS 84"",DATUM[""World Geodetic System 1984"",SPHEROID[""WGS 84"",6378137,298.257223563]],PRIMEM[""Greenwich"",0],UNIT[""degree"",0.0174532925199433,AUTHORITY[""EPSG"",""9122""]],AXIS[""Latitude"",NORTH],AXIS[""Longitude"",EAST]]",59,151,0.008983152841195215,0.008983152841195215,"(0.008983152841195215, 0.0, 89.22965717159208, 0.0, -0.008983152841195215, 23.014837579142142, 0.0, 0.0, 1.0)","(89.22965717159208, 21.658381500121664, 89.7596631892226, 23.014837579142142)",-9999.0,4437,4472
NDVI,NDVI_2020_8.tif,E:\Geospatial\Precipitation Downscaling\Precipitation-Downscaling-Khulna\data\processed\rasters_aligned\monthly\NDVI\NDVI_2020_8.tif,"GEOGCS[""WGS 84"",DATUM[""World Geodetic System 1984"",SPHEROID[""WGS 84"",6378137,298.257223563]],PRIMEM[""Greenwich"",0],UNIT[""degree"",0.0174532925199433,AUTHORITY[""EPSG"",""9122""]],AXIS[""Latitude"",NORTH],AXIS[""Longitude"",EAST]]",59,151,0.008983152841195215,0.008983152841195215,"(0.008983152841195215, 0.0, 89.22965717159208, 0.0, -0.008983152841195215, 23.014837579142142, 0.0, 0.0, 1.0)","(89.22965717159208, 21.658381500121664, 89.7596631892226, 23.014837579142142)",-9999.0,4439,4470
NDVI,NDVI_2020_9.tif,E:\Geospatial\Precipitation Downscaling\Precipitation-Downscaling-Khulna\data\processed\rasters_aligned\monthly\NDVI\NDVI_2020_9.tif,"GEOGCS[""WGS 84"",DATUM[""World Geodetic System 1984"",SPHEROID[""WGS 84"",6378137,298.257223563]],PRIMEM[""Greenwich"",0],UNIT[""degree"",0.0174532925199433,AUTHORITY[""EPSG"",""9122""]],AXIS[""Latitude"",NORTH],AXIS[""Longitude"",EAST]]",59,151,0.008983152841195215,0.008983152841195215,"(0.008983152841195215, 0.0, 89.22965717159208, 0.0, -0.008983152841195215, 23.014837579142142, 0.0, 0.0, 1.0)","(89.22965717159208, 21.658381500121664, 89.7596631892226, 23.014837579142142)",-9999.0,4437,4472
NDVI,NDVI_2021_1.tif,E:\Geospatial\Precipitation Downscaling\Precipitation-Downscaling-Khulna\data\processed\rasters_aligned\monthly\NDVI\NDVI_2021_1.tif,"GEOGCS[""WGS 84"",DATUM[""World Geodetic System 1984"",SPHEROID[""WGS 84"",6378137,298.257223563]],PRIMEM[""Greenwich"",0],UNIT[""degree"",0.0174532925199433,AUTHORITY[""EPSG"",""9122""]],AXIS[""Latitude"",NORTH],AXIS[""Longitude"",EAST]]",59,151,0.008983152841195215,0.008983152841195215,"(0.008983152841195215, 0.0, 89.22965717159208, 0.0, -0.008983152841195215, 23.014837579142142, 0.0, 0.0, 1.0)","(89.22965717159208, 21.658381500121664, 89.7596631892226, 23.014837579142142)",-9999.0,4412,4497
NDVI,NDVI_2021_10.tif,E:\Geospatial\Precipitation Downscaling\Precipitation-Downscaling-Khulna\data\processed\rasters_aligned\monthly\NDVI\NDVI_2021_10.tif,"GEOGCS[""WGS 84"",DATUM[""World Geodetic System 1984"",SPHEROID[""WGS 84"",6378137,298.257223563]],PRIMEM[""Greenwich"",0],UNIT[""degree"",0.0174532925199433,AUTHORITY[""EPSG"",""9122""]],AXIS[""Latitude"",NORTH],AXIS[""Longitude"",EAST]]",59,151,0.008983152841195215,0.008983152841195215,"(0.008983152841195215, 0.0, 89.22965717159208, 0.0, -0.008983152841195215, 23.014837579142142, 0.0, 0.0, 1.0)","(89.22965717159208, 21.658381500121664, 89.7596631892226, 23.014837579142142)",-9999.0,4420,4489
NDVI,NDVI_2021_11.tif,E:\Geospatial\Precipitation Downscaling\Precipitation-Downscaling-Khulna\data\processed\rasters_aligned\monthly\NDVI\NDVI_2021_11.tif,"GEOGCS[""WGS 84"",DATUM[""World Geodetic System 1984"",SPHEROID[""WGS 84"",6378137,298.257223563]],PRIMEM[""Greenwich"",0],UNIT[""degree"",0.0174532925199433,AUTHORITY[""EPSG"",""9122""]],AXIS[""Latitude"",NORTH],AXIS[""Longitude"",EAST]]",59,151,0.008983152841195215,0.008983152841195215,"(0.008983152841195215, 0.0, 89.22965717159208, 0.0, -0.008983152841195215, 23.014837579142142, 0.0, 0.0, 1.0)","(89.22965717159208, 21.658381500121664, 89.7596631892226, 23.014837579142142)",-9999.0,4414,4495
NDVI,NDVI_2021_12.tif,E:\Geospatial\Precipitation Downscaling\Precipitation-Downscaling-Khulna\data\processed\rasters_aligned\monthly\NDVI\NDVI_2021_12.tif,"GEOGCS[""WGS 84"",DATUM[""World Geodetic System 1984"",SPHEROID[""WGS 84"",6378137,298.257223563]],PRIMEM[""Greenwich"",0],UNIT[""degree"",0.0174532925199433,AUTHORITY[""EPSG"",""9122""]],AXIS[""Latitude"",NORTH],AXIS[""Longitude"",EAST]]",59,151,0.008983152841195215,0.008983152841195215,"(0.008983152841195215, 0.0, 89.22965717159208, 0.0, -0.008983152841195215, 23.014837579142142, 0.0, 0.0, 1.0)","(89.22965717159208, 21.658381500121664, 89.7596631892226, 23.014837579142142)",-9999.0,4426,4483
NDVI,NDVI_2021_2.tif,E:\Geospatial\Precipitation Downscaling\Precipitation-Downscaling-Khulna\data\processed\rasters_aligned\monthly\NDVI\NDVI_2021_2.tif,"GEOGCS[""WGS 84"",DATUM[""World Geodetic System 1984"",SPHEROID[""WGS 84"",6378137,298.257223563]],PRIMEM[""Greenwich"",0],UNIT[""degree"",0.0174532925199433,AUTHORITY[""EPSG"",""9122""]],AXIS[""Latitude"",NORTH],AXIS[""Longitude"",EAST]]",59,151,0.008983152841195215,0.008983152841195215,"(0.008983152841195215, 0.0, 89.22965717159208, 0.0, -0.008983152841195215, 23.014837579142142, 0.0, 0.0, 1.0)","(89.22965717159208, 21.658381500121664, 89.7596631892226, 23.014837579142142)",-9999.0,4435,4474
NDVI,NDVI_2021_3.tif,E:\Geospatial\Precipitation Downscaling\Precipitation-Downscaling-Khulna\data\processed\rasters_aligned\monthly\NDVI\NDVI_2021_3.tif,"GEOGCS[""WGS 84"",DATUM[""World Geodetic System 1984"",SPHEROID[""WGS 84"",6378137,298.257223563]],PRIMEM[""Greenwich"",0],UNIT[""degree"",0.0174532925199433,AUTHORITY[""EPSG"",""9122""]],AXIS[""Latitude"",NORTH],AXIS[""Longitude"",EAST]]",59,151,0.008983152841195215,0.008983152841195215,"(0.008983152841195215, 0.0, 89.22965717159208, 0.0, -0.008983152841195215, 23.014837579142142, 0.0, 0.0, 1.0)","(89.22965717159208, 21.658381500121664, 89.7596631892226, 23.014837579142142)",-9999.0,4433,4476
NDVI,NDVI_2021_4.tif,E:\Geospatial\Precipitation Downscaling\Precipitation-Downscaling-Khulna\data\processed\rasters_aligned\monthly\NDVI\NDVI_2021_4.tif,"GEOGCS[""WGS 84"",DATUM[""World Geodetic System 1984"",SPHEROID[""WGS 84"",6378137,298.257223563]],PRIMEM[""Greenwich"",0],UNIT[""degree"",0.0174532925199433,AUTHORITY[""EPSG"",""9122""]],AXIS[""Latitude"",NORTH],AXIS[""Longitude"",EAST]]",59,151,0.008983152841195215,0.008983152841195215,"(0.008983152841195215, 0.0, 89.22965717159208, 0.0, -0.008983152841195215, 23.014837579142142, 0.0, 0.0, 1.0)","(89.22965717159208, 21.658381500121664, 89.7596631892226, 23.014837579142142)",-9999.0,4433,4476
NDVI,NDVI_2021_5.tif,E:\Geospatial\Precipitation Downscaling\Precipitation-Downscaling-Khulna\data\processed\rasters_aligned\monthly\NDVI\NDVI_2021_5.tif,"GEOGCS[""WGS 84"",DATUM[""World Geodetic System 1984"",SPHEROID[""WGS 84"",6378137,298.257223563]],PRIMEM[""Greenwich"",0],UNIT[""degree"",0.0174532925199433,AUTHORITY[""EPSG"",""9122""]],AXIS[""Latitude"",NORTH],AXIS[""Longitude"",EAST]]",59,151,0.008983152841195215,0.008983152841195215,"(0.008983152841195215, 0.0, 89.22965717159208, 0.0, -0.008983152841195215, 23.014837579142142, 0.0, 0.0, 1.0)","(89.22965717159208, 21.658381500121664, 89.7596631892226, 23.014837579142142)",-9999.0,4430,4479
NDVI,NDVI_2021_6.tif,E:\Geospatial\Precipitation Downscaling\Precipitation-Downscaling-Khulna\data\processed\rasters_aligned\monthly\NDVI\NDVI_2021_6.tif,"GEOGCS[""WGS 84"",DATUM[""World Geodetic System 1984"",SPHEROID[""WGS 84"",6378137,298.257223563]],PRIMEM[""Greenwich"",0],UNIT[""degree"",0.0174532925199433,AUTHORITY[""EPSG"",""9122""]],AXIS[""Latitude"",NORTH],AXIS[""Longitude"",EAST]]",59,151,0.008983152841195215,0.008983152841195215,"(0.008983152841195215, 0.0, 89.22965717159208, 0.0, -0.008983152841195215, 23.014837579142142, 0.0, 0.0, 1.0)","(89.22965717159208, 21.658381500121664, 89.7596631892226, 23.014837579142142)",-9999.0,4439,4470
NDVI,NDVI_2021_7.tif,E:\Geospatial\Precipitation Downscaling\Precipitation-Downscaling-Khulna\data\processed\rasters_aligned\monthly\NDVI\NDVI_2021_7.tif,"GEOGCS[""WGS 84"",DATUM[""World Geodetic System 1984"",SPHEROID[""WGS 84"",6378137,298.257223563]],PRIMEM[""Greenwich"",0],UNIT[""degree"",0.0174532925199433,AUTHORITY[""EPSG"",""9122""]],AXIS[""Latitude"",NORTH],AXIS[""Longitude"",EAST]]",59,151,0.008983152841195215,0.008983152841195215,"(0.008983152841195215, 0.0, 89.22965717159208, 0.0, -0.008983152841195215, 23.014837579142142, 0.0, 0.0, 1.0)","(89.22965717159208, 21.658381500121664, 89.7596631892226, 23.014837579142142)",-9999.0,4438,4471
NDVI,NDVI_2021_8.tif,E:\Geospatial\Precipitation Downscaling\Precipitation-Downscaling-Khulna\data\processed\rasters_aligned\monthly\NDVI\NDVI_2021_8.tif,"GEOGCS[""WGS 84"",DATUM[""World Geodetic System 1984"",SPHEROID[""WGS 84"",6378137,298.257223563]],PRIMEM[""Greenwich"",0],UNIT[""degree"",0.0174532925199433,AUTHORITY[""EPSG"",""9122""]],AXIS[""Latitude"",NORTH],AXIS[""Longitude"",EAST]]",59,151,0.008983152841195215,0.008983152841195215,"(0.008983152841195215, 0.0, 89.22965717159208, 0.0, -0.008983152841195215, 23.014837579142142, 0.0, 0.0, 1.0)","(89.22965717159208, 21.658381500121664, 89.7596631892226, 23.014837579142142)",-9999.0,4434,4475
NDVI,NDVI_2021_9.tif,E:\Geospatial\Precipitation Downscaling\Precipitation-Downscaling-Khulna\data\processed\rasters_aligned\monthly\NDVI\NDVI_2021_9.tif,"GEOGCS[""WGS 84"",DATUM[""World Geodetic System 1984"",SPHEROID[""WGS 84"",6378137,298.257223563]],PRIMEM[""Greenwich"",0],UNIT[""degree"",0.0174532925199433,AUTHORITY[""EPSG"",""9122""]],AXIS[""Latitude"",NORTH],AXIS[""Longitude"",EAST]]",59,151,0.008983152841195215,0.008983152841195215,"(0.008983152841195215, 0.0, 89.22965717159208, 0.0, -0.008983152841195215, 23.014837579142142, 0.0, 0.0, 1.0)","(89.22965717159208, 21.658381500121664, 89.7596631892226, 23.014837579142142)",-9999.0,4429,4480
NDVI,NDVI_2022_1.tif,E:\Geospatial\Precipitation Downscaling\Precipitation-Downscaling-Khulna\data\processed\rasters_aligned\monthly\NDVI\NDVI_2022_1.tif,"GEOGCS[""WGS 84"",DATUM[""World Geodetic System 1984"",SPHEROID[""WGS 84"",6378137,298.257223563]],PRIMEM[""Greenwich"",0],UNIT[""degree"",0.0174532925199433,AUTHORITY[""EPSG"",""9122""]],AXIS[""Latitude"",NORTH],AXIS[""Longitude"",EAST]]",59,151,0.008983152841195215,0.008983152841195215,"(0.008983152841195215, 0.0, 89.22965717159208, 0.0, -0.008983152841195215, 23.014837579142142, 0.0, 0.0, 1.0)","(89.22965717159208, 21.658381500121664, 89.7596631892226, 23.014837579142142)",-9999.0,4405,4504
NDVI,NDVI_2022_10.tif,E:\Geospatial\Precipitation Downscaling\Precipitation-Downscaling-Khulna\data\processed\rasters_aligned\monthly\NDVI\NDVI_2022_10.tif,"GEOGCS[""WGS 84"",DATUM[""World Geodetic System 1984"",SPHEROID[""WGS 84"",6378137,298.257223563]],PRIMEM[""Greenwich"",0],UNIT[""degree"",0.0174532925199433,AUTHORITY[""EPSG"",""9122""]],AXIS[""Latitude"",NORTH],AXIS[""Longitude"",EAST]]",59,151,0.008983152841195215,0.008983152841195215,"(0.008983152841195215, 0.0, 89.22965717159208, 0.0, -0.008983152841195215, 23.014837579142142, 0.0, 0.0, 1.0)","(89.22965717159208, 21.658381500121664, 89.7596631892226, 23.014837579142142)",-9999.0,4402,4507
NDVI,NDVI_2022_11.tif,E:\Geospatial\Precipitation Downscaling\Precipitation-Downscaling-Khulna\data\processed\rasters_aligned\monthly\NDVI\NDVI_2022_11.tif,"GEOGCS[""WGS 84"",DATUM[""World Geodetic System 1984"",SPHEROID[""WGS 84"",6378137,298.257223563]],PRIMEM[""Greenwich"",0],UNIT[""degree"",0.0174532925199433,AUTHORITY[""EPSG"",""9122""]],AXIS[""Latitude"",NORTH],AXIS[""Longitude"",EAST]]",59,151,0.008983152841195215,0.008983152841195215,"(0.008983152841195215, 0.0, 89.22965717159208, 0.0, -0.008983152841195215, 23.014837579142142, 0.0, 0.0, 1.0)","(89.22965717159208, 21.658381500121664, 89.7596631892226, 23.014837579142142)",-9999.0,4416,4493
NDVI,NDVI_2022_12.tif,E:\Geospatial\Precipitation Downscaling\Precipitation-Downscaling-Khulna\data\processed\rasters_aligned\monthly\NDVI\NDVI_2022_12.tif,"GEOGCS[""WGS 84"",DATUM[""World Geodetic System 1984"",SPHEROID[""WGS 84"",6378137,298.257223563]],PRIMEM[""Greenwich"",0],UNIT[""degree"",0.0174532925199433,AUTHORITY[""EPSG"",""9122""]],AXIS[""Latitude"",NORTH],AXIS[""Longitude"",EAST]]",59,151,0.008983152841195215,0.008983152841195215,"(0.008983152841195215, 0.0, 89.22965717159208, 0.0, -0.008983152841195215, 23.014837579142142, 0.0, 0.0, 1.0)","(89.22965717159208, 21.658381500121664, 89.7596631892226, 23.014837579142142)",-9999.0,4426,4483
NDVI,NDVI_2022_2.tif,E:\Geospatial\Precipitation Downscaling\Precipitation-Downscaling-Khulna\data\processed\rasters_aligned\monthly\NDVI\NDVI_2022_2.tif,"GEOGCS[""WGS 84"",DATUM[""World Geodetic System 1984"",SPHEROID[""WGS 84"",6378137,298.257223563]],PRIMEM[""Greenwich"",0],UNIT[""degree"",0.0174532925199433,AUTHORITY[""EPSG"",""9122""]],AXIS[""Latitude"",NORTH],AXIS[""Longitude"",EAST]]",59,151,0.008983152841195215,0.008983152841195215,"(0.008983152841195215, 0.0, 89.22965717159208, 0.0, -0.008983152841195215, 23.014837579142142, 0.0, 0.0, 1.0)","(89.22965717159208, 21.658381500121664, 89.7596631892226, 23.014837579142142)",-9999.0,4422,4487
NDVI,NDVI_2022_3.tif,E:\Geospatial\Precipitation Downscaling\Precipitation-Downscaling-Khulna\data\processed\rasters_aligned\monthly\NDVI\NDVI_2022_3.tif,"GEOGCS[""WGS 84"",DATUM[""World Geodetic System 1984"",SPHEROID[""WGS 84"",6378137,298.257223563]],PRIMEM[""Greenwich"",0],UNIT[""degree"",0.0174532925199433,AUTHORITY[""EPSG"",""9122""]],AXIS[""Latitude"",NORTH],AXIS[""Longitude"",EAST]]",59,151,0.008983152841195215,0.008983152841195215,"(0.008983152841195215, 0.0, 89.22965717159208, 0.0, -0.008983152841195215, 23.014837579142142, 0.0, 0.0, 1.0)","(89.22965717159208, 21.658381500121664, 89.7596631892226, 23.014837579142142)",-9999.0,4423,4486
NDVI,NDVI_2022_4.tif,E:\Geospatial\Precipitation Downscaling\Precipitation-Downscaling-Khulna\data\processed\rasters_aligned\monthly\NDVI\NDVI_2022_4.tif,"GEOGCS[""WGS 84"",DATUM[""World Geodetic System 1984"",SPHEROID[""WGS 84"",6378137,298.257223563]],PRIMEM[""Greenwich"",0],UNIT[""degree"",0.0174532925199433,AUTHORITY[""EPSG"",""9122""]],AXIS[""Latitude"",NORTH],AXIS[""Longitude"",EAST]]",59,151,0.008983152841195215,0.008983152841195215,"(0.008983152841195215, 0.0, 89.22965717159208, 0.0, -0.008983152841195215, 23.014837579142142, 0.0, 0.0, 1.0)","(89.22965717159208, 21.658381500121664, 89.7596631892226, 23.014837579142142)",-9999.0,4431,4478
NDVI,NDVI_2022_5.tif,E:\Geospatial\Precipitation Downscaling\Precipitation-Downscaling-Khulna\data\processed\rasters_aligned\monthly\NDVI\NDVI_2022_5.tif,"GEOGCS[""WGS 84"",DATUM[""World Geodetic System 1984"",SPHEROID[""WGS 84"",6378137,298.257223563]],PRIMEM[""Greenwich"",0],UNIT[""degree"",0.0174532925199433,AUTHORITY[""EPSG"",""9122""]],AXIS[""Latitude"",NORTH],AXIS[""Longitude"",EAST]]",59,151,0.008983152841195215,0.008983152841195215,"(0.008983152841195215, 0.0, 89.22965717159208, 0.0, -0.008983152841195215, 23.014837579142142, 0.0, 0.0, 1.0)","(89.22965717159208, 21.658381500121664, 89.7596631892226, 23.014837579142142)",-9999.0,4448,4461
NDVI,NDVI_2022_6.tif,E:\Geospatial\Precipitation Downscaling\Precipitation-Downscaling-Khulna\data\processed\rasters_aligned\monthly\NDVI\NDVI_2022_6.tif,"GEOGCS[""WGS 84"",DATUM[""World Geodetic System 1984"",SPHEROID[""WGS 84"",6378137,298.257223563]],PRIMEM[""Greenwich"",0],UNIT[""degree"",0.0174532925199433,AUTHORITY[""EPSG"",""9122""]],AXIS[""Latitude"",NORTH],AXIS[""Longitude"",EAST]]",59,151,0.008983152841195215,0.008983152841195215,"(0.008983152841195215, 0.0, 89.22965717159208, 0.0, -0.008983152841195215, 23.014837579142142, 0.0, 0.0, 1.0)","(89.22965717159208, 21.658381500121664, 89.7596631892226, 23.014837579142142)",-9999.0,4457,4452
NDVI,NDVI_2022_7.tif,E:\Geospatial\Precipitation Downscaling\Precipitation-Downscaling-Khulna\data\processed\rasters_aligned\monthly\NDVI\NDVI_2022_7.tif,"GEOGCS[""WGS 84"",DATUM[""World Geodetic System 1984"",SPHEROID[""WGS 84"",6378137,298.257223563]],PRIMEM[""Greenwich"",0],UNIT[""degree"",0.0174532925199433,AUTHORITY[""EPSG"",""9122""]],AXIS[""Latitude"",NORTH],AXIS[""Longitude"",EAST]]",59,151,0.008983152841195215,0.008983152841195215,"(0.008983152841195215, 0.0, 89.22965717159208, 0.0, -0.008983152841195215, 23.014837579142142, 0.0, 0.0, 1.0)","(89.22965717159208, 21.658381500121664, 89.7596631892226, 23.014837579142142)",-9999.0,4436,4473
NDVI,NDVI_2022_8.tif,E:\Geospatial\Precipitation Downscaling\Precipitation-Downscaling-Khulna\data\processed\rasters_aligned\monthly\NDVI\NDVI_2022_8.tif,"GEOGCS[""WGS 84"",DATUM[""World Geodetic System 1984"",SPHEROID[""WGS 84"",6378137,298.257223563]],PRIMEM[""Greenwich"",0],UNIT[""degree"",0.0174532925199433,AUTHORITY[""EPSG"",""9122""]],AXIS[""Latitude"",NORTH],AXIS[""Longitude"",EAST]]",59,151,0.008983152841195215,0.008983152841195215,"(0.008983152841195215, 0.0, 89.22965717159208, 0.0, -0.008983152841195215, 23.014837579142142, 0.0, 0.0, 1.0)","(89.22965717159208, 21.658381500121664, 89.7596631892226, 23.014837579142142)",-9999.0,4436,4473
NDVI,NDVI_2022_9.tif,E:\Geospatial\Precipitation Downscaling\Precipitation-Downscaling-Khulna\data\processed\rasters_aligned\monthly\NDVI\NDVI_2022_9.tif,"GEOGCS[""WGS 84"",DATUM[""World Geodetic System 1984"",SPHEROID[""WGS 84"",6378137,298.257223563]],PRIMEM[""Greenwich"",0],UNIT[""degree"",0.0174532925199433,AUTHORITY[""EPSG"",""9122""]],AXIS[""Latitude"",NORTH],AXIS[""Longitude"",EAST]]",59,151,0.008983152841195215,0.008983152841195215,"(0.008983152841195215, 0.0, 89.22965717159208, 0.0, -0.008983152841195215, 23.014837579142142, 0.0, 0.0, 1.0)","(89.22965717159208, 21.658381500121664, 89.7596631892226, 23.014837579142142)",-9999.0,4424,4485
PDIR,2017_01.tif,E:\Geospatial\Precipitation Downscaling\Precipitation-Downscaling-Khulna\data\processed\rasters_aligned\monthly\PDIR\2017_01.tif,"GEOGCS[""WGS 84"",DATUM[""World Geodetic System 1984"",SPHEROID[""WGS 84"",6378137,298.257223563]],PRIMEM[""Greenwich"",0],UNIT[""degree"",0.0174532925199433,AUTHORITY[""EPSG"",""9122""]],AXIS[""Latitude"",NORTH],AXIS[""Longitude"",EAST]]",59,151,0.008983152841195215,0.008983152841195215,"(0.008983152841195215, 0.0, 89.22965717159208, 0.0, -0.008983152841195215, 23.014837579142142, 0.0, 0.0, 1.0)","(89.22965717159208, 21.658381500121664, 89.7596631892226, 23.014837579142142)",-9999.0,4589,4320
PDIR,2017_02.tif,E:\Geospatial\Precipitation Downscaling\Precipitation-Downscaling-Khulna\data\processed\rasters_aligned\monthly\PDIR\2017_02.tif,"GEOGCS[""WGS 84"",DATUM[""World Geodetic System 1984"",SPHEROID[""WGS 84"",6378137,298.257223563]],PRIMEM[""Greenwich"",0],UNIT[""degree"",0.0174532925199433,AUTHORITY[""EPSG"",""9122""]],AXIS[""Latitude"",NORTH],AXIS[""Longitude"",EAST]]",59,151,0.008983152841195215,0.008983152841195215,"(0.008983152841195215, 0.0, 89.22965717159208, 0.0, -0.008983152841195215, 23.014837579142142, 0.0, 0.0, 1.0)","(89.22965717159208, 21.658381500121664, 89.7596631892226, 23.014837579142142)",-9999.0,4589,4320
PDIR,2017_03.tif,E:\Geospatial\Precipitation Downscaling\Precipitation-Downscaling-Khulna\data\processed\rasters_aligned\monthly\PDIR\2017_03.tif,"GEOGCS[""WGS 84"",DATUM[""World Geodetic System 1984"",SPHEROID[""WGS 84"",6378137,298.257223563]],PRIMEM[""Greenwich"",0],UNIT[""degree"",0.0174532925199433,AUTHORITY[""EPSG"",""9122""]],AXIS[""Latitude"",NORTH],AXIS[""Longitude"",EAST]]",59,151,0.008983152841195215,0.008983152841195215,"(0.008983152841195215, 0.0, 89.22965717159208, 0.0, -0.008983152841195215, 23.014837579142142, 0.0, 0.0, 1.0)","(89.22965717159208, 21.658381500121664, 89.7596631892226, 23.014837579142142)",-9999.0,4589,4320
PDIR,2017_04.tif,E:\Geospatial\Precipitation Downscaling\Precipitation-Downscaling-Khulna\data\processed\rasters_aligned\monthly\PDIR\2017_04.tif,"GEOGCS[""WGS 84"",DATUM[""World Geodetic System 1984"",SPHEROID[""WGS 84"",6378137,298.257223563]],PRIMEM[""Greenwich"",0],UNIT[""degree"",0.0174532925199433,AUTHORITY[""EPSG"",""9122""]],AXIS[""Latitude"",NORTH],AXIS[""Longitude"",EAST]]",59,151,0.008983152841195215,0.008983152841195215,"(0.008983152841195215, 0.0, 89.22965717159208, 0.0, -0.008983152841195215, 23.014837579142142, 0.0, 0.0, 1.0)","(89.22965717159208, 21.658381500121664, 89.7596631892226, 23.014837579142142)",-9999.0,4589,4320
PDIR,2017_05.tif,E:\Geospatial\Precipitation Downscaling\Precipitation-Downscaling-Khulna\data\processed\rasters_aligned\monthly\PDIR\2017_05.tif,"GEOGCS[""WGS 84"",DATUM[""World Geodetic System 1984"",SPHEROID[""WGS 84"",6378137,298.257223563]],PRIMEM[""Greenwich"",0],UNIT[""degree"",0.0174532925199433,AUTHORITY[""EPSG"",""9122""]],AXIS[""Latitude"",NORTH],AXIS[""Longitude"",EAST]]",59,151,0.008983152841195215,0.008983152841195215,"(0.008983152841195215, 0.0, 89.22965717159208, 0.0, -0.008983152841195215, 23.014837579142142, 0.0, 0.0, 1.0)","(89.22965717159208, 21.658381500121664, 89.7596631892226, 23.014837579142142)",-9999.0,4589,4320
PDIR,2017_06.tif,E:\Geospatial\Precipitation Downscaling\Precipitation-Downscaling-Khulna\data\processed\rasters_aligned\monthly\PDIR\2017_06.tif,"GEOGCS[""WGS 84"",DATUM[""World Geodetic System 1984"",SPHEROID[""WGS 84"",6378137,298.257223563]],PRIMEM[""Greenwich"",0],UNIT[""degree"",0.0174532925199433,AUTHORITY[""EPSG"",""9122""]],AXIS[""Latitude"",NORTH],AXIS[""Longitude"",EAST]]",59,151,0.008983152841195215,0.008983152841195215,"(0.008983152841195215, 0.0, 89.22965717159208, 0.0, -0.008983152841195215, 23.014837579142142, 0.0, 0.0, 1.0)","(89.22965717159208, 21.658381500121664, 89.7596631892226, 23.014837579142142)",-9999.0,4589,4320
PDIR,2017_07.tif,E:\Geospatial\Precipitation Downscaling\Precipitation-Downscaling-Khulna\data\processed\rasters_aligned\monthly\PDIR\2017_07.tif,"GEOGCS[""WGS 84"",DATUM[""World Geodetic System 1984"",SPHEROID[""WGS 84"",6378137,298.257223563]],PRIMEM[""Greenwich"",0],UNIT[""degree"",0.0174532925199433,AUTHORITY[""EPSG"",""9122""]],AXIS[""Latitude"",NORTH],AXIS[""Longitude"",EAST]]",59,151,0.008983152841195215,0.008983152841195215,"(0.008983152841195215, 0.0, 89.22965717159208, 0.0, -0.008983152841195215, 23.014837579142142, 0.0, 0.0, 1.0)","(89.22965717159208, 21.658381500121664, 89.7596631892226, 23.014837579142142)",-9999.0,4589,4320
PDIR,2017_08.tif,E:\Geospatial\Precipitation Downscaling\Precipitation-Downscaling-Khulna\data\processed\rasters_aligned\monthly\PDIR\2017_08.tif,"GEOGCS[""WGS 84"",DATUM[""World Geodetic System 1984"",SPHEROID[""WGS 84"",6378137,298.257223563]],PRIMEM[""Greenwich"",0],UNIT[""degree"",0.0174532925199433,AUTHORITY[""EPSG"",""9122""]],AXIS[""Latitude"",NORTH],AXIS[""Longitude"",EAST]]",59,151,0.008983152841195215,0.008983152841195215,"(0.008983152841195215, 0.0, 89.22965717159208, 0.0, -0.008983152841195215, 23.014837579142142, 0.0, 0.0, 1.0)","(89.22965717159208, 21.658381500121664, 89.7596631892226, 23.014837579142142)",-9999.0,4589,4320
PDIR,2017_09.tif,E:\Geospatial\Precipitation Downscaling\Precipitation-Downscaling-Khulna\data\processed\rasters_aligned\monthly\PDIR\2017_09.tif,"GEOGCS[""WGS 84"",DATUM[""World Geodetic System 1984"",SPHEROID[""WGS 84"",6378137,298.257223563]],PRIMEM[""Greenwich"",0],UNIT[""degree"",0.0174532925199433,AUTHORITY[""EPSG"",""9122""]],AXIS[""Latitude"",NORTH],AXIS[""Longitude"",EAST]]",59,151,0.008983152841195215,0.008983152841195215,"(0.008983152841195215, 0.0, 89.22965717159208, 0.0, -0.008983152841195215, 23.014837579142142, 0.0, 0.0, 1.0)","(89.22965717159208, 21.658381500121664, 89.7596631892226, 23.014837579142142)",-9999.0,4589,4320
PDIR,2017_10.tif,E:\Geospatial\Precipitation Downscaling\Precipitation-Downscaling-Khulna\data\processed\rasters_aligned\monthly\PDIR\2017_10.tif,"GEOGCS[""WGS 84"",DATUM[""World Geodetic System 1984"",SPHEROID[""WGS 84"",6378137,298.257223563]],PRIMEM[""Greenwich"",0],UNIT[""degree"",0.0174532925199433,AUTHORITY[""EPSG"",""9122""]],AXIS[""Latitude"",NORTH],AXIS[""Longitude"",EAST]]",59,151,0.008983152841195215,0.008983152841195215,"(0.008983152841195215, 0.0, 89.22965717159208, 0.0, -0.008983152841195215, 23.014837579142142, 0.0, 0.0, 1.0)","(89.22965717159208, 21.658381500121664, 89.7596631892226, 23.014837579142142)",-9999.0,4589,4320
PDIR,2017_11.tif,E:\Geospatial\Precipitation Downscaling\Precipitation-Downscaling-Khulna\data\processed\rasters_aligned\monthly\PDIR\2017_11.tif,"GEOGCS[""WGS 84"",DATUM[""World Geodetic System 1984"",SPHEROID[""WGS 84"",6378137,298.257223563]],PRIMEM[""Greenwich"",0],UNIT[""degree"",0.0174532925199433,AUTHORITY[""EPSG"",""9122""]],AXIS[""Latitude"",NORTH],AXIS[""Longitude"",EAST]]",59,151,0.008983152841195215,0.008983152841195215,"(0.008983152841195215, 0.0, 89.22965717159208, 0.0, -0.008983152841195215, 23.014837579142142, 0.0, 0.0, 1.0)","(89.22965717159208, 21.658381500121664, 89.7596631892226, 23.014837579142142)",-9999.0,4589,4320
PDIR,2017_12.tif,E:\Geospatial\Precipitation Downscaling\Precipitation-Downscaling-Khulna\data\processed\rasters_aligned\monthly\PDIR\2017_12.tif,"GEOGCS[""WGS 84"",DATUM[""World Geodetic System 1984"",SPHEROID[""WGS 84"",6378137,298.257223563]],PRIMEM[""Greenwich"",0],UNIT[""degree"",0.0174532925199433,AUTHORITY[""EPSG"",""9122""]],AXIS[""Latitude"",NORTH],AXIS[""Longitude"",EAST]]",59,151,0.008983152841195215,0.008983152841195215,"(0.008983152841195215, 0.0, 89.22965717159208, 0.0, -0.008983152841195215, 23.014837579142142, 0.0, 0.0, 1.0)","(89.22965717159208, 21.658381500121664, 89.7596631892226, 23.014837579142142)",-9999.0,4589,4320
PDIR,2018_01.tif,E:\Geospatial\Precipitation Downscaling\Precipitation-Downscaling-Khulna\data\processed\rasters_aligned\monthly\PDIR\2018_01.tif,"GEOGCS[""WGS 84"",DATUM[""World Geodetic System 1984"",SPHEROID[""WGS 84"",6378137,298.257223563]],PRIMEM[""Greenwich"",0],UNIT[""degree"",0.0174532925199433,AUTHORITY[""EPSG"",""9122""]],AXIS[""Latitude"",NORTH],AXIS[""Longitude"",EAST]]",59,151,0.008983152841195215,0.008983152841195215,"(0.008983152841195215, 0.0, 89.22965717159208, 0.0, -0.008983152841195215, 23.014837579142142, 0.0, 0.0, 1.0)","(89.22965717159208, 21.658381500121664, 89.7596631892226, 23.014837579142142)",-9999.0,4589,4320
PDIR,2018_02.tif,E:\Geospatial\Precipitation Downscaling\Precipitation-Downscaling-Khulna\data\processed\rasters_aligned\monthly\PDIR\2018_02.tif,"GEOGCS[""WGS 84"",DATUM[""World Geodetic System 1984"",SPHEROID[""WGS 84"",6378137,298.257223563]],PRIMEM[""Greenwich"",0],UNIT[""degree"",0.0174532925199433,AUTHORITY[""EPSG"",""9122""]],AXIS[""Latitude"",NORTH],AXIS[""Longitude"",EAST]]",59,151,0.008983152841195215,0.008983152841195215,"(0.008983152841195215, 0.0, 89.22965717159208, 0.0, -0.008983152841195215, 23.014837579142142, 0.0, 0.0, 1.0)","(89.22965717159208, 21.658381500121664, 89.7596631892226, 23.014837579142142)",-9999.0,4589,4320
PDIR,2018_03.tif,E:\Geospatial\Precipitation Downscaling\Precipitation-Downscaling-Khulna\data\processed\rasters_aligned\monthly\PDIR\2018_03.tif,"GEOGCS[""WGS 84"",DATUM[""World Geodetic System 1984"",SPHEROID[""WGS 84"",6378137,298.257223563]],PRIMEM[""Greenwich"",0],UNIT[""degree"",0.0174532925199433,AUTHORITY[""EPSG"",""9122""]],AXIS[""Latitude"",NORTH],AXIS[""Longitude"",EAST]]",59,151,0.008983152841195215,0.008983152841195215,"(0.008983152841195215, 0.0, 89.22965717159208, 0.0, -0.008983152841195215, 23.014837579142142, 0.0, 0.0, 1.0)","(89.22965717159208, 21.658381500121664, 89.7596631892226, 23.014837579142142)",-9999.0,4589,4320
PDIR,2018_04.tif,E:\Geospatial\Precipitation Downscaling\Precipitation-Downscaling-Khulna\data\processed\rasters_aligned\monthly\PDIR\2018_04.tif,"GEOGCS[""WGS 84"",DATUM[""World Geodetic System 1984"",SPHEROID[""WGS 84"",6378137,298.257223563]],PRIMEM[""Greenwich"",0],UNIT[""degree"",0.0174532925199433,AUTHORITY[""EPSG"",""9122""]],AXIS[""Latitude"",NORTH],AXIS[""Longitude"",EAST]]",59,151,0.008983152841195215,0.008983152841195215,"(0.008983152841195215, 0.0, 89.22965717159208, 0.0, -0.008983152841195215, 23.014837579142142, 0.0, 0.0, 1.0)","(89.22965717159208, 21.658381500121664, 89.7596631892226, 23.014837579142142)",-9999.0,4589,4320
PDIR,2018_05.tif,E:\Geospatial\Precipitation Downscaling\Precipitation-Downscaling-Khulna\data\processed\rasters_aligned\monthly\PDIR\2018_05.tif,"GEOGCS[""WGS 84"",DATUM[""World Geodetic System 1984"",SPHEROID[""WGS 84"",6378137,298.257223563]],PRIMEM[""Greenwich"",0],UNIT[""degree"",0.0174532925199433,AUTHORITY[""EPSG"",""9122""]],AXIS[""Latitude"",NORTH],AXIS[""Longitude"",EAST]]",59,151,0.008983152841195215,0.008983152841195215,"(0.008983152841195215, 0.0, 89.22965717159208, 0.0, -0.008983152841195215, 23.014837579142142, 0.0, 0.0, 1.0)","(89.22965717159208, 21.658381500121664, 89.7596631892226, 23.014837579142142)",-9999.0,4589,4320
PDIR,2018_06.tif,E:\Geospatial\Precipitation Downscaling\Precipitation-Downscaling-Khulna\data\processed\rasters_aligned\monthly\PDIR\2018_06.tif,"GEOGCS[""WGS 84"",DATUM[""World Geodetic System 1984"",SPHEROID[""WGS 84"",6378137,298.257223563]],PRIMEM[""Greenwich"",0],UNIT[""degree"",0.0174532925199433,AUTHORITY[""EPSG"",""9122""]],AXIS[""Latitude"",NORTH],AXIS[""Longitude"",EAST]]",59,151,0.008983152841195215,0.008983152841195215,"(0.008983152841195215, 0.0, 89.22965717159208, 0.0, -0.008983152841195215, 23.014837579142142, 0.0, 0.0, 1.0)","(89.22965717159208, 21.658381500121664, 89.7596631892226, 23.014837579142142)",-9999.0,4589,4320
PDIR,2018_07.tif,E:\Geospatial\Precipitation Downscaling\Precipitation-Downscaling-Khulna\data\processed\rasters_aligned\monthly\PDIR\2018_07.tif,"GEOGCS[""WGS 84"",DATUM[""World Geodetic System 1984"",SPHEROID[""WGS 84"",6378137,298.257223563]],PRIMEM[""Greenwich"",0],UNIT[""degree"",0.0174532925199433,AUTHORITY[""EPSG"",""9122""]],AXIS[""Latitude"",NORTH],AXIS[""Longitude"",EAST]]",59,151,0.008983152841195215,0.008983152841195215,"(0.008983152841195215, 0.0, 89.22965717159208, 0.0, -0.008983152841195215, 23.014837579142142, 0.0, 0.0, 1.0)","(89.22965717159208, 21.658381500121664, 89.7596631892226, 23.014837579142142)",-9999.0,4589,4320
PDIR,2018_08.tif,E:\Geospatial\Precipitation Downscaling\Precipitation-Downscaling-Khulna\data\processed\rasters_aligned\monthly\PDIR\2018_08.tif,"GEOGCS[""WGS 84"",DATUM[""World Geodetic System 1984"",SPHEROID[""WGS 84"",6378137,298.257223563]],PRIMEM[""Greenwich"",0],UNIT[""degree"",0.0174532925199433,AUTHORITY[""EPSG"",""9122""]],AXIS[""Latitude"",NORTH],AXIS[""Longitude"",EAST]]",59,151,0.008983152841195215,0.008983152841195215,"(0.008983152841195215, 0.0, 89.22965717159208, 0.0, -0.008983152841195215, 23.014837579142142, 0.0, 0.0, 1.0)","(89.22965717159208, 21.658381500121664, 89.7596631892226, 23.014837579142142)",-9999.0,4589,4320
PDIR,2018_09.tif,E:\Geospatial\Precipitation Downscaling\Precipitation-Downscaling-Khulna\data\processed\rasters_aligned\monthly\PDIR\2018_09.tif,"GEOGCS[""WGS 84"",DATUM[""World Geodetic System 1984"",SPHEROID[""WGS 84"",6378137,298.257223563]],PRIMEM[""Greenwich"",0],UNIT[""degree"",0.0174532925199433,AUTHORITY[""EPSG"",""9122""]],AXIS[""Latitude"",NORTH],AXIS[""Longitude"",EAST]]",59,151,0.008983152841195215,0.008983152841195215,"(0.008983152841195215, 0.0, 89.22965717159208, 0.0, -0.008983152841195215, 23.014837579142142, 0.0, 0.0, 1.0)","(89.22965717159208, 21.658381500121664, 89.7596631892226, 23.014837579142142)",-9999.0,4589,4320
PDIR,2018_10.tif,E:\Geospatial\Precipitation Downscaling\Precipitation-Downscaling-Khulna\data\processed\rasters_aligned\monthly\PDIR\2018_10.tif,"GEOGCS[""WGS 84"",DATUM[""World Geodetic System 1984"",SPHEROID[""WGS 84"",6378137,298.257223563]],PRIMEM[""Greenwich"",0],UNIT[""degree"",0.0174532925199433,AUTHORITY[""EPSG"",""9122""]],AXIS[""Latitude"",NORTH],AXIS[""Longitude"",EAST]]",59,151,0.008983152841195215,0.008983152841195215,"(0.008983152841195215, 0.0, 89.22965717159208, 0.0, -0.008983152841195215, 23.014837579142142, 0.0, 0.0, 1.0)","(89.22965717159208, 21.658381500121664, 89.7596631892226, 23.014837579142142)",-9999.0,4589,4320
PDIR,2018_11.tif,E:\Geospatial\Precipitation Downscaling\Precipitation-Downscaling-Khulna\data\processed\rasters_aligned\monthly\PDIR\2018_11.tif,"GEOGCS[""WGS 84"",DATUM[""World Geodetic System 1984"",SPHEROID[""WGS 84"",6378137,298.257223563]],PRIMEM[""Greenwich"",0],UNIT[""degree"",0.0174532925199433,AUTHORITY[""EPSG"",""9122""]],AXIS[""Latitude"",NORTH],AXIS[""Longitude"",EAST]]",59,151,0.008983152841195215,0.008983152841195215,"(0.008983152841195215, 0.0, 89.22965717159208, 0.0, -0.008983152841195215, 23.014837579142142, 0.0, 0.0, 1.0)","(89.22965717159208, 21.658381500121664, 89.7596631892226, 23.014837579142142)",-9999.0,4589,4320
PDIR,2018_12.tif,E:\Geospatial\Precipitation Downscaling\Precipitation-Downscaling-Khulna\data\processed\rasters_aligned\monthly\PDIR\2018_12.tif,"GEOGCS[""WGS 84"",DATUM[""World Geodetic System 1984"",SPHEROID[""WGS 84"",6378137,298.257223563]],PRIMEM[""Greenwich"",0],UNIT[""degree"",0.0174532925199433,AUTHORITY[""EPSG"",""9122""]],AXIS[""Latitude"",NORTH],AXIS[""Longitude"",EAST]]",59,151,0.008983152841195215,0.008983152841195215,"(0.008983152841195215, 0.0, 89.22965717159208, 0.0, -0.008983152841195215, 23.014837579142142, 0.0, 0.0, 1.0)","(89.22965717159208, 21.658381500121664, 89.7596631892226, 23.014837579142142)",-9999.0,4589,4320
PDIR,2019_01.tif,E:\Geospatial\Precipitation Downscaling\Precipitation-Downscaling-Khulna\data\processed\rasters_aligned\monthly\PDIR\2019_01.tif,"GEOGCS[""WGS 84"",DATUM[""World Geodetic System 1984"",SPHEROID[""WGS 84"",6378137,298.257223563]],PRIMEM[""Greenwich"",0],UNIT[""degree"",0.0174532925199433,AUTHORITY[""EPSG"",""9122""]],AXIS[""Latitude"",NORTH],AXIS[""Longitude"",EAST]]",59,151,0.008983152841195215,0.008983152841195215,"(0.008983152841195215, 0.0, 89.22965717159208, 0.0, -0.008983152841195215, 23.014837579142142, 0.0, 0.0, 1.0)","(89.22965717159208, 21.658381500121664, 89.7596631892226, 23.014837579142142)",-9999.0,4589,4320
PDIR,2019_02.tif,E:\Geospatial\Precipitation Downscaling\Precipitation-Downscaling-Khulna\data\processed\rasters_aligned\monthly\PDIR\2019_02.tif,"GEOGCS[""WGS 84"",DATUM[""World Geodetic System 1984"",SPHEROID[""WGS 84"",6378137,298.257223563]],PRIMEM[""Greenwich"",0],UNIT[""degree"",0.0174532925199433,AUTHORITY[""EPSG"",""9122""]],AXIS[""Latitude"",NORTH],AXIS[""Longitude"",EAST]]",59,151,0.008983152841195215,0.008983152841195215,"(0.008983152841195215, 0.0, 89.22965717159208, 0.0, -0.008983152841195215, 23.014837579142142, 0.0, 0.0, 1.0)","(89.22965717159208, 21.658381500121664, 89.7596631892226, 23.014837579142142)",-9999.0,4589,4320
PDIR,2019_03.tif,E:\Geospatial\Precipitation Downscaling\Precipitation-Downscaling-Khulna\data\processed\rasters_aligned\monthly\PDIR\2019_03.tif,"GEOGCS[""WGS 84"",DATUM[""World Geodetic System 1984"",SPHEROID[""WGS 84"",6378137,298.257223563]],PRIMEM[""Greenwich"",0],UNIT[""degree"",0.0174532925199433,AUTHORITY[""EPSG"",""9122""]],AXIS[""Latitude"",NORTH],AXIS[""Longitude"",EAST]]",59,151,0.008983152841195215,0.008983152841195215,"(0.008983152841195215, 0.0, 89.22965717159208, 0.0, -0.008983152841195215, 23.014837579142142, 0.0, 0.0, 1.0)","(89.22965717159208, 21.658381500121664, 89.7596631892226, 23.014837579142142)",-9999.0,4589,4320
PDIR,2019_04.tif,E:\Geospatial\Precipitation Downscaling\Precipitation-Downscaling-Khulna\data\processed\rasters_aligned\monthly\PDIR\2019_04.tif,"GEOGCS[""WGS 84"",DATUM[""World Geodetic System 1984"",SPHEROID[""WGS 84"",6378137,298.257223563]],PRIMEM[""Greenwich"",0],UNIT[""degree"",0.0174532925199433,AUTHORITY[""EPSG"",""9122""]],AXIS[""Latitude"",NORTH],AXIS[""Longitude"",EAST]]",59,151,0.008983152841195215,0.008983152841195215,"(0.008983152841195215, 0.0, 89.22965717159208, 0.0, -0.008983152841195215, 23.014837579142142, 0.0, 0.0, 1.0)","(89.22965717159208, 21.658381500121664, 89.7596631892226, 23.014837579142142)",-9999.0,4589,4320
PDIR,2019_05.tif,E:\Geospatial\Precipitation Downscaling\Precipitation-Downscaling-Khulna\data\processed\rasters_aligned\monthly\PDIR\2019_05.tif,"GEOGCS[""WGS 84"",DATUM[""World Geodetic System 1984"",SPHEROID[""WGS 84"",6378137,298.257223563]],PRIMEM[""Greenwich"",0],UNIT[""degree"",0.0174532925199433,AUTHORITY[""EPSG"",""9122""]],AXIS[""Latitude"",NORTH],AXIS[""Longitude"",EAST]]",59,151,0.008983152841195215,0.008983152841195215,"(0.008983152841195215, 0.0, 89.22965717159208, 0.0, -0.008983152841195215, 23.014837579142142, 0.0, 0.0, 1.0)","(89.22965717159208, 21.658381500121664, 89.7596631892226, 23.014837579142142)",-9999.0,4589,4320
PDIR,2019_06.tif,E:\Geospatial\Precipitation Downscaling\Precipitation-Downscaling-Khulna\data\processed\rasters_aligned\monthly\PDIR\2019_06.tif,"GEOGCS[""WGS 84"",DATUM[""World Geodetic System 1984"",SPHEROID[""WGS 84"",6378137,298.257223563]],PRIMEM[""Greenwich"",0],UNIT[""degree"",0.0174532925199433,AUTHORITY[""EPSG"",""9122""]],AXIS[""Latitude"",NORTH],AXIS[""Longitude"",EAST]]",59,151,0.008983152841195215,0.008983152841195215,"(0.008983152841195215, 0.0, 89.22965717159208, 0.0, -0.008983152841195215, 23.014837579142142, 0.0, 0.0, 1.0)","(89.22965717159208, 21.658381500121664, 89.7596631892226, 23.014837579142142)",-9999.0,4589,4320
PDIR,2019_07.tif,E:\Geospatial\Precipitation Downscaling\Precipitation-Downscaling-Khulna\data\processed\rasters_aligned\monthly\PDIR\2019_07.tif,"GEOGCS[""WGS 84"",DATUM[""World Geodetic System 1984"",SPHEROID[""WGS 84"",6378137,298.257223563]],PRIMEM[""Greenwich"",0],UNIT[""degree"",0.0174532925199433,AUTHORITY[""EPSG"",""9122""]],AXIS[""Latitude"",NORTH],AXIS[""Longitude"",EAST]]",59,151,0.008983152841195215,0.008983152841195215,"(0.008983152841195215, 0.0, 89.22965717159208, 0.0, -0.008983152841195215, 23.014837579142142, 0.0, 0.0, 1.0)","(89.22965717159208, 21.658381500121664, 89.7596631892226, 23.014837579142142)",-9999.0,4589,4320
PDIR,2019_08.tif,E:\Geospatial\Precipitation Downscaling\Precipitation-Downscaling-Khulna\data\processed\rasters_aligned\monthly\PDIR\2019_08.tif,"GEOGCS[""WGS 84"",DATUM[""World Geodetic System 1984"",SPHEROID[""WGS 84"",6378137,298.257223563]],PRIMEM[""Greenwich"",0],UNIT[""degree"",0.0174532925199433,AUTHORITY[""EPSG"",""9122""]],AXIS[""Latitude"",NORTH],AXIS[""Longitude"",EAST]]",59,151,0.008983152841195215,0.008983152841195215,"(0.008983152841195215, 0.0, 89.22965717159208, 0.0, -0.008983152841195215, 23.014837579142142, 0.0, 0.0, 1.0)","(89.22965717159208, 21.658381500121664, 89.7596631892226, 23.014837579142142)",-9999.0,4589,4320
PDIR,2019_09.tif,E:\Geospatial\Precipitation Downscaling\Precipitation-Downscaling-Khulna\data\processed\rasters_aligned\monthly\PDIR\2019_09.tif,"GEOGCS[""WGS 84"",DATUM[""World Geodetic System 1984"",SPHEROID[""WGS 84"",6378137,298.257223563]],PRIMEM[""Greenwich"",0],UNIT[""degree"",0.0174532925199433,AUTHORITY[""EPSG"",""9122""]],AXIS[""Latitude"",NORTH],AXIS[""Longitude"",EAST]]",59,151,0.008983152841195215,0.008983152841195215,"(0.008983152841195215, 0.0, 89.22965717159208, 0.0, -0.008983152841195215, 23.014837579142142, 0.0, 0.0, 1.0)","(89.22965717159208, 21.658381500121664, 89.7596631892226, 23.014837579142142)",-9999.0,4589,4320
PDIR,2019_10.tif,E:\Geospatial\Precipitation Downscaling\Precipitation-Downscaling-Khulna\data\processed\rasters_aligned\monthly\PDIR\2019_10.tif,"GEOGCS[""WGS 84"",DATUM[""World Geodetic System 1984"",SPHEROID[""WGS 84"",6378137,298.257223563]],PRIMEM[""Greenwich"",0],UNIT[""degree"",0.0174532925199433,AUTHORITY[""EPSG"",""9122""]],AXIS[""Latitude"",NORTH],AXIS[""Longitude"",EAST]]",59,151,0.008983152841195215,0.008983152841195215,"(0.008983152841195215, 0.0, 89.22965717159208, 0.0, -0.008983152841195215, 23.014837579142142, 0.0, 0.0, 1.0)","(89.22965717159208, 21.658381500121664, 89.7596631892226, 23.014837579142142)",-9999.0,4589,4320
PDIR,2019_11.tif,E:\Geospatial\Precipitation Downscaling\Precipitation-Downscaling-Khulna\data\processed\rasters_aligned\monthly\PDIR\2019_11.tif,"GEOGCS[""WGS 84"",DATUM[""World Geodetic System 1984"",SPHEROID[""WGS 84"",6378137,298.257223563]],PRIMEM[""Greenwich"",0],UNIT[""degree"",0.0174532925199433,AUTHORITY[""EPSG"",""9122""]],AXIS[""Latitude"",NORTH],AXIS[""Longitude"",EAST]]",59,151,0.008983152841195215,0.008983152841195215,"(0.008983152841195215, 0.0, 89.22965717159208, 0.0, -0.008983152841195215, 23.014837579142142, 0.0, 0.0, 1.0)","(89.22965717159208, 21.658381500121664, 89.7596631892226, 23.014837579142142)",-9999.0,4589,4320
PDIR,2019_12.tif,E:\Geospatial\Precipitation Downscaling\Precipitation-Downscaling-Khulna\data\processed\rasters_aligned\monthly\PDIR\2019_12.tif,"GEOGCS[""WGS 84"",DATUM[""World Geodetic System 1984"",SPHEROID[""WGS 84"",6378137,298.257223563]],PRIMEM[""Greenwich"",0],UNIT[""degree"",0.0174532925199433,AUTHORITY[""EPSG"",""9122""]],AXIS[""Latitude"",NORTH],AXIS[""Longitude"",EAST]]",59,151,0.008983152841195215,0.008983152841195215,"(0.008983152841195215, 0.0, 89.22965717159208, 0.0, -0.008983152841195215, 23.014837579142142, 0.0, 0.0, 1.0)","(89.22965717159208, 21.658381500121664, 89.7596631892226, 23.014837579142142)",-9999.0,4589,4320
PDIR,2020_01.tif,E:\Geospatial\Precipitation Downscaling\Precipitation-Downscaling-Khulna\data\processed\rasters_aligned\monthly\PDIR\2020_01.tif,"GEOGCS[""WGS 84"",DATUM[""World Geodetic System 1984"",SPHEROID[""WGS 84"",6378137,298.257223563]],PRIMEM[""Greenwich"",0],UNIT[""degree"",0.0174532925199433,AUTHORITY[""EPSG"",""9122""]],AXIS[""Latitude"",NORTH],AXIS[""Longitude"",EAST]]",59,151,0.008983152841195215,0.008983152841195215,"(0.008983152841195215, 0.0, 89.22965717159208, 0.0, -0.008983152841195215, 23.014837579142142, 0.0, 0.0, 1.0)","(89.22965717159208, 21.658381500121664, 89.7596631892226, 23.014837579142142)",-9999.0,4589,4320
PDIR,2020_02.tif,E:\Geospatial\Precipitation Downscaling\Precipitation-Downscaling-Khulna\data\processed\rasters_aligned\monthly\PDIR\2020_02.tif,"GEOGCS[""WGS 84"",DATUM[""World Geodetic System 1984"",SPHEROID[""WGS 84"",6378137,298.257223563]],PRIMEM[""Greenwich"",0],UNIT[""degree"",0.0174532925199433,AUTHORITY[""EPSG"",""9122""]],AXIS[""Latitude"",NORTH],AXIS[""Longitude"",EAST]]",59,151,0.008983152841195215,0.008983152841195215,"(0.008983152841195215, 0.0, 89.22965717159208, 0.0, -0.008983152841195215, 23.014837579142142, 0.0, 0.0, 1.0)","(89.22965717159208, 21.658381500121664, 89.7596631892226, 23.014837579142142)",-9999.0,4589,4320
PDIR,2020_03.tif,E:\Geospatial\Precipitation Downscaling\Precipitation-Downscaling-Khulna\data\processed\rasters_aligned\monthly\PDIR\2020_03.tif,"GEOGCS[""WGS 84"",DATUM[""World Geodetic System 1984"",SPHEROID[""WGS 84"",6378137,298.257223563]],PRIMEM[""Greenwich"",0],UNIT[""degree"",0.0174532925199433,AUTHORITY[""EPSG"",""9122""]],AXIS[""Latitude"",NORTH],AXIS[""Longitude"",EAST]]",59,151,0.008983152841195215,0.008983152841195215,"(0.008983152841195215, 0.0, 89.22965717159208, 0.0, -0.008983152841195215, 23.014837579142142, 0.0, 0.0, 1.0)","(89.22965717159208, 21.658381500121664, 89.7596631892226, 23.014837579142142)",-9999.0,4589,4320
PDIR,2020_04.tif,E:\Geospatial\Precipitation Downscaling\Precipitation-Downscaling-Khulna\data\processed\rasters_aligned\monthly\PDIR\2020_04.tif,"GEOGCS[""WGS 84"",DATUM[""World Geodetic System 1984"",SPHEROID[""WGS 84"",6378137,298.257223563]],PRIMEM[""Greenwich"",0],UNIT[""degree"",0.0174532925199433,AUTHORITY[""EPSG"",""9122""]],AXIS[""Latitude"",NORTH],AXIS[""Longitude"",EAST]]",59,151,0.008983152841195215,0.008983152841195215,"(0.008983152841195215, 0.0, 89.22965717159208, 0.0, -0.008983152841195215, 23.014837579142142, 0.0, 0.0, 1.0)","(89.22965717159208, 21.658381500121664, 89.7596631892226, 23.014837579142142)",-9999.0,4589,4320
PDIR,2020_05.tif,E:\Geospatial\Precipitation Downscaling\Precipitation-Downscaling-Khulna\data\processed\rasters_aligned\monthly\PDIR\2020_05.tif,"GEOGCS[""WGS 84"",DATUM[""World Geodetic System 1984"",SPHEROID[""WGS 84"",6378137,298.257223563]],PRIMEM[""Greenwich"",0],UNIT[""degree"",0.0174532925199433,AUTHORITY[""EPSG"",""9122""]],AXIS[""Latitude"",NORTH],AXIS[""Longitude"",EAST]]",59,151,0.008983152841195215,0.008983152841195215,"(0.008983152841195215, 0.0, 89.22965717159208, 0.0, -0.008983152841195215, 23.014837579142142, 0.0, 0.0, 1.0)","(89.22965717159208, 21.658381500121664, 89.7596631892226, 23.014837579142142)",-9999.0,4589,4320
PDIR,2020_06.tif,E:\Geospatial\Precipitation Downscaling\Precipitation-Downscaling-Khulna\data\processed\rasters_aligned\monthly\PDIR\2020_06.tif,"GEOGCS[""WGS 84"",DATUM[""World Geodetic System 1984"",SPHEROID[""WGS 84"",6378137,298.257223563]],PRIMEM[""Greenwich"",0],UNIT[""degree"",0.0174532925199433,AUTHORITY[""EPSG"",""9122""]],AXIS[""Latitude"",NORTH],AXIS[""Longitude"",EAST]]",59,151,0.008983152841195215,0.008983152841195215,"(0.008983152841195215, 0.0, 89.22965717159208, 0.0, -0.008983152841195215, 23.014837579142142, 0.0, 0.0, 1.0)","(89.22965717159208, 21.658381500121664, 89.7596631892226, 23.014837579142142)",-9999.0,4589,4320
PDIR,2020_07.tif,E:\Geospatial\Precipitation Downscaling\Precipitation-Downscaling-Khulna\data\processed\rasters_aligned\monthly\PDIR\2020_07.tif,"GEOGCS[""WGS 84"",DATUM[""World Geodetic System 1984"",SPHEROID[""WGS 84"",6378137,298.257223563]],PRIMEM[""Greenwich"",0],UNIT[""degree"",0.0174532925199433,AUTHORITY[""EPSG"",""9122""]],AXIS[""Latitude"",NORTH],AXIS[""Longitude"",EAST]]",59,151,0.008983152841195215,0.008983152841195215,"(0.008983152841195215, 0.0, 89.22965717159208, 0.0, -0.008983152841195215, 23.014837579142142, 0.0, 0.0, 1.0)","(89.22965717159208, 21.658381500121664, 89.7596631892226, 23.014837579142142)",-9999.0,4589,4320
PDIR,2020_08.tif,E:\Geospatial\Precipitation Downscaling\Precipitation-Downscaling-Khulna\data\processed\rasters_aligned\monthly\PDIR\2020_08.tif,"GEOGCS[""WGS 84"",DATUM[""World Geodetic System 1984"",SPHEROID[""WGS 84"",6378137,298.257223563]],PRIMEM[""Greenwich"",0],UNIT[""degree"",0.0174532925199433,AUTHORITY[""EPSG"",""9122""]],AXIS[""Latitude"",NORTH],AXIS[""Longitude"",EAST]]",59,151,0.008983152841195215,0.008983152841195215,"(0.008983152841195215, 0.0, 89.22965717159208, 0.0, -0.008983152841195215, 23.014837579142142, 0.0, 0.0, 1.0)","(89.22965717159208, 21.658381500121664, 89.7596631892226, 23.014837579142142)",-9999.0,4589,4320
PDIR,2020_09.tif,E:\Geospatial\Precipitation Downscaling\Precipitation-Downscaling-Khulna\data\processed\rasters_aligned\monthly\PDIR\2020_09.tif,"GEOGCS[""WGS 84"",DATUM[""World Geodetic System 1984"",SPHEROID[""WGS 84"",6378137,298.257223563]],PRIMEM[""Greenwich"",0],UNIT[""degree"",0.0174532925199433,AUTHORITY[""EPSG"",""9122""]],AXIS[""Latitude"",NORTH],AXIS[""Longitude"",EAST]]",59,151,0.008983152841195215,0.008983152841195215,"(0.008983152841195215, 0.0, 89.22965717159208, 0.0, -0.008983152841195215, 23.014837579142142, 0.0, 0.0, 1.0)","(89.22965717159208, 21.658381500121664, 89.7596631892226, 23.014837579142142)",-9999.0,4589,4320
PDIR,2020_10.tif,E:\Geospatial\Precipitation Downscaling\Precipitation-Downscaling-Khulna\data\processed\rasters_aligned\monthly\PDIR\2020_10.tif,"GEOGCS[""WGS 84"",DATUM[""World Geodetic System 1984"",SPHEROID[""WGS 84"",6378137,298.257223563]],PRIMEM[""Greenwich"",0],UNIT[""degree"",0.0174532925199433,AUTHORITY[""EPSG"",""9122""]],AXIS[""Latitude"",NORTH],AXIS[""Longitude"",EAST]]",59,151,0.008983152841195215,0.008983152841195215,"(0.008983152841195215, 0.0, 89.22965717159208, 0.0, -0.008983152841195215, 23.014837579142142, 0.0, 0.0, 1.0)","(89.22965717159208, 21.658381500121664, 89.7596631892226, 23.014837579142142)",-9999.0,4589,4320
PDIR,2020_11.tif,E:\Geospatial\Precipitation Downscaling\Precipitation-Downscaling-Khulna\data\processed\rasters_aligned\monthly\PDIR\2020_11.tif,"GEOGCS[""WGS 84"",DATUM[""World Geodetic System 1984"",SPHEROID[""WGS 84"",6378137,298.257223563]],PRIMEM[""Greenwich"",0],UNIT[""degree"",0.0174532925199433,AUTHORITY[""EPSG"",""9122""]],AXIS[""Latitude"",NORTH],AXIS[""Longitude"",EAST]]",59,151,0.008983152841195215,0.008983152841195215,"(0.008983152841195215, 0.0, 89.22965717159208, 0.0, -0.008983152841195215, 23.014837579142142, 0.0, 0.0, 1.0)","(89.22965717159208, 21.658381500121664, 89.7596631892226, 23.014837579142142)",-9999.0,4589,4320
PDIR,2020_12.tif,E:\Geospatial\Precipitation Downscaling\Precipitation-Downscaling-Khulna\data\processed\rasters_aligned\monthly\PDIR\2020_12.tif,"GEOGCS[""WGS 84"",DATUM[""World Geodetic System 1984"",SPHEROID[""WGS 84"",6378137,298.257223563]],PRIMEM[""Greenwich"",0],UNIT[""degree"",0.0174532925199433,AUTHORITY[""EPSG"",""9122""]],AXIS[""Latitude"",NORTH],AXIS[""Longitude"",EAST]]",59,151,0.008983152841195215,0.008983152841195215,"(0.008983152841195215, 0.0, 89.22965717159208, 0.0, -0.008983152841195215, 23.014837579142142, 0.0, 0.0, 1.0)","(89.22965717159208, 21.658381500121664, 89.7596631892226, 23.014837579142142)",-9999.0,4589,4320
PDIR,2021_01.tif,E:\Geospatial\Precipitation Downscaling\Precipitation-Downscaling-Khulna\data\processed\rasters_aligned\monthly\PDIR\2021_01.tif,"GEOGCS[""WGS 84"",DATUM[""World Geodetic System 1984"",SPHEROID[""WGS 84"",6378137,298.257223563]],PRIMEM[""Greenwich"",0],UNIT[""degree"",0.0174532925199433,AUTHORITY[""EPSG"",""9122""]],AXIS[""Latitude"",NORTH],AXIS[""Longitude"",EAST]]",59,151,0.008983152841195215,0.008983152841195215,"(0.008983152841195215, 0.0, 89.22965717159208, 0.0, -0.008983152841195215, 23.014837579142142, 0.0, 0.0, 1.0)","(89.22965717159208, 21.658381500121664, 89.7596631892226, 23.014837579142142)",-9999.0,4589,4320
PDIR,2021_02.tif,E:\Geospatial\Precipitation Downscaling\Precipitation-Downscaling-Khulna\data\processed\rasters_aligned\monthly\PDIR\2021_02.tif,"GEOGCS[""WGS 84"",DATUM[""World Geodetic System 1984"",SPHEROID[""WGS 84"",6378137,298.257223563]],PRIMEM[""Greenwich"",0],UNIT[""degree"",0.0174532925199433,AUTHORITY[""EPSG"",""9122""]],AXIS[""Latitude"",NORTH],AXIS[""Longitude"",EAST]]",59,151,0.008983152841195215,0.008983152841195215,"(0.008983152841195215, 0.0, 89.22965717159208, 0.0, -0.008983152841195215, 23.014837579142142, 0.0, 0.0, 1.0)","(89.22965717159208, 21.658381500121664, 89.7596631892226, 23.014837579142142)",-9999.0,4589,4320
PDIR,2021_03.tif,E:\Geospatial\Precipitation Downscaling\Precipitation-Downscaling-Khulna\data\processed\rasters_aligned\monthly\PDIR\2021_03.tif,"GEOGCS[""WGS 84"",DATUM[""World Geodetic System 1984"",SPHEROID[""WGS 84"",6378137,298.257223563]],PRIMEM[""Greenwich"",0],UNIT[""degree"",0.0174532925199433,AUTHORITY[""EPSG"",""9122""]],AXIS[""Latitude"",NORTH],AXIS[""Longitude"",EAST]]",59,151,0.008983152841195215,0.008983152841195215,"(0.008983152841195215, 0.0, 89.22965717159208, 0.0, -0.008983152841195215, 23.014837579142142, 0.0, 0.0, 1.0)","(89.22965717159208, 21.658381500121664, 89.7596631892226, 23.014837579142142)",-9999.0,4589,4320
PDIR,2021_04.tif,E:\Geospatial\Precipitation Downscaling\Precipitation-Downscaling-Khulna\data\processed\rasters_aligned\monthly\PDIR\2021_04.tif,"GEOGCS[""WGS 84"",DATUM[""World Geodetic System 1984"",SPHEROID[""WGS 84"",6378137,298.257223563]],PRIMEM[""Greenwich"",0],UNIT[""degree"",0.0174532925199433,AUTHORITY[""EPSG"",""9122""]],AXIS[""Latitude"",NORTH],AXIS[""Longitude"",EAST]]",59,151,0.008983152841195215,0.008983152841195215,"(0.008983152841195215, 0.0, 89.22965717159208, 0.0, -0.008983152841195215, 23.014837579142142, 0.0, 0.0, 1.0)","(89.22965717159208, 21.658381500121664, 89.7596631892226, 23.014837579142142)",-9999.0,4589,4320
PDIR,2021_05.tif,E:\Geospatial\Precipitation Downscaling\Precipitation-Downscaling-Khulna\data\processed\rasters_aligned\monthly\PDIR\2021_05.tif,"GEOGCS[""WGS 84"",DATUM[""World Geodetic System 1984"",SPHEROID[""WGS 84"",6378137,298.257223563]],PRIMEM[""Greenwich"",0],UNIT[""degree"",0.0174532925199433,AUTHORITY[""EPSG"",""9122""]],AXIS[""Latitude"",NORTH],AXIS[""Longitude"",EAST]]",59,151,0.008983152841195215,0.008983152841195215,"(0.008983152841195215, 0.0, 89.22965717159208, 0.0, -0.008983152841195215, 23.014837579142142, 0.0, 0.0, 1.0)","(89.22965717159208, 21.658381500121664, 89.7596631892226, 23.014837579142142)",-9999.0,4589,4320
PDIR,2021_06.tif,E:\Geospatial\Precipitation Downscaling\Precipitation-Downscaling-Khulna\data\processed\rasters_aligned\monthly\PDIR\2021_06.tif,"GEOGCS[""WGS 84"",DATUM[""World Geodetic System 1984"",SPHEROID[""WGS 84"",6378137,298.257223563]],PRIMEM[""Greenwich"",0],UNIT[""degree"",0.0174532925199433,AUTHORITY[""EPSG"",""9122""]],AXIS[""Latitude"",NORTH],AXIS[""Longitude"",EAST]]",59,151,0.008983152841195215,0.008983152841195215,"(0.008983152841195215, 0.0, 89.22965717159208, 0.0, -0.008983152841195215, 23.014837579142142, 0.0, 0.0, 1.0)","(89.22965717159208, 21.658381500121664, 89.7596631892226, 23.014837579142142)",-9999.0,4589,4320
PDIR,2021_07.tif,E:\Geospatial\Precipitation Downscaling\Precipitation-Downscaling-Khulna\data\processed\rasters_aligned\monthly\PDIR\2021_07.tif,"GEOGCS[""WGS 84"",DATUM[""World Geodetic System 1984"",SPHEROID[""WGS 84"",6378137,298.257223563]],PRIMEM[""Greenwich"",0],UNIT[""degree"",0.0174532925199433,AUTHORITY[""EPSG"",""9122""]],AXIS[""Latitude"",NORTH],AXIS[""Longitude"",EAST]]",59,151,0.008983152841195215,0.008983152841195215,"(0.008983152841195215, 0.0, 89.22965717159208, 0.0, -0.008983152841195215, 23.014837579142142, 0.0, 0.0, 1.0)","(89.22965717159208, 21.658381500121664, 89.7596631892226, 23.014837579142142)",-9999.0,4589,4320
PDIR,2021_08.tif,E:\Geospatial\Precipitation Downscaling\Precipitation-Downscaling-Khulna\data\processed\rasters_aligned\monthly\PDIR\2021_08.tif,"GEOGCS[""WGS 84"",DATUM[""World Geodetic System 1984"",SPHEROID[""WGS 84"",6378137,298.257223563]],PRIMEM[""Greenwich"",0],UNIT[""degree"",0.0174532925199433,AUTHORITY[""EPSG"",""9122""]],AXIS[""Latitude"",NORTH],AXIS[""Longitude"",EAST]]",59,151,0.008983152841195215,0.008983152841195215,"(0.008983152841195215, 0.0, 89.22965717159208, 0.0, -0.008983152841195215, 23.014837579142142, 0.0, 0.0, 1.0)","(89.22965717159208, 21.658381500121664, 89.7596631892226, 23.014837579142142)",-9999.0,4589,4320
PDIR,2021_09.tif,E:\Geospatial\Precipitation Downscaling\Precipitation-Downscaling-Khulna\data\processed\rasters_aligned\monthly\PDIR\2021_09.tif,"GEOGCS[""WGS 84"",DATUM[""World Geodetic System 1984"",SPHEROID[""WGS 84"",6378137,298.257223563]],PRIMEM[""Greenwich"",0],UNIT[""degree"",0.0174532925199433,AUTHORITY[""EPSG"",""9122""]],AXIS[""Latitude"",NORTH],AXIS[""Longitude"",EAST]]",59,151,0.008983152841195215,0.008983152841195215,"(0.008983152841195215, 0.0, 89.22965717159208, 0.0, -0.008983152841195215, 23.014837579142142, 0.0, 0.0, 1.0)","(89.22965717159208, 21.658381500121664, 89.7596631892226, 23.014837579142142)",-9999.0,4589,4320
PDIR,2021_10.tif,E:\Geospatial\Precipitation Downscaling\Precipitation-Downscaling-Khulna\data\processed\rasters_aligned\monthly\PDIR\2021_10.tif,"GEOGCS[""WGS 84"",DATUM[""World Geodetic System 1984"",SPHEROID[""WGS 84"",6378137,298.257223563]],PRIMEM[""Greenwich"",0],UNIT[""degree"",0.0174532925199433,AUTHORITY[""EPSG"",""9122""]],AXIS[""Latitude"",NORTH],AXIS[""Longitude"",EAST]]",59,151,0.008983152841195215,0.008983152841195215,"(0.008983152841195215, 0.0, 89.22965717159208, 0.0, -0.008983152841195215, 23.014837579142142, 0.0, 0.0, 1.0)","(89.22965717159208, 21.658381500121664, 89.7596631892226, 23.014837579142142)",-9999.0,4589,4320
PDIR,2021_11.tif,E:\Geospatial\Precipitation Downscaling\Precipitation-Downscaling-Khulna\data\processed\rasters_aligned\monthly\PDIR\2021_11.tif,"GEOGCS[""WGS 84"",DATUM[""World Geodetic System 1984"",SPHEROID[""WGS 84"",6378137,298.257223563]],PRIMEM[""Greenwich"",0],UNIT[""degree"",0.0174532925199433,AUTHORITY[""EPSG"",""9122""]],AXIS[""Latitude"",NORTH],AXIS[""Longitude"",EAST]]",59,151,0.008983152841195215,0.008983152841195215,"(0.008983152841195215, 0.0, 89.22965717159208, 0.0, -0.008983152841195215, 23.014837579142142, 0.0, 0.0, 1.0)","(89.22965717159208, 21.658381500121664, 89.7596631892226, 23.014837579142142)",-9999.0,4589,4320
PDIR,2021_12.tif,E:\Geospatial\Precipitation Downscaling\Precipitation-Downscaling-Khulna\data\processed\rasters_aligned\monthly\PDIR\2021_12.tif,"GEOGCS[""WGS 84"",DATUM[""World Geodetic System 1984"",SPHEROID[""WGS 84"",6378137,298.257223563]],PRIMEM[""Greenwich"",0],UNIT[""degree"",0.0174532925199433,AUTHORITY[""EPSG"",""9122""]],AXIS[""Latitude"",NORTH],AXIS[""Longitude"",EAST]]",59,151,0.008983152841195215,0.008983152841195215,"(0.008983152841195215, 0.0, 89.22965717159208, 0.0, -0.008983152841195215, 23.014837579142142, 0.0, 0.0, 1.0)","(89.22965717159208, 21.658381500121664, 89.7596631892226, 23.014837579142142)",-9999.0,4589,4320
PDIR,2022_01.tif,E:\Geospatial\Precipitation Downscaling\Precipitation-Downscaling-Khulna\data\processed\rasters_aligned\monthly\PDIR\2022_01.tif,"GEOGCS[""WGS 84"",DATUM[""World Geodetic System 1984"",SPHEROID[""WGS 84"",6378137,298.257223563]],PRIMEM[""Greenwich"",0],UNIT[""degree"",0.0174532925199433,AUTHORITY[""EPSG"",""9122""]],AXIS[""Latitude"",NORTH],AXIS[""Longitude"",EAST]]",59,151,0.008983152841195215,0.008983152841195215,"(0.008983152841195215, 0.0, 89.22965717159208, 0.0, -0.008983152841195215, 23.014837579142142, 0.0, 0.0, 1.0)","(89.22965717159208, 21.658381500121664, 89.7596631892226, 23.014837579142142)",-9999.0,4589,4320
PDIR,2022_02.tif,E:\Geospatial\Precipitation Downscaling\Precipitation-Downscaling-Khulna\data\processed\rasters_aligned\monthly\PDIR\2022_02.tif,"GEOGCS[""WGS 84"",DATUM[""World Geodetic System 1984"",SPHEROID[""WGS 84"",6378137,298.257223563]],PRIMEM[""Greenwich"",0],UNIT[""degree"",0.0174532925199433,AUTHORITY[""EPSG"",""9122""]],AXIS[""Latitude"",NORTH],AXIS[""Longitude"",EAST]]",59,151,0.008983152841195215,0.008983152841195215,"(0.008983152841195215, 0.0, 89.22965717159208, 0.0, -0.008983152841195215, 23.014837579142142, 0.0, 0.0, 1.0)","(89.22965717159208, 21.658381500121664, 89.7596631892226, 23.014837579142142)",-9999.0,4589,4320
PDIR,2022_03.tif,E:\Geospatial\Precipitation Downscaling\Precipitation-Downscaling-Khulna\data\processed\rasters_aligned\monthly\PDIR\2022_03.tif,"GEOGCS[""WGS 84"",DATUM[""World Geodetic System 1984"",SPHEROID[""WGS 84"",6378137,298.257223563]],PRIMEM[""Greenwich"",0],UNIT[""degree"",0.0174532925199433,AUTHORITY[""EPSG"",""9122""]],AXIS[""Latitude"",NORTH],AXIS[""Longitude"",EAST]]",59,151,0.008983152841195215,0.008983152841195215,"(0.008983152841195215, 0.0, 89.22965717159208, 0.0, -0.008983152841195215, 23.014837579142142, 0.0, 0.0, 1.0)","(89.22965717159208, 21.658381500121664, 89.7596631892226, 23.014837579142142)",-9999.0,4589,4320
PDIR,2022_04.tif,E:\Geospatial\Precipitation Downscaling\Precipitation-Downscaling-Khulna\data\processed\rasters_aligned\monthly\PDIR\2022_04.tif,"GEOGCS[""WGS 84"",DATUM[""World Geodetic System 1984"",SPHEROID[""WGS 84"",6378137,298.257223563]],PRIMEM[""Greenwich"",0],UNIT[""degree"",0.0174532925199433,AUTHORITY[""EPSG"",""9122""]],AXIS[""Latitude"",NORTH],AXIS[""Longitude"",EAST]]",59,151,0.008983152841195215,0.008983152841195215,"(0.008983152841195215, 0.0, 89.22965717159208, 0.0, -0.008983152841195215, 23.014837579142142, 0.0, 0.0, 1.0)","(89.22965717159208, 21.658381500121664, 89.7596631892226, 23.014837579142142)",-9999.0,4589,4320
PDIR,2022_05.tif,E:\Geospatial\Precipitation Downscaling\Precipitation-Downscaling-Khulna\data\processed\rasters_aligned\monthly\PDIR\2022_05.tif,"GEOGCS[""WGS 84"",DATUM[""World Geodetic System 1984"",SPHEROID[""WGS 84"",6378137,298.257223563]],PRIMEM[""Greenwich"",0],UNIT[""degree"",0.0174532925199433,AUTHORITY[""EPSG"",""9122""]],AXIS[""Latitude"",NORTH],AXIS[""Longitude"",EAST]]",59,151,0.008983152841195215,0.008983152841195215,"(0.008983152841195215, 0.0, 89.22965717159208, 0.0, -0.008983152841195215, 23.014837579142142, 0.0, 0.0, 1.0)","(89.22965717159208, 21.658381500121664, 89.7596631892226, 23.014837579142142)",-9999.0,4589,4320
PDIR,2022_06.tif,E:\Geospatial\Precipitation Downscaling\Precipitation-Downscaling-Khulna\data\processed\rasters_aligned\monthly\PDIR\2022_06.tif,"GEOGCS[""WGS 84"",DATUM[""World Geodetic System 1984"",SPHEROID[""WGS 84"",6378137,298.257223563]],PRIMEM[""Greenwich"",0],UNIT[""degree"",0.0174532925199433,AUTHORITY[""EPSG"",""9122""]],AXIS[""Latitude"",NORTH],AXIS[""Longitude"",EAST]]",59,151,0.008983152841195215,0.008983152841195215,"(0.008983152841195215, 0.0, 89.22965717159208, 0.0, -0.008983152841195215, 23.014837579142142, 0.0, 0.0, 1.0)","(89.22965717159208, 21.658381500121664, 89.7596631892226, 23.014837579142142)",-9999.0,4589,4320
PDIR,2022_07.tif,E:\Geospatial\Precipitation Downscaling\Precipitation-Downscaling-Khulna\data\processed\rasters_aligned\monthly\PDIR\2022_07.tif,"GEOGCS[""WGS 84"",DATUM[""World Geodetic System 1984"",SPHEROID[""WGS 84"",6378137,298.257223563]],PRIMEM[""Greenwich"",0],UNIT[""degree"",0.0174532925199433,AUTHORITY[""EPSG"",""9122""]],AXIS[""Latitude"",NORTH],AXIS[""Longitude"",EAST]]",59,151,0.008983152841195215,0.008983152841195215,"(0.008983152841195215, 0.0, 89.22965717159208, 0.0, -0.008983152841195215, 23.014837579142142, 0.0, 0.0, 1.0)","(89.22965717159208, 21.658381500121664, 89.7596631892226, 23.014837579142142)",-9999.0,4589,4320
PDIR,2022_08.tif,E:\Geospatial\Precipitation Downscaling\Precipitation-Downscaling-Khulna\data\processed\rasters_aligned\monthly\PDIR\2022_08.tif,"GEOGCS[""WGS 84"",DATUM[""World Geodetic System 1984"",SPHEROID[""WGS 84"",6378137,298.257223563]],PRIMEM[""Greenwich"",0],UNIT[""degree"",0.0174532925199433,AUTHORITY[""EPSG"",""9122""]],AXIS[""Latitude"",NORTH],AXIS[""Longitude"",EAST]]",59,151,0.008983152841195215,0.008983152841195215,"(0.008983152841195215, 0.0, 89.22965717159208, 0.0, -0.008983152841195215, 23.014837579142142, 0.0, 0.0, 1.0)","(89.22965717159208, 21.658381500121664, 89.7596631892226, 23.014837579142142)",-9999.0,4589,4320
PDIR,2022_09.tif,E:\Geospatial\Precipitation Downscaling\Precipitation-Downscaling-Khulna\data\processed\rasters_aligned\monthly\PDIR\2022_09.tif,"GEOGCS[""WGS 84"",DATUM[""World Geodetic System 1984"",SPHEROID[""WGS 84"",6378137,298.257223563]],PRIMEM[""Greenwich"",0],UNIT[""degree"",0.0174532925199433,AUTHORITY[""EPSG"",""9122""]],AXIS[""Latitude"",NORTH],AXIS[""Longitude"",EAST]]",59,151,0.008983152841195215,0.008983152841195215,"(0.008983152841195215, 0.0, 89.22965717159208, 0.0, -0.008983152841195215, 23.014837579142142, 0.0, 0.0, 1.0)","(89.22965717159208, 21.658381500121664, 89.7596631892226, 23.014837579142142)",-9999.0,4589,4320
PDIR,2022_10.tif,E:\Geospatial\Precipitation Downscaling\Precipitation-Downscaling-Khulna\data\processed\rasters_aligned\monthly\PDIR\2022_10.tif,"GEOGCS[""WGS 84"",DATUM[""World Geodetic System 1984"",SPHEROID[""WGS 84"",6378137,298.257223563]],PRIMEM[""Greenwich"",0],UNIT[""degree"",0.0174532925199433,AUTHORITY[""EPSG"",""9122""]],AXIS[""Latitude"",NORTH],AXIS[""Longitude"",EAST]]",59,151,0.008983152841195215,0.008983152841195215,"(0.008983152841195215, 0.0, 89.22965717159208, 0.0, -0.008983152841195215, 23.014837579142142, 0.0, 0.0, 1.0)","(89.22965717159208, 21.658381500121664, 89.7596631892226, 23.014837579142142)",-9999.0,4589,4320
PDIR,2022_11.tif,E:\Geospatial\Precipitation Downscaling\Precipitation-Downscaling-Khulna\data\processed\rasters_aligned\monthly\PDIR\2022_11.tif,"GEOGCS[""WGS 84"",DATUM[""World Geodetic System 1984"",SPHEROID[""WGS 84"",6378137,298.257223563]],PRIMEM[""Greenwich"",0],UNIT[""degree"",0.0174532925199433,AUTHORITY[""EPSG"",""9122""]],AXIS[""Latitude"",NORTH],AXIS[""Longitude"",EAST]]",59,151,0.008983152841195215,0.008983152841195215,"(0.008983152841195215, 0.0, 89.22965717159208, 0.0, -0.008983152841195215, 23.014837579142142, 0.0, 0.0, 1.0)","(89.22965717159208, 21.658381500121664, 89.7596631892226, 23.014837579142142)",-9999.0,4589,4320
PDIR,2022_12.tif,E:\Geospatial\Precipitation Downscaling\Precipitation-Downscaling-Khulna\data\processed\rasters_aligned\monthly\PDIR\2022_12.tif,"GEOGCS[""WGS 84"",DATUM[""World Geodetic System 1984"",SPHEROID[""WGS 84"",6378137,298.257223563]],PRIMEM[""Greenwich"",0],UNIT[""degree"",0.0174532925199433,AUTHORITY[""EPSG"",""9122""]],AXIS[""Latitude"",NORTH],AXIS[""Longitude"",EAST]]",59,151,0.008983152841195215,0.008983152841195215,"(0.008983152841195215, 0.0, 89.22965717159208, 0.0, -0.008983152841195215, 23.014837579142142, 0.0, 0.0, 1.0)","(89.22965717159208, 21.658381500121664, 89.7596631892226, 23.014837579142142)",-9999.0,4589,4320
PERSIANN,2017_01.tif,E:\Geospatial\Precipitation Downscaling\Precipitation-Downscaling-Khulna\data\processed\rasters_aligned\monthly\PERSIANN\2017_01.tif,"GEOGCS[""WGS 84"",DATUM[""World Geodetic System 1984"",SPHEROID[""WGS 84"",6378137,298.257223563]],PRIMEM[""Greenwich"",0],UNIT[""degree"",0.0174532925199433,AUTHORITY[""EPSG"",""9122""]],AXIS[""Latitude"",NORTH],AXIS[""Longitude"",EAST]]",59,151,0.008983152841195215,0.008983152841195215,"(0.008983152841195215, 0.0, 89.22965717159208, 0.0, -0.008983152841195215, 23.014837579142142, 0.0, 0.0, 1.0)","(89.22965717159208, 21.658381500121664, 89.7596631892226, 23.014837579142142)",-9999.0,3576,5333
PERSIANN,2017_02.tif,E:\Geospatial\Precipitation Downscaling\Precipitation-Downscaling-Khulna\data\processed\rasters_aligned\monthly\PERSIANN\2017_02.tif,"GEOGCS[""WGS 84"",DATUM[""World Geodetic System 1984"",SPHEROID[""WGS 84"",6378137,298.257223563]],PRIMEM[""Greenwich"",0],UNIT[""degree"",0.0174532925199433,AUTHORITY[""EPSG"",""9122""]],AXIS[""Latitude"",NORTH],AXIS[""Longitude"",EAST]]",59,151,0.008983152841195215,0.008983152841195215,"(0.008983152841195215, 0.0, 89.22965717159208, 0.0, -0.008983152841195215, 23.014837579142142, 0.0, 0.0, 1.0)","(89.22965717159208, 21.658381500121664, 89.7596631892226, 23.014837579142142)",-9999.0,3576,5333
PERSIANN,2017_03.tif,E:\Geospatial\Precipitation Downscaling\Precipitation-Downscaling-Khulna\data\processed\rasters_aligned\monthly\PERSIANN\2017_03.tif,"GEOGCS[""WGS 84"",DATUM[""World Geodetic System 1984"",SPHEROID[""WGS 84"",6378137,298.257223563]],PRIMEM[""Greenwich"",0],UNIT[""degree"",0.0174532925199433,AUTHORITY[""EPSG"",""9122""]],AXIS[""Latitude"",NORTH],AXIS[""Longitude"",EAST]]",59,151,0.008983152841195215,0.008983152841195215,"(0.008983152841195215, 0.0, 89.22965717159208, 0.0, -0.008983152841195215, 23.014837579142142, 0.0, 0.0, 1.0)","(89.22965717159208, 21.658381500121664, 89.7596631892226, 23.014837579142142)",-9999.0,3576,5333
PERSIANN,2017_04.tif,E:\Geospatial\Precipitation Downscaling\Precipitation-Downscaling-Khulna\data\processed\rasters_aligned\monthly\PERSIANN\2017_04.tif,"GEOGCS[""WGS 84"",DATUM[""World Geodetic System 1984"",SPHEROID[""WGS 84"",6378137,298.257223563]],PRIMEM[""Greenwich"",0],UNIT[""degree"",0.0174532925199433,AUTHORITY[""EPSG"",""9122""]],AXIS[""Latitude"",NORTH],AXIS[""Longitude"",EAST]]",59,151,0.008983152841195215,0.008983152841195215,"(0.008983152841195215, 0.0, 89.22965717159208, 0.0, -0.008983152841195215, 23.014837579142142, 0.0, 0.0, 1.0)","(89.22965717159208, 21.658381500121664, 89.7596631892226, 23.014837579142142)",-9999.0,3576,5333
PERSIANN,2017_05.tif,E:\Geospatial\Precipitation Downscaling\Precipitation-Downscaling-Khulna\data\processed\rasters_aligned\monthly\PERSIANN\2017_05.tif,"GEOGCS[""WGS 84"",DATUM[""World Geodetic System 1984"",SPHEROID[""WGS 84"",6378137,298.257223563]],PRIMEM[""Greenwich"",0],UNIT[""degree"",0.0174532925199433,AUTHORITY[""EPSG"",""9122""]],AXIS[""Latitude"",NORTH],AXIS[""Longitude"",EAST]]",59,151,0.008983152841195215,0.008983152841195215,"(0.008983152841195215, 0.0, 89.22965717159208, 0.0, -0.008983152841195215, 23.014837579142142, 0.0, 0.0, 1.0)","(89.22965717159208, 21.658381500121664, 89.7596631892226, 23.014837579142142)",-9999.0,3576,5333
PERSIANN,2017_06.tif,E:\Geospatial\Precipitation Downscaling\Precipitation-Downscaling-Khulna\data\processed\rasters_aligned\monthly\PERSIANN\2017_06.tif,"GEOGCS[""WGS 84"",DATUM[""World Geodetic System 1984"",SPHEROID[""WGS 84"",6378137,298.257223563]],PRIMEM[""Greenwich"",0],UNIT[""degree"",0.0174532925199433,AUTHORITY[""EPSG"",""9122""]],AXIS[""Latitude"",NORTH],AXIS[""Longitude"",EAST]]",59,151,0.008983152841195215,0.008983152841195215,"(0.008983152841195215, 0.0, 89.22965717159208, 0.0, -0.008983152841195215, 23.014837579142142, 0.0, 0.0, 1.0)","(89.22965717159208, 21.658381500121664, 89.7596631892226, 23.014837579142142)",-9999.0,3576,5333
PERSIANN,2017_07.tif,E:\Geospatial\Precipitation Downscaling\Precipitation-Downscaling-Khulna\data\processed\rasters_aligned\monthly\PERSIANN\2017_07.tif,"GEOGCS[""WGS 84"",DATUM[""World Geodetic System 1984"",SPHEROID[""WGS 84"",6378137,298.257223563]],PRIMEM[""Greenwich"",0],UNIT[""degree"",0.0174532925199433,AUTHORITY[""EPSG"",""9122""]],AXIS[""Latitude"",NORTH],AXIS[""Longitude"",EAST]]",59,151,0.008983152841195215,0.008983152841195215,"(0.008983152841195215, 0.0, 89.22965717159208, 0.0, -0.008983152841195215, 23.014837579142142, 0.0, 0.0, 1.0)","(89.22965717159208, 21.658381500121664, 89.7596631892226, 23.014837579142142)",-9999.0,3576,5333
PERSIANN,2017_08.tif,E:\Geospatial\Precipitation Downscaling\Precipitation-Downscaling-Khulna\data\processed\rasters_aligned\monthly\PERSIANN\2017_08.tif,"GEOGCS[""WGS 84"",DATUM[""World Geodetic System 1984"",SPHEROID[""WGS 84"",6378137,298.257223563]],PRIMEM[""Greenwich"",0],UNIT[""degree"",0.0174532925199433,AUTHORITY[""EPSG"",""9122""]],AXIS[""Latitude"",NORTH],AXIS[""Longitude"",EAST]]",59,151,0.008983152841195215,0.008983152841195215,"(0.008983152841195215, 0.0, 89.22965717159208, 0.0, -0.008983152841195215, 23.014837579142142, 0.0, 0.0, 1.0)","(89.22965717159208, 21.658381500121664, 89.7596631892226, 23.014837579142142)",-9999.0,3576,5333
PERSIANN,2017_09.tif,E:\Geospatial\Precipitation Downscaling\Precipitation-Downscaling-Khulna\data\processed\rasters_aligned\monthly\PERSIANN\2017_09.tif,"GEOGCS[""WGS 84"",DATUM[""World Geodetic System 1984"",SPHEROID[""WGS 84"",6378137,298.257223563]],PRIMEM[""Greenwich"",0],UNIT[""degree"",0.0174532925199433,AUTHORITY[""EPSG"",""9122""]],AXIS[""Latitude"",NORTH],AXIS[""Longitude"",EAST]]",59,151,0.008983152841195215,0.008983152841195215,"(0.008983152841195215, 0.0, 89.22965717159208, 0.0, -0.008983152841195215, 23.014837579142142, 0.0, 0.0, 1.0)","(89.22965717159208, 21.658381500121664, 89.7596631892226, 23.014837579142142)",-9999.0,3576,5333
PERSIANN,2017_10.tif,E:\Geospatial\Precipitation Downscaling\Precipitation-Downscaling-Khulna\data\processed\rasters_aligned\monthly\PERSIANN\2017_10.tif,"GEOGCS[""WGS 84"",DATUM[""World Geodetic System 1984"",SPHEROID[""WGS 84"",6378137,298.257223563]],PRIMEM[""Greenwich"",0],UNIT[""degree"",0.0174532925199433,AUTHORITY[""EPSG"",""9122""]],AXIS[""Latitude"",NORTH],AXIS[""Longitude"",EAST]]",59,151,0.008983152841195215,0.008983152841195215,"(0.008983152841195215, 0.0, 89.22965717159208, 0.0, -0.008983152841195215, 23.014837579142142, 0.0, 0.0, 1.0)","(89.22965717159208, 21.658381500121664, 89.7596631892226, 23.014837579142142)",-9999.0,3576,5333
PERSIANN,2017_11.tif,E:\Geospatial\Precipitation Downscaling\Precipitation-Downscaling-Khulna\data\processed\rasters_aligned\monthly\PERSIANN\2017_11.tif,"GEOGCS[""WGS 84"",DATUM[""World Geodetic System 1984"",SPHEROID[""WGS 84"",6378137,298.257223563]],PRIMEM[""Greenwich"",0],UNIT[""degree"",0.0174532925199433,AUTHORITY[""EPSG"",""9122""]],AXIS[""Latitude"",NORTH],AXIS[""Longitude"",EAST]]",59,151,0.008983152841195215,0.008983152841195215,"(0.008983152841195215, 0.0, 89.22965717159208, 0.0, -0.008983152841195215, 23.014837579142142, 0.0, 0.0, 1.0)","(89.22965717159208, 21.658381500121664, 89.7596631892226, 23.014837579142142)",-9999.0,3576,5333
PERSIANN,2017_12.tif,E:\Geospatial\Precipitation Downscaling\Precipitation-Downscaling-Khulna\data\processed\rasters_aligned\monthly\PERSIANN\2017_12.tif,"GEOGCS[""WGS 84"",DATUM[""World Geodetic System 1984"",SPHEROID[""WGS 84"",6378137,298.257223563]],PRIMEM[""Greenwich"",0],UNIT[""degree"",0.0174532925199433,AUTHORITY[""EPSG"",""9122""]],AXIS[""Latitude"",NORTH],AXIS[""Longitude"",EAST]]",59,151,0.008983152841195215,0.008983152841195215,"(0.008983152841195215, 0.0, 89.22965717159208, 0.0, -0.008983152841195215, 23.014837579142142, 0.0, 0.0, 1.0)","(89.22965717159208, 21.658381500121664, 89.7596631892226, 23.014837579142142)",-9999.0,3576,5333
PERSIANN,2018_01.tif,E:\Geospatial\Precipitation Downscaling\Precipitation-Downscaling-Khulna\data\processed\rasters_aligned\monthly\PERSIANN\2018_01.tif,"GEOGCS[""WGS 84"",DATUM[""World Geodetic System 1984"",SPHEROID[""WGS 84"",6378137,298.257223563]],PRIMEM[""Greenwich"",0],UNIT[""degree"",0.0174532925199433,AUTHORITY[""EPSG"",""9122""]],AXIS[""Latitude"",NORTH],AXIS[""Longitude"",EAST]]",59,151,0.008983152841195215,0.008983152841195215,"(0.008983152841195215, 0.0, 89.22965717159208, 0.0, -0.008983152841195215, 23.014837579142142, 0.0, 0.0, 1.0)","(89.22965717159208, 21.658381500121664, 89.7596631892226, 23.014837579142142)",-9999.0,3576,5333
PERSIANN,2018_02.tif,E:\Geospatial\Precipitation Downscaling\Precipitation-Downscaling-Khulna\data\processed\rasters_aligned\monthly\PERSIANN\2018_02.tif,"GEOGCS[""WGS 84"",DATUM[""World Geodetic System 1984"",SPHEROID[""WGS 84"",6378137,298.257223563]],PRIMEM[""Greenwich"",0],UNIT[""degree"",0.0174532925199433,AUTHORITY[""EPSG"",""9122""]],AXIS[""Latitude"",NORTH],AXIS[""Longitude"",EAST]]",59,151,0.008983152841195215,0.008983152841195215,"(0.008983152841195215, 0.0, 89.22965717159208, 0.0, -0.008983152841195215, 23.014837579142142, 0.0, 0.0, 1.0)","(89.22965717159208, 21.658381500121664, 89.7596631892226, 23.014837579142142)",-9999.0,3576,5333
PERSIANN,2018_03.tif,E:\Geospatial\Precipitation Downscaling\Precipitation-Downscaling-Khulna\data\processed\rasters_aligned\monthly\PERSIANN\2018_03.tif,"GEOGCS[""WGS 84"",DATUM[""World Geodetic System 1984"",SPHEROID[""WGS 84"",6378137,298.257223563]],PRIMEM[""Greenwich"",0],UNIT[""degree"",0.0174532925199433,AUTHORITY[""EPSG"",""9122""]],AXIS[""Latitude"",NORTH],AXIS[""Longitude"",EAST]]",59,151,0.008983152841195215,0.008983152841195215,"(0.008983152841195215, 0.0, 89.22965717159208, 0.0, -0.008983152841195215, 23.014837579142142, 0.0, 0.0, 1.0)","(89.22965717159208, 21.658381500121664, 89.7596631892226, 23.014837579142142)",-9999.0,3576,5333
PERSIANN,2018_04.tif,E:\Geospatial\Precipitation Downscaling\Precipitation-Downscaling-Khulna\data\processed\rasters_aligned\monthly\PERSIANN\2018_04.tif,"GEOGCS[""WGS 84"",DATUM[""World Geodetic System 1984"",SPHEROID[""WGS 84"",6378137,298.257223563]],PRIMEM[""Greenwich"",0],UNIT[""degree"",0.0174532925199433,AUTHORITY[""EPSG"",""9122""]],AXIS[""Latitude"",NORTH],AXIS[""Longitude"",EAST]]",59,151,0.008983152841195215,0.008983152841195215,"(0.008983152841195215, 0.0, 89.22965717159208, 0.0, -0.008983152841195215, 23.014837579142142, 0.0, 0.0, 1.0)","(89.22965717159208, 21.658381500121664, 89.7596631892226, 23.014837579142142)",-9999.0,3576,5333
PERSIANN,2018_05.tif,E:\Geospatial\Precipitation Downscaling\Precipitation-Downscaling-Khulna\data\processed\rasters_aligned\monthly\PERSIANN\2018_05.tif,"GEOGCS[""WGS 84"",DATUM[""World Geodetic System 1984"",SPHEROID[""WGS 84"",6378137,298.257223563]],PRIMEM[""Greenwich"",0],UNIT[""degree"",0.0174532925199433,AUTHORITY[""EPSG"",""9122""]],AXIS[""Latitude"",NORTH],AXIS[""Longitude"",EAST]]",59,151,0.008983152841195215,0.008983152841195215,"(0.008983152841195215, 0.0, 89.22965717159208, 0.0, -0.008983152841195215, 23.014837579142142, 0.0, 0.0, 1.0)","(89.22965717159208, 21.658381500121664, 89.7596631892226, 23.014837579142142)",-9999.0,3576,5333
PERSIANN,2018_06.tif,E:\Geospatial\Precipitation Downscaling\Precipitation-Downscaling-Khulna\data\processed\rasters_aligned\monthly\PERSIANN\2018_06.tif,"GEOGCS[""WGS 84"",DATUM[""World Geodetic System 1984"",SPHEROID[""WGS 84"",6378137,298.257223563]],PRIMEM[""Greenwich"",0],UNIT[""degree"",0.0174532925199433,AUTHORITY[""EPSG"",""9122""]],AXIS[""Latitude"",NORTH],AXIS[""Longitude"",EAST]]",59,151,0.008983152841195215,0.008983152841195215,"(0.008983152841195215, 0.0, 89.22965717159208, 0.0, -0.008983152841195215, 23.014837579142142, 0.0, 0.0, 1.0)","(89.22965717159208, 21.658381500121664, 89.7596631892226, 23.014837579142142)",-9999.0,3576,5333
PERSIANN,2018_07.tif,E:\Geospatial\Precipitation Downscaling\Precipitation-Downscaling-Khulna\data\processed\rasters_aligned\monthly\PERSIANN\2018_07.tif,"GEOGCS[""WGS 84"",DATUM[""World Geodetic System 1984"",SPHEROID[""WGS 84"",6378137,298.257223563]],PRIMEM[""Greenwich"",0],UNIT[""degree"",0.0174532925199433,AUTHORITY[""EPSG"",""9122""]],AXIS[""Latitude"",NORTH],AXIS[""Longitude"",EAST]]",59,151,0.008983152841195215,0.008983152841195215,"(0.008983152841195215, 0.0, 89.22965717159208, 0.0, -0.008983152841195215, 23.014837579142142, 0.0, 0.0, 1.0)","(89.22965717159208, 21.658381500121664, 89.7596631892226, 23.014837579142142)",-9999.0,3576,5333
PERSIANN,2018_08.tif,E:\Geospatial\Precipitation Downscaling\Precipitation-Downscaling-Khulna\data\processed\rasters_aligned\monthly\PERSIANN\2018_08.tif,"GEOGCS[""WGS 84"",DATUM[""World Geodetic System 1984"",SPHEROID[""WGS 84"",6378137,298.257223563]],PRIMEM[""Greenwich"",0],UNIT[""degree"",0.0174532925199433,AUTHORITY[""EPSG"",""9122""]],AXIS[""Latitude"",NORTH],AXIS[""Longitude"",EAST]]",59,151,0.008983152841195215,0.008983152841195215,"(0.008983152841195215, 0.0, 89.22965717159208, 0.0, -0.008983152841195215, 23.014837579142142, 0.0, 0.0, 1.0)","(89.22965717159208, 21.658381500121664, 89.7596631892226, 23.014837579142142)",-9999.0,3576,5333
PERSIANN,2018_09.tif,E:\Geospatial\Precipitation Downscaling\Precipitation-Downscaling-Khulna\data\processed\rasters_aligned\monthly\PERSIANN\2018_09.tif,"GEOGCS[""WGS 84"",DATUM[""World Geodetic System 1984"",SPHEROID[""WGS 84"",6378137,298.257223563]],PRIMEM[""Greenwich"",0],UNIT[""degree"",0.0174532925199433,AUTHORITY[""EPSG"",""9122""]],AXIS[""Latitude"",NORTH],AXIS[""Longitude"",EAST]]",59,151,0.008983152841195215,0.008983152841195215,"(0.008983152841195215, 0.0, 89.22965717159208, 0.0, -0.008983152841195215, 23.014837579142142, 0.0, 0.0, 1.0)","(89.22965717159208, 21.658381500121664, 89.7596631892226, 23.014837579142142)",-9999.0,3576,5333
PERSIANN,2018_10.tif,E:\Geospatial\Precipitation Downscaling\Precipitation-Downscaling-Khulna\data\processed\rasters_aligned\monthly\PERSIANN\2018_10.tif,"GEOGCS[""WGS 84"",DATUM[""World Geodetic System 1984"",SPHEROID[""WGS 84"",6378137,298.257223563]],PRIMEM[""Greenwich"",0],UNIT[""degree"",0.0174532925199433,AUTHORITY[""EPSG"",""9122""]],AXIS[""Latitude"",NORTH],AXIS[""Longitude"",EAST]]",59,151,0.008983152841195215,0.008983152841195215,"(0.008983152841195215, 0.0, 89.22965717159208, 0.0, -0.008983152841195215, 23.014837579142142, 0.0, 0.0, 1.0)","(89.22965717159208, 21.658381500121664, 89.7596631892226, 23.014837579142142)",-9999.0,3576,5333
PERSIANN,2018_11.tif,E:\Geospatial\Precipitation Downscaling\Precipitation-Downscaling-Khulna\data\processed\rasters_aligned\monthly\PERSIANN\2018_11.tif,"GEOGCS[""WGS 84"",DATUM[""World Geodetic System 1984"",SPHEROID[""WGS 84"",6378137,298.257223563]],PRIMEM[""Greenwich"",0],UNIT[""degree"",0.0174532925199433,AUTHORITY[""EPSG"",""9122""]],AXIS[""Latitude"",NORTH],AXIS[""Longitude"",EAST]]",59,151,0.008983152841195215,0.008983152841195215,"(0.008983152841195215, 0.0, 89.22965717159208, 0.0, -0.008983152841195215, 23.014837579142142, 0.0, 0.0, 1.0)","(89.22965717159208, 21.658381500121664, 89.7596631892226, 23.014837579142142)",-9999.0,3576,5333
PERSIANN,2018_12.tif,E:\Geospatial\Precipitation Downscaling\Precipitation-Downscaling-Khulna\data\processed\rasters_aligned\monthly\PERSIANN\2018_12.tif,"GEOGCS[""WGS 84"",DATUM[""World Geodetic System 1984"",SPHEROID[""WGS 84"",6378137,298.257223563]],PRIMEM[""Greenwich"",0],UNIT[""degree"",0.0174532925199433,AUTHORITY[""EPSG"",""9122""]],AXIS[""Latitude"",NORTH],AXIS[""Longitude"",EAST]]",59,151,0.008983152841195215,0.008983152841195215,"(0.008983152841195215, 0.0, 89.22965717159208, 0.0, -0.008983152841195215, 23.014837579142142, 0.0, 0.0, 1.0)","(89.22965717159208, 21.658381500121664, 89.7596631892226, 23.014837579142142)",-9999.0,3576,5333
PERSIANN,2019_01.tif,E:\Geospatial\Precipitation Downscaling\Precipitation-Downscaling-Khulna\data\processed\rasters_aligned\monthly\PERSIANN\2019_01.tif,"GEOGCS[""WGS 84"",DATUM[""World Geodetic System 1984"",SPHEROID[""WGS 84"",6378137,298.257223563]],PRIMEM[""Greenwich"",0],UNIT[""degree"",0.0174532925199433,AUTHORITY[""EPSG"",""9122""]],AXIS[""Latitude"",NORTH],AXIS[""Longitude"",EAST]]",59,151,0.008983152841195215,0.008983152841195215,"(0.008983152841195215, 0.0, 89.22965717159208, 0.0, -0.008983152841195215, 23.014837579142142, 0.0, 0.0, 1.0)","(89.22965717159208, 21.658381500121664, 89.7596631892226, 23.014837579142142)",-9999.0,3576,5333
PERSIANN,2019_02.tif,E:\Geospatial\Precipitation Downscaling\Precipitation-Downscaling-Khulna\data\processed\rasters_aligned\monthly\PERSIANN\2019_02.tif,"GEOGCS[""WGS 84"",DATUM[""World Geodetic System 1984"",SPHEROID[""WGS 84"",6378137,298.257223563]],PRIMEM[""Greenwich"",0],UNIT[""degree"",0.0174532925199433,AUTHORITY[""EPSG"",""9122""]],AXIS[""Latitude"",NORTH],AXIS[""Longitude"",EAST]]",59,151,0.008983152841195215,0.008983152841195215,"(0.008983152841195215, 0.0, 89.22965717159208, 0.0, -0.008983152841195215, 23.014837579142142, 0.0, 0.0, 1.0)","(89.22965717159208, 21.658381500121664, 89.7596631892226, 23.014837579142142)",-9999.0,3576,5333
PERSIANN,2019_03.tif,E:\Geospatial\Precipitation Downscaling\Precipitation-Downscaling-Khulna\data\processed\rasters_aligned\monthly\PERSIANN\2019_03.tif,"GEOGCS[""WGS 84"",DATUM[""World Geodetic System 1984"",SPHEROID[""WGS 84"",6378137,298.257223563]],PRIMEM[""Greenwich"",0],UNIT[""degree"",0.0174532925199433,AUTHORITY[""EPSG"",""9122""]],AXIS[""Latitude"",NORTH],AXIS[""Longitude"",EAST]]",59,151,0.008983152841195215,0.008983152841195215,"(0.008983152841195215, 0.0, 89.22965717159208, 0.0, -0.008983152841195215, 23.014837579142142, 0.0, 0.0, 1.0)","(89.22965717159208, 21.658381500121664, 89.7596631892226, 23.014837579142142)",-9999.0,3576,5333
PERSIANN,2019_04.tif,E:\Geospatial\Precipitation Downscaling\Precipitation-Downscaling-Khulna\data\processed\rasters_aligned\monthly\PERSIANN\2019_04.tif,"GEOGCS[""WGS 84"",DATUM[""World Geodetic System 1984"",SPHEROID[""WGS 84"",6378137,298.257223563]],PRIMEM[""Greenwich"",0],UNIT[""degree"",0.0174532925199433,AUTHORITY[""EPSG"",""9122""]],AXIS[""Latitude"",NORTH],AXIS[""Longitude"",EAST]]",59,151,0.008983152841195215,0.008983152841195215,"(0.008983152841195215, 0.0, 89.22965717159208, 0.0, -0.008983152841195215, 23.014837579142142, 0.0, 0.0, 1.0)","(89.22965717159208, 21.658381500121664, 89.7596631892226, 23.014837579142142)",-9999.0,3576,5333
PERSIANN,2019_05.tif,E:\Geospatial\Precipitation Downscaling\Precipitation-Downscaling-Khulna\data\processed\rasters_aligned\monthly\PERSIANN\2019_05.tif,"GEOGCS[""WGS 84"",DATUM[""World Geodetic System 1984"",SPHEROID[""WGS 84"",6378137,298.257223563]],PRIMEM[""Greenwich"",0],UNIT[""degree"",0.0174532925199433,AUTHORITY[""EPSG"",""9122""]],AXIS[""Latitude"",NORTH],AXIS[""Longitude"",EAST]]",59,151,0.008983152841195215,0.008983152841195215,"(0.008983152841195215, 0.0, 89.22965717159208, 0.0, -0.008983152841195215, 23.014837579142142, 0.0, 0.0, 1.0)","(89.22965717159208, 21.658381500121664, 89.7596631892226, 23.014837579142142)",-9999.0,3576,5333
PERSIANN,2019_06.tif,E:\Geospatial\Precipitation Downscaling\Precipitation-Downscaling-Khulna\data\processed\rasters_aligned\monthly\PERSIANN\2019_06.tif,"GEOGCS[""WGS 84"",DATUM[""World Geodetic System 1984"",SPHEROID[""WGS 84"",6378137,298.257223563]],PRIMEM[""Greenwich"",0],UNIT[""degree"",0.0174532925199433,AUTHORITY[""EPSG"",""9122""]],AXIS[""Latitude"",NORTH],AXIS[""Longitude"",EAST]]",59,151,0.008983152841195215,0.008983152841195215,"(0.008983152841195215, 0.0, 89.22965717159208, 0.0, -0.008983152841195215, 23.014837579142142, 0.0, 0.0, 1.0)","(89.22965717159208, 21.658381500121664, 89.7596631892226, 23.014837579142142)",-9999.0,3576,5333
PERSIANN,2019_07.tif,E:\Geospatial\Precipitation Downscaling\Precipitation-Downscaling-Khulna\data\processed\rasters_aligned\monthly\PERSIANN\2019_07.tif,"GEOGCS[""WGS 84"",DATUM[""World Geodetic System 1984"",SPHEROID[""WGS 84"",6378137,298.257223563]],PRIMEM[""Greenwich"",0],UNIT[""degree"",0.0174532925199433,AUTHORITY[""EPSG"",""9122""]],AXIS[""Latitude"",NORTH],AXIS[""Longitude"",EAST]]",59,151,0.008983152841195215,0.008983152841195215,"(0.008983152841195215, 0.0, 89.22965717159208, 0.0, -0.008983152841195215, 23.014837579142142, 0.0, 0.0, 1.0)","(89.22965717159208, 21.658381500121664, 89.7596631892226, 23.014837579142142)",-9999.0,3576,5333
PERSIANN,2019_08.tif,E:\Geospatial\Precipitation Downscaling\Precipitation-Downscaling-Khulna\data\processed\rasters_aligned\monthly\PERSIANN\2019_08.tif,"GEOGCS[""WGS 84"",DATUM[""World Geodetic System 1984"",SPHEROID[""WGS 84"",6378137,298.257223563]],PRIMEM[""Greenwich"",0],UNIT[""degree"",0.0174532925199433,AUTHORITY[""EPSG"",""9122""]],AXIS[""Latitude"",NORTH],AXIS[""Longitude"",EAST]]",59,151,0.008983152841195215,0.008983152841195215,"(0.008983152841195215, 0.0, 89.22965717159208, 0.0, -0.008983152841195215, 23.014837579142142, 0.0, 0.0, 1.0)","(89.22965717159208, 21.658381500121664, 89.7596631892226, 23.014837579142142)",-9999.0,3576,5333
PERSIANN,2019_09.tif,E:\Geospatial\Precipitation Downscaling\Precipitation-Downscaling-Khulna\data\processed\rasters_aligned\monthly\PERSIANN\2019_09.tif,"GEOGCS[""WGS 84"",DATUM[""World Geodetic System 1984"",SPHEROID[""WGS 84"",6378137,298.257223563]],PRIMEM[""Greenwich"",0],UNIT[""degree"",0.0174532925199433,AUTHORITY[""EPSG"",""9122""]],AXIS[""Latitude"",NORTH],AXIS[""Longitude"",EAST]]",59,151,0.008983152841195215,0.008983152841195215,"(0.008983152841195215, 0.0, 89.22965717159208, 0.0, -0.008983152841195215, 23.014837579142142, 0.0, 0.0, 1.0)","(89.22965717159208, 21.658381500121664, 89.7596631892226, 23.014837579142142)",-9999.0,3576,5333
PERSIANN,2019_10.tif,E:\Geospatial\Precipitation Downscaling\Precipitation-Downscaling-Khulna\data\processed\rasters_aligned\monthly\PERSIANN\2019_10.tif,"GEOGCS[""WGS 84"",DATUM[""World Geodetic System 1984"",SPHEROID[""WGS 84"",6378137,298.257223563]],PRIMEM[""Greenwich"",0],UNIT[""degree"",0.0174532925199433,AUTHORITY[""EPSG"",""9122""]],AXIS[""Latitude"",NORTH],AXIS[""Longitude"",EAST]]",59,151,0.008983152841195215,0.008983152841195215,"(0.008983152841195215, 0.0, 89.22965717159208, 0.0, -0.008983152841195215, 23.014837579142142, 0.0, 0.0, 1.0)","(89.22965717159208, 21.658381500121664, 89.7596631892226, 23.014837579142142)",-9999.0,3576,5333
PERSIANN,2019_11.tif,E:\Geospatial\Precipitation Downscaling\Precipitation-Downscaling-Khulna\data\processed\rasters_aligned\monthly\PERSIANN\2019_11.tif,"GEOGCS[""WGS 84"",DATUM[""World Geodetic System 1984"",SPHEROID[""WGS 84"",6378137,298.257223563]],PRIMEM[""Greenwich"",0],UNIT[""degree"",0.0174532925199433,AUTHORITY[""EPSG"",""9122""]],AXIS[""Latitude"",NORTH],AXIS[""Longitude"",EAST]]",59,151,0.008983152841195215,0.008983152841195215,"(0.008983152841195215, 0.0, 89.22965717159208, 0.0, -0.008983152841195215, 23.014837579142142, 0.0, 0.0, 1.0)","(89.22965717159208, 21.658381500121664, 89.7596631892226, 23.014837579142142)",-9999.0,3576,5333
PERSIANN,2019_12.tif,E:\Geospatial\Precipitation Downscaling\Precipitation-Downscaling-Khulna\data\processed\rasters_aligned\monthly\PERSIANN\2019_12.tif,"GEOGCS[""WGS 84"",DATUM[""World Geodetic System 1984"",SPHEROID[""WGS 84"",6378137,298.257223563]],PRIMEM[""Greenwich"",0],UNIT[""degree"",0.0174532925199433,AUTHORITY[""EPSG"",""9122""]],AXIS[""Latitude"",NORTH],AXIS[""Longitude"",EAST]]",59,151,0.008983152841195215,0.008983152841195215,"(0.008983152841195215, 0.0, 89.22965717159208, 0.0, -0.008983152841195215, 23.014837579142142, 0.0, 0.0, 1.0)","(89.22965717159208, 21.658381500121664, 89.7596631892226, 23.014837579142142)",-9999.0,3576,5333
PERSIANN,2020_01.tif,E:\Geospatial\Precipitation Downscaling\Precipitation-Downscaling-Khulna\data\processed\rasters_aligned\monthly\PERSIANN\2020_01.tif,"GEOGCS[""WGS 84"",DATUM[""World Geodetic System 1984"",SPHEROID[""WGS 84"",6378137,298.257223563]],PRIMEM[""Greenwich"",0],UNIT[""degree"",0.0174532925199433,AUTHORITY[""EPSG"",""9122""]],AXIS[""Latitude"",NORTH],AXIS[""Longitude"",EAST]]",59,151,0.008983152841195215,0.008983152841195215,"(0.008983152841195215, 0.0, 89.22965717159208, 0.0, -0.008983152841195215, 23.014837579142142, 0.0, 0.0, 1.0)","(89.22965717159208, 21.658381500121664, 89.7596631892226, 23.014837579142142)",-9999.0,3576,5333
PERSIANN,2020_02.tif,E:\Geospatial\Precipitation Downscaling\Precipitation-Downscaling-Khulna\data\processed\rasters_aligned\monthly\PERSIANN\2020_02.tif,"GEOGCS[""WGS 84"",DATUM[""World Geodetic System 1984"",SPHEROID[""WGS 84"",6378137,298.257223563]],PRIMEM[""Greenwich"",0],UNIT[""degree"",0.0174532925199433,AUTHORITY[""EPSG"",""9122""]],AXIS[""Latitude"",NORTH],AXIS[""Longitude"",EAST]]",59,151,0.008983152841195215,0.008983152841195215,"(0.008983152841195215, 0.0, 89.22965717159208, 0.0, -0.008983152841195215, 23.014837579142142, 0.0, 0.0, 1.0)","(89.22965717159208, 21.658381500121664, 89.7596631892226, 23.014837579142142)",-9999.0,3576,5333
PERSIANN,2020_03.tif,E:\Geospatial\Precipitation Downscaling\Precipitation-Downscaling-Khulna\data\processed\rasters_aligned\monthly\PERSIANN\2020_03.tif,"GEOGCS[""WGS 84"",DATUM[""World Geodetic System 1984"",SPHEROID[""WGS 84"",6378137,298.257223563]],PRIMEM[""Greenwich"",0],UNIT[""degree"",0.0174532925199433,AUTHORITY[""EPSG"",""9122""]],AXIS[""Latitude"",NORTH],AXIS[""Longitude"",EAST]]",59,151,0.008983152841195215,0.008983152841195215,"(0.008983152841195215, 0.0, 89.22965717159208, 0.0, -0.008983152841195215, 23.014837579142142, 0.0, 0.0, 1.0)","(89.22965717159208, 21.658381500121664, 89.7596631892226, 23.014837579142142)",-9999.0,3576,5333
PERSIANN,2020_04.tif,E:\Geospatial\Precipitation Downscaling\Precipitation-Downscaling-Khulna\data\processed\rasters_aligned\monthly\PERSIANN\2020_04.tif,"GEOGCS[""WGS 84"",DATUM[""World Geodetic System 1984"",SPHEROID[""WGS 84"",6378137,298.257223563]],PRIMEM[""Greenwich"",0],UNIT[""degree"",0.0174532925199433,AUTHORITY[""EPSG"",""9122""]],AXIS[""Latitude"",NORTH],AXIS[""Longitude"",EAST]]",59,151,0.008983152841195215,0.008983152841195215,"(0.008983152841195215, 0.0, 89.22965717159208, 0.0, -0.008983152841195215, 23.014837579142142, 0.0, 0.0, 1.0)","(89.22965717159208, 21.658381500121664, 89.7596631892226, 23.014837579142142)",-9999.0,3576,5333
PERSIANN,2020_05.tif,E:\Geospatial\Precipitation Downscaling\Precipitation-Downscaling-Khulna\data\processed\rasters_aligned\monthly\PERSIANN\2020_05.tif,"GEOGCS[""WGS 84"",DATUM[""World Geodetic System 1984"",SPHEROID[""WGS 84"",6378137,298.257223563]],PRIMEM[""Greenwich"",0],UNIT[""degree"",0.0174532925199433,AUTHORITY[""EPSG"",""9122""]],AXIS[""Latitude"",NORTH],AXIS[""Longitude"",EAST]]",59,151,0.008983152841195215,0.008983152841195215,"(0.008983152841195215, 0.0, 89.22965717159208, 0.0, -0.008983152841195215, 23.014837579142142, 0.0, 0.0, 1.0)","(89.22965717159208, 21.658381500121664, 89.7596631892226, 23.014837579142142)",-9999.0,3576,5333
PERSIANN,2020_06.tif,E:\Geospatial\Precipitation Downscaling\Precipitation-Downscaling-Khulna\data\processed\rasters_aligned\monthly\PERSIANN\2020_06.tif,"GEOGCS[""WGS 84"",DATUM[""World Geodetic System 1984"",SPHEROID[""WGS 84"",6378137,298.257223563]],PRIMEM[""Greenwich"",0],UNIT[""degree"",0.0174532925199433,AUTHORITY[""EPSG"",""9122""]],AXIS[""Latitude"",NORTH],AXIS[""Longitude"",EAST]]",59,151,0.008983152841195215,0.008983152841195215,"(0.008983152841195215, 0.0, 89.22965717159208, 0.0, -0.008983152841195215, 23.014837579142142, 0.0, 0.0, 1.0)","(89.22965717159208, 21.658381500121664, 89.7596631892226, 23.014837579142142)",-9999.0,3576,5333
PERSIANN,2020_07.tif,E:\Geospatial\Precipitation Downscaling\Precipitation-Downscaling-Khulna\data\processed\rasters_aligned\monthly\PERSIANN\2020_07.tif,"GEOGCS[""WGS 84"",DATUM[""World Geodetic System 1984"",SPHEROID[""WGS 84"",6378137,298.257223563]],PRIMEM[""Greenwich"",0],UNIT[""degree"",0.0174532925199433,AUTHORITY[""EPSG"",""9122""]],AXIS[""Latitude"",NORTH],AXIS[""Longitude"",EAST]]",59,151,0.008983152841195215,0.008983152841195215,"(0.008983152841195215, 0.0, 89.22965717159208, 0.0, -0.008983152841195215, 23.014837579142142, 0.0, 0.0, 1.0)","(89.22965717159208, 21.658381500121664, 89.7596631892226, 23.014837579142142)",-9999.0,3576,5333
PERSIANN,2020_08.tif,E:\Geospatial\Precipitation Downscaling\Precipitation-Downscaling-Khulna\data\processed\rasters_aligned\monthly\PERSIANN\2020_08.tif,"GEOGCS[""WGS 84"",DATUM[""World Geodetic System 1984"",SPHEROID[""WGS 84"",6378137,298.257223563]],PRIMEM[""Greenwich"",0],UNIT[""degree"",0.0174532925199433,AUTHORITY[""EPSG"",""9122""]],AXIS[""Latitude"",NORTH],AXIS[""Longitude"",EAST]]",59,151,0.008983152841195215,0.008983152841195215,"(0.008983152841195215, 0.0, 89.22965717159208, 0.0, -0.008983152841195215, 23.014837579142142, 0.0, 0.0, 1.0)","(89.22965717159208, 21.658381500121664, 89.7596631892226, 23.014837579142142)",-9999.0,3576,5333
PERSIANN,2020_09.tif,E:\Geospatial\Precipitation Downscaling\Precipitation-Downscaling-Khulna\data\processed\rasters_aligned\monthly\PERSIANN\2020_09.tif,"GEOGCS[""WGS 84"",DATUM[""World Geodetic System 1984"",SPHEROID[""WGS 84"",6378137,298.257223563]],PRIMEM[""Greenwich"",0],UNIT[""degree"",0.0174532925199433,AUTHORITY[""EPSG"",""9122""]],AXIS[""Latitude"",NORTH],AXIS[""Longitude"",EAST]]",59,151,0.008983152841195215,0.008983152841195215,"(0.008983152841195215, 0.0, 89.22965717159208, 0.0, -0.008983152841195215, 23.014837579142142, 0.0, 0.0, 1.0)","(89.22965717159208, 21.658381500121664, 89.7596631892226, 23.014837579142142)",-9999.0,3576,5333
PERSIANN,2020_10.tif,E:\Geospatial\Precipitation Downscaling\Precipitation-Downscaling-Khulna\data\processed\rasters_aligned\monthly\PERSIANN\2020_10.tif,"GEOGCS[""WGS 84"",DATUM[""World Geodetic System 1984"",SPHEROID[""WGS 84"",6378137,298.257223563]],PRIMEM[""Greenwich"",0],UNIT[""degree"",0.0174532925199433,AUTHORITY[""EPSG"",""9122""]],AXIS[""Latitude"",NORTH],AXIS[""Longitude"",EAST]]",59,151,0.008983152841195215,0.008983152841195215,"(0.008983152841195215, 0.0, 89.22965717159208, 0.0, -0.008983152841195215, 23.014837579142142, 0.0, 0.0, 1.0)","(89.22965717159208, 21.658381500121664, 89.7596631892226, 23.014837579142142)",-9999.0,3576,5333
PERSIANN,2020_11.tif,E:\Geospatial\Precipitation Downscaling\Precipitation-Downscaling-Khulna\data\processed\rasters_aligned\monthly\PERSIANN\2020_11.tif,"GEOGCS[""WGS 84"",DATUM[""World Geodetic System 1984"",SPHEROID[""WGS 84"",6378137,298.257223563]],PRIMEM[""Greenwich"",0],UNIT[""degree"",0.0174532925199433,AUTHORITY[""EPSG"",""9122""]],AXIS[""Latitude"",NORTH],AXIS[""Longitude"",EAST]]",59,151,0.008983152841195215,0.008983152841195215,"(0.008983152841195215, 0.0, 89.22965717159208, 0.0, -0.008983152841195215, 23.014837579142142, 0.0, 0.0, 1.0)","(89.22965717159208, 21.658381500121664, 89.7596631892226, 23.014837579142142)",-9999.0,3576,5333
PERSIANN,2020_12.tif,E:\Geospatial\Precipitation Downscaling\Precipitation-Downscaling-Khulna\data\processed\rasters_aligned\monthly\PERSIANN\2020_12.tif,"GEOGCS[""WGS 84"",DATUM[""World Geodetic System 1984"",SPHEROID[""WGS 84"",6378137,298.257223563]],PRIMEM[""Greenwich"",0],UNIT[""degree"",0.0174532925199433,AUTHORITY[""EPSG"",""9122""]],AXIS[""Latitude"",NORTH],AXIS[""Longitude"",EAST]]",59,151,0.008983152841195215,0.008983152841195215,"(0.008983152841195215, 0.0, 89.22965717159208, 0.0, -0.008983152841195215, 23.014837579142142, 0.0, 0.0, 1.0)","(89.22965717159208, 21.658381500121664, 89.7596631892226, 23.014837579142142)",-9999.0,3576,5333
PERSIANN,2021_01.tif,E:\Geospatial\Precipitation Downscaling\Precipitation-Downscaling-Khulna\data\processed\rasters_aligned\monthly\PERSIANN\2021_01.tif,"GEOGCS[""WGS 84"",DATUM[""World Geodetic System 1984"",SPHEROID[""WGS 84"",6378137,298.257223563]],PRIMEM[""Greenwich"",0],UNIT[""degree"",0.0174532925199433,AUTHORITY[""EPSG"",""9122""]],AXIS[""Latitude"",NORTH],AXIS[""Longitude"",EAST]]",59,151,0.008983152841195215,0.008983152841195215,"(0.008983152841195215, 0.0, 89.22965717159208, 0.0, -0.008983152841195215, 23.014837579142142, 0.0, 0.0, 1.0)","(89.22965717159208, 21.658381500121664, 89.7596631892226, 23.014837579142142)",-9999.0,3576,5333
PERSIANN,2021_02.tif,E:\Geospatial\Precipitation Downscaling\Precipitation-Downscaling-Khulna\data\processed\rasters_aligned\monthly\PERSIANN\2021_02.tif,"GEOGCS[""WGS 84"",DATUM[""World Geodetic System 1984"",SPHEROID[""WGS 84"",6378137,298.257223563]],PRIMEM[""Greenwich"",0],UNIT[""degree"",0.0174532925199433,AUTHORITY[""EPSG"",""9122""]],AXIS[""Latitude"",NORTH],AXIS[""Longitude"",EAST]]",59,151,0.008983152841195215,0.008983152841195215,"(0.008983152841195215, 0.0, 89.22965717159208, 0.0, -0.008983152841195215, 23.014837579142142, 0.0, 0.0, 1.0)","(89.22965717159208, 21.658381500121664, 89.7596631892226, 23.014837579142142)",-9999.0,3576,5333
PERSIANN,2021_03.tif,E:\Geospatial\Precipitation Downscaling\Precipitation-Downscaling-Khulna\data\processed\rasters_aligned\monthly\PERSIANN\2021_03.tif,"GEOGCS[""WGS 84"",DATUM[""World Geodetic System 1984"",SPHEROID[""WGS 84"",6378137,298.257223563]],PRIMEM[""Greenwich"",0],UNIT[""degree"",0.0174532925199433,AUTHORITY[""EPSG"",""9122""]],AXIS[""Latitude"",NORTH],AXIS[""Longitude"",EAST]]",59,151,0.008983152841195215,0.008983152841195215,"(0.008983152841195215, 0.0, 89.22965717159208, 0.0, -0.008983152841195215, 23.014837579142142, 0.0, 0.0, 1.0)","(89.22965717159208, 21.658381500121664, 89.7596631892226, 23.014837579142142)",-9999.0,3576,5333
PERSIANN,2021_04.tif,E:\Geospatial\Precipitation Downscaling\Precipitation-Downscaling-Khulna\data\processed\rasters_aligned\monthly\PERSIANN\2021_04.tif,"GEOGCS[""WGS 84"",DATUM[""World Geodetic System 1984"",SPHEROID[""WGS 84"",6378137,298.257223563]],PRIMEM[""Greenwich"",0],UNIT[""degree"",0.0174532925199433,AUTHORITY[""EPSG"",""9122""]],AXIS[""Latitude"",NORTH],AXIS[""Longitude"",EAST]]",59,151,0.008983152841195215,0.008983152841195215,"(0.008983152841195215, 0.0, 89.22965717159208, 0.0, -0.008983152841195215, 23.014837579142142, 0.0, 0.0, 1.0)","(89.22965717159208, 21.658381500121664, 89.7596631892226, 23.014837579142142)",-9999.0,3576,5333
PERSIANN,2021_05.tif,E:\Geospatial\Precipitation Downscaling\Precipitation-Downscaling-Khulna\data\processed\rasters_aligned\monthly\PERSIANN\2021_05.tif,"GEOGCS[""WGS 84"",DATUM[""World Geodetic System 1984"",SPHEROID[""WGS 84"",6378137,298.257223563]],PRIMEM[""Greenwich"",0],UNIT[""degree"",0.0174532925199433,AUTHORITY[""EPSG"",""9122""]],AXIS[""Latitude"",NORTH],AXIS[""Longitude"",EAST]]",59,151,0.008983152841195215,0.008983152841195215,"(0.008983152841195215, 0.0, 89.22965717159208, 0.0, -0.008983152841195215, 23.014837579142142, 0.0, 0.0, 1.0)","(89.22965717159208, 21.658381500121664, 89.7596631892226, 23.014837579142142)",-9999.0,3576,5333
PERSIANN,2021_06.tif,E:\Geospatial\Precipitation Downscaling\Precipitation-Downscaling-Khulna\data\processed\rasters_aligned\monthly\PERSIANN\2021_06.tif,"GEOGCS[""WGS 84"",DATUM[""World Geodetic System 1984"",SPHEROID[""WGS 84"",6378137,298.257223563]],PRIMEM[""Greenwich"",0],UNIT[""degree"",0.0174532925199433,AUTHORITY[""EPSG"",""9122""]],AXIS[""Latitude"",NORTH],AXIS[""Longitude"",EAST]]",59,151,0.008983152841195215,0.008983152841195215,"(0.008983152841195215, 0.0, 89.22965717159208, 0.0, -0.008983152841195215, 23.014837579142142, 0.0, 0.0, 1.0)","(89.22965717159208, 21.658381500121664, 89.7596631892226, 23.014837579142142)",-9999.0,3576,5333
PERSIANN,2021_07.tif,E:\Geospatial\Precipitation Downscaling\Precipitation-Downscaling-Khulna\data\processed\rasters_aligned\monthly\PERSIANN\2021_07.tif,"GEOGCS[""WGS 84"",DATUM[""World Geodetic System 1984"",SPHEROID[""WGS 84"",6378137,298.257223563]],PRIMEM[""Greenwich"",0],UNIT[""degree"",0.0174532925199433,AUTHORITY[""EPSG"",""9122""]],AXIS[""Latitude"",NORTH],AXIS[""Longitude"",EAST]]",59,151,0.008983152841195215,0.008983152841195215,"(0.008983152841195215, 0.0, 89.22965717159208, 0.0, -0.008983152841195215, 23.014837579142142, 0.0, 0.0, 1.0)","(89.22965717159208, 21.658381500121664, 89.7596631892226, 23.014837579142142)",-9999.0,3576,5333
PERSIANN,2021_08.tif,E:\Geospatial\Precipitation Downscaling\Precipitation-Downscaling-Khulna\data\processed\rasters_aligned\monthly\PERSIANN\2021_08.tif,"GEOGCS[""WGS 84"",DATUM[""World Geodetic System 1984"",SPHEROID[""WGS 84"",6378137,298.257223563]],PRIMEM[""Greenwich"",0],UNIT[""degree"",0.0174532925199433,AUTHORITY[""EPSG"",""9122""]],AXIS[""Latitude"",NORTH],AXIS[""Longitude"",EAST]]",59,151,0.008983152841195215,0.008983152841195215,"(0.008983152841195215, 0.0, 89.22965717159208, 0.0, -0.008983152841195215, 23.014837579142142, 0.0, 0.0, 1.0)","(89.22965717159208, 21.658381500121664, 89.7596631892226, 23.014837579142142)",-9999.0,3576,5333
PERSIANN,2021_09.tif,E:\Geospatial\Precipitation Downscaling\Precipitation-Downscaling-Khulna\data\processed\rasters_aligned\monthly\PERSIANN\2021_09.tif,"GEOGCS[""WGS 84"",DATUM[""World Geodetic System 1984"",SPHEROID[""WGS 84"",6378137,298.257223563]],PRIMEM[""Greenwich"",0],UNIT[""degree"",0.0174532925199433,AUTHORITY[""EPSG"",""9122""]],AXIS[""Latitude"",NORTH],AXIS[""Longitude"",EAST]]",59,151,0.008983152841195215,0.008983152841195215,"(0.008983152841195215, 0.0, 89.22965717159208, 0.0, -0.008983152841195215, 23.014837579142142, 0.0, 0.0, 1.0)","(89.22965717159208, 21.658381500121664, 89.7596631892226, 23.014837579142142)",-9999.0,3576,5333
PERSIANN,2021_10.tif,E:\Geospatial\Precipitation Downscaling\Precipitation-Downscaling-Khulna\data\processed\rasters_aligned\monthly\PERSIANN\2021_10.tif,"GEOGCS[""WGS 84"",DATUM[""World Geodetic System 1984"",SPHEROID[""WGS 84"",6378137,298.257223563]],PRIMEM[""Greenwich"",0],UNIT[""degree"",0.0174532925199433,AUTHORITY[""EPSG"",""9122""]],AXIS[""Latitude"",NORTH],AXIS[""Longitude"",EAST]]",59,151,0.008983152841195215,0.008983152841195215,"(0.008983152841195215, 0.0, 89.22965717159208, 0.0, -0.008983152841195215, 23.014837579142142, 0.0, 0.0, 1.0)","(89.22965717159208, 21.658381500121664, 89.7596631892226, 23.014837579142142)",-9999.0,3576,5333
PERSIANN,2021_11.tif,E:\Geospatial\Precipitation Downscaling\Precipitation-Downscaling-Khulna\data\processed\rasters_aligned\monthly\PERSIANN\2021_11.tif,"GEOGCS[""WGS 84"",DATUM[""World Geodetic System 1984"",SPHEROID[""WGS 84"",6378137,298.257223563]],PRIMEM[""Greenwich"",0],UNIT[""degree"",0.0174532925199433,AUTHORITY[""EPSG"",""9122""]],AXIS[""Latitude"",NORTH],AXIS[""Longitude"",EAST]]",59,151,0.008983152841195215,0.008983152841195215,"(0.008983152841195215, 0.0, 89.22965717159208, 0.0, -0.008983152841195215, 23.014837579142142, 0.0, 0.0, 1.0)","(89.22965717159208, 21.658381500121664, 89.7596631892226, 23.014837579142142)",-9999.0,3576,5333
PERSIANN,2021_12.tif,E:\Geospatial\Precipitation Downscaling\Precipitation-Downscaling-Khulna\data\processed\rasters_aligned\monthly\PERSIANN\2021_12.tif,"GEOGCS[""WGS 84"",DATUM[""World Geodetic System 1984"",SPHEROID[""WGS 84"",6378137,298.257223563]],PRIMEM[""Greenwich"",0],UNIT[""degree"",0.0174532925199433,AUTHORITY[""EPSG"",""9122""]],AXIS[""Latitude"",NORTH],AXIS[""Longitude"",EAST]]",59,151,0.008983152841195215,0.008983152841195215,"(0.008983152841195215, 0.0, 89.22965717159208, 0.0, -0.008983152841195215, 23.014837579142142, 0.0, 0.0, 1.0)","(89.22965717159208, 21.658381500121664, 89.7596631892226, 23.014837579142142)",-9999.0,3576,5333
PERSIANN,2022_01.tif,E:\Geospatial\Precipitation Downscaling\Precipitation-Downscaling-Khulna\data\processed\rasters_aligned\monthly\PERSIANN\2022_01.tif,"GEOGCS[""WGS 84"",DATUM[""World Geodetic System 1984"",SPHEROID[""WGS 84"",6378137,298.257223563]],PRIMEM[""Greenwich"",0],UNIT[""degree"",0.0174532925199433,AUTHORITY[""EPSG"",""9122""]],AXIS[""Latitude"",NORTH],AXIS[""Longitude"",EAST]]",59,151,0.008983152841195215,0.008983152841195215,"(0.008983152841195215, 0.0, 89.22965717159208, 0.0, -0.008983152841195215, 23.014837579142142, 0.0, 0.0, 1.0)","(89.22965717159208, 21.658381500121664, 89.7596631892226, 23.014837579142142)",-9999.0,3576,5333
PERSIANN,2022_02.tif,E:\Geospatial\Precipitation Downscaling\Precipitation-Downscaling-Khulna\data\processed\rasters_aligned\monthly\PERSIANN\2022_02.tif,"GEOGCS[""WGS 84"",DATUM[""World Geodetic System 1984"",SPHEROID[""WGS 84"",6378137,298.257223563]],PRIMEM[""Greenwich"",0],UNIT[""degree"",0.0174532925199433,AUTHORITY[""EPSG"",""9122""]],AXIS[""Latitude"",NORTH],AXIS[""Longitude"",EAST]]",59,151,0.008983152841195215,0.008983152841195215,"(0.008983152841195215, 0.0, 89.22965717159208, 0.0, -0.008983152841195215, 23.014837579142142, 0.0, 0.0, 1.0)","(89.22965717159208, 21.658381500121664, 89.7596631892226, 23.014837579142142)",-9999.0,3576,5333
PERSIANN,2022_03.tif,E:\Geospatial\Precipitation Downscaling\Precipitation-Downscaling-Khulna\data\processed\rasters_aligned\monthly\PERSIANN\2022_03.tif,"GEOGCS[""WGS 84"",DATUM[""World Geodetic System 1984"",SPHEROID[""WGS 84"",6378137,298.257223563]],PRIMEM[""Greenwich"",0],UNIT[""degree"",0.0174532925199433,AUTHORITY[""EPSG"",""9122""]],AXIS[""Latitude"",NORTH],AXIS[""Longitude"",EAST]]",59,151,0.008983152841195215,0.008983152841195215,"(0.008983152841195215, 0.0, 89.22965717159208, 0.0, -0.008983152841195215, 23.014837579142142, 0.0, 0.0, 1.0)","(89.22965717159208, 21.658381500121664, 89.7596631892226, 23.014837579142142)",-9999.0,3576,5333
PERSIANN,2022_04.tif,E:\Geospatial\Precipitation Downscaling\Precipitation-Downscaling-Khulna\data\processed\rasters_aligned\monthly\PERSIANN\2022_04.tif,"GEOGCS[""WGS 84"",DATUM[""World Geodetic System 1984"",SPHEROID[""WGS 84"",6378137,298.257223563]],PRIMEM[""Greenwich"",0],UNIT[""degree"",0.0174532925199433,AUTHORITY[""EPSG"",""9122""]],AXIS[""Latitude"",NORTH],AXIS[""Longitude"",EAST]]",59,151,0.008983152841195215,0.008983152841195215,"(0.008983152841195215, 0.0, 89.22965717159208, 0.0, -0.008983152841195215, 23.014837579142142, 0.0, 0.0, 1.0)","(89.22965717159208, 21.658381500121664, 89.7596631892226, 23.014837579142142)",-9999.0,3576,5333
PERSIANN,2022_05.tif,E:\Geospatial\Precipitation Downscaling\Precipitation-Downscaling-Khulna\data\processed\rasters_aligned\monthly\PERSIANN\2022_05.tif,"GEOGCS[""WGS 84"",DATUM[""World Geodetic System 1984"",SPHEROID[""WGS 84"",6378137,298.257223563]],PRIMEM[""Greenwich"",0],UNIT[""degree"",0.0174532925199433,AUTHORITY[""EPSG"",""9122""]],AXIS[""Latitude"",NORTH],AXIS[""Longitude"",EAST]]",59,151,0.008983152841195215,0.008983152841195215,"(0.008983152841195215, 0.0, 89.22965717159208, 0.0, -0.008983152841195215, 23.014837579142142, 0.0, 0.0, 1.0)","(89.22965717159208, 21.658381500121664, 89.7596631892226, 23.014837579142142)",-9999.0,3576,5333
PERSIANN,2022_06.tif,E:\Geospatial\Precipitation Downscaling\Precipitation-Downscaling-Khulna\data\processed\rasters_aligned\monthly\PERSIANN\2022_06.tif,"GEOGCS[""WGS 84"",DATUM[""World Geodetic System 1984"",SPHEROID[""WGS 84"",6378137,298.257223563]],PRIMEM[""Greenwich"",0],UNIT[""degree"",0.0174532925199433,AUTHORITY[""EPSG"",""9122""]],AXIS[""Latitude"",NORTH],AXIS[""Longitude"",EAST]]",59,151,0.008983152841195215,0.008983152841195215,"(0.008983152841195215, 0.0, 89.22965717159208, 0.0, -0.008983152841195215, 23.014837579142142, 0.0, 0.0, 1.0)","(89.22965717159208, 21.658381500121664, 89.7596631892226, 23.014837579142142)",-9999.0,3576,5333
PERSIANN,2022_07.tif,E:\Geospatial\Precipitation Downscaling\Precipitation-Downscaling-Khulna\data\processed\rasters_aligned\monthly\PERSIANN\2022_07.tif,"GEOGCS[""WGS 84"",DATUM[""World Geodetic System 1984"",SPHEROID[""WGS 84"",6378137,298.257223563]],PRIMEM[""Greenwich"",0],UNIT[""degree"",0.0174532925199433,AUTHORITY[""EPSG"",""9122""]],AXIS[""Latitude"",NORTH],AXIS[""Longitude"",EAST]]",59,151,0.008983152841195215,0.008983152841195215,"(0.008983152841195215, 0.0, 89.22965717159208, 0.0, -0.008983152841195215, 23.014837579142142, 0.0, 0.0, 1.0)","(89.22965717159208, 21.658381500121664, 89.7596631892226, 23.014837579142142)",-9999.0,3576,5333
PERSIANN,2022_08.tif,E:\Geospatial\Precipitation Downscaling\Precipitation-Downscaling-Khulna\data\processed\rasters_aligned\monthly\PERSIANN\2022_08.tif,"GEOGCS[""WGS 84"",DATUM[""World Geodetic System 1984"",SPHEROID[""WGS 84"",6378137,298.257223563]],PRIMEM[""Greenwich"",0],UNIT[""degree"",0.0174532925199433,AUTHORITY[""EPSG"",""9122""]],AXIS[""Latitude"",NORTH],AXIS[""Longitude"",EAST]]",59,151,0.008983152841195215,0.008983152841195215,"(0.008983152841195215, 0.0, 89.22965717159208, 0.0, -0.008983152841195215, 23.014837579142142, 0.0, 0.0, 1.0)","(89.22965717159208, 21.658381500121664, 89.7596631892226, 23.014837579142142)",-9999.0,3576,5333
PERSIANN,2022_09.tif,E:\Geospatial\Precipitation Downscaling\Precipitation-Downscaling-Khulna\data\processed\rasters_aligned\monthly\PERSIANN\2022_09.tif,"GEOGCS[""WGS 84"",DATUM[""World Geodetic System 1984"",SPHEROID[""WGS 84"",6378137,298.257223563]],PRIMEM[""Greenwich"",0],UNIT[""degree"",0.0174532925199433,AUTHORITY[""EPSG"",""9122""]],AXIS[""Latitude"",NORTH],AXIS[""Longitude"",EAST]]",59,151,0.008983152841195215,0.008983152841195215,"(0.008983152841195215, 0.0, 89.22965717159208, 0.0, -0.008983152841195215, 23.014837579142142, 0.0, 0.0, 1.0)","(89.22965717159208, 21.658381500121664, 89.7596631892226, 23.014837579142142)",-9999.0,3576,5333
PERSIANN,2022_10.tif,E:\Geospatial\Precipitation Downscaling\Precipitation-Downscaling-Khulna\data\processed\rasters_aligned\monthly\PERSIANN\2022_10.tif,"GEOGCS[""WGS 84"",DATUM[""World Geodetic System 1984"",SPHEROID[""WGS 84"",6378137,298.257223563]],PRIMEM[""Greenwich"",0],UNIT[""degree"",0.0174532925199433,AUTHORITY[""EPSG"",""9122""]],AXIS[""Latitude"",NORTH],AXIS[""Longitude"",EAST]]",59,151,0.008983152841195215,0.008983152841195215,"(0.008983152841195215, 0.0, 89.22965717159208, 0.0, -0.008983152841195215, 23.014837579142142, 0.0, 0.0, 1.0)","(89.22965717159208, 21.658381500121664, 89.7596631892226, 23.014837579142142)",-9999.0,3576,5333
PERSIANN,2022_11.tif,E:\Geospatial\Precipitation Downscaling\Precipitation-Downscaling-Khulna\data\processed\rasters_aligned\monthly\PERSIANN\2022_11.tif,"GEOGCS[""WGS 84"",DATUM[""World Geodetic System 1984"",SPHEROID[""WGS 84"",6378137,298.257223563]],PRIMEM[""Greenwich"",0],UNIT[""degree"",0.0174532925199433,AUTHORITY[""EPSG"",""9122""]],AXIS[""Latitude"",NORTH],AXIS[""Longitude"",EAST]]",59,151,0.008983152841195215,0.008983152841195215,"(0.008983152841195215, 0.0, 89.22965717159208, 0.0, -0.008983152841195215, 23.014837579142142, 0.0, 0.0, 1.0)","(89.22965717159208, 21.658381500121664, 89.7596631892226, 23.014837579142142)",-9999.0,3576,5333
PERSIANN,2022_12.tif,E:\Geospatial\Precipitation Downscaling\Precipitation-Downscaling-Khulna\data\processed\rasters_aligned\monthly\PERSIANN\2022_12.tif,"GEOGCS[""WGS 84"",DATUM[""World Geodetic System 1984"",SPHEROID[""WGS 84"",6378137,298.257223563]],PRIMEM[""Greenwich"",0],UNIT[""degree"",0.0174532925199433,AUTHORITY[""EPSG"",""9122""]],AXIS[""Latitude"",NORTH],AXIS[""Longitude"",EAST]]",59,151,0.008983152841195215,0.008983152841195215,"(0.008983152841195215, 0.0, 89.22965717159208, 0.0, -0.008983152841195215, 23.014837579142142, 0.0, 0.0, 1.0)","(89.22965717159208, 21.658381500121664, 89.7596631892226, 23.014837579142142)",-9999.0,3576,5333
static,Distance_Sea_meter.tif,E:\Geospatial\Precipitation Downscaling\Precipitation-Downscaling-Khulna\data\processed\rasters_aligned\static\Distance_Sea_meter.tif,"GEOGCS[""WGS 84"",DATUM[""World Geodetic System 1984"",SPHEROID[""WGS 84"",6378137,298.257223563]],PRIMEM[""Greenwich"",0],UNIT[""degree"",0.0174532925199433,AUTHORITY[""EPSG"",""9122""]],AXIS[""Latitude"",NORTH],AXIS[""Longitude"",EAST]]",59,151,0.008983152841195215,0.008983152841195215,"(0.008983152841195215, 0.0, 89.22965717159208, 0.0, -0.008983152841195215, 23.014837579142142, 0.0, 0.0, 1.0)","(89.22965717159208, 21.658381500121664, 89.7596631892226, 23.014837579142142)",-9999.0,4837,4072
static,Land_Aspect_Degree_30m.tif,E:\Geospatial\Precipitation Downscaling\Precipitation-Downscaling-Khulna\data\processed\rasters_aligned\static\Land_Aspect_Degree_30m.tif,"GEOGCS[""WGS 84"",DATUM[""World Geodetic System 1984"",SPHEROID[""WGS 84"",6378137,298.257223563]],PRIMEM[""Greenwich"",0],UNIT[""degree"",0.0174532925199433,AUTHORITY[""EPSG"",""9122""]],AXIS[""Latitude"",NORTH],AXIS[""Longitude"",EAST]]",59,151,0.008983152841195215,0.008983152841195215,"(0.008983152841195215, 0.0, 89.22965717159208, 0.0, -0.008983152841195215, 23.014837579142142, 0.0, 0.0, 1.0)","(89.22965717159208, 21.658381500121664, 89.7596631892226, 23.014837579142142)",-9999.0,4837,4072
static,Land_Khulna_SRTM_DEM.tif,E:\Geospatial\Precipitation Downscaling\Precipitation-Downscaling-Khulna\data\processed\rasters_aligned\static\Land_Khulna_SRTM_DEM.tif,"GEOGCS[""WGS 84"",DATUM[""World Geodetic System 1984"",SPHEROID[""WGS 84"",6378137,298.257223563]],PRIMEM[""Greenwich"",0],UNIT[""degree"",0.0174532925199433,AUTHORITY[""EPSG"",""9122""]],AXIS[""Latitude"",NORTH],AXIS[""Longitude"",EAST]]",59,151,0.008983152841195215,0.008983152841195215,"(0.008983152841195215, 0.0, 89.22965717159208, 0.0, -0.008983152841195215, 23.014837579142142, 0.0, 0.0, 1.0)","(89.22965717159208, 21.658381500121664, 89.7596631892226, 23.014837579142142)",-9999.0,4837,4072
static,Land_Slope_Degree_30m.tif,E:\Geospatial\Precipitation Downscaling\Precipitation-Downscaling-Khulna\data\processed\rasters_aligned\static\Land_Slope_Degree_30m.tif,"GEOGCS[""WGS 84"",DATUM[""World Geodetic System 1984"",SPHEROID[""WGS 84"",6378137,298.257223563]],PRIMEM[""Greenwich"",0],UNIT[""degree"",0.0174532925199433,AUTHORITY[""EPSG"",""9122""]],AXIS[""Latitude"",NORTH],AXIS[""Longitude"",EAST]]",59,151,0.008983152841195215,0.008983152841195215,"(0.008983152841195215, 0.0, 89.22965717159208, 0.0, -0.008983152841195215, 23.014837579142142, 0.0, 0.0, 1.0)","(89.22965717159208, 21.658381500121664, 89.7596631892226, 23.014837579142142)",-9999.0,4827,4082
