Dataset,Input_File,Output_File,Resampling,Original_Source_CRS,Used_Source_CRS,CRS_Override,Source_NoData,Valid_Output_Pixels,Skipped,Status
CCS,2017_01.tif,E:\Geospatial\Precipitation Downscaling\Precipitation-Downscaling-Khulna\data\processed\rasters_aligned\monthly\CCS\2017_01.tif,bilinear,"GEOGCS[""WGS 84"",DATUM[""World Geodetic System 1984"",SPHEROID[""WGS 84"",6378137,298.257223563]],PRIMEM[""Greenwich"",0],UNIT[""degree"",0.0174532925199433,AUTHORITY[""EPSG"",""9122""]],AXIS[""Latitude"",NORTH],AXIS[""Longitude"",EAST]]","GEOGCS[""WGS 84"",DATUM[""World Geodetic System 1984"",SPHEROID[""WGS 84"",6378137,298.257223563]],PRIMEM[""Greenwich"",0],UNIT[""degree"",0.0174532925199433,AUTHORITY[""EPSG"",""9122""]],AXIS[""Latitude"",NORTH],AXIS[""Longitude"",EAST]]",False,-99.0,4589,False,Success
CCS,2017_02.tif,E:\Geospatial\Precipitation Downscaling\Precipitation-Downscaling-Khulna\data\processed\rasters_aligned\monthly\CCS\2017_02.tif,bilinear,"GEOGCS[""WGS 84"",DATUM[""World Geodetic System 1984"",SPHEROID[""WGS 84"",6378137,298.257223563]],PRIMEM[""Greenwich"",0],UNIT[""degree"",0.0174532925199433,AUTHORITY[""EPSG"",""9122""]],AXIS[""Latitude"",NORTH],AXIS[""Longitude"",EAST]]","GEOGCS[""WGS 84"",DATUM[""World Geodetic System 1984"",SPHEROID[""WGS 84"",6378137,298.257223563]],PRIMEM[""Greenwich"",0],UNIT[""degree"",0.0174532925199433,AUTHORITY[""EPSG"",""9122""]],AXIS[""Latitude"",NORTH],AXIS[""Longitude"",EAST]]",False,-99.0,4589,False,Success
CCS,2017_03.tif,E:\Geospatial\Precipitation Downscaling\Precipitation-Downscaling-Khulna\data\processed\rasters_aligned\monthly\CCS\2017_03.tif,bilinear,"GEOGCS[""WGS 84"",DATUM[""World Geodetic System 1984"",SPHEROID[""WGS 84"",6378137,298.257223563]],PRIMEM[""Greenwich"",0],UNIT[""degree"",0.0174532925199433,AUTHORITY[""EPSG"",""9122""]],AXIS[""Latitude"",NORTH],AXIS[""Longitude"",EAST]]","GEOGCS[""WGS 84"",DATUM[""World Geodetic System 1984"",SPHEROID[""WGS 84"",6378137,298.257223563]],PRIMEM[""Greenwich"",0],UNIT[""degree"",0.0174532925199433,AUTHORITY[""EPSG"",""9122""]],AXIS[""Latitude"",NORTH],AXIS[""Longitude"",EAST]]",False,-99.0,4589,False,Success
CCS,2017_04.tif,E:\Geospatial\Precipitation Downscaling\Precipitation-Downscaling-Khulna\data\processed\rasters_aligned\monthly\CCS\2017_04.tif,bilinear,"GEOGCS[""WGS 84"",DATUM[""World Geodetic System 1984"",SPHEROID[""WGS 84"",6378137,298.257223563]],PRIMEM[""Greenwich"",0],UNIT[""degree"",0.0174532925199433,AUTHORITY[""EPSG"",""9122""]],AXIS[""Latitude"",NORTH],AXIS[""Longitude"",EAST]]","GEOGCS[""WGS 84"",DATUM[""World Geodetic System 1984"",SPHEROID[""WGS 84"",6378137,298.257223563]],PRIMEM[""Greenwich"",0],UNIT[""degree"",0.0174532925199433,AUTHORITY[""EPSG"",""9122""]],AXIS[""Latitude"",NORTH],AXIS[""Longitude"",EAST]]",False,-99.0,4589,False,Success
CCS,2017_05.tif,E:\Geospatial\Precipitation Downscaling\Precipitation-Downscaling-Khulna\data\processed\rasters_aligned\monthly\CCS\2017_05.tif,bilinear,"GEOGCS[""WGS 84"",DATUM[""World Geodetic System 1984"",SPHEROID[""WGS 84"",6378137,298.257223563]],PRIMEM[""Greenwich"",0],UNIT[""degree"",0.0174532925199433,AUTHORITY[""EPSG"",""9122""]],AXIS[""Latitude"",NORTH],AXIS[""Longitude"",EAST]]","GEOGCS[""WGS 84"",DATUM[""World Geodetic System 1984"",SPHEROID[""WGS 84"",6378137,298.257223563]],PRIMEM[""Greenwich"",0],UNIT[""degree"",0.0174532925199433,AUTHORITY[""EPSG"",""9122""]],AXIS[""Latitude"",NORTH],AXIS[""Longitude"",EAST]]",False,-99.0,4589,False,Success
CCS,2017_06.tif,E:\Geospatial\Precipitation Downscaling\Precipitation-Downscaling-Khulna\data\processed\rasters_aligned\monthly\CCS\2017_06.tif,bilinear,"GEOGCS[""WGS 84"",DATUM[""World Geodetic System 1984"",SPHEROID[""WGS 84"",6378137,298.257223563]],PRIMEM[""Greenwich"",0],UNIT[""degree"",0.0174532925199433,AUTHORITY[""EPSG"",""9122""]],AXIS[""Latitude"",NORTH],AXIS[""Longitude"",EAST]]","GEOGCS[""WGS 84"",DATUM[""World Geodetic System 1984"",SPHEROID[""WGS 84"",6378137,298.257223563]],PRIMEM[""Greenwich"",0],UNIT[""degree"",0.0174532925199433,AUTHORITY[""EPSG"",""9122""]],AXIS[""Latitude"",NORTH],AXIS[""Longitude"",EAST]]",False,-99.0,4589,False,Success
CCS,2017_07.tif,E:\Geospatial\Precipitation Downscaling\Precipitation-Downscaling-Khulna\data\processed\rasters_aligned\monthly\CCS\2017_07.tif,bilinear,"GEOGCS[""WGS 84"",DATUM[""World Geodetic System 1984"",SPHEROID[""WGS 84"",6378137,298.257223563]],PRIMEM[""Greenwich"",0],UNIT[""degree"",0.0174532925199433,AUTHORITY[""EPSG"",""9122""]],AXIS[""Latitude"",NORTH],AXIS[""Longitude"",EAST]]","GEOGCS[""WGS 84"",DATUM[""World Geodetic System 1984"",SPHEROID[""WGS 84"",6378137,298.257223563]],PRIMEM[""Greenwich"",0],UNIT[""degree"",0.0174532925199433,AUTHORITY[""EPSG"",""9122""]],AXIS[""Latitude"",NORTH],AXIS[""Longitude"",EAST]]",False,-99.0,4589,False,Success
CCS,2017_08.tif,E:\Geospatial\Precipitation Downscaling\Precipitation-Downscaling-Khulna\data\processed\rasters_aligned\monthly\CCS\2017_08.tif,bilinear,"GEOGCS[""WGS 84"",DATUM[""World Geodetic System 1984"",SPHEROID[""WGS 84"",6378137,298.257223563]],PRIMEM[""Greenwich"",0],UNIT[""degree"",0.0174532925199433,AUTHORITY[""EPSG"",""9122""]],AXIS[""Latitude"",NORTH],AXIS[""Longitude"",EAST]]","GEOGCS[""WGS 84"",DATUM[""World Geodetic System 1984"",SPHEROID[""WGS 84"",6378137,298.257223563]],PRIMEM[""Greenwich"",0],UNIT[""degree"",0.0174532925199433,AUTHORITY[""EPSG"",""9122""]],AXIS[""Latitude"",NORTH],AXIS[""Longitude"",EAST]]",False,-99.0,4589,False,Success
CCS,2017_09.tif,E:\Geospatial\Precipitation Downscaling\Precipitation-Downscaling-Khulna\data\processed\rasters_aligned\monthly\CCS\2017_09.tif,bilinear,"GEOGCS[""WGS 84"",DATUM[""World Geodetic System 1984"",SPHEROID[""WGS 84"",6378137,298.257223563]],PRIMEM[""Greenwich"",0],UNIT[""degree"",0.0174532925199433,AUTHORITY[""EPSG"",""9122""]],AXIS[""Latitude"",NORTH],AXIS[""Longitude"",EAST]]","GEOGCS[""WGS 84"",DATUM[""World Geodetic System 1984"",SPHEROID[""WGS 84"",6378137,298.257223563]],PRIMEM[""Greenwich"",0],UNIT[""degree"",0.0174532925199433,AUTHORITY[""EPSG"",""9122""]],AXIS[""Latitude"",NORTH],AXIS[""Longitude"",EAST]]",False,-99.0,4589,False,Success
CCS,2017_10.tif,E:\Geospatial\Precipitation Downscaling\Precipitation-Downscaling-Khulna\data\processed\rasters_aligned\monthly\CCS\2017_10.tif,bilinear,"GEOGCS[""WGS 84"",DATUM[""World Geodetic System 1984"",SPHEROID[""WGS 84"",6378137,298.257223563]],PRIMEM[""Greenwich"",0],UNIT[""degree"",0.0174532925199433,AUTHORITY[""EPSG"",""9122""]],AXIS[""Latitude"",NORTH],AXIS[""Longitude"",EAST]]","GEOGCS[""WGS 84"",DATUM[""World Geodetic System 1984"",SPHEROID[""WGS 84"",6378137,298.257223563]],PRIMEM[""Greenwich"",0],UNIT[""degree"",0.0174532925199433,AUTHORITY[""EPSG"",""9122""]],AXIS[""Latitude"",NORTH],AXIS[""Longitude"",EAST]]",False,-99.0,4589,False,Success
CCS,2017_11.tif,E:\Geospatial\Precipitation Downscaling\Precipitation-Downscaling-Khulna\data\processed\rasters_aligned\monthly\CCS\2017_11.tif,bilinear,"GEOGCS[""WGS 84"",DATUM[""World Geodetic System 1984"",SPHEROID[""WGS 84"",6378137,298.257223563]],PRIMEM[""Greenwich"",0],UNIT[""degree"",0.0174532925199433,AUTHORITY[""EPSG"",""9122""]],AXIS[""Latitude"",NORTH],AXIS[""Longitude"",EAST]]","GEOGCS[""WGS 84"",DATUM[""World Geodetic System 1984"",SPHEROID[""WGS 84"",6378137,298.257223563]],PRIMEM[""Greenwich"",0],UNIT[""degree"",0.0174532925199433,AUTHORITY[""EPSG"",""9122""]],AXIS[""Latitude"",NORTH],AXIS[""Longitude"",EAST]]",False,-99.0,4589,False,Success
CCS,2017_12.tif,E:\Geospatial\Precipitation Downscaling\Precipitation-Downscaling-Khulna\data\processed\rasters_aligned\monthly\CCS\2017_12.tif,bilinear,"GEOGCS[""WGS 84"",DATUM[""World Geodetic System 1984"",SPHEROID[""WGS 84"",6378137,298.257223563]],PRIMEM[""Greenwich"",0],UNIT[""degree"",0.0174532925199433,AUTHORITY[""EPSG"",""9122""]],AXIS[""Latitude"",NORTH],AXIS[""Longitude"",EAST]]","GEOGCS[""WGS 84"",DATUM[""World Geodetic System 1984"",SPHEROID[""WGS 84"",6378137,298.257223563]],PRIMEM[""Greenwich"",0],UNIT[""degree"",0.0174532925199433,AUTHORITY[""EPSG"",""9122""]],AXIS[""Latitude"",NORTH],AXIS[""Longitude"",EAST]]",False,-99.0,4589,False,Success
CCS,2018_01.tif,E:\Geospatial\Precipitation Downscaling\Precipitation-Downscaling-Khulna\data\processed\rasters_aligned\monthly\CCS\2018_01.tif,bilinear,"GEOGCS[""WGS 84"",DATUM[""World Geodetic System 1984"",SPHEROID[""WGS 84"",6378137,298.257223563]],PRIMEM[""Greenwich"",0],UNIT[""degree"",0.0174532925199433,AUTHORITY[""EPSG"",""9122""]],AXIS[""Latitude"",NORTH],AXIS[""Longitude"",EAST]]","GEOGCS[""WGS 84"",DATUM[""World Geodetic System 1984"",SPHEROID[""WGS 84"",6378137,298.257223563]],PRIMEM[""Greenwich"",0],UNIT[""degree"",0.0174532925199433,AUTHORITY[""EPSG"",""9122""]],AXIS[""Latitude"",NORTH],AXIS[""Longitude"",EAST]]",False,-99.0,4589,False,Success
CCS,2018_02.tif,E:\Geospatial\Precipitation Downscaling\Precipitation-Downscaling-Khulna\data\processed\rasters_aligned\monthly\CCS\2018_02.tif,bilinear,"GEOGCS[""WGS 84"",DATUM[""World Geodetic System 1984"",SPHEROID[""WGS 84"",6378137,298.257223563]],PRIMEM[""Greenwich"",0],UNIT[""degree"",0.0174532925199433,AUTHORITY[""EPSG"",""9122""]],AXIS[""Latitude"",NORTH],AXIS[""Longitude"",EAST]]","GEOGCS[""WGS 84"",DATUM[""World Geodetic System 1984"",SPHEROID[""WGS 84"",6378137,298.257223563]],PRIMEM[""Greenwich"",0],UNIT[""degree"",0.0174532925199433,AUTHORITY[""EPSG"",""9122""]],AXIS[""Latitude"",NORTH],AXIS[""Longitude"",EAST]]",False,-99.0,4589,False,Success
CCS,2018_03.tif,E:\Geospatial\Precipitation Downscaling\Precipitation-Downscaling-Khulna\data\processed\rasters_aligned\monthly\CCS\2018_03.tif,bilinear,"GEOGCS[""WGS 84"",DATUM[""World Geodetic System 1984"",SPHEROID[""WGS 84"",6378137,298.257223563]],PRIMEM[""Greenwich"",0],UNIT[""degree"",0.0174532925199433,AUTHORITY[""EPSG"",""9122""]],AXIS[""Latitude"",NORTH],AXIS[""Longitude"",EAST]]","GEOGCS[""WGS 84"",DATUM[""World Geodetic System 1984"",SPHEROID[""WGS 84"",6378137,298.257223563]],PRIMEM[""Greenwich"",0],UNIT[""degree"",0.0174532925199433,AUTHORITY[""EPSG"",""9122""]],AXIS[""Latitude"",NORTH],AXIS[""Longitude"",EAST]]",False,-99.0,4589,False,Success
CCS,2018_04.tif,E:\Geospatial\Precipitation Downscaling\Precipitation-Downscaling-Khulna\data\processed\rasters_aligned\monthly\CCS\2018_04.tif,bilinear,"GEOGCS[""WGS 84"",DATUM[""World Geodetic System 1984"",SPHEROID[""WGS 84"",6378137,298.257223563]],PRIMEM[""Greenwich"",0],UNIT[""degree"",0.0174532925199433,AUTHORITY[""EPSG"",""9122""]],AXIS[""Latitude"",NORTH],AXIS[""Longitude"",EAST]]","GEOGCS[""WGS 84"",DATUM[""World Geodetic System 1984"",SPHEROID[""WGS 84"",6378137,298.257223563]],PRIMEM[""Greenwich"",0],UNIT[""degree"",0.0174532925199433,AUTHORITY[""EPSG"",""9122""]],AXIS[""Latitude"",NORTH],AXIS[""Longitude"",EAST]]",False,-99.0,4589,False,Success
CCS,2018_05.tif,E:\Geospatial\Precipitation Downscaling\Precipitation-Downscaling-Khulna\data\processed\rasters_aligned\monthly\CCS\2018_05.tif,bilinear,"GEOGCS[""WGS 84"",DATUM[""World Geodetic System 1984"",SPHEROID[""WGS 84"",6378137,298.257223563]],PRIMEM[""Greenwich"",0],UNIT[""degree"",0.0174532925199433,AUTHORITY[""EPSG"",""9122""]],AXIS[""Latitude"",NORTH],AXIS[""Longitude"",EAST]]","GEOGCS[""WGS 84"",DATUM[""World Geodetic System 1984"",SPHEROID[""WGS 84"",6378137,298.257223563]],PRIMEM[""Greenwich"",0],UNIT[""degree"",0.0174532925199433,AUTHORITY[""EPSG"",""9122""]],AXIS[""Latitude"",NORTH],AXIS[""Longitude"",EAST]]",False,-99.0,4589,False,Success
CCS,2018_06.tif,E:\Geospatial\Precipitation Downscaling\Precipitation-Downscaling-Khulna\data\processed\rasters_aligned\monthly\CCS\2018_06.tif,bilinear,"GEOGCS[""WGS 84"",DATUM[""World Geodetic System 1984"",SPHEROID[""WGS 84"",6378137,298.257223563]],PRIMEM[""Greenwich"",0],UNIT[""degree"",0.0174532925199433,AUTHORITY[""EPSG"",""9122""]],AXIS[""Latitude"",NORTH],AXIS[""Longitude"",EAST]]","GEOGCS[""WGS 84"",DATUM[""World Geodetic System 1984"",SPHEROID[""WGS 84"",6378137,298.257223563]],PRIMEM[""Greenwich"",0],UNIT[""degree"",0.0174532925199433,AUTHORITY[""EPSG"",""9122""]],AXIS[""Latitude"",NORTH],AXIS[""Longitude"",EAST]]",False,-99.0,4589,False,Success
CCS,2018_07.tif,E:\Geospatial\Precipitation Downscaling\Precipitation-Downscaling-Khulna\data\processed\rasters_aligned\monthly\CCS\2018_07.tif,bilinear,"GEOGCS[""WGS 84"",DATUM[""World Geodetic System 1984"",SPHEROID[""WGS 84"",6378137,298.257223563]],PRIMEM[""Greenwich"",0],UNIT[""degree"",0.0174532925199433,AUTHORITY[""EPSG"",""9122""]],AXIS[""Latitude"",NORTH],AXIS[""Longitude"",EAST]]","GEOGCS[""WGS 84"",DATUM[""World Geodetic System 1984"",SPHEROID[""WGS 84"",6378137,298.257223563]],PRIMEM[""Greenwich"",0],UNIT[""degree"",0.0174532925199433,AUTHORITY[""EPSG"",""9122""]],AXIS[""Latitude"",NORTH],AXIS[""Longitude"",EAST]]",False,-99.0,4589,False,Success
CCS,2018_08.tif,E:\Geospatial\Precipitation Downscaling\Precipitation-Downscaling-Khulna\data\processed\rasters_aligned\monthly\CCS\2018_08.tif,bilinear,"GEOGCS[""WGS 84"",DATUM[""World Geodetic System 1984"",SPHEROID[""WGS 84"",6378137,298.257223563]],PRIMEM[""Greenwich"",0],UNIT[""degree"",0.0174532925199433,AUTHORITY[""EPSG"",""9122""]],AXIS[""Latitude"",NORTH],AXIS[""Longitude"",EAST]]","GEOGCS[""WGS 84"",DATUM[""World Geodetic System 1984"",SPHEROID[""WGS 84"",6378137,298.257223563]],PRIMEM[""Greenwich"",0],UNIT[""degree"",0.0174532925199433,AUTHORITY[""EPSG"",""9122""]],AXIS[""Latitude"",NORTH],AXIS[""Longitude"",EAST]]",False,-99.0,4589,False,Success
CCS,2018_09.tif,E:\Geospatial\Precipitation Downscaling\Precipitation-Downscaling-Khulna\data\processed\rasters_aligned\monthly\CCS\2018_09.tif,bilinear,"GEOGCS[""WGS 84"",DATUM[""World Geodetic System 1984"",SPHEROID[""WGS 84"",6378137,298.257223563]],PRIMEM[""Greenwich"",0],UNIT[""degree"",0.0174532925199433,AUTHORITY[""EPSG"",""9122""]],AXIS[""Latitude"",NORTH],AXIS[""Longitude"",EAST]]","GEOGCS[""WGS 84"",DATUM[""World Geodetic System 1984"",SPHEROID[""WGS 84"",6378137,298.257223563]],PRIMEM[""Greenwich"",0],UNIT[""degree"",0.0174532925199433,AUTHORITY[""EPSG"",""9122""]],AXIS[""Latitude"",NORTH],AXIS[""Longitude"",EAST]]",False,-99.0,4589,False,Success
CCS,2018_10.tif,E:\Geospatial\Precipitation Downscaling\Precipitation-Downscaling-Khulna\data\processed\rasters_aligned\monthly\CCS\2018_10.tif,bilinear,"GEOGCS[""WGS 84"",DATUM[""World Geodetic System 1984"",SPHEROID[""WGS 84"",6378137,298.257223563]],PRIMEM[""Greenwich"",0],UNIT[""degree"",0.0174532925199433,AUTHORITY[""EPSG"",""9122""]],AXIS[""Latitude"",NORTH],AXIS[""Longitude"",EAST]]","GEOGCS[""WGS 84"",DATUM[""World Geodetic System 1984"",SPHEROID[""WGS 84"",6378137,298.257223563]],PRIMEM[""Greenwich"",0],UNIT[""degree"",0.0174532925199433,AUTHORITY[""EPSG"",""9122""]],AXIS[""Latitude"",NORTH],AXIS[""Longitude"",EAST]]",False,-99.0,4589,False,Success
CCS,2018_11.tif,E:\Geospatial\Precipitation Downscaling\Precipitation-Downscaling-Khulna\data\processed\rasters_aligned\monthly\CCS\2018_11.tif,bilinear,"GEOGCS[""WGS 84"",DATUM[""World Geodetic System 1984"",SPHEROID[""WGS 84"",6378137,298.257223563]],PRIMEM[""Greenwich"",0],UNIT[""degree"",0.0174532925199433,AUTHORITY[""EPSG"",""9122""]],AXIS[""Latitude"",NORTH],AXIS[""Longitude"",EAST]]","GEOGCS[""WGS 84"",DATUM[""World Geodetic System 1984"",SPHEROID[""WGS 84"",6378137,298.257223563]],PRIMEM[""Greenwich"",0],UNIT[""degree"",0.0174532925199433,AUTHORITY[""EPSG"",""9122""]],AXIS[""Latitude"",NORTH],AXIS[""Longitude"",EAST]]",False,-99.0,4589,False,Success
CCS,2018_12.tif,E:\Geospatial\Precipitation Downscaling\Precipitation-Downscaling-Khulna\data\processed\rasters_aligned\monthly\CCS\2018_12.tif,bilinear,"GEOGCS[""WGS 84"",DATUM[""World Geodetic System 1984"",SPHEROID[""WGS 84"",6378137,298.257223563]],PRIMEM[""Greenwich"",0],UNIT[""degree"",0.0174532925199433,AUTHORITY[""EPSG"",""9122""]],AXIS[""Latitude"",NORTH],AXIS[""Longitude"",EAST]]","GEOGCS[""WGS 84"",DATUM[""World Geodetic System 1984"",SPHEROID[""WGS 84"",6378137,298.257223563]],PRIMEM[""Greenwich"",0],UNIT[""degree"",0.0174532925199433,AUTHORITY[""EPSG"",""9122""]],AXIS[""Latitude"",NORTH],AXIS[""Longitude"",EAST]]",False,-99.0,4589,False,Success
CCS,2019_01.tif,E:\Geospatial\Precipitation Downscaling\Precipitation-Downscaling-Khulna\data\processed\rasters_aligned\monthly\CCS\2019_01.tif,bilinear,"GEOGCS[""WGS 84"",DATUM[""World Geodetic System 1984"",SPHEROID[""WGS 84"",6378137,298.257223563]],PRIMEM[""Greenwich"",0],UNIT[""degree"",0.0174532925199433,AUTHORITY[""EPSG"",""9122""]],AXIS[""Latitude"",NORTH],AXIS[""Longitude"",EAST]]","GEOGCS[""WGS 84"",DATUM[""World Geodetic System 1984"",SPHEROID[""WGS 84"",6378137,298.257223563]],PRIMEM[""Greenwich"",0],UNIT[""degree"",0.0174532925199433,AUTHORITY[""EPSG"",""9122""]],AXIS[""Latitude"",NORTH],AXIS[""Longitude"",EAST]]",False,-99.0,4589,False,Success
CCS,2019_02.tif,E:\Geospatial\Precipitation Downscaling\Precipitation-Downscaling-Khulna\data\processed\rasters_aligned\monthly\CCS\2019_02.tif,bilinear,"GEOGCS[""WGS 84"",DATUM[""World Geodetic System 1984"",SPHEROID[""WGS 84"",6378137,298.257223563]],PRIMEM[""Greenwich"",0],UNIT[""degree"",0.0174532925199433,AUTHORITY[""EPSG"",""9122""]],AXIS[""Latitude"",NORTH],AXIS[""Longitude"",EAST]]","GEOGCS[""WGS 84"",DATUM[""World Geodetic System 1984"",SPHEROID[""WGS 84"",6378137,298.257223563]],PRIMEM[""Greenwich"",0],UNIT[""degree"",0.0174532925199433,AUTHORITY[""EPSG"",""9122""]],AXIS[""Latitude"",NORTH],AXIS[""Longitude"",EAST]]",False,-99.0,4589,False,Success
CCS,2019_03.tif,E:\Geospatial\Precipitation Downscaling\Precipitation-Downscaling-Khulna\data\processed\rasters_aligned\monthly\CCS\2019_03.tif,bilinear,"GEOGCS[""WGS 84"",DATUM[""World Geodetic System 1984"",SPHEROID[""WGS 84"",6378137,298.257223563]],PRIMEM[""Greenwich"",0],UNIT[""degree"",0.0174532925199433,AUTHORITY[""EPSG"",""9122""]],AXIS[""Latitude"",NORTH],AXIS[""Longitude"",EAST]]","GEOGCS[""WGS 84"",DATUM[""World Geodetic System 1984"",SPHEROID[""WGS 84"",6378137,298.257223563]],PRIMEM[""Greenwich"",0],UNIT[""degree"",0.0174532925199433,AUTHORITY[""EPSG"",""9122""]],AXIS[""Latitude"",NORTH],AXIS[""Longitude"",EAST]]",False,-99.0,4589,False,Success
CCS,2019_04.tif,E:\Geospatial\Precipitation Downscaling\Precipitation-Downscaling-Khulna\data\processed\rasters_aligned\monthly\CCS\2019_04.tif,bilinear,"GEOGCS[""WGS 84"",DATUM[""World Geodetic System 1984"",SPHEROID[""WGS 84"",6378137,298.257223563]],PRIMEM[""Greenwich"",0],UNIT[""degree"",0.0174532925199433,AUTHORITY[""EPSG"",""9122""]],AXIS[""Latitude"",NORTH],AXIS[""Longitude"",EAST]]","GEOGCS[""WGS 84"",DATUM[""World Geodetic System 1984"",SPHEROID[""WGS 84"",6378137,298.257223563]],PRIMEM[""Greenwich"",0],UNIT[""degree"",0.0174532925199433,AUTHORITY[""EPSG"",""9122""]],AXIS[""Latitude"",NORTH],AXIS[""Longitude"",EAST]]",False,-99.0,4589,False,Success
CCS,2019_05.tif,E:\Geospatial\Precipitation Downscaling\Precipitation-Downscaling-Khulna\data\processed\rasters_aligned\monthly\CCS\2019_05.tif,bilinear,"GEOGCS[""WGS 84"",DATUM[""World Geodetic System 1984"",SPHEROID[""WGS 84"",6378137,298.257223563]],PRIMEM[""Greenwich"",0],UNIT[""degree"",0.0174532925199433,AUTHORITY[""EPSG"",""9122""]],AXIS[""Latitude"",NORTH],AXIS[""Longitude"",EAST]]","GEOGCS[""WGS 84"",DATUM[""World Geodetic System 1984"",SPHEROID[""WGS 84"",6378137,298.257223563]],PRIMEM[""Greenwich"",0],UNIT[""degree"",0.0174532925199433,AUTHORITY[""EPSG"",""9122""]],AXIS[""Latitude"",NORTH],AXIS[""Longitude"",EAST]]",False,-99.0,4589,False,Success
CCS,2019_06.tif,E:\Geospatial\Precipitation Downscaling\Precipitation-Downscaling-Khulna\data\processed\rasters_aligned\monthly\CCS\2019_06.tif,bilinear,"GEOGCS[""WGS 84"",DATUM[""World Geodetic System 1984"",SPHEROID[""WGS 84"",6378137,298.257223563]],PRIMEM[""Greenwich"",0],UNIT[""degree"",0.0174532925199433,AUTHORITY[""EPSG"",""9122""]],AXIS[""Latitude"",NORTH],AXIS[""Longitude"",EAST]]","GEOGCS[""WGS 84"",DATUM[""World Geodetic System 1984"",SPHEROID[""WGS 84"",6378137,298.257223563]],PRIMEM[""Greenwich"",0],UNIT[""degree"",0.0174532925199433,AUTHORITY[""EPSG"",""9122""]],AXIS[""Latitude"",NORTH],AXIS[""Longitude"",EAST]]",False,-99.0,4589,False,Success
CCS,2019_07.tif,E:\Geospatial\Precipitation Downscaling\Precipitation-Downscaling-Khulna\data\processed\rasters_aligned\monthly\CCS\2019_07.tif,bilinear,"GEOGCS[""WGS 84"",DATUM[""World Geodetic System 1984"",SPHEROID[""WGS 84"",6378137,298.257223563]],PRIMEM[""Greenwich"",0],UNIT[""degree"",0.0174532925199433,AUTHORITY[""EPSG"",""9122""]],AXIS[""Latitude"",NORTH],AXIS[""Longitude"",EAST]]","GEOGCS[""WGS 84"",DATUM[""World Geodetic System 1984"",SPHEROID[""WGS 84"",6378137,298.257223563]],PRIMEM[""Greenwich"",0],UNIT[""degree"",0.0174532925199433,AUTHORITY[""EPSG"",""9122""]],AXIS[""Latitude"",NORTH],AXIS[""Longitude"",EAST]]",False,-99.0,4589,False,Success
CCS,2019_08.tif,E:\Geospatial\Precipitation Downscaling\Precipitation-Downscaling-Khulna\data\processed\rasters_aligned\monthly\CCS\2019_08.tif,bilinear,"GEOGCS[""WGS 84"",DATUM[""World Geodetic System 1984"",SPHEROID[""WGS 84"",6378137,298.257223563]],PRIMEM[""Greenwich"",0],UNIT[""degree"",0.0174532925199433,AUTHORITY[""EPSG"",""9122""]],AXIS[""Latitude"",NORTH],AXIS[""Longitude"",EAST]]","GEOGCS[""WGS 84"",DATUM[""World Geodetic System 1984"",SPHEROID[""WGS 84"",6378137,298.257223563]],PRIMEM[""Greenwich"",0],UNIT[""degree"",0.0174532925199433,AUTHORITY[""EPSG"",""9122""]],AXIS[""Latitude"",NORTH],AXIS[""Longitude"",EAST]]",False,-99.0,4589,False,Success
CCS,2019_09.tif,E:\Geospatial\Precipitation Downscaling\Precipitation-Downscaling-Khulna\data\processed\rasters_aligned\monthly\CCS\2019_09.tif,bilinear,"GEOGCS[""WGS 84"",DATUM[""World Geodetic System 1984"",SPHEROID[""WGS 84"",6378137,298.257223563]],PRIMEM[""Greenwich"",0],UNIT[""degree"",0.0174532925199433,AUTHORITY[""EPSG"",""9122""]],AXIS[""Latitude"",NORTH],AXIS[""Longitude"",EAST]]","GEOGCS[""WGS 84"",DATUM[""World Geodetic System 1984"",SPHEROID[""WGS 84"",6378137,298.257223563]],PRIMEM[""Greenwich"",0],UNIT[""degree"",0.0174532925199433,AUTHORITY[""EPSG"",""9122""]],AXIS[""Latitude"",NORTH],AXIS[""Longitude"",EAST]]",False,-99.0,4589,False,Success
CCS,2019_10.tif,E:\Geospatial\Precipitation Downscaling\Precipitation-Downscaling-Khulna\data\processed\rasters_aligned\monthly\CCS\2019_10.tif,bilinear,"GEOGCS[""WGS 84"",DATUM[""World Geodetic System 1984"",SPHEROID[""WGS 84"",6378137,298.257223563]],PRIMEM[""Greenwich"",0],UNIT[""degree"",0.0174532925199433,AUTHORITY[""EPSG"",""9122""]],AXIS[""Latitude"",NORTH],AXIS[""Longitude"",EAST]]","GEOGCS[""WGS 84"",DATUM[""World Geodetic System 1984"",SPHEROID[""WGS 84"",6378137,298.257223563]],PRIMEM[""Greenwich"",0],UNIT[""degree"",0.0174532925199433,AUTHORITY[""EPSG"",""9122""]],AXIS[""Latitude"",NORTH],AXIS[""Longitude"",EAST]]",False,-99.0,4589,False,Success
CCS,2019_11.tif,E:\Geospatial\Precipitation Downscaling\Precipitation-Downscaling-Khulna\data\processed\rasters_aligned\monthly\CCS\2019_11.tif,bilinear,"GEOGCS[""WGS 84"",DATUM[""World Geodetic System 1984"",SPHEROID[""WGS 84"",6378137,298.257223563]],PRIMEM[""Greenwich"",0],UNIT[""degree"",0.0174532925199433,AUTHORITY[""EPSG"",""9122""]],AXIS[""Latitude"",NORTH],AXIS[""Longitude"",EAST]]","GEOGCS[""WGS 84"",DATUM[""World Geodetic System 1984"",SPHEROID[""WGS 84"",6378137,298.257223563]],PRIMEM[""Greenwich"",0],UNIT[""degree"",0.0174532925199433,AUTHORITY[""EPSG"",""9122""]],AXIS[""Latitude"",NORTH],AXIS[""Longitude"",EAST]]",False,-99.0,4589,False,Success
CCS,2019_12.tif,E:\Geospatial\Precipitation Downscaling\Precipitation-Downscaling-Khulna\data\processed\rasters_aligned\monthly\CCS\2019_12.tif,bilinear,"GEOGCS[""WGS 84"",DATUM[""World Geodetic System 1984"",SPHEROID[""WGS 84"",6378137,298.257223563]],PRIMEM[""Greenwich"",0],UNIT[""degree"",0.0174532925199433,AUTHORITY[""EPSG"",""9122""]],AXIS[""Latitude"",NORTH],AXIS[""Longitude"",EAST]]","GEOGCS[""WGS 84"",DATUM[""World Geodetic System 1984"",SPHEROID[""WGS 84"",6378137,298.257223563]],PRIMEM[""Greenwich"",0],UNIT[""degree"",0.0174532925199433,AUTHORITY[""EPSG"",""9122""]],AXIS[""Latitude"",NORTH],AXIS[""Longitude"",EAST]]",False,-99.0,4589,False,Success
CCS,2020_01.tif,E:\Geospatial\Precipitation Downscaling\Precipitation-Downscaling-Khulna\data\processed\rasters_aligned\monthly\CCS\2020_01.tif,bilinear,"GEOGCS[""WGS 84"",DATUM[""World Geodetic System 1984"",SPHEROID[""WGS 84"",6378137,298.257223563]],PRIMEM[""Greenwich"",0],UNIT[""degree"",0.0174532925199433,AUTHORITY[""EPSG"",""9122""]],AXIS[""Latitude"",NORTH],AXIS[""Longitude"",EAST]]","GEOGCS[""WGS 84"",DATUM[""World Geodetic System 1984"",SPHEROID[""WGS 84"",6378137,298.257223563]],PRIMEM[""Greenwich"",0],UNIT[""degree"",0.0174532925199433,AUTHORITY[""EPSG"",""9122""]],AXIS[""Latitude"",NORTH],AXIS[""Longitude"",EAST]]",False,-99.0,4589,False,Success
CCS,2020_02.tif,E:\Geospatial\Precipitation Downscaling\Precipitation-Downscaling-Khulna\data\processed\rasters_aligned\monthly\CCS\2020_02.tif,bilinear,"GEOGCS[""WGS 84"",DATUM[""World Geodetic System 1984"",SPHEROID[""WGS 84"",6378137,298.257223563]],PRIMEM[""Greenwich"",0],UNIT[""degree"",0.0174532925199433,AUTHORITY[""EPSG"",""9122""]],AXIS[""Latitude"",NORTH],AXIS[""Longitude"",EAST]]","GEOGCS[""WGS 84"",DATUM[""World Geodetic System 1984"",SPHEROID[""WGS 84"",6378137,298.257223563]],PRIMEM[""Greenwich"",0],UNIT[""degree"",0.0174532925199433,AUTHORITY[""EPSG"",""9122""]],AXIS[""Latitude"",NORTH],AXIS[""Longitude"",EAST]]",False,-99.0,4589,False,Success
CCS,2020_03.tif,E:\Geospatial\Precipitation Downscaling\Precipitation-Downscaling-Khulna\data\processed\rasters_aligned\monthly\CCS\2020_03.tif,bilinear,"GEOGCS[""WGS 84"",DATUM[""World Geodetic System 1984"",SPHEROID[""WGS 84"",6378137,298.257223563]],PRIMEM[""Greenwich"",0],UNIT[""degree"",0.0174532925199433,AUTHORITY[""EPSG"",""9122""]],AXIS[""Latitude"",NORTH],AXIS[""Longitude"",EAST]]","GEOGCS[""WGS 84"",DATUM[""World Geodetic System 1984"",SPHEROID[""WGS 84"",6378137,298.257223563]],PRIMEM[""Greenwich"",0],UNIT[""degree"",0.0174532925199433,AUTHORITY[""EPSG"",""9122""]],AXIS[""Latitude"",NORTH],AXIS[""Longitude"",EAST]]",False,-99.0,4589,False,Success
CCS,2020_04.tif,E:\Geospatial\Precipitation Downscaling\Precipitation-Downscaling-Khulna\data\processed\rasters_aligned\monthly\CCS\2020_04.tif,bilinear,"GEOGCS[""WGS 84"",DATUM[""World Geodetic System 1984"",SPHEROID[""WGS 84"",6378137,298.257223563]],PRIMEM[""Greenwich"",0],UNIT[""degree"",0.0174532925199433,AUTHORITY[""EPSG"",""9122""]],AXIS[""Latitude"",NORTH],AXIS[""Longitude"",EAST]]","GEOGCS[""WGS 84"",DATUM[""World Geodetic System 1984"",SPHEROID[""WGS 84"",6378137,298.257223563]],PRIMEM[""Greenwich"",0],UNIT[""degree"",0.0174532925199433,AUTHORITY[""EPSG"",""9122""]],AXIS[""Latitude"",NORTH],AXIS[""Longitude"",EAST]]",False,-99.0,4589,False,Success
CCS,2020_05.tif,E:\Geospatial\Precipitation Downscaling\Precipitation-Downscaling-Khulna\data\processed\rasters_aligned\monthly\CCS\2020_05.tif,bilinear,"GEOGCS[""WGS 84"",DATUM[""World Geodetic System 1984"",SPHEROID[""WGS 84"",6378137,298.257223563]],PRIMEM[""Greenwich"",0],UNIT[""degree"",0.0174532925199433,AUTHORITY[""EPSG"",""9122""]],AXIS[""Latitude"",NORTH],AXIS[""Longitude"",EAST]]","GEOGCS[""WGS 84"",DATUM[""World Geodetic System 1984"",SPHEROID[""WGS 84"",6378137,298.257223563]],PRIMEM[""Greenwich"",0],UNIT[""degree"",0.0174532925199433,AUTHORITY[""EPSG"",""9122""]],AXIS[""Latitude"",NORTH],AXIS[""Longitude"",EAST]]",False,-99.0,4589,False,Success
CCS,2020_06.tif,E:\Geospatial\Precipitation Downscaling\Precipitation-Downscaling-Khulna\data\processed\rasters_aligned\monthly\CCS\2020_06.tif,bilinear,"GEOGCS[""WGS 84"",DATUM[""World Geodetic System 1984"",SPHEROID[""WGS 84"",6378137,298.257223563]],PRIMEM[""Greenwich"",0],UNIT[""degree"",0.0174532925199433,AUTHORITY[""EPSG"",""9122""]],AXIS[""Latitude"",NORTH],AXIS[""Longitude"",EAST]]","GEOGCS[""WGS 84"",DATUM[""World Geodetic System 1984"",SPHEROID[""WGS 84"",6378137,298.257223563]],PRIMEM[""Greenwich"",0],UNIT[""degree"",0.0174532925199433,AUTHORITY[""EPSG"",""9122""]],AXIS[""Latitude"",NORTH],AXIS[""Longitude"",EAST]]",False,-99.0,4589,False,Success
CCS,2020_07.tif,E:\Geospatial\Precipitation Downscaling\Precipitation-Downscaling-Khulna\data\processed\rasters_aligned\monthly\CCS\2020_07.tif,bilinear,"GEOGCS[""WGS 84"",DATUM[""World Geodetic System 1984"",SPHEROID[""WGS 84"",6378137,298.257223563]],PRIMEM[""Greenwich"",0],UNIT[""degree"",0.0174532925199433,AUTHORITY[""EPSG"",""9122""]],AXIS[""Latitude"",NORTH],AXIS[""Longitude"",EAST]]","GEOGCS[""WGS 84"",DATUM[""World Geodetic System 1984"",SPHEROID[""WGS 84"",6378137,298.257223563]],PRIMEM[""Greenwich"",0],UNIT[""degree"",0.0174532925199433,AUTHORITY[""EPSG"",""9122""]],AXIS[""Latitude"",NORTH],AXIS[""Longitude"",EAST]]",False,-99.0,4589,False,Success
CCS,2020_08.tif,E:\Geospatial\Precipitation Downscaling\Precipitation-Downscaling-Khulna\data\processed\rasters_aligned\monthly\CCS\2020_08.tif,bilinear,"GEOGCS[""WGS 84"",DATUM[""World Geodetic System 1984"",SPHEROID[""WGS 84"",6378137,298.257223563]],PRIMEM[""Greenwich"",0],UNIT[""degree"",0.0174532925199433,AUTHORITY[""EPSG"",""9122""]],AXIS[""Latitude"",NORTH],AXIS[""Longitude"",EAST]]","GEOGCS[""WGS 84"",DATUM[""World Geodetic System 1984"",SPHEROID[""WGS 84"",6378137,298.257223563]],PRIMEM[""Greenwich"",0],UNIT[""degree"",0.0174532925199433,AUTHORITY[""EPSG"",""9122""]],AXIS[""Latitude"",NORTH],AXIS[""Longitude"",EAST]]",False,-99.0,4589,False,Success
CCS,2020_09.tif,E:\Geospatial\Precipitation Downscaling\Precipitation-Downscaling-Khulna\data\processed\rasters_aligned\monthly\CCS\2020_09.tif,bilinear,"GEOGCS[""WGS 84"",DATUM[""World Geodetic System 1984"",SPHEROID[""WGS 84"",6378137,298.257223563]],PRIMEM[""Greenwich"",0],UNIT[""degree"",0.0174532925199433,AUTHORITY[""EPSG"",""9122""]],AXIS[""Latitude"",NORTH],AXIS[""Longitude"",EAST]]","GEOGCS[""WGS 84"",DATUM[""World Geodetic System 1984"",SPHEROID[""WGS 84"",6378137,298.257223563]],PRIMEM[""Greenwich"",0],UNIT[""degree"",0.0174532925199433,AUTHORITY[""EPSG"",""9122""]],AXIS[""Latitude"",NORTH],AXIS[""Longitude"",EAST]]",False,-99.0,4589,False,Success
CCS,2020_10.tif,E:\Geospatial\Precipitation Downscaling\Precipitation-Downscaling-Khulna\data\processed\rasters_aligned\monthly\CCS\2020_10.tif,bilinear,"GEOGCS[""WGS 84"",DATUM[""World Geodetic System 1984"",SPHEROID[""WGS 84"",6378137,298.257223563]],PRIMEM[""Greenwich"",0],UNIT[""degree"",0.0174532925199433,AUTHORITY[""EPSG"",""9122""]],AXIS[""Latitude"",NORTH],AXIS[""Longitude"",EAST]]","GEOGCS[""WGS 84"",DATUM[""World Geodetic System 1984"",SPHEROID[""WGS 84"",6378137,298.257223563]],PRIMEM[""Greenwich"",0],UNIT[""degree"",0.0174532925199433,AUTHORITY[""EPSG"",""9122""]],AXIS[""Latitude"",NORTH],AXIS[""Longitude"",EAST]]",False,-99.0,4589,False,Success
CCS,2020_11.tif,E:\Geospatial\Precipitation Downscaling\Precipitation-Downscaling-Khulna\data\processed\rasters_aligned\monthly\CCS\2020_11.tif,bilinear,"GEOGCS[""WGS 84"",DATUM[""World Geodetic System 1984"",SPHEROID[""WGS 84"",6378137,298.257223563]],PRIMEM[""Greenwich"",0],UNIT[""degree"",0.0174532925199433,AUTHORITY[""EPSG"",""9122""]],AXIS[""Latitude"",NORTH],AXIS[""Longitude"",EAST]]","GEOGCS[""WGS 84"",DATUM[""World Geodetic System 1984"",SPHEROID[""WGS 84"",6378137,298.257223563]],PRIMEM[""Greenwich"",0],UNIT[""degree"",0.0174532925199433,AUTHORITY[""EPSG"",""9122""]],AXIS[""Latitude"",NORTH],AXIS[""Longitude"",EAST]]",False,-99.0,4589,False,Success
CCS,2020_12.tif,E:\Geospatial\Precipitation Downscaling\Precipitation-Downscaling-Khulna\data\processed\rasters_aligned\monthly\CCS\2020_12.tif,bilinear,"GEOGCS[""WGS 84"",DATUM[""World Geodetic System 1984"",SPHEROID[""WGS 84"",6378137,298.257223563]],PRIMEM[""Greenwich"",0],UNIT[""degree"",0.0174532925199433,AUTHORITY[""EPSG"",""9122""]],AXIS[""Latitude"",NORTH],AXIS[""Longitude"",EAST]]","GEOGCS[""WGS 84"",DATUM[""World Geodetic System 1984"",SPHEROID[""WGS 84"",6378137,298.257223563]],PRIMEM[""Greenwich"",0],UNIT[""degree"",0.0174532925199433,AUTHORITY[""EPSG"",""9122""]],AXIS[""Latitude"",NORTH],AXIS[""Longitude"",EAST]]",False,-99.0,4589,False,Success
CCS,2021_01.tif,E:\Geospatial\Precipitation Downscaling\Precipitation-Downscaling-Khulna\data\processed\rasters_aligned\monthly\CCS\2021_01.tif,bilinear,"GEOGCS[""WGS 84"",DATUM[""World Geodetic System 1984"",SPHEROID[""WGS 84"",6378137,298.257223563]],PRIMEM[""Greenwich"",0],UNIT[""degree"",0.0174532925199433,AUTHORITY[""EPSG"",""9122""]],AXIS[""Latitude"",NORTH],AXIS[""Longitude"",EAST]]","GEOGCS[""WGS 84"",DATUM[""World Geodetic System 1984"",SPHEROID[""WGS 84"",6378137,298.257223563]],PRIMEM[""Greenwich"",0],UNIT[""degree"",0.0174532925199433,AUTHORITY[""EPSG"",""9122""]],AXIS[""Latitude"",NORTH],AXIS[""Longitude"",EAST]]",False,-99.0,4589,False,Success
CCS,2021_02.tif,E:\Geospatial\Precipitation Downscaling\Precipitation-Downscaling-Khulna\data\processed\rasters_aligned\monthly\CCS\2021_02.tif,bilinear,"GEOGCS[""WGS 84"",DATUM[""World Geodetic System 1984"",SPHEROID[""WGS 84"",6378137,298.257223563]],PRIMEM[""Greenwich"",0],UNIT[""degree"",0.0174532925199433,AUTHORITY[""EPSG"",""9122""]],AXIS[""Latitude"",NORTH],AXIS[""Longitude"",EAST]]","GEOGCS[""WGS 84"",DATUM[""World Geodetic System 1984"",SPHEROID[""WGS 84"",6378137,298.257223563]],PRIMEM[""Greenwich"",0],UNIT[""degree"",0.0174532925199433,AUTHORITY[""EPSG"",""9122""]],AXIS[""Latitude"",NORTH],AXIS[""Longitude"",EAST]]",False,-99.0,4589,False,Success
CCS,2021_03.tif,E:\Geospatial\Precipitation Downscaling\Precipitation-Downscaling-Khulna\data\processed\rasters_aligned\monthly\CCS\2021_03.tif,bilinear,"GEOGCS[""WGS 84"",DATUM[""World Geodetic System 1984"",SPHEROID[""WGS 84"",6378137,298.257223563]],PRIMEM[""Greenwich"",0],UNIT[""degree"",0.0174532925199433,AUTHORITY[""EPSG"",""9122""]],AXIS[""Latitude"",NORTH],AXIS[""Longitude"",EAST]]","GEOGCS[""WGS 84"",DATUM[""World Geodetic System 1984"",SPHEROID[""WGS 84"",6378137,298.257223563]],PRIMEM[""Greenwich"",0],UNIT[""degree"",0.0174532925199433,AUTHORITY[""EPSG"",""9122""]],AXIS[""Latitude"",NORTH],AXIS[""Longitude"",EAST]]",False,-99.0,4589,False,Success
CCS,2021_04.tif,E:\Geospatial\Precipitation Downscaling\Precipitation-Downscaling-Khulna\data\processed\rasters_aligned\monthly\CCS\2021_04.tif,bilinear,"GEOGCS[""WGS 84"",DATUM[""World Geodetic System 1984"",SPHEROID[""WGS 84"",6378137,298.257223563]],PRIMEM[""Greenwich"",0],UNIT[""degree"",0.0174532925199433,AUTHORITY[""EPSG"",""9122""]],AXIS[""Latitude"",NORTH],AXIS[""Longitude"",EAST]]","GEOGCS[""WGS 84"",DATUM[""World Geodetic System 1984"",SPHEROID[""WGS 84"",6378137,298.257223563]],PRIMEM[""Greenwich"",0],UNIT[""degree"",0.0174532925199433,AUTHORITY[""EPSG"",""9122""]],AXIS[""Latitude"",NORTH],AXIS[""Longitude"",EAST]]",False,-99.0,4589,False,Success
CCS,2021_05.tif,E:\Geospatial\Precipitation Downscaling\Precipitation-Downscaling-Khulna\data\processed\rasters_aligned\monthly\CCS\2021_05.tif,bilinear,"GEOGCS[""WGS 84"",DATUM[""World Geodetic System 1984"",SPHEROID[""WGS 84"",6378137,298.257223563]],PRIMEM[""Greenwich"",0],UNIT[""degree"",0.0174532925199433,AUTHORITY[""EPSG"",""9122""]],AXIS[""Latitude"",NORTH],AXIS[""Longitude"",EAST]]","GEOGCS[""WGS 84"",DATUM[""World Geodetic System 1984"",SPHEROID[""WGS 84"",6378137,298.257223563]],PRIMEM[""Greenwich"",0],UNIT[""degree"",0.0174532925199433,AUTHORITY[""EPSG"",""9122""]],AXIS[""Latitude"",NORTH],AXIS[""Longitude"",EAST]]",False,-99.0,4589,False,Success
CCS,2021_06.tif,E:\Geospatial\Precipitation Downscaling\Precipitation-Downscaling-Khulna\data\processed\rasters_aligned\monthly\CCS\2021_06.tif,bilinear,"GEOGCS[""WGS 84"",DATUM[""World Geodetic System 1984"",SPHEROID[""WGS 84"",6378137,298.257223563]],PRIMEM[""Greenwich"",0],UNIT[""degree"",0.0174532925199433,AUTHORITY[""EPSG"",""9122""]],AXIS[""Latitude"",NORTH],AXIS[""Longitude"",EAST]]","GEOGCS[""WGS 84"",DATUM[""World Geodetic System 1984"",SPHEROID[""WGS 84"",6378137,298.257223563]],PRIMEM[""Greenwich"",0],UNIT[""degree"",0.0174532925199433,AUTHORITY[""EPSG"",""9122""]],AXIS[""Latitude"",NORTH],AXIS[""Longitude"",EAST]]",False,-99.0,4589,False,Success
CCS,2021_07.tif,E:\Geospatial\Precipitation Downscaling\Precipitation-Downscaling-Khulna\data\processed\rasters_aligned\monthly\CCS\2021_07.tif,bilinear,"GEOGCS[""WGS 84"",DATUM[""World Geodetic System 1984"",SPHEROID[""WGS 84"",6378137,298.257223563]],PRIMEM[""Greenwich"",0],UNIT[""degree"",0.0174532925199433,AUTHORITY[""EPSG"",""9122""]],AXIS[""Latitude"",NORTH],AXIS[""Longitude"",EAST]]","GEOGCS[""WGS 84"",DATUM[""World Geodetic System 1984"",SPHEROID[""WGS 84"",6378137,298.257223563]],PRIMEM[""Greenwich"",0],UNIT[""degree"",0.0174532925199433,AUTHORITY[""EPSG"",""9122""]],AXIS[""Latitude"",NORTH],AXIS[""Longitude"",EAST]]",False,-99.0,4589,False,Success
CCS,2021_08.tif,E:\Geospatial\Precipitation Downscaling\Precipitation-Downscaling-Khulna\data\processed\rasters_aligned\monthly\CCS\2021_08.tif,bilinear,"GEOGCS[""WGS 84"",DATUM[""World Geodetic System 1984"",SPHEROID[""WGS 84"",6378137,298.257223563]],PRIMEM[""Greenwich"",0],UNIT[""degree"",0.0174532925199433,AUTHORITY[""EPSG"",""9122""]],AXIS[""Latitude"",NORTH],AXIS[""Longitude"",EAST]]","GEOGCS[""WGS 84"",DATUM[""World Geodetic System 1984"",SPHEROID[""WGS 84"",6378137,298.257223563]],PRIMEM[""Greenwich"",0],UNIT[""degree"",0.0174532925199433,AUTHORITY[""EPSG"",""9122""]],AXIS[""Latitude"",NORTH],AXIS[""Longitude"",EAST]]",False,-99.0,4589,False,Success
CCS,2021_09.tif,E:\Geospatial\Precipitation Downscaling\Precipitation-Downscaling-Khulna\data\processed\rasters_aligned\monthly\CCS\2021_09.tif,bilinear,"GEOGCS[""WGS 84"",DATUM[""World Geodetic System 1984"",SPHEROID[""WGS 84"",6378137,298.257223563]],PRIMEM[""Greenwich"",0],UNIT[""degree"",0.0174532925199433,AUTHORITY[""EPSG"",""9122""]],AXIS[""Latitude"",NORTH],AXIS[""Longitude"",EAST]]","GEOGCS[""WGS 84"",DATUM[""World Geodetic System 1984"",SPHEROID[""WGS 84"",6378137,298.257223563]],PRIMEM[""Greenwich"",0],UNIT[""degree"",0.0174532925199433,AUTHORITY[""EPSG"",""9122""]],AXIS[""Latitude"",NORTH],AXIS[""Longitude"",EAST]]",False,-99.0,4589,False,Success
CCS,2021_10.tif,E:\Geospatial\Precipitation Downscaling\Precipitation-Downscaling-Khulna\data\processed\rasters_aligned\monthly\CCS\2021_10.tif,bilinear,"GEOGCS[""WGS 84"",DATUM[""World Geodetic System 1984"",SPHEROID[""WGS 84"",6378137,298.257223563]],PRIMEM[""Greenwich"",0],UNIT[""degree"",0.0174532925199433,AUTHORITY[""EPSG"",""9122""]],AXIS[""Latitude"",NORTH],AXIS[""Longitude"",EAST]]","GEOGCS[""WGS 84"",DATUM[""World Geodetic System 1984"",SPHEROID[""WGS 84"",6378137,298.257223563]],PRIMEM[""Greenwich"",0],UNIT[""degree"",0.0174532925199433,AUTHORITY[""EPSG"",""9122""]],AXIS[""Latitude"",NORTH],AXIS[""Longitude"",EAST]]",False,-99.0,4589,False,Success
CCS,2021_11.tif,E:\Geospatial\Precipitation Downscaling\Precipitation-Downscaling-Khulna\data\processed\rasters_aligned\monthly\CCS\2021_11.tif,bilinear,"GEOGCS[""WGS 84"",DATUM[""World Geodetic System 1984"",SPHEROID[""WGS 84"",6378137,298.257223563]],PRIMEM[""Greenwich"",0],UNIT[""degree"",0.0174532925199433,AUTHORITY[""EPSG"",""9122""]],AXIS[""Latitude"",NORTH],AXIS[""Longitude"",EAST]]","GEOGCS[""WGS 84"",DATUM[""World Geodetic System 1984"",SPHEROID[""WGS 84"",6378137,298.257223563]],PRIMEM[""Greenwich"",0],UNIT[""degree"",0.0174532925199433,AUTHORITY[""EPSG"",""9122""]],AXIS[""Latitude"",NORTH],AXIS[""Longitude"",EAST]]",False,-99.0,4589,False,Success
CCS,2021_12.tif,E:\Geospatial\Precipitation Downscaling\Precipitation-Downscaling-Khulna\data\processed\rasters_aligned\monthly\CCS\2021_12.tif,bilinear,"GEOGCS[""WGS 84"",DATUM[""World Geodetic System 1984"",SPHEROID[""WGS 84"",6378137,298.257223563]],PRIMEM[""Greenwich"",0],UNIT[""degree"",0.0174532925199433,AUTHORITY[""EPSG"",""9122""]],AXIS[""Latitude"",NORTH],AXIS[""Longitude"",EAST]]","GEOGCS[""WGS 84"",DATUM[""World Geodetic System 1984"",SPHEROID[""WGS 84"",6378137,298.257223563]],PRIMEM[""Greenwich"",0],UNIT[""degree"",0.0174532925199433,AUTHORITY[""EPSG"",""9122""]],AXIS[""Latitude"",NORTH],AXIS[""Longitude"",EAST]]",False,-99.0,4589,False,Success
CCS,2022_01.tif,E:\Geospatial\Precipitation Downscaling\Precipitation-Downscaling-Khulna\data\processed\rasters_aligned\monthly\CCS\2022_01.tif,bilinear,"GEOGCS[""WGS 84"",DATUM[""World Geodetic System 1984"",SPHEROID[""WGS 84"",6378137,298.257223563]],PRIMEM[""Greenwich"",0],UNIT[""degree"",0.0174532925199433,AUTHORITY[""EPSG"",""9122""]],AXIS[""Latitude"",NORTH],AXIS[""Longitude"",EAST]]","GEOGCS[""WGS 84"",DATUM[""World Geodetic System 1984"",SPHEROID[""WGS 84"",6378137,298.257223563]],PRIMEM[""Greenwich"",0],UNIT[""degree"",0.0174532925199433,AUTHORITY[""EPSG"",""9122""]],AXIS[""Latitude"",NORTH],AXIS[""Longitude"",EAST]]",False,-99.0,4589,False,Success
CCS,2022_02.tif,E:\Geospatial\Precipitation Downscaling\Precipitation-Downscaling-Khulna\data\processed\rasters_aligned\monthly\CCS\2022_02.tif,bilinear,"GEOGCS[""WGS 84"",DATUM[""World Geodetic System 1984"",SPHEROID[""WGS 84"",6378137,298.257223563]],PRIMEM[""Greenwich"",0],UNIT[""degree"",0.0174532925199433,AUTHORITY[""EPSG"",""9122""]],AXIS[""Latitude"",NORTH],AXIS[""Longitude"",EAST]]","GEOGCS[""WGS 84"",DATUM[""World Geodetic System 1984"",SPHEROID[""WGS 84"",6378137,298.257223563]],PRIMEM[""Greenwich"",0],UNIT[""degree"",0.0174532925199433,AUTHORITY[""EPSG"",""9122""]],AXIS[""Latitude"",NORTH],AXIS[""Longitude"",EAST]]",False,-99.0,4589,False,Success
CCS,2022_03.tif,E:\Geospatial\Precipitation Downscaling\Precipitation-Downscaling-Khulna\data\processed\rasters_aligned\monthly\CCS\2022_03.tif,bilinear,"GEOGCS[""WGS 84"",DATUM[""World Geodetic System 1984"",SPHEROID[""WGS 84"",6378137,298.257223563]],PRIMEM[""Greenwich"",0],UNIT[""degree"",0.0174532925199433,AUTHORITY[""EPSG"",""9122""]],AXIS[""Latitude"",NORTH],AXIS[""Longitude"",EAST]]","GEOGCS[""WGS 84"",DATUM[""World Geodetic System 1984"",SPHEROID[""WGS 84"",6378137,298.257223563]],PRIMEM[""Greenwich"",0],UNIT[""degree"",0.0174532925199433,AUTHORITY[""EPSG"",""9122""]],AXIS[""Latitude"",NORTH],AXIS[""Longitude"",EAST]]",False,-99.0,4589,False,Success
CCS,2022_04.tif,E:\Geospatial\Precipitation Downscaling\Precipitation-Downscaling-Khulna\data\processed\rasters_aligned\monthly\CCS\2022_04.tif,bilinear,"GEOGCS[""WGS 84"",DATUM[""World Geodetic System 1984"",SPHEROID[""WGS 84"",6378137,298.257223563]],PRIMEM[""Greenwich"",0],UNIT[""degree"",0.0174532925199433,AUTHORITY[""EPSG"",""9122""]],AXIS[""Latitude"",NORTH],AXIS[""Longitude"",EAST]]","GEOGCS[""WGS 84"",DATUM[""World Geodetic System 1984"",SPHEROID[""WGS 84"",6378137,298.257223563]],PRIMEM[""Greenwich"",0],UNIT[""degree"",0.0174532925199433,AUTHORITY[""EPSG"",""9122""]],AXIS[""Latitude"",NORTH],AXIS[""Longitude"",EAST]]",False,-99.0,4589,False,Success
CCS,2022_05.tif,E:\Geospatial\Precipitation Downscaling\Precipitation-Downscaling-Khulna\data\processed\rasters_aligned\monthly\CCS\2022_05.tif,bilinear,"GEOGCS[""WGS 84"",DATUM[""World Geodetic System 1984"",SPHEROID[""WGS 84"",6378137,298.257223563]],PRIMEM[""Greenwich"",0],UNIT[""degree"",0.0174532925199433,AUTHORITY[""EPSG"",""9122""]],AXIS[""Latitude"",NORTH],AXIS[""Longitude"",EAST]]","GEOGCS[""WGS 84"",DATUM[""World Geodetic System 1984"",SPHEROID[""WGS 84"",6378137,298.257223563]],PRIMEM[""Greenwich"",0],UNIT[""degree"",0.0174532925199433,AUTHORITY[""EPSG"",""9122""]],AXIS[""Latitude"",NORTH],AXIS[""Longitude"",EAST]]",False,-99.0,4589,False,Success
CCS,2022_06.tif,E:\Geospatial\Precipitation Downscaling\Precipitation-Downscaling-Khulna\data\processed\rasters_aligned\monthly\CCS\2022_06.tif,bilinear,"GEOGCS[""WGS 84"",DATUM[""World Geodetic System 1984"",SPHEROID[""WGS 84"",6378137,298.257223563]],PRIMEM[""Greenwich"",0],UNIT[""degree"",0.0174532925199433,AUTHORITY[""EPSG"",""9122""]],AXIS[""Latitude"",NORTH],AXIS[""Longitude"",EAST]]","GEOGCS[""WGS 84"",DATUM[""World Geodetic System 1984"",SPHEROID[""WGS 84"",6378137,298.257223563]],PRIMEM[""Greenwich"",0],UNIT[""degree"",0.0174532925199433,AUTHORITY[""EPSG"",""9122""]],AXIS[""Latitude"",NORTH],AXIS[""Longitude"",EAST]]",False,-99.0,4589,False,Success
CCS,2022_07.tif,E:\Geospatial\Precipitation Downscaling\Precipitation-Downscaling-Khulna\data\processed\rasters_aligned\monthly\CCS\2022_07.tif,bilinear,"GEOGCS[""WGS 84"",DATUM[""World Geodetic System 1984"",SPHEROID[""WGS 84"",6378137,298.257223563]],PRIMEM[""Greenwich"",0],UNIT[""degree"",0.0174532925199433,AUTHORITY[""EPSG"",""9122""]],AXIS[""Latitude"",NORTH],AXIS[""Longitude"",EAST]]","GEOGCS[""WGS 84"",DATUM[""World Geodetic System 1984"",SPHEROID[""WGS 84"",6378137,298.257223563]],PRIMEM[""Greenwich"",0],UNIT[""degree"",0.0174532925199433,AUTHORITY[""EPSG"",""9122""]],AXIS[""Latitude"",NORTH],AXIS[""Longitude"",EAST]]",False,-99.0,4589,False,Success
CCS,2022_08.tif,E:\Geospatial\Precipitation Downscaling\Precipitation-Downscaling-Khulna\data\processed\rasters_aligned\monthly\CCS\2022_08.tif,bilinear,"GEOGCS[""WGS 84"",DATUM[""World Geodetic System 1984"",SPHEROID[""WGS 84"",6378137,298.257223563]],PRIMEM[""Greenwich"",0],UNIT[""degree"",0.0174532925199433,AUTHORITY[""EPSG"",""9122""]],AXIS[""Latitude"",NORTH],AXIS[""Longitude"",EAST]]","GEOGCS[""WGS 84"",DATUM[""World Geodetic System 1984"",SPHEROID[""WGS 84"",6378137,298.257223563]],PRIMEM[""Greenwich"",0],UNIT[""degree"",0.0174532925199433,AUTHORITY[""EPSG"",""9122""]],AXIS[""Latitude"",NORTH],AXIS[""Longitude"",EAST]]",False,-99.0,4589,False,Success
CCS,2022_09.tif,E:\Geospatial\Precipitation Downscaling\Precipitation-Downscaling-Khulna\data\processed\rasters_aligned\monthly\CCS\2022_09.tif,bilinear,"GEOGCS[""WGS 84"",DATUM[""World Geodetic System 1984"",SPHEROID[""WGS 84"",6378137,298.257223563]],PRIMEM[""Greenwich"",0],UNIT[""degree"",0.0174532925199433,AUTHORITY[""EPSG"",""9122""]],AXIS[""Latitude"",NORTH],AXIS[""Longitude"",EAST]]","GEOGCS[""WGS 84"",DATUM[""World Geodetic System 1984"",SPHEROID[""WGS 84"",6378137,298.257223563]],PRIMEM[""Greenwich"",0],UNIT[""degree"",0.0174532925199433,AUTHORITY[""EPSG"",""9122""]],AXIS[""Latitude"",NORTH],AXIS[""Longitude"",EAST]]",False,-99.0,4589,False,Success
CCS,2022_10.tif,E:\Geospatial\Precipitation Downscaling\Precipitation-Downscaling-Khulna\data\processed\rasters_aligned\monthly\CCS\2022_10.tif,bilinear,"GEOGCS[""WGS 84"",DATUM[""World Geodetic System 1984"",SPHEROID[""WGS 84"",6378137,298.257223563]],PRIMEM[""Greenwich"",0],UNIT[""degree"",0.0174532925199433,AUTHORITY[""EPSG"",""9122""]],AXIS[""Latitude"",NORTH],AXIS[""Longitude"",EAST]]","GEOGCS[""WGS 84"",DATUM[""World Geodetic System 1984"",SPHEROID[""WGS 84"",6378137,298.257223563]],PRIMEM[""Greenwich"",0],UNIT[""degree"",0.0174532925199433,AUTHORITY[""EPSG"",""9122""]],AXIS[""Latitude"",NORTH],AXIS[""Longitude"",EAST]]",False,-99.0,4589,False,Success
CCS,2022_11.tif,E:\Geospatial\Precipitation Downscaling\Precipitation-Downscaling-Khulna\data\processed\rasters_aligned\monthly\CCS\2022_11.tif,bilinear,"GEOGCS[""WGS 84"",DATUM[""World Geodetic System 1984"",SPHEROID[""WGS 84"",6378137,298.257223563]],PRIMEM[""Greenwich"",0],UNIT[""degree"",0.0174532925199433,AUTHORITY[""EPSG"",""9122""]],AXIS[""Latitude"",NORTH],AXIS[""Longitude"",EAST]]","GEOGCS[""WGS 84"",DATUM[""World Geodetic System 1984"",SPHEROID[""WGS 84"",6378137,298.257223563]],PRIMEM[""Greenwich"",0],UNIT[""degree"",0.0174532925199433,AUTHORITY[""EPSG"",""9122""]],AXIS[""Latitude"",NORTH],AXIS[""Longitude"",EAST]]",False,-99.0,4589,False,Success
CCS,2022_12.tif,E:\Geospatial\Precipitation Downscaling\Precipitation-Downscaling-Khulna\data\processed\rasters_aligned\monthly\CCS\2022_12.tif,bilinear,"GEOGCS[""WGS 84"",DATUM[""World Geodetic System 1984"",SPHEROID[""WGS 84"",6378137,298.257223563]],PRIMEM[""Greenwich"",0],UNIT[""degree"",0.0174532925199433,AUTHORITY[""EPSG"",""9122""]],AXIS[""Latitude"",NORTH],AXIS[""Longitude"",EAST]]","GEOGCS[""WGS 84"",DATUM[""World Geodetic System 1984"",SPHEROID[""WGS 84"",6378137,298.257223563]],PRIMEM[""Greenwich"",0],UNIT[""degree"",0.0174532925199433,AUTHORITY[""EPSG"",""9122""]],AXIS[""Latitude"",NORTH],AXIS[""Longitude"",EAST]]",False,-99.0,4589,False,Success
CDR,2017_01.tif,E:\Geospatial\Precipitation Downscaling\Precipitation-Downscaling-Khulna\data\processed\rasters_aligned\monthly\CDR\2017_01.tif,bilinear,"LOCAL_CS[""unnamed"",UNIT[""metre"",1,AUTHORITY[""EPSG"",""9001""]],AXIS[""Easting"",EAST],AXIS[""Northing"",NORTH]]","GEOGCS[""WGS 84"",DATUM[""World Geodetic System 1984"",SPHEROID[""WGS 84"",6378137,298.257223563]],PRIMEM[""Greenwich"",0],UNIT[""degree"",0.0174532925199433,AUTHORITY[""EPSG"",""9122""]],AXIS[""Latitude"",NORTH],AXIS[""Longitude"",EAST]]",True,-99.0,3576,False,Success
CDR,2017_02.tif,E:\Geospatial\Precipitation Downscaling\Precipitation-Downscaling-Khulna\data\processed\rasters_aligned\monthly\CDR\2017_02.tif,bilinear,"LOCAL_CS[""unnamed"",UNIT[""metre"",1,AUTHORITY[""EPSG"",""9001""]],AXIS[""Easting"",EAST],AXIS[""Northing"",NORTH]]","GEOGCS[""WGS 84"",DATUM[""World Geodetic System 1984"",SPHEROID[""WGS 84"",6378137,298.257223563]],PRIMEM[""Greenwich"",0],UNIT[""degree"",0.0174532925199433,AUTHORITY[""EPSG"",""9122""]],AXIS[""Latitude"",NORTH],AXIS[""Longitude"",EAST]]",True,-99.0,3576,False,Success
CDR,2017_03.tif,E:\Geospatial\Precipitation Downscaling\Precipitation-Downscaling-Khulna\data\processed\rasters_aligned\monthly\CDR\2017_03.tif,bilinear,"LOCAL_CS[""unnamed"",UNIT[""metre"",1,AUTHORITY[""EPSG"",""9001""]],AXIS[""Easting"",EAST],AXIS[""Northing"",NORTH]]","GEOGCS[""WGS 84"",DATUM[""World Geodetic System 1984"",SPHEROID[""WGS 84"",6378137,298.257223563]],PRIMEM[""Greenwich"",0],UNIT[""degree"",0.0174532925199433,AUTHORITY[""EPSG"",""9122""]],AXIS[""Latitude"",NORTH],AXIS[""Longitude"",EAST]]",True,-99.0,3576,False,Success
CDR,2017_04.tif,E:\Geospatial\Precipitation Downscaling\Precipitation-Downscaling-Khulna\data\processed\rasters_aligned\monthly\CDR\2017_04.tif,bilinear,"LOCAL_CS[""unnamed"",UNIT[""metre"",1,AUTHORITY[""EPSG"",""9001""]],AXIS[""Easting"",EAST],AXIS[""Northing"",NORTH]]","GEOGCS[""WGS 84"",DATUM[""World Geodetic System 1984"",SPHEROID[""WGS 84"",6378137,298.257223563]],PRIMEM[""Greenwich"",0],UNIT[""degree"",0.0174532925199433,AUTHORITY[""EPSG"",""9122""]],AXIS[""Latitude"",NORTH],AXIS[""Longitude"",EAST]]",True,-99.0,3576,False,Success
CDR,2017_05.tif,E:\Geospatial\Precipitation Downscaling\Precipitation-Downscaling-Khulna\data\processed\rasters_aligned\monthly\CDR\2017_05.tif,bilinear,"LOCAL_CS[""unnamed"",UNIT[""metre"",1,AUTHORITY[""EPSG"",""9001""]],AXIS[""Easting"",EAST],AXIS[""Northing"",NORTH]]","GEOGCS[""WGS 84"",DATUM[""World Geodetic System 1984"",SPHEROID[""WGS 84"",6378137,298.257223563]],PRIMEM[""Greenwich"",0],UNIT[""degree"",0.0174532925199433,AUTHORITY[""EPSG"",""9122""]],AXIS[""Latitude"",NORTH],AXIS[""Longitude"",EAST]]",True,-99.0,3576,False,Success
CDR,2017_06.tif,E:\Geospatial\Precipitation Downscaling\Precipitation-Downscaling-Khulna\data\processed\rasters_aligned\monthly\CDR\2017_06.tif,bilinear,"LOCAL_CS[""unnamed"",UNIT[""metre"",1,AUTHORITY[""EPSG"",""9001""]],AXIS[""Easting"",EAST],AXIS[""Northing"",NORTH]]","GEOGCS[""WGS 84"",DATUM[""World Geodetic System 1984"",SPHEROID[""WGS 84"",6378137,298.257223563]],PRIMEM[""Greenwich"",0],UNIT[""degree"",0.0174532925199433,AUTHORITY[""EPSG"",""9122""]],AXIS[""Latitude"",NORTH],AXIS[""Longitude"",EAST]]",True,-99.0,3576,False,Success
CDR,2017_07.tif,E:\Geospatial\Precipitation Downscaling\Precipitation-Downscaling-Khulna\data\processed\rasters_aligned\monthly\CDR\2017_07.tif,bilinear,"LOCAL_CS[""unnamed"",UNIT[""metre"",1,AUTHORITY[""EPSG"",""9001""]],AXIS[""Easting"",EAST],AXIS[""Northing"",NORTH]]","GEOGCS[""WGS 84"",DATUM[""World Geodetic System 1984"",SPHEROID[""WGS 84"",6378137,298.257223563]],PRIMEM[""Greenwich"",0],UNIT[""degree"",0.0174532925199433,AUTHORITY[""EPSG"",""9122""]],AXIS[""Latitude"",NORTH],AXIS[""Longitude"",EAST]]",True,-99.0,3576,False,Success
CDR,2017_08.tif,E:\Geospatial\Precipitation Downscaling\Precipitation-Downscaling-Khulna\data\processed\rasters_aligned\monthly\CDR\2017_08.tif,bilinear,"LOCAL_CS[""unnamed"",UNIT[""metre"",1,AUTHORITY[""EPSG"",""9001""]],AXIS[""Easting"",EAST],AXIS[""Northing"",NORTH]]","GEOGCS[""WGS 84"",DATUM[""World Geodetic System 1984"",SPHEROID[""WGS 84"",6378137,298.257223563]],PRIMEM[""Greenwich"",0],UNIT[""degree"",0.0174532925199433,AUTHORITY[""EPSG"",""9122""]],AXIS[""Latitude"",NORTH],AXIS[""Longitude"",EAST]]",True,-99.0,3576,False,Success
CDR,2017_09.tif,E:\Geospatial\Precipitation Downscaling\Precipitation-Downscaling-Khulna\data\processed\rasters_aligned\monthly\CDR\2017_09.tif,bilinear,"LOCAL_CS[""unnamed"",UNIT[""metre"",1,AUTHORITY[""EPSG"",""9001""]],AXIS[""Easting"",EAST],AXIS[""Northing"",NORTH]]","GEOGCS[""WGS 84"",DATUM[""World Geodetic System 1984"",SPHEROID[""WGS 84"",6378137,298.257223563]],PRIMEM[""Greenwich"",0],UNIT[""degree"",0.0174532925199433,AUTHORITY[""EPSG"",""9122""]],AXIS[""Latitude"",NORTH],AXIS[""Longitude"",EAST]]",True,-99.0,3576,False,Success
CDR,2017_10.tif,E:\Geospatial\Precipitation Downscaling\Precipitation-Downscaling-Khulna\data\processed\rasters_aligned\monthly\CDR\2017_10.tif,bilinear,"LOCAL_CS[""unnamed"",UNIT[""metre"",1,AUTHORITY[""EPSG"",""9001""]],AXIS[""Easting"",EAST],AXIS[""Northing"",NORTH]]","GEOGCS[""WGS 84"",DATUM[""World Geodetic System 1984"",SPHEROID[""WGS 84"",6378137,298.257223563]],PRIMEM[""Greenwich"",0],UNIT[""degree"",0.0174532925199433,AUTHORITY[""EPSG"",""9122""]],AXIS[""Latitude"",NORTH],AXIS[""Longitude"",EAST]]",True,-99.0,3576,False,Success
CDR,2017_11.tif,E:\Geospatial\Precipitation Downscaling\Precipitation-Downscaling-Khulna\data\processed\rasters_aligned\monthly\CDR\2017_11.tif,bilinear,"LOCAL_CS[""unnamed"",UNIT[""metre"",1,AUTHORITY[""EPSG"",""9001""]],AXIS[""Easting"",EAST],AXIS[""Northing"",NORTH]]","GEOGCS[""WGS 84"",DATUM[""World Geodetic System 1984"",SPHEROID[""WGS 84"",6378137,298.257223563]],PRIMEM[""Greenwich"",0],UNIT[""degree"",0.0174532925199433,AUTHORITY[""EPSG"",""9122""]],AXIS[""Latitude"",NORTH],AXIS[""Longitude"",EAST]]",True,-99.0,3576,False,Success
CDR,2017_12.tif,E:\Geospatial\Precipitation Downscaling\Precipitation-Downscaling-Khulna\data\processed\rasters_aligned\monthly\CDR\2017_12.tif,bilinear,"LOCAL_CS[""unnamed"",UNIT[""metre"",1,AUTHORITY[""EPSG"",""9001""]],AXIS[""Easting"",EAST],AXIS[""Northing"",NORTH]]","GEOGCS[""WGS 84"",DATUM[""World Geodetic System 1984"",SPHEROID[""WGS 84"",6378137,298.257223563]],PRIMEM[""Greenwich"",0],UNIT[""degree"",0.0174532925199433,AUTHORITY[""EPSG"",""9122""]],AXIS[""Latitude"",NORTH],AXIS[""Longitude"",EAST]]",True,-99.0,3576,False,Success
CDR,2018_01.tif,E:\Geospatial\Precipitation Downscaling\Precipitation-Downscaling-Khulna\data\processed\rasters_aligned\monthly\CDR\2018_01.tif,bilinear,"LOCAL_CS[""unnamed"",UNIT[""metre"",1,AUTHORITY[""EPSG"",""9001""]],AXIS[""Easting"",EAST],AXIS[""Northing"",NORTH]]","GEOGCS[""WGS 84"",DATUM[""World Geodetic System 1984"",SPHEROID[""WGS 84"",6378137,298.257223563]],PRIMEM[""Greenwich"",0],UNIT[""degree"",0.0174532925199433,AUTHORITY[""EPSG"",""9122""]],AXIS[""Latitude"",NORTH],AXIS[""Longitude"",EAST]]",True,-99.0,3576,False,Success
CDR,2018_02.tif,E:\Geospatial\Precipitation Downscaling\Precipitation-Downscaling-Khulna\data\processed\rasters_aligned\monthly\CDR\2018_02.tif,bilinear,"LOCAL_CS[""unnamed"",UNIT[""metre"",1,AUTHORITY[""EPSG"",""9001""]],AXIS[""Easting"",EAST],AXIS[""Northing"",NORTH]]","GEOGCS[""WGS 84"",DATUM[""World Geodetic System 1984"",SPHEROID[""WGS 84"",6378137,298.257223563]],PRIMEM[""Greenwich"",0],UNIT[""degree"",0.0174532925199433,AUTHORITY[""EPSG"",""9122""]],AXIS[""Latitude"",NORTH],AXIS[""Longitude"",EAST]]",True,-99.0,3576,False,Success
CDR,2018_03.tif,E:\Geospatial\Precipitation Downscaling\Precipitation-Downscaling-Khulna\data\processed\rasters_aligned\monthly\CDR\2018_03.tif,bilinear,"LOCAL_CS[""unnamed"",UNIT[""metre"",1,AUTHORITY[""EPSG"",""9001""]],AXIS[""Easting"",EAST],AXIS[""Northing"",NORTH]]","GEOGCS[""WGS 84"",DATUM[""World Geodetic System 1984"",SPHEROID[""WGS 84"",6378137,298.257223563]],PRIMEM[""Greenwich"",0],UNIT[""degree"",0.0174532925199433,AUTHORITY[""EPSG"",""9122""]],AXIS[""Latitude"",NORTH],AXIS[""Longitude"",EAST]]",True,-99.0,3576,False,Success
CDR,2018_04.tif,E:\Geospatial\Precipitation Downscaling\Precipitation-Downscaling-Khulna\data\processed\rasters_aligned\monthly\CDR\2018_04.tif,bilinear,"LOCAL_CS[""unnamed"",UNIT[""metre"",1,AUTHORITY[""EPSG"",""9001""]],AXIS[""Easting"",EAST],AXIS[""Northing"",NORTH]]","GEOGCS[""WGS 84"",DATUM[""World Geodetic System 1984"",SPHEROID[""WGS 84"",6378137,298.257223563]],PRIMEM[""Greenwich"",0],UNIT[""degree"",0.0174532925199433,AUTHORITY[""EPSG"",""9122""]],AXIS[""Latitude"",NORTH],AXIS[""Longitude"",EAST]]",True,-99.0,3576,False,Success
CDR,2018_05.tif,E:\Geospatial\Precipitation Downscaling\Precipitation-Downscaling-Khulna\data\processed\rasters_aligned\monthly\CDR\2018_05.tif,bilinear,"LOCAL_CS[""unnamed"",UNIT[""metre"",1,AUTHORITY[""EPSG"",""9001""]],AXIS[""Easting"",EAST],AXIS[""Northing"",NORTH]]","GEOGCS[""WGS 84"",DATUM[""World Geodetic System 1984"",SPHEROID[""WGS 84"",6378137,298.257223563]],PRIMEM[""Greenwich"",0],UNIT[""degree"",0.0174532925199433,AUTHORITY[""EPSG"",""9122""]],AXIS[""Latitude"",NORTH],AXIS[""Longitude"",EAST]]",True,-99.0,3576,False,Success
CDR,2018_06.tif,E:\Geospatial\Precipitation Downscaling\Precipitation-Downscaling-Khulna\data\processed\rasters_aligned\monthly\CDR\2018_06.tif,bilinear,"LOCAL_CS[""unnamed"",UNIT[""metre"",1,AUTHORITY[""EPSG"",""9001""]],AXIS[""Easting"",EAST],AXIS[""Northing"",NORTH]]","GEOGCS[""WGS 84"",DATUM[""World Geodetic System 1984"",SPHEROID[""WGS 84"",6378137,298.257223563]],PRIMEM[""Greenwich"",0],UNIT[""degree"",0.0174532925199433,AUTHORITY[""EPSG"",""9122""]],AXIS[""Latitude"",NORTH],AXIS[""Longitude"",EAST]]",True,-99.0,3576,False,Success
CDR,2018_07.tif,E:\Geospatial\Precipitation Downscaling\Precipitation-Downscaling-Khulna\data\processed\rasters_aligned\monthly\CDR\2018_07.tif,bilinear,"LOCAL_CS[""unnamed"",UNIT[""metre"",1,AUTHORITY[""EPSG"",""9001""]],AXIS[""Easting"",EAST],AXIS[""Northing"",NORTH]]","GEOGCS[""WGS 84"",DATUM[""World Geodetic System 1984"",SPHEROID[""WGS 84"",6378137,298.257223563]],PRIMEM[""Greenwich"",0],UNIT[""degree"",0.0174532925199433,AUTHORITY[""EPSG"",""9122""]],AXIS[""Latitude"",NORTH],AXIS[""Longitude"",EAST]]",True,-99.0,3576,False,Success
CDR,2018_08.tif,E:\Geospatial\Precipitation Downscaling\Precipitation-Downscaling-Khulna\data\processed\rasters_aligned\monthly\CDR\2018_08.tif,bilinear,"LOCAL_CS[""unnamed"",UNIT[""metre"",1,AUTHORITY[""EPSG"",""9001""]],AXIS[""Easting"",EAST],AXIS[""Northing"",NORTH]]","GEOGCS[""WGS 84"",DATUM[""World Geodetic System 1984"",SPHEROID[""WGS 84"",6378137,298.257223563]],PRIMEM[""Greenwich"",0],UNIT[""degree"",0.0174532925199433,AUTHORITY[""EPSG"",""9122""]],AXIS[""Latitude"",NORTH],AXIS[""Longitude"",EAST]]",True,-99.0,3576,False,Success
CDR,2018_09.tif,E:\Geospatial\Precipitation Downscaling\Precipitation-Downscaling-Khulna\data\processed\rasters_aligned\monthly\CDR\2018_09.tif,bilinear,"LOCAL_CS[""unnamed"",UNIT[""metre"",1,AUTHORITY[""EPSG"",""9001""]],AXIS[""Easting"",EAST],AXIS[""Northing"",NORTH]]","GEOGCS[""WGS 84"",DATUM[""World Geodetic System 1984"",SPHEROID[""WGS 84"",6378137,298.257223563]],PRIMEM[""Greenwich"",0],UNIT[""degree"",0.0174532925199433,AUTHORITY[""EPSG"",""9122""]],AXIS[""Latitude"",NORTH],AXIS[""Longitude"",EAST]]",True,-99.0,3576,False,Success
CDR,2018_10.tif,E:\Geospatial\Precipitation Downscaling\Precipitation-Downscaling-Khulna\data\processed\rasters_aligned\monthly\CDR\2018_10.tif,bilinear,"LOCAL_CS[""unnamed"",UNIT[""metre"",1,AUTHORITY[""EPSG"",""9001""]],AXIS[""Easting"",EAST],AXIS[""Northing"",NORTH]]","GEOGCS[""WGS 84"",DATUM[""World Geodetic System 1984"",SPHEROID[""WGS 84"",6378137,298.257223563]],PRIMEM[""Greenwich"",0],UNIT[""degree"",0.0174532925199433,AUTHORITY[""EPSG"",""9122""]],AXIS[""Latitude"",NORTH],AXIS[""Longitude"",EAST]]",True,-99.0,3576,False,Success
CDR,2018_11.tif,E:\Geospatial\Precipitation Downscaling\Precipitation-Downscaling-Khulna\data\processed\rasters_aligned\monthly\CDR\2018_11.tif,bilinear,"LOCAL_CS[""unnamed"",UNIT[""metre"",1,AUTHORITY[""EPSG"",""9001""]],AXIS[""Easting"",EAST],AXIS[""Northing"",NORTH]]","GEOGCS[""WGS 84"",DATUM[""World Geodetic System 1984"",SPHEROID[""WGS 84"",6378137,298.257223563]],PRIMEM[""Greenwich"",0],UNIT[""degree"",0.0174532925199433,AUTHORITY[""EPSG"",""9122""]],AXIS[""Latitude"",NORTH],AXIS[""Longitude"",EAST]]",True,-99.0,3576,False,Success
CDR,2018_12.tif,E:\Geospatial\Precipitation Downscaling\Precipitation-Downscaling-Khulna\data\processed\rasters_aligned\monthly\CDR\2018_12.tif,bilinear,"LOCAL_CS[""unnamed"",UNIT[""metre"",1,AUTHORITY[""EPSG"",""9001""]],AXIS[""Easting"",EAST],AXIS[""Northing"",NORTH]]","GEOGCS[""WGS 84"",DATUM[""World Geodetic System 1984"",SPHEROID[""WGS 84"",6378137,298.257223563]],PRIMEM[""Greenwich"",0],UNIT[""degree"",0.0174532925199433,AUTHORITY[""EPSG"",""9122""]],AXIS[""Latitude"",NORTH],AXIS[""Longitude"",EAST]]",True,-99.0,3576,False,Success
CDR,2019_01.tif,E:\Geospatial\Precipitation Downscaling\Precipitation-Downscaling-Khulna\data\processed\rasters_aligned\monthly\CDR\2019_01.tif,bilinear,"LOCAL_CS[""unnamed"",UNIT[""metre"",1,AUTHORITY[""EPSG"",""9001""]],AXIS[""Easting"",EAST],AXIS[""Northing"",NORTH]]","GEOGCS[""WGS 84"",DATUM[""World Geodetic System 1984"",SPHEROID[""WGS 84"",6378137,298.257223563]],PRIMEM[""Greenwich"",0],UNIT[""degree"",0.0174532925199433,AUTHORITY[""EPSG"",""9122""]],AXIS[""Latitude"",NORTH],AXIS[""Longitude"",EAST]]",True,-99.0,3576,False,Success
CDR,2019_02.tif,E:\Geospatial\Precipitation Downscaling\Precipitation-Downscaling-Khulna\data\processed\rasters_aligned\monthly\CDR\2019_02.tif,bilinear,"LOCAL_CS[""unnamed"",UNIT[""metre"",1,AUTHORITY[""EPSG"",""9001""]],AXIS[""Easting"",EAST],AXIS[""Northing"",NORTH]]","GEOGCS[""WGS 84"",DATUM[""World Geodetic System 1984"",SPHEROID[""WGS 84"",6378137,298.257223563]],PRIMEM[""Greenwich"",0],UNIT[""degree"",0.0174532925199433,AUTHORITY[""EPSG"",""9122""]],AXIS[""Latitude"",NORTH],AXIS[""Longitude"",EAST]]",True,-99.0,3576,False,Success
CDR,2019_03.tif,E:\Geospatial\Precipitation Downscaling\Precipitation-Downscaling-Khulna\data\processed\rasters_aligned\monthly\CDR\2019_03.tif,bilinear,"LOCAL_CS[""unnamed"",UNIT[""metre"",1,AUTHORITY[""EPSG"",""9001""]],AXIS[""Easting"",EAST],AXIS[""Northing"",NORTH]]","GEOGCS[""WGS 84"",DATUM[""World Geodetic System 1984"",SPHEROID[""WGS 84"",6378137,298.257223563]],PRIMEM[""Greenwich"",0],UNIT[""degree"",0.0174532925199433,AUTHORITY[""EPSG"",""9122""]],AXIS[""Latitude"",NORTH],AXIS[""Longitude"",EAST]]",True,-99.0,3576,False,Success
CDR,2019_04.tif,E:\Geospatial\Precipitation Downscaling\Precipitation-Downscaling-Khulna\data\processed\rasters_aligned\monthly\CDR\2019_04.tif,bilinear,"LOCAL_CS[""unnamed"",UNIT[""metre"",1,AUTHORITY[""EPSG"",""9001""]],AXIS[""Easting"",EAST],AXIS[""Northing"",NORTH]]","GEOGCS[""WGS 84"",DATUM[""World Geodetic System 1984"",SPHEROID[""WGS 84"",6378137,298.257223563]],PRIMEM[""Greenwich"",0],UNIT[""degree"",0.0174532925199433,AUTHORITY[""EPSG"",""9122""]],AXIS[""Latitude"",NORTH],AXIS[""Longitude"",EAST]]",True,-99.0,3576,False,Success
CDR,2019_05.tif,E:\Geospatial\Precipitation Downscaling\Precipitation-Downscaling-Khulna\data\processed\rasters_aligned\monthly\CDR\2019_05.tif,bilinear,"LOCAL_CS[""unnamed"",UNIT[""metre"",1,AUTHORITY[""EPSG"",""9001""]],AXIS[""Easting"",EAST],AXIS[""Northing"",NORTH]]","GEOGCS[""WGS 84"",DATUM[""World Geodetic System 1984"",SPHEROID[""WGS 84"",6378137,298.257223563]],PRIMEM[""Greenwich"",0],UNIT[""degree"",0.0174532925199433,AUTHORITY[""EPSG"",""9122""]],AXIS[""Latitude"",NORTH],AXIS[""Longitude"",EAST]]",True,-99.0,3576,False,Success
CDR,2019_06.tif,E:\Geospatial\Precipitation Downscaling\Precipitation-Downscaling-Khulna\data\processed\rasters_aligned\monthly\CDR\2019_06.tif,bilinear,"LOCAL_CS[""unnamed"",UNIT[""metre"",1,AUTHORITY[""EPSG"",""9001""]],AXIS[""Easting"",EAST],AXIS[""Northing"",NORTH]]","GEOGCS[""WGS 84"",DATUM[""World Geodetic System 1984"",SPHEROID[""WGS 84"",6378137,298.257223563]],PRIMEM[""Greenwich"",0],UNIT[""degree"",0.0174532925199433,AUTHORITY[""EPSG"",""9122""]],AXIS[""Latitude"",NORTH],AXIS[""Longitude"",EAST]]",True,-99.0,3576,False,Success
CDR,2019_07.tif,E:\Geospatial\Precipitation Downscaling\Precipitation-Downscaling-Khulna\data\processed\rasters_aligned\monthly\CDR\2019_07.tif,bilinear,"LOCAL_CS[""unnamed"",UNIT[""metre"",1,AUTHORITY[""EPSG"",""9001""]],AXIS[""Easting"",EAST],AXIS[""Northing"",NORTH]]","GEOGCS[""WGS 84"",DATUM[""World Geodetic System 1984"",SPHEROID[""WGS 84"",6378137,298.257223563]],PRIMEM[""Greenwich"",0],UNIT[""degree"",0.0174532925199433,AUTHORITY[""EPSG"",""9122""]],AXIS[""Latitude"",NORTH],AXIS[""Longitude"",EAST]]",True,-99.0,3576,False,Success
CDR,2019_08.tif,E:\Geospatial\Precipitation Downscaling\Precipitation-Downscaling-Khulna\data\processed\rasters_aligned\monthly\CDR\2019_08.tif,bilinear,"LOCAL_CS[""unnamed"",UNIT[""metre"",1,AUTHORITY[""EPSG"",""9001""]],AXIS[""Easting"",EAST],AXIS[""Northing"",NORTH]]","GEOGCS[""WGS 84"",DATUM[""World Geodetic System 1984"",SPHEROID[""WGS 84"",6378137,298.257223563]],PRIMEM[""Greenwich"",0],UNIT[""degree"",0.0174532925199433,AUTHORITY[""EPSG"",""9122""]],AXIS[""Latitude"",NORTH],AXIS[""Longitude"",EAST]]",True,-99.0,3576,False,Success
CDR,2019_09.tif,E:\Geospatial\Precipitation Downscaling\Precipitation-Downscaling-Khulna\data\processed\rasters_aligned\monthly\CDR\2019_09.tif,bilinear,"LOCAL_CS[""unnamed"",UNIT[""metre"",1,AUTHORITY[""EPSG"",""9001""]],AXIS[""Easting"",EAST],AXIS[""Northing"",NORTH]]","GEOGCS[""WGS 84"",DATUM[""World Geodetic System 1984"",SPHEROID[""WGS 84"",6378137,298.257223563]],PRIMEM[""Greenwich"",0],UNIT[""degree"",0.0174532925199433,AUTHORITY[""EPSG"",""9122""]],AXIS[""Latitude"",NORTH],AXIS[""Longitude"",EAST]]",True,-99.0,3576,False,Success
CDR,2019_10.tif,E:\Geospatial\Precipitation Downscaling\Precipitation-Downscaling-Khulna\data\processed\rasters_aligned\monthly\CDR\2019_10.tif,bilinear,"LOCAL_CS[""unnamed"",UNIT[""metre"",1,AUTHORITY[""EPSG"",""9001""]],AXIS[""Easting"",EAST],AXIS[""Northing"",NORTH]]","GEOGCS[""WGS 84"",DATUM[""World Geodetic System 1984"",SPHEROID[""WGS 84"",6378137,298.257223563]],PRIMEM[""Greenwich"",0],UNIT[""degree"",0.0174532925199433,AUTHORITY[""EPSG"",""9122""]],AXIS[""Latitude"",NORTH],AXIS[""Longitude"",EAST]]",True,-99.0,3576,False,Success
CDR,2019_11.tif,E:\Geospatial\Precipitation Downscaling\Precipitation-Downscaling-Khulna\data\processed\rasters_aligned\monthly\CDR\2019_11.tif,bilinear,"LOCAL_CS[""unnamed"",UNIT[""metre"",1,AUTHORITY[""EPSG"",""9001""]],AXIS[""Easting"",EAST],AXIS[""Northing"",NORTH]]","GEOGCS[""WGS 84"",DATUM[""World Geodetic System 1984"",SPHEROID[""WGS 84"",6378137,298.257223563]],PRIMEM[""Greenwich"",0],UNIT[""degree"",0.0174532925199433,AUTHORITY[""EPSG"",""9122""]],AXIS[""Latitude"",NORTH],AXIS[""Longitude"",EAST]]",True,-99.0,3576,False,Success
CDR,2019_12.tif,E:\Geospatial\Precipitation Downscaling\Precipitation-Downscaling-Khulna\data\processed\rasters_aligned\monthly\CDR\2019_12.tif,bilinear,"LOCAL_CS[""unnamed"",UNIT[""metre"",1,AUTHORITY[""EPSG"",""9001""]],AXIS[""Easting"",EAST],AXIS[""Northing"",NORTH]]","GEOGCS[""WGS 84"",DATUM[""World Geodetic System 1984"",SPHEROID[""WGS 84"",6378137,298.257223563]],PRIMEM[""Greenwich"",0],UNIT[""degree"",0.0174532925199433,AUTHORITY[""EPSG"",""9122""]],AXIS[""Latitude"",NORTH],AXIS[""Longitude"",EAST]]",True,-99.0,3576,False,Success
CDR,2020_01.tif,E:\Geospatial\Precipitation Downscaling\Precipitation-Downscaling-Khulna\data\processed\rasters_aligned\monthly\CDR\2020_01.tif,bilinear,"LOCAL_CS[""unnamed"",UNIT[""metre"",1,AUTHORITY[""EPSG"",""9001""]],AXIS[""Easting"",EAST],AXIS[""Northing"",NORTH]]","GEOGCS[""WGS 84"",DATUM[""World Geodetic System 1984"",SPHEROID[""WGS 84"",6378137,298.257223563]],PRIMEM[""Greenwich"",0],UNIT[""degree"",0.0174532925199433,AUTHORITY[""EPSG"",""9122""]],AXIS[""Latitude"",NORTH],AXIS[""Longitude"",EAST]]",True,-99.0,3576,False,Success
CDR,2020_02.tif,E:\Geospatial\Precipitation Downscaling\Precipitation-Downscaling-Khulna\data\processed\rasters_aligned\monthly\CDR\2020_02.tif,bilinear,"LOCAL_CS[""unnamed"",UNIT[""metre"",1,AUTHORITY[""EPSG"",""9001""]],AXIS[""Easting"",EAST],AXIS[""Northing"",NORTH]]","GEOGCS[""WGS 84"",DATUM[""World Geodetic System 1984"",SPHEROID[""WGS 84"",6378137,298.257223563]],PRIMEM[""Greenwich"",0],UNIT[""degree"",0.0174532925199433,AUTHORITY[""EPSG"",""9122""]],AXIS[""Latitude"",NORTH],AXIS[""Longitude"",EAST]]",True,-99.0,3576,False,Success
CDR,2020_03.tif,E:\Geospatial\Precipitation Downscaling\Precipitation-Downscaling-Khulna\data\processed\rasters_aligned\monthly\CDR\2020_03.tif,bilinear,"LOCAL_CS[""unnamed"",UNIT[""metre"",1,AUTHORITY[""EPSG"",""9001""]],AXIS[""Easting"",EAST],AXIS[""Northing"",NORTH]]","GEOGCS[""WGS 84"",DATUM[""World Geodetic System 1984"",SPHEROID[""WGS 84"",6378137,298.257223563]],PRIMEM[""Greenwich"",0],UNIT[""degree"",0.0174532925199433,AUTHORITY[""EPSG"",""9122""]],AXIS[""Latitude"",NORTH],AXIS[""Longitude"",EAST]]",True,-99.0,3576,False,Success
CDR,2020_04.tif,E:\Geospatial\Precipitation Downscaling\Precipitation-Downscaling-Khulna\data\processed\rasters_aligned\monthly\CDR\2020_04.tif,bilinear,"LOCAL_CS[""unnamed"",UNIT[""metre"",1,AUTHORITY[""EPSG"",""9001""]],AXIS[""Easting"",EAST],AXIS[""Northing"",NORTH]]","GEOGCS[""WGS 84"",DATUM[""World Geodetic System 1984"",SPHEROID[""WGS 84"",6378137,298.257223563]],PRIMEM[""Greenwich"",0],UNIT[""degree"",0.0174532925199433,AUTHORITY[""EPSG"",""9122""]],AXIS[""Latitude"",NORTH],AXIS[""Longitude"",EAST]]",True,-99.0,3576,False,Success
CDR,2020_05.tif,E:\Geospatial\Precipitation Downscaling\Precipitation-Downscaling-Khulna\data\processed\rasters_aligned\monthly\CDR\2020_05.tif,bilinear,"LOCAL_CS[""unnamed"",UNIT[""metre"",1,AUTHORITY[""EPSG"",""9001""]],AXIS[""Easting"",EAST],AXIS[""Northing"",NORTH]]","GEOGCS[""WGS 84"",DATUM[""World Geodetic System 1984"",SPHEROID[""WGS 84"",6378137,298.257223563]],PRIMEM[""Greenwich"",0],UNIT[""degree"",0.0174532925199433,AUTHORITY[""EPSG"",""9122""]],AXIS[""Latitude"",NORTH],AXIS[""Longitude"",EAST]]",True,-99.0,3576,False,Success
CDR,2020_06.tif,E:\Geospatial\Precipitation Downscaling\Precipitation-Downscaling-Khulna\data\processed\rasters_aligned\monthly\CDR\2020_06.tif,bilinear,"LOCAL_CS[""unnamed"",UNIT[""metre"",1,AUTHORITY[""EPSG"",""9001""]],AXIS[""Easting"",EAST],AXIS[""Northing"",NORTH]]","GEOGCS[""WGS 84"",DATUM[""World Geodetic System 1984"",SPHEROID[""WGS 84"",6378137,298.257223563]],PRIMEM[""Greenwich"",0],UNIT[""degree"",0.0174532925199433,AUTHORITY[""EPSG"",""9122""]],AXIS[""Latitude"",NORTH],AXIS[""Longitude"",EAST]]",True,-99.0,3576,False,Success
CDR,2020_07.tif,E:\Geospatial\Precipitation Downscaling\Precipitation-Downscaling-Khulna\data\processed\rasters_aligned\monthly\CDR\2020_07.tif,bilinear,"LOCAL_CS[""unnamed"",UNIT[""metre"",1,AUTHORITY[""EPSG"",""9001""]],AXIS[""Easting"",EAST],AXIS[""Northing"",NORTH]]","GEOGCS[""WGS 84"",DATUM[""World Geodetic System 1984"",SPHEROID[""WGS 84"",6378137,298.257223563]],PRIMEM[""Greenwich"",0],UNIT[""degree"",0.0174532925199433,AUTHORITY[""EPSG"",""9122""]],AXIS[""Latitude"",NORTH],AXIS[""Longitude"",EAST]]",True,-99.0,3576,False,Success
CDR,2020_08.tif,E:\Geospatial\Precipitation Downscaling\Precipitation-Downscaling-Khulna\data\processed\rasters_aligned\monthly\CDR\2020_08.tif,bilinear,"LOCAL_CS[""unnamed"",UNIT[""metre"",1,AUTHORITY[""EPSG"",""9001""]],AXIS[""Easting"",EAST],AXIS[""Northing"",NORTH]]","GEOGCS[""WGS 84"",DATUM[""World Geodetic System 1984"",SPHEROID[""WGS 84"",6378137,298.257223563]],PRIMEM[""Greenwich"",0],UNIT[""degree"",0.0174532925199433,AUTHORITY[""EPSG"",""9122""]],AXIS[""Latitude"",NORTH],AXIS[""Longitude"",EAST]]",True,-99.0,3576,False,Success
CDR,2020_09.tif,E:\Geospatial\Precipitation Downscaling\Precipitation-Downscaling-Khulna\data\processed\rasters_aligned\monthly\CDR\2020_09.tif,bilinear,"LOCAL_CS[""unnamed"",UNIT[""metre"",1,AUTHORITY[""EPSG"",""9001""]],AXIS[""Easting"",EAST],AXIS[""Northing"",NORTH]]","GEOGCS[""WGS 84"",DATUM[""World Geodetic System 1984"",SPHEROID[""WGS 84"",6378137,298.257223563]],PRIMEM[""Greenwich"",0],UNIT[""degree"",0.0174532925199433,AUTHORITY[""EPSG"",""9122""]],AXIS[""Latitude"",NORTH],AXIS[""Longitude"",EAST]]",True,-99.0,3576,False,Success
CDR,2020_10.tif,E:\Geospatial\Precipitation Downscaling\Precipitation-Downscaling-Khulna\data\processed\rasters_aligned\monthly\CDR\2020_10.tif,bilinear,"LOCAL_CS[""unnamed"",UNIT[""metre"",1,AUTHORITY[""EPSG"",""9001""]],AXIS[""Easting"",EAST],AXIS[""Northing"",NORTH]]","GEOGCS[""WGS 84"",DATUM[""World Geodetic System 1984"",SPHEROID[""WGS 84"",6378137,298.257223563]],PRIMEM[""Greenwich"",0],UNIT[""degree"",0.0174532925199433,AUTHORITY[""EPSG"",""9122""]],AXIS[""Latitude"",NORTH],AXIS[""Longitude"",EAST]]",True,-99.0,3576,False,Success
CDR,2020_11.tif,E:\Geospatial\Precipitation Downscaling\Precipitation-Downscaling-Khulna\data\processed\rasters_aligned\monthly\CDR\2020_11.tif,bilinear,"LOCAL_CS[""unnamed"",UNIT[""metre"",1,AUTHORITY[""EPSG"",""9001""]],AXIS[""Easting"",EAST],AXIS[""Northing"",NORTH]]","GEOGCS[""WGS 84"",DATUM[""World Geodetic System 1984"",SPHEROID[""WGS 84"",6378137,298.257223563]],PRIMEM[""Greenwich"",0],UNIT[""degree"",0.0174532925199433,AUTHORITY[""EPSG"",""9122""]],AXIS[""Latitude"",NORTH],AXIS[""Longitude"",EAST]]",True,-99.0,3576,False,Success
CDR,2020_12.tif,E:\Geospatial\Precipitation Downscaling\Precipitation-Downscaling-Khulna\data\processed\rasters_aligned\monthly\CDR\2020_12.tif,bilinear,"LOCAL_CS[""unnamed"",UNIT[""metre"",1,AUTHORITY[""EPSG"",""9001""]],AXIS[""Easting"",EAST],AXIS[""Northing"",NORTH]]","GEOGCS[""WGS 84"",DATUM[""World Geodetic System 1984"",SPHEROID[""WGS 84"",6378137,298.257223563]],PRIMEM[""Greenwich"",0],UNIT[""degree"",0.0174532925199433,AUTHORITY[""EPSG"",""9122""]],AXIS[""Latitude"",NORTH],AXIS[""Longitude"",EAST]]",True,-99.0,3576,False,Success
CDR,2021_01.tif,E:\Geospatial\Precipitation Downscaling\Precipitation-Downscaling-Khulna\data\processed\rasters_aligned\monthly\CDR\2021_01.tif,bilinear,"LOCAL_CS[""unnamed"",UNIT[""metre"",1,AUTHORITY[""EPSG"",""9001""]],AXIS[""Easting"",EAST],AXIS[""Northing"",NORTH]]","GEOGCS[""WGS 84"",DATUM[""World Geodetic System 1984"",SPHEROID[""WGS 84"",6378137,298.257223563]],PRIMEM[""Greenwich"",0],UNIT[""degree"",0.0174532925199433,AUTHORITY[""EPSG"",""9122""]],AXIS[""Latitude"",NORTH],AXIS[""Longitude"",EAST]]",True,-99.0,3576,False,Success
CDR,2021_02.tif,E:\Geospatial\Precipitation Downscaling\Precipitation-Downscaling-Khulna\data\processed\rasters_aligned\monthly\CDR\2021_02.tif,bilinear,"LOCAL_CS[""unnamed"",UNIT[""metre"",1,AUTHORITY[""EPSG"",""9001""]],AXIS[""Easting"",EAST],AXIS[""Northing"",NORTH]]","GEOGCS[""WGS 84"",DATUM[""World Geodetic System 1984"",SPHEROID[""WGS 84"",6378137,298.257223563]],PRIMEM[""Greenwich"",0],UNIT[""degree"",0.0174532925199433,AUTHORITY[""EPSG"",""9122""]],AXIS[""Latitude"",NORTH],AXIS[""Longitude"",EAST]]",True,-99.0,3576,False,Success
CDR,2021_03.tif,E:\Geospatial\Precipitation Downscaling\Precipitation-Downscaling-Khulna\data\processed\rasters_aligned\monthly\CDR\2021_03.tif,bilinear,"LOCAL_CS[""unnamed"",UNIT[""metre"",1,AUTHORITY[""EPSG"",""9001""]],AXIS[""Easting"",EAST],AXIS[""Northing"",NORTH]]","GEOGCS[""WGS 84"",DATUM[""World Geodetic System 1984"",SPHEROID[""WGS 84"",6378137,298.257223563]],PRIMEM[""Greenwich"",0],UNIT[""degree"",0.0174532925199433,AUTHORITY[""EPSG"",""9122""]],AXIS[""Latitude"",NORTH],AXIS[""Longitude"",EAST]]",True,-99.0,3576,False,Success
CDR,2021_04.tif,E:\Geospatial\Precipitation Downscaling\Precipitation-Downscaling-Khulna\data\processed\rasters_aligned\monthly\CDR\2021_04.tif,bilinear,"LOCAL_CS[""unnamed"",UNIT[""metre"",1,AUTHORITY[""EPSG"",""9001""]],AXIS[""Easting"",EAST],AXIS[""Northing"",NORTH]]","GEOGCS[""WGS 84"",DATUM[""World Geodetic System 1984"",SPHEROID[""WGS 84"",6378137,298.257223563]],PRIMEM[""Greenwich"",0],UNIT[""degree"",0.0174532925199433,AUTHORITY[""EPSG"",""9122""]],AXIS[""Latitude"",NORTH],AXIS[""Longitude"",EAST]]",True,-99.0,3576,False,Success
CDR,2021_05.tif,E:\Geospatial\Precipitation Downscaling\Precipitation-Downscaling-Khulna\data\processed\rasters_aligned\monthly\CDR\2021_05.tif,bilinear,"LOCAL_CS[""unnamed"",UNIT[""metre"",1,AUTHORITY[""EPSG"",""9001""]],AXIS[""Easting"",EAST],AXIS[""Northing"",NORTH]]","GEOGCS[""WGS 84"",DATUM[""World Geodetic System 1984"",SPHEROID[""WGS 84"",6378137,298.257223563]],PRIMEM[""Greenwich"",0],UNIT[""degree"",0.0174532925199433,AUTHORITY[""EPSG"",""9122""]],AXIS[""Latitude"",NORTH],AXIS[""Longitude"",EAST]]",True,-99.0,3576,False,Success
CDR,2021_06.tif,E:\Geospatial\Precipitation Downscaling\Precipitation-Downscaling-Khulna\data\processed\rasters_aligned\monthly\CDR\2021_06.tif,bilinear,"LOCAL_CS[""unnamed"",UNIT[""metre"",1,AUTHORITY[""EPSG"",""9001""]],AXIS[""Easting"",EAST],AXIS[""Northing"",NORTH]]","GEOGCS[""WGS 84"",DATUM[""World Geodetic System 1984"",SPHEROID[""WGS 84"",6378137,298.257223563]],PRIMEM[""Greenwich"",0],UNIT[""degree"",0.0174532925199433,AUTHORITY[""EPSG"",""9122""]],AXIS[""Latitude"",NORTH],AXIS[""Longitude"",EAST]]",True,-99.0,3576,False,Success
CDR,2021_07.tif,E:\Geospatial\Precipitation Downscaling\Precipitation-Downscaling-Khulna\data\processed\rasters_aligned\monthly\CDR\2021_07.tif,bilinear,"LOCAL_CS[""unnamed"",UNIT[""metre"",1,AUTHORITY[""EPSG"",""9001""]],AXIS[""Easting"",EAST],AXIS[""Northing"",NORTH]]","GEOGCS[""WGS 84"",DATUM[""World Geodetic System 1984"",SPHEROID[""WGS 84"",6378137,298.257223563]],PRIMEM[""Greenwich"",0],UNIT[""degree"",0.0174532925199433,AUTHORITY[""EPSG"",""9122""]],AXIS[""Latitude"",NORTH],AXIS[""Longitude"",EAST]]",True,-99.0,3576,False,Success
CDR,2021_08.tif,E:\Geospatial\Precipitation Downscaling\Precipitation-Downscaling-Khulna\data\processed\rasters_aligned\monthly\CDR\2021_08.tif,bilinear,"LOCAL_CS[""unnamed"",UNIT[""metre"",1,AUTHORITY[""EPSG"",""9001""]],AXIS[""Easting"",EAST],AXIS[""Northing"",NORTH]]","GEOGCS[""WGS 84"",DATUM[""World Geodetic System 1984"",SPHEROID[""WGS 84"",6378137,298.257223563]],PRIMEM[""Greenwich"",0],UNIT[""degree"",0.0174532925199433,AUTHORITY[""EPSG"",""9122""]],AXIS[""Latitude"",NORTH],AXIS[""Longitude"",EAST]]",True,-99.0,3576,False,Success
CDR,2021_09.tif,E:\Geospatial\Precipitation Downscaling\Precipitation-Downscaling-Khulna\data\processed\rasters_aligned\monthly\CDR\2021_09.tif,bilinear,"LOCAL_CS[""unnamed"",UNIT[""metre"",1,AUTHORITY[""EPSG"",""9001""]],AXIS[""Easting"",EAST],AXIS[""Northing"",NORTH]]","GEOGCS[""WGS 84"",DATUM[""World Geodetic System 1984"",SPHEROID[""WGS 84"",6378137,298.257223563]],PRIMEM[""Greenwich"",0],UNIT[""degree"",0.0174532925199433,AUTHORITY[""EPSG"",""9122""]],AXIS[""Latitude"",NORTH],AXIS[""Longitude"",EAST]]",True,-99.0,3576,False,Success
CDR,2021_10.tif,E:\Geospatial\Precipitation Downscaling\Precipitation-Downscaling-Khulna\data\processed\rasters_aligned\monthly\CDR\2021_10.tif,bilinear,"LOCAL_CS[""unnamed"",UNIT[""metre"",1,AUTHORITY[""EPSG"",""9001""]],AXIS[""Easting"",EAST],AXIS[""Northing"",NORTH]]","GEOGCS[""WGS 84"",DATUM[""World Geodetic System 1984"",SPHEROID[""WGS 84"",6378137,298.257223563]],PRIMEM[""Greenwich"",0],UNIT[""degree"",0.0174532925199433,AUTHORITY[""EPSG"",""9122""]],AXIS[""Latitude"",NORTH],AXIS[""Longitude"",EAST]]",True,-99.0,3576,False,Success
CDR,2021_11.tif,E:\Geospatial\Precipitation Downscaling\Precipitation-Downscaling-Khulna\data\processed\rasters_aligned\monthly\CDR\2021_11.tif,bilinear,"LOCAL_CS[""unnamed"",UNIT[""metre"",1,AUTHORITY[""EPSG"",""9001""]],AXIS[""Easting"",EAST],AXIS[""Northing"",NORTH]]","GEOGCS[""WGS 84"",DATUM[""World Geodetic System 1984"",SPHEROID[""WGS 84"",6378137,298.257223563]],PRIMEM[""Greenwich"",0],UNIT[""degree"",0.0174532925199433,AUTHORITY[""EPSG"",""9122""]],AXIS[""Latitude"",NORTH],AXIS[""Longitude"",EAST]]",True,-99.0,3576,False,Success
CDR,2021_12.tif,E:\Geospatial\Precipitation Downscaling\Precipitation-Downscaling-Khulna\data\processed\rasters_aligned\monthly\CDR\2021_12.tif,bilinear,"LOCAL_CS[""unnamed"",UNIT[""metre"",1,AUTHORITY[""EPSG"",""9001""]],AXIS[""Easting"",EAST],AXIS[""Northing"",NORTH]]","GEOGCS[""WGS 84"",DATUM[""World Geodetic System 1984"",SPHEROID[""WGS 84"",6378137,298.257223563]],PRIMEM[""Greenwich"",0],UNIT[""degree"",0.0174532925199433,AUTHORITY[""EPSG"",""9122""]],AXIS[""Latitude"",NORTH],AXIS[""Longitude"",EAST]]",True,-99.0,3576,False,Success
CDR,2022_01.tif,E:\Geospatial\Precipitation Downscaling\Precipitation-Downscaling-Khulna\data\processed\rasters_aligned\monthly\CDR\2022_01.tif,bilinear,"LOCAL_CS[""unnamed"",UNIT[""metre"",1,AUTHORITY[""EPSG"",""9001""]],AXIS[""Easting"",EAST],AXIS[""Northing"",NORTH]]","GEOGCS[""WGS 84"",DATUM[""World Geodetic System 1984"",SPHEROID[""WGS 84"",6378137,298.257223563]],PRIMEM[""Greenwich"",0],UNIT[""degree"",0.0174532925199433,AUTHORITY[""EPSG"",""9122""]],AXIS[""Latitude"",NORTH],AXIS[""Longitude"",EAST]]",True,-99.0,3576,False,Success
CDR,2022_02.tif,E:\Geospatial\Precipitation Downscaling\Precipitation-Downscaling-Khulna\data\processed\rasters_aligned\monthly\CDR\2022_02.tif,bilinear,"LOCAL_CS[""unnamed"",UNIT[""metre"",1,AUTHORITY[""EPSG"",""9001""]],AXIS[""Easting"",EAST],AXIS[""Northing"",NORTH]]","GEOGCS[""WGS 84"",DATUM[""World Geodetic System 1984"",SPHEROID[""WGS 84"",6378137,298.257223563]],PRIMEM[""Greenwich"",0],UNIT[""degree"",0.0174532925199433,AUTHORITY[""EPSG"",""9122""]],AXIS[""Latitude"",NORTH],AXIS[""Longitude"",EAST]]",True,-99.0,3576,False,Success
CDR,2022_03.tif,E:\Geospatial\Precipitation Downscaling\Precipitation-Downscaling-Khulna\data\processed\rasters_aligned\monthly\CDR\2022_03.tif,bilinear,"LOCAL_CS[""unnamed"",UNIT[""metre"",1,AUTHORITY[""EPSG"",""9001""]],AXIS[""Easting"",EAST],AXIS[""Northing"",NORTH]]","GEOGCS[""WGS 84"",DATUM[""World Geodetic System 1984"",SPHEROID[""WGS 84"",6378137,298.257223563]],PRIMEM[""Greenwich"",0],UNIT[""degree"",0.0174532925199433,AUTHORITY[""EPSG"",""9122""]],AXIS[""Latitude"",NORTH],AXIS[""Longitude"",EAST]]",True,-99.0,3576,False,Success
CDR,2022_04.tif,E:\Geospatial\Precipitation Downscaling\Precipitation-Downscaling-Khulna\data\processed\rasters_aligned\monthly\CDR\2022_04.tif,bilinear,"LOCAL_CS[""unnamed"",UNIT[""metre"",1,AUTHORITY[""EPSG"",""9001""]],AXIS[""Easting"",EAST],AXIS[""Northing"",NORTH]]","GEOGCS[""WGS 84"",DATUM[""World Geodetic System 1984"",SPHEROID[""WGS 84"",6378137,298.257223563]],PRIMEM[""Greenwich"",0],UNIT[""degree"",0.0174532925199433,AUTHORITY[""EPSG"",""9122""]],AXIS[""Latitude"",NORTH],AXIS[""Longitude"",EAST]]",True,-99.0,3576,False,Success
CDR,2022_05.tif,E:\Geospatial\Precipitation Downscaling\Precipitation-Downscaling-Khulna\data\processed\rasters_aligned\monthly\CDR\2022_05.tif,bilinear,"LOCAL_CS[""unnamed"",UNIT[""metre"",1,AUTHORITY[""EPSG"",""9001""]],AXIS[""Easting"",EAST],AXIS[""Northing"",NORTH]]","GEOGCS[""WGS 84"",DATUM[""World Geodetic System 1984"",SPHEROID[""WGS 84"",6378137,298.257223563]],PRIMEM[""Greenwich"",0],UNIT[""degree"",0.0174532925199433,AUTHORITY[""EPSG"",""9122""]],AXIS[""Latitude"",NORTH],AXIS[""Longitude"",EAST]]",True,-99.0,3576,False,Success
CDR,2022_06.tif,E:\Geospatial\Precipitation Downscaling\Precipitation-Downscaling-Khulna\data\processed\rasters_aligned\monthly\CDR\2022_06.tif,bilinear,"LOCAL_CS[""unnamed"",UNIT[""metre"",1,AUTHORITY[""EPSG"",""9001""]],AXIS[""Easting"",EAST],AXIS[""Northing"",NORTH]]","GEOGCS[""WGS 84"",DATUM[""World Geodetic System 1984"",SPHEROID[""WGS 84"",6378137,298.257223563]],PRIMEM[""Greenwich"",0],UNIT[""degree"",0.0174532925199433,AUTHORITY[""EPSG"",""9122""]],AXIS[""Latitude"",NORTH],AXIS[""Longitude"",EAST]]",True,-99.0,3576,False,Success
CDR,2022_07.tif,E:\Geospatial\Precipitation Downscaling\Precipitation-Downscaling-Khulna\data\processed\rasters_aligned\monthly\CDR\2022_07.tif,bilinear,"LOCAL_CS[""unnamed"",UNIT[""metre"",1,AUTHORITY[""EPSG"",""9001""]],AXIS[""Easting"",EAST],AXIS[""Northing"",NORTH]]","GEOGCS[""WGS 84"",DATUM[""World Geodetic System 1984"",SPHEROID[""WGS 84"",6378137,298.257223563]],PRIMEM[""Greenwich"",0],UNIT[""degree"",0.0174532925199433,AUTHORITY[""EPSG"",""9122""]],AXIS[""Latitude"",NORTH],AXIS[""Longitude"",EAST]]",True,-99.0,3576,False,Success
CDR,2022_08.tif,E:\Geospatial\Precipitation Downscaling\Precipitation-Downscaling-Khulna\data\processed\rasters_aligned\monthly\CDR\2022_08.tif,bilinear,"LOCAL_CS[""unnamed"",UNIT[""metre"",1,AUTHORITY[""EPSG"",""9001""]],AXIS[""Easting"",EAST],AXIS[""Northing"",NORTH]]","GEOGCS[""WGS 84"",DATUM[""World Geodetic System 1984"",SPHEROID[""WGS 84"",6378137,298.257223563]],PRIMEM[""Greenwich"",0],UNIT[""degree"",0.0174532925199433,AUTHORITY[""EPSG"",""9122""]],AXIS[""Latitude"",NORTH],AXIS[""Longitude"",EAST]]",True,-99.0,3576,False,Success
CDR,2022_09.tif,E:\Geospatial\Precipitation Downscaling\Precipitation-Downscaling-Khulna\data\processed\rasters_aligned\monthly\CDR\2022_09.tif,bilinear,"LOCAL_CS[""unnamed"",UNIT[""metre"",1,AUTHORITY[""EPSG"",""9001""]],AXIS[""Easting"",EAST],AXIS[""Northing"",NORTH]]","GEOGCS[""WGS 84"",DATUM[""World Geodetic System 1984"",SPHEROID[""WGS 84"",6378137,298.257223563]],PRIMEM[""Greenwich"",0],UNIT[""degree"",0.0174532925199433,AUTHORITY[""EPSG"",""9122""]],AXIS[""Latitude"",NORTH],AXIS[""Longitude"",EAST]]",True,-99.0,3576,False,Success
CDR,2022_10.tif,E:\Geospatial\Precipitation Downscaling\Precipitation-Downscaling-Khulna\data\processed\rasters_aligned\monthly\CDR\2022_10.tif,bilinear,"LOCAL_CS[""unnamed"",UNIT[""metre"",1,AUTHORITY[""EPSG"",""9001""]],AXIS[""Easting"",EAST],AXIS[""Northing"",NORTH]]","GEOGCS[""WGS 84"",DATUM[""World Geodetic System 1984"",SPHEROID[""WGS 84"",6378137,298.257223563]],PRIMEM[""Greenwich"",0],UNIT[""degree"",0.0174532925199433,AUTHORITY[""EPSG"",""9122""]],AXIS[""Latitude"",NORTH],AXIS[""Longitude"",EAST]]",True,-99.0,3576,False,Success
CDR,2022_11.tif,E:\Geospatial\Precipitation Downscaling\Precipitation-Downscaling-Khulna\data\processed\rasters_aligned\monthly\CDR\2022_11.tif,bilinear,"LOCAL_CS[""unnamed"",UNIT[""metre"",1,AUTHORITY[""EPSG"",""9001""]],AXIS[""Easting"",EAST],AXIS[""Northing"",NORTH]]","GEOGCS[""WGS 84"",DATUM[""World Geodetic System 1984"",SPHEROID[""WGS 84"",6378137,298.257223563]],PRIMEM[""Greenwich"",0],UNIT[""degree"",0.0174532925199433,AUTHORITY[""EPSG"",""9122""]],AXIS[""Latitude"",NORTH],AXIS[""Longitude"",EAST]]",True,-99.0,3576,False,Success
CDR,2022_12.tif,E:\Geospatial\Precipitation Downscaling\Precipitation-Downscaling-Khulna\data\processed\rasters_aligned\monthly\CDR\2022_12.tif,bilinear,"LOCAL_CS[""unnamed"",UNIT[""metre"",1,AUTHORITY[""EPSG"",""9001""]],AXIS[""Easting"",EAST],AXIS[""Northing"",NORTH]]","GEOGCS[""WGS 84"",DATUM[""World Geodetic System 1984"",SPHEROID[""WGS 84"",6378137,298.257223563]],PRIMEM[""Greenwich"",0],UNIT[""degree"",0.0174532925199433,AUTHORITY[""EPSG"",""9122""]],AXIS[""Latitude"",NORTH],AXIS[""Longitude"",EAST]]",True,-99.0,3576,False,Success
CHIRPS,2017_01.tif,E:\Geospatial\Precipitation Downscaling\Precipitation-Downscaling-Khulna\data\processed\rasters_aligned\monthly\CHIRPS\2017_01.tif,bilinear,"GEOGCS[""WGS 84"",DATUM[""World Geodetic System 1984"",SPHEROID[""WGS 84"",6378137,298.257223563]],PRIMEM[""Greenwich"",0],UNIT[""degree"",0.0174532925199433,AUTHORITY[""EPSG"",""9122""]],AXIS[""Latitude"",NORTH],AXIS[""Longitude"",EAST]]","GEOGCS[""WGS 84"",DATUM[""World Geodetic System 1984"",SPHEROID[""WGS 84"",6378137,298.257223563]],PRIMEM[""Greenwich"",0],UNIT[""degree"",0.0174532925199433,AUTHORITY[""EPSG"",""9122""]],AXIS[""Latitude"",NORTH],AXIS[""Longitude"",EAST]]",False,,4732,False,Success
CHIRPS,2017_02.tif,E:\Geospatial\Precipitation Downscaling\Precipitation-Downscaling-Khulna\data\processed\rasters_aligned\monthly\CHIRPS\2017_02.tif,bilinear,"GEOGCS[""WGS 84"",DATUM[""World Geodetic System 1984"",SPHEROID[""WGS 84"",6378137,298.257223563]],PRIMEM[""Greenwich"",0],UNIT[""degree"",0.0174532925199433,AUTHORITY[""EPSG"",""9122""]],AXIS[""Latitude"",NORTH],AXIS[""Longitude"",EAST]]","GEOGCS[""WGS 84"",DATUM[""World Geodetic System 1984"",SPHEROID[""WGS 84"",6378137,298.257223563]],PRIMEM[""Greenwich"",0],UNIT[""degree"",0.0174532925199433,AUTHORITY[""EPSG"",""9122""]],AXIS[""Latitude"",NORTH],AXIS[""Longitude"",EAST]]",False,,4732,False,Success
CHIRPS,2017_03.tif,E:\Geospatial\Precipitation Downscaling\Precipitation-Downscaling-Khulna\data\processed\rasters_aligned\monthly\CHIRPS\2017_03.tif,bilinear,"GEOGCS[""WGS 84"",DATUM[""World Geodetic System 1984"",SPHEROID[""WGS 84"",6378137,298.257223563]],PRIMEM[""Greenwich"",0],UNIT[""degree"",0.0174532925199433,AUTHORITY[""EPSG"",""9122""]],AXIS[""Latitude"",NORTH],AXIS[""Longitude"",EAST]]","GEOGCS[""WGS 84"",DATUM[""World Geodetic System 1984"",SPHEROID[""WGS 84"",6378137,298.257223563]],PRIMEM[""Greenwich"",0],UNIT[""degree"",0.0174532925199433,AUTHORITY[""EPSG"",""9122""]],AXIS[""Latitude"",NORTH],AXIS[""Longitude"",EAST]]",False,,4732,False,Success
CHIRPS,2017_04.tif,E:\Geospatial\Precipitation Downscaling\Precipitation-Downscaling-Khulna\data\processed\rasters_aligned\monthly\CHIRPS\2017_04.tif,bilinear,"GEOGCS[""WGS 84"",DATUM[""World Geodetic System 1984"",SPHEROID[""WGS 84"",6378137,298.257223563]],PRIMEM[""Greenwich"",0],UNIT[""degree"",0.0174532925199433,AUTHORITY[""EPSG"",""9122""]],AXIS[""Latitude"",NORTH],AXIS[""Longitude"",EAST]]","GEOGCS[""WGS 84"",DATUM[""World Geodetic System 1984"",SPHEROID[""WGS 84"",6378137,298.257223563]],PRIMEM[""Greenwich"",0],UNIT[""degree"",0.0174532925199433,AUTHORITY[""EPSG"",""9122""]],AXIS[""Latitude"",NORTH],AXIS[""Longitude"",EAST]]",False,,4732,False,Success
CHIRPS,2017_05.tif,E:\Geospatial\Precipitation Downscaling\Precipitation-Downscaling-Khulna\data\processed\rasters_aligned\monthly\CHIRPS\2017_05.tif,bilinear,"GEOGCS[""WGS 84"",DATUM[""World Geodetic System 1984"",SPHEROID[""WGS 84"",6378137,298.257223563]],PRIMEM[""Greenwich"",0],UNIT[""degree"",0.0174532925199433,AUTHORITY[""EPSG"",""9122""]],AXIS[""Latitude"",NORTH],AXIS[""Longitude"",EAST]]","GEOGCS[""WGS 84"",DATUM[""World Geodetic System 1984"",SPHEROID[""WGS 84"",6378137,298.257223563]],PRIMEM[""Greenwich"",0],UNIT[""degree"",0.0174532925199433,AUTHORITY[""EPSG"",""9122""]],AXIS[""Latitude"",NORTH],AXIS[""Longitude"",EAST]]",False,,4732,False,Success
CHIRPS,2017_06.tif,E:\Geospatial\Precipitation Downscaling\Precipitation-Downscaling-Khulna\data\processed\rasters_aligned\monthly\CHIRPS\2017_06.tif,bilinear,"GEOGCS[""WGS 84"",DATUM[""World Geodetic System 1984"",SPHEROID[""WGS 84"",6378137,298.257223563]],PRIMEM[""Greenwich"",0],UNIT[""degree"",0.0174532925199433,AUTHORITY[""EPSG"",""9122""]],AXIS[""Latitude"",NORTH],AXIS[""Longitude"",EAST]]","GEOGCS[""WGS 84"",DATUM[""World Geodetic System 1984"",SPHEROID[""WGS 84"",6378137,298.257223563]],PRIMEM[""Greenwich"",0],UNIT[""degree"",0.0174532925199433,AUTHORITY[""EPSG"",""9122""]],AXIS[""Latitude"",NORTH],AXIS[""Longitude"",EAST]]",False,,4732,False,Success
CHIRPS,2017_07.tif,E:\Geospatial\Precipitation Downscaling\Precipitation-Downscaling-Khulna\data\processed\rasters_aligned\monthly\CHIRPS\2017_07.tif,bilinear,"GEOGCS[""WGS 84"",DATUM[""World Geodetic System 1984"",SPHEROID[""WGS 84"",6378137,298.257223563]],PRIMEM[""Greenwich"",0],UNIT[""degree"",0.0174532925199433,AUTHORITY[""EPSG"",""9122""]],AXIS[""Latitude"",NORTH],AXIS[""Longitude"",EAST]]","GEOGCS[""WGS 84"",DATUM[""World Geodetic System 1984"",SPHEROID[""WGS 84"",6378137,298.257223563]],PRIMEM[""Greenwich"",0],UNIT[""degree"",0.0174532925199433,AUTHORITY[""EPSG"",""9122""]],AXIS[""Latitude"",NORTH],AXIS[""Longitude"",EAST]]",False,,4732,False,Success
CHIRPS,2017_08.tif,E:\Geospatial\Precipitation Downscaling\Precipitation-Downscaling-Khulna\data\processed\rasters_aligned\monthly\CHIRPS\2017_08.tif,bilinear,"GEOGCS[""WGS 84"",DATUM[""World Geodetic System 1984"",SPHEROID[""WGS 84"",6378137,298.257223563]],PRIMEM[""Greenwich"",0],UNIT[""degree"",0.0174532925199433,AUTHORITY[""EPSG"",""9122""]],AXIS[""Latitude"",NORTH],AXIS[""Longitude"",EAST]]","GEOGCS[""WGS 84"",DATUM[""World Geodetic System 1984"",SPHEROID[""WGS 84"",6378137,298.257223563]],PRIMEM[""Greenwich"",0],UNIT[""degree"",0.0174532925199433,AUTHORITY[""EPSG"",""9122""]],AXIS[""Latitude"",NORTH],AXIS[""Longitude"",EAST]]",False,,4732,False,Success
CHIRPS,2017_09.tif,E:\Geospatial\Precipitation Downscaling\Precipitation-Downscaling-Khulna\data\processed\rasters_aligned\monthly\CHIRPS\2017_09.tif,bilinear,"GEOGCS[""WGS 84"",DATUM[""World Geodetic System 1984"",SPHEROID[""WGS 84"",6378137,298.257223563]],PRIMEM[""Greenwich"",0],UNIT[""degree"",0.0174532925199433,AUTHORITY[""EPSG"",""9122""]],AXIS[""Latitude"",NORTH],AXIS[""Longitude"",EAST]]","GEOGCS[""WGS 84"",DATUM[""World Geodetic System 1984"",SPHEROID[""WGS 84"",6378137,298.257223563]],PRIMEM[""Greenwich"",0],UNIT[""degree"",0.0174532925199433,AUTHORITY[""EPSG"",""9122""]],AXIS[""Latitude"",NORTH],AXIS[""Longitude"",EAST]]",False,,4732,False,Success
CHIRPS,2017_10.tif,E:\Geospatial\Precipitation Downscaling\Precipitation-Downscaling-Khulna\data\processed\rasters_aligned\monthly\CHIRPS\2017_10.tif,bilinear,"GEOGCS[""WGS 84"",DATUM[""World Geodetic System 1984"",SPHEROID[""WGS 84"",6378137,298.257223563]],PRIMEM[""Greenwich"",0],UNIT[""degree"",0.0174532925199433,AUTHORITY[""EPSG"",""9122""]],AXIS[""Latitude"",NORTH],AXIS[""Longitude"",EAST]]","GEOGCS[""WGS 84"",DATUM[""World Geodetic System 1984"",SPHEROID[""WGS 84"",6378137,298.257223563]],PRIMEM[""Greenwich"",0],UNIT[""degree"",0.0174532925199433,AUTHORITY[""EPSG"",""9122""]],AXIS[""Latitude"",NORTH],AXIS[""Longitude"",EAST]]",False,,4732,False,Success
CHIRPS,2017_11.tif,E:\Geospatial\Precipitation Downscaling\Precipitation-Downscaling-Khulna\data\processed\rasters_aligned\monthly\CHIRPS\2017_11.tif,bilinear,"GEOGCS[""WGS 84"",DATUM[""World Geodetic System 1984"",SPHEROID[""WGS 84"",6378137,298.257223563]],PRIMEM[""Greenwich"",0],UNIT[""degree"",0.0174532925199433,AUTHORITY[""EPSG"",""9122""]],AXIS[""Latitude"",NORTH],AXIS[""Longitude"",EAST]]","GEOGCS[""WGS 84"",DATUM[""World Geodetic System 1984"",SPHEROID[""WGS 84"",6378137,298.257223563]],PRIMEM[""Greenwich"",0],UNIT[""degree"",0.0174532925199433,AUTHORITY[""EPSG"",""9122""]],AXIS[""Latitude"",NORTH],AXIS[""Longitude"",EAST]]",False,,4732,False,Success
CHIRPS,2017_12.tif,E:\Geospatial\Precipitation Downscaling\Precipitation-Downscaling-Khulna\data\processed\rasters_aligned\monthly\CHIRPS\2017_12.tif,bilinear,"GEOGCS[""WGS 84"",DATUM[""World Geodetic System 1984"",SPHEROID[""WGS 84"",6378137,298.257223563]],PRIMEM[""Greenwich"",0],UNIT[""degree"",0.0174532925199433,AUTHORITY[""EPSG"",""9122""]],AXIS[""Latitude"",NORTH],AXIS[""Longitude"",EAST]]","GEOGCS[""WGS 84"",DATUM[""World Geodetic System 1984"",SPHEROID[""WGS 84"",6378137,298.257223563]],PRIMEM[""Greenwich"",0],UNIT[""degree"",0.0174532925199433,AUTHORITY[""EPSG"",""9122""]],AXIS[""Latitude"",NORTH],AXIS[""Longitude"",EAST]]",False,,4732,False,Success
CHIRPS,2018_01.tif,E:\Geospatial\Precipitation Downscaling\Precipitation-Downscaling-Khulna\data\processed\rasters_aligned\monthly\CHIRPS\2018_01.tif,bilinear,"GEOGCS[""WGS 84"",DATUM[""World Geodetic System 1984"",SPHEROID[""WGS 84"",6378137,298.257223563]],PRIMEM[""Greenwich"",0],UNIT[""degree"",0.0174532925199433,AUTHORITY[""EPSG"",""9122""]],AXIS[""Latitude"",NORTH],AXIS[""Longitude"",EAST]]","GEOGCS[""WGS 84"",DATUM[""World Geodetic System 1984"",SPHEROID[""WGS 84"",6378137,298.257223563]],PRIMEM[""Greenwich"",0],UNIT[""degree"",0.0174532925199433,AUTHORITY[""EPSG"",""9122""]],AXIS[""Latitude"",NORTH],AXIS[""Longitude"",EAST]]",False,,4732,False,Success
CHIRPS,2018_02.tif,E:\Geospatial\Precipitation Downscaling\Precipitation-Downscaling-Khulna\data\processed\rasters_aligned\monthly\CHIRPS\2018_02.tif,bilinear,"GEOGCS[""WGS 84"",DATUM[""World Geodetic System 1984"",SPHEROID[""WGS 84"",6378137,298.257223563]],PRIMEM[""Greenwich"",0],UNIT[""degree"",0.0174532925199433,AUTHORITY[""EPSG"",""9122""]],AXIS[""Latitude"",NORTH],AXIS[""Longitude"",EAST]]","GEOGCS[""WGS 84"",DATUM[""World Geodetic System 1984"",SPHEROID[""WGS 84"",6378137,298.257223563]],PRIMEM[""Greenwich"",0],UNIT[""degree"",0.0174532925199433,AUTHORITY[""EPSG"",""9122""]],AXIS[""Latitude"",NORTH],AXIS[""Longitude"",EAST]]",False,,4732,False,Success
CHIRPS,2018_03.tif,E:\Geospatial\Precipitation Downscaling\Precipitation-Downscaling-Khulna\data\processed\rasters_aligned\monthly\CHIRPS\2018_03.tif,bilinear,"GEOGCS[""WGS 84"",DATUM[""World Geodetic System 1984"",SPHEROID[""WGS 84"",6378137,298.257223563]],PRIMEM[""Greenwich"",0],UNIT[""degree"",0.0174532925199433,AUTHORITY[""EPSG"",""9122""]],AXIS[""Latitude"",NORTH],AXIS[""Longitude"",EAST]]","GEOGCS[""WGS 84"",DATUM[""World Geodetic System 1984"",SPHEROID[""WGS 84"",6378137,298.257223563]],PRIMEM[""Greenwich"",0],UNIT[""degree"",0.0174532925199433,AUTHORITY[""EPSG"",""9122""]],AXIS[""Latitude"",NORTH],AXIS[""Longitude"",EAST]]",False,,4732,False,Success
CHIRPS,2018_04.tif,E:\Geospatial\Precipitation Downscaling\Precipitation-Downscaling-Khulna\data\processed\rasters_aligned\monthly\CHIRPS\2018_04.tif,bilinear,"GEOGCS[""WGS 84"",DATUM[""World Geodetic System 1984"",SPHEROID[""WGS 84"",6378137,298.257223563]],PRIMEM[""Greenwich"",0],UNIT[""degree"",0.0174532925199433,AUTHORITY[""EPSG"",""9122""]],AXIS[""Latitude"",NORTH],AXIS[""Longitude"",EAST]]","GEOGCS[""WGS 84"",DATUM[""World Geodetic System 1984"",SPHEROID[""WGS 84"",6378137,298.257223563]],PRIMEM[""Greenwich"",0],UNIT[""degree"",0.0174532925199433,AUTHORITY[""EPSG"",""9122""]],AXIS[""Latitude"",NORTH],AXIS[""Longitude"",EAST]]",False,,4732,False,Success
CHIRPS,2018_05.tif,E:\Geospatial\Precipitation Downscaling\Precipitation-Downscaling-Khulna\data\processed\rasters_aligned\monthly\CHIRPS\2018_05.tif,bilinear,"GEOGCS[""WGS 84"",DATUM[""World Geodetic System 1984"",SPHEROID[""WGS 84"",6378137,298.257223563]],PRIMEM[""Greenwich"",0],UNIT[""degree"",0.0174532925199433,AUTHORITY[""EPSG"",""9122""]],AXIS[""Latitude"",NORTH],AXIS[""Longitude"",EAST]]","GEOGCS[""WGS 84"",DATUM[""World Geodetic System 1984"",SPHEROID[""WGS 84"",6378137,298.257223563]],PRIMEM[""Greenwich"",0],UNIT[""degree"",0.0174532925199433,AUTHORITY[""EPSG"",""9122""]],AXIS[""Latitude"",NORTH],AXIS[""Longitude"",EAST]]",False,,4732,False,Success
CHIRPS,2018_06.tif,E:\Geospatial\Precipitation Downscaling\Precipitation-Downscaling-Khulna\data\processed\rasters_aligned\monthly\CHIRPS\2018_06.tif,bilinear,"GEOGCS[""WGS 84"",DATUM[""World Geodetic System 1984"",SPHEROID[""WGS 84"",6378137,298.257223563]],PRIMEM[""Greenwich"",0],UNIT[""degree"",0.0174532925199433,AUTHORITY[""EPSG"",""9122""]],AXIS[""Latitude"",NORTH],AXIS[""Longitude"",EAST]]","GEOGCS[""WGS 84"",DATUM[""World Geodetic System 1984"",SPHEROID[""WGS 84"",6378137,298.257223563]],PRIMEM[""Greenwich"",0],UNIT[""degree"",0.0174532925199433,AUTHORITY[""EPSG"",""9122""]],AXIS[""Latitude"",NORTH],AXIS[""Longitude"",EAST]]",False,,4732,False,Success
CHIRPS,2018_07.tif,E:\Geospatial\Precipitation Downscaling\Precipitation-Downscaling-Khulna\data\processed\rasters_aligned\monthly\CHIRPS\2018_07.tif,bilinear,"GEOGCS[""WGS 84"",DATUM[""World Geodetic System 1984"",SPHEROID[""WGS 84"",6378137,298.257223563]],PRIMEM[""Greenwich"",0],UNIT[""degree"",0.0174532925199433,AUTHORITY[""EPSG"",""9122""]],AXIS[""Latitude"",NORTH],AXIS[""Longitude"",EAST]]","GEOGCS[""WGS 84"",DATUM[""World Geodetic System 1984"",SPHEROID[""WGS 84"",6378137,298.257223563]],PRIMEM[""Greenwich"",0],UNIT[""degree"",0.0174532925199433,AUTHORITY[""EPSG"",""9122""]],AXIS[""Latitude"",NORTH],AXIS[""Longitude"",EAST]]",False,,4732,False,Success
CHIRPS,2018_08.tif,E:\Geospatial\Precipitation Downscaling\Precipitation-Downscaling-Khulna\data\processed\rasters_aligned\monthly\CHIRPS\2018_08.tif,bilinear,"GEOGCS[""WGS 84"",DATUM[""World Geodetic System 1984"",SPHEROID[""WGS 84"",6378137,298.257223563]],PRIMEM[""Greenwich"",0],UNIT[""degree"",0.0174532925199433,AUTHORITY[""EPSG"",""9122""]],AXIS[""Latitude"",NORTH],AXIS[""Longitude"",EAST]]","GEOGCS[""WGS 84"",DATUM[""World Geodetic System 1984"",SPHEROID[""WGS 84"",6378137,298.257223563]],PRIMEM[""Greenwich"",0],UNIT[""degree"",0.0174532925199433,AUTHORITY[""EPSG"",""9122""]],AXIS[""Latitude"",NORTH],AXIS[""Longitude"",EAST]]",False,,4732,False,Success
CHIRPS,2018_09.tif,E:\Geospatial\Precipitation Downscaling\Precipitation-Downscaling-Khulna\data\processed\rasters_aligned\monthly\CHIRPS\2018_09.tif,bilinear,"GEOGCS[""WGS 84"",DATUM[""World Geodetic System 1984"",SPHEROID[""WGS 84"",6378137,298.257223563]],PRIMEM[""Greenwich"",0],UNIT[""degree"",0.0174532925199433,AUTHORITY[""EPSG"",""9122""]],AXIS[""Latitude"",NORTH],AXIS[""Longitude"",EAST]]","GEOGCS[""WGS 84"",DATUM[""World Geodetic System 1984"",SPHEROID[""WGS 84"",6378137,298.257223563]],PRIMEM[""Greenwich"",0],UNIT[""degree"",0.0174532925199433,AUTHORITY[""EPSG"",""9122""]],AXIS[""Latitude"",NORTH],AXIS[""Longitude"",EAST]]",False,,4732,False,Success
CHIRPS,2018_10.tif,E:\Geospatial\Precipitation Downscaling\Precipitation-Downscaling-Khulna\data\processed\rasters_aligned\monthly\CHIRPS\2018_10.tif,bilinear,"GEOGCS[""WGS 84"",DATUM[""World Geodetic System 1984"",SPHEROID[""WGS 84"",6378137,298.257223563]],PRIMEM[""Greenwich"",0],UNIT[""degree"",0.0174532925199433,AUTHORITY[""EPSG"",""9122""]],AXIS[""Latitude"",NORTH],AXIS[""Longitude"",EAST]]","GEOGCS[""WGS 84"",DATUM[""World Geodetic System 1984"",SPHEROID[""WGS 84"",6378137,298.257223563]],PRIMEM[""Greenwich"",0],UNIT[""degree"",0.0174532925199433,AUTHORITY[""EPSG"",""9122""]],AXIS[""Latitude"",NORTH],AXIS[""Longitude"",EAST]]",False,,4732,False,Success
CHIRPS,2018_11.tif,E:\Geospatial\Precipitation Downscaling\Precipitation-Downscaling-Khulna\data\processed\rasters_aligned\monthly\CHIRPS\2018_11.tif,bilinear,"GEOGCS[""WGS 84"",DATUM[""World Geodetic System 1984"",SPHEROID[""WGS 84"",6378137,298.257223563]],PRIMEM[""Greenwich"",0],UNIT[""degree"",0.0174532925199433,AUTHORITY[""EPSG"",""9122""]],AXIS[""Latitude"",NORTH],AXIS[""Longitude"",EAST]]","GEOGCS[""WGS 84"",DATUM[""World Geodetic System 1984"",SPHEROID[""WGS 84"",6378137,298.257223563]],PRIMEM[""Greenwich"",0],UNIT[""degree"",0.0174532925199433,AUTHORITY[""EPSG"",""9122""]],AXIS[""Latitude"",NORTH],AXIS[""Longitude"",EAST]]",False,,4732,False,Success
CHIRPS,2018_12.tif,E:\Geospatial\Precipitation Downscaling\Precipitation-Downscaling-Khulna\data\processed\rasters_aligned\monthly\CHIRPS\2018_12.tif,bilinear,"GEOGCS[""WGS 84"",DATUM[""World Geodetic System 1984"",SPHEROID[""WGS 84"",6378137,298.257223563]],PRIMEM[""Greenwich"",0],UNIT[""degree"",0.0174532925199433,AUTHORITY[""EPSG"",""9122""]],AXIS[""Latitude"",NORTH],AXIS[""Longitude"",EAST]]","GEOGCS[""WGS 84"",DATUM[""World Geodetic System 1984"",SPHEROID[""WGS 84"",6378137,298.257223563]],PRIMEM[""Greenwich"",0],UNIT[""degree"",0.0174532925199433,AUTHORITY[""EPSG"",""9122""]],AXIS[""Latitude"",NORTH],AXIS[""Longitude"",EAST]]",False,,4732,False,Success
CHIRPS,2019_01.tif,E:\Geospatial\Precipitation Downscaling\Precipitation-Downscaling-Khulna\data\processed\rasters_aligned\monthly\CHIRPS\2019_01.tif,bilinear,"GEOGCS[""WGS 84"",DATUM[""World Geodetic System 1984"",SPHEROID[""WGS 84"",6378137,298.257223563]],PRIMEM[""Greenwich"",0],UNIT[""degree"",0.0174532925199433,AUTHORITY[""EPSG"",""9122""]],AXIS[""Latitude"",NORTH],AXIS[""Longitude"",EAST]]","GEOGCS[""WGS 84"",DATUM[""World Geodetic System 1984"",SPHEROID[""WGS 84"",6378137,298.257223563]],PRIMEM[""Greenwich"",0],UNIT[""degree"",0.0174532925199433,AUTHORITY[""EPSG"",""9122""]],AXIS[""Latitude"",NORTH],AXIS[""Longitude"",EAST]]",False,,4732,False,Success
CHIRPS,2019_02.tif,E:\Geospatial\Precipitation Downscaling\Precipitation-Downscaling-Khulna\data\processed\rasters_aligned\monthly\CHIRPS\2019_02.tif,bilinear,"GEOGCS[""WGS 84"",DATUM[""World Geodetic System 1984"",SPHEROID[""WGS 84"",6378137,298.257223563]],PRIMEM[""Greenwich"",0],UNIT[""degree"",0.0174532925199433,AUTHORITY[""EPSG"",""9122""]],AXIS[""Latitude"",NORTH],AXIS[""Longitude"",EAST]]","GEOGCS[""WGS 84"",DATUM[""World Geodetic System 1984"",SPHEROID[""WGS 84"",6378137,298.257223563]],PRIMEM[""Greenwich"",0],UNIT[""degree"",0.0174532925199433,AUTHORITY[""EPSG"",""9122""]],AXIS[""Latitude"",NORTH],AXIS[""Longitude"",EAST]]",False,,4732,False,Success
CHIRPS,2019_03.tif,E:\Geospatial\Precipitation Downscaling\Precipitation-Downscaling-Khulna\data\processed\rasters_aligned\monthly\CHIRPS\2019_03.tif,bilinear,"GEOGCS[""WGS 84"",DATUM[""World Geodetic System 1984"",SPHEROID[""WGS 84"",6378137,298.257223563]],PRIMEM[""Greenwich"",0],UNIT[""degree"",0.0174532925199433,AUTHORITY[""EPSG"",""9122""]],AXIS[""Latitude"",NORTH],AXIS[""Longitude"",EAST]]","GEOGCS[""WGS 84"",DATUM[""World Geodetic System 1984"",SPHEROID[""WGS 84"",6378137,298.257223563]],PRIMEM[""Greenwich"",0],UNIT[""degree"",0.0174532925199433,AUTHORITY[""EPSG"",""9122""]],AXIS[""Latitude"",NORTH],AXIS[""Longitude"",EAST]]",False,,4732,False,Success
CHIRPS,2019_04.tif,E:\Geospatial\Precipitation Downscaling\Precipitation-Downscaling-Khulna\data\processed\rasters_aligned\monthly\CHIRPS\2019_04.tif,bilinear,"GEOGCS[""WGS 84"",DATUM[""World Geodetic System 1984"",SPHEROID[""WGS 84"",6378137,298.257223563]],PRIMEM[""Greenwich"",0],UNIT[""degree"",0.0174532925199433,AUTHORITY[""EPSG"",""9122""]],AXIS[""Latitude"",NORTH],AXIS[""Longitude"",EAST]]","GEOGCS[""WGS 84"",DATUM[""World Geodetic System 1984"",SPHEROID[""WGS 84"",6378137,298.257223563]],PRIMEM[""Greenwich"",0],UNIT[""degree"",0.0174532925199433,AUTHORITY[""EPSG"",""9122""]],AXIS[""Latitude"",NORTH],AXIS[""Longitude"",EAST]]",False,,4732,False,Success
CHIRPS,2019_05.tif,E:\Geospatial\Precipitation Downscaling\Precipitation-Downscaling-Khulna\data\processed\rasters_aligned\monthly\CHIRPS\2019_05.tif,bilinear,"GEOGCS[""WGS 84"",DATUM[""World Geodetic System 1984"",SPHEROID[""WGS 84"",6378137,298.257223563]],PRIMEM[""Greenwich"",0],UNIT[""degree"",0.0174532925199433,AUTHORITY[""EPSG"",""9122""]],AXIS[""Latitude"",NORTH],AXIS[""Longitude"",EAST]]","GEOGCS[""WGS 84"",DATUM[""World Geodetic System 1984"",SPHEROID[""WGS 84"",6378137,298.257223563]],PRIMEM[""Greenwich"",0],UNIT[""degree"",0.0174532925199433,AUTHORITY[""EPSG"",""9122""]],AXIS[""Latitude"",NORTH],AXIS[""Longitude"",EAST]]",False,,4732,False,Success
CHIRPS,2019_06.tif,E:\Geospatial\Precipitation Downscaling\Precipitation-Downscaling-Khulna\data\processed\rasters_aligned\monthly\CHIRPS\2019_06.tif,bilinear,"GEOGCS[""WGS 84"",DATUM[""World Geodetic System 1984"",SPHEROID[""WGS 84"",6378137,298.257223563]],PRIMEM[""Greenwich"",0],UNIT[""degree"",0.0174532925199433,AUTHORITY[""EPSG"",""9122""]],AXIS[""Latitude"",NORTH],AXIS[""Longitude"",EAST]]","GEOGCS[""WGS 84"",DATUM[""World Geodetic System 1984"",SPHEROID[""WGS 84"",6378137,298.257223563]],PRIMEM[""Greenwich"",0],UNIT[""degree"",0.0174532925199433,AUTHORITY[""EPSG"",""9122""]],AXIS[""Latitude"",NORTH],AXIS[""Longitude"",EAST]]",False,,4732,False,Success
CHIRPS,2019_07.tif,E:\Geospatial\Precipitation Downscaling\Precipitation-Downscaling-Khulna\data\processed\rasters_aligned\monthly\CHIRPS\2019_07.tif,bilinear,"GEOGCS[""WGS 84"",DATUM[""World Geodetic System 1984"",SPHEROID[""WGS 84"",6378137,298.257223563]],PRIMEM[""Greenwich"",0],UNIT[""degree"",0.0174532925199433,AUTHORITY[""EPSG"",""9122""]],AXIS[""Latitude"",NORTH],AXIS[""Longitude"",EAST]]","GEOGCS[""WGS 84"",DATUM[""World Geodetic System 1984"",SPHEROID[""WGS 84"",6378137,298.257223563]],PRIMEM[""Greenwich"",0],UNIT[""degree"",0.0174532925199433,AUTHORITY[""EPSG"",""9122""]],AXIS[""Latitude"",NORTH],AXIS[""Longitude"",EAST]]",False,,4732,False,Success
CHIRPS,2019_08.tif,E:\Geospatial\Precipitation Downscaling\Precipitation-Downscaling-Khulna\data\processed\rasters_aligned\monthly\CHIRPS\2019_08.tif,bilinear,"GEOGCS[""WGS 84"",DATUM[""World Geodetic System 1984"",SPHEROID[""WGS 84"",6378137,298.257223563]],PRIMEM[""Greenwich"",0],UNIT[""degree"",0.0174532925199433,AUTHORITY[""EPSG"",""9122""]],AXIS[""Latitude"",NORTH],AXIS[""Longitude"",EAST]]","GEOGCS[""WGS 84"",DATUM[""World Geodetic System 1984"",SPHEROID[""WGS 84"",6378137,298.257223563]],PRIMEM[""Greenwich"",0],UNIT[""degree"",0.0174532925199433,AUTHORITY[""EPSG"",""9122""]],AXIS[""Latitude"",NORTH],AXIS[""Longitude"",EAST]]",False,,4732,False,Success
CHIRPS,2019_09.tif,E:\Geospatial\Precipitation Downscaling\Precipitation-Downscaling-Khulna\data\processed\rasters_aligned\monthly\CHIRPS\2019_09.tif,bilinear,"GEOGCS[""WGS 84"",DATUM[""World Geodetic System 1984"",SPHEROID[""WGS 84"",6378137,298.257223563]],PRIMEM[""Greenwich"",0],UNIT[""degree"",0.0174532925199433,AUTHORITY[""EPSG"",""9122""]],AXIS[""Latitude"",NORTH],AXIS[""Longitude"",EAST]]","GEOGCS[""WGS 84"",DATUM[""World Geodetic System 1984"",SPHEROID[""WGS 84"",6378137,298.257223563]],PRIMEM[""Greenwich"",0],UNIT[""degree"",0.0174532925199433,AUTHORITY[""EPSG"",""9122""]],AXIS[""Latitude"",NORTH],AXIS[""Longitude"",EAST]]",False,,4732,False,Success
CHIRPS,2019_10.tif,E:\Geospatial\Precipitation Downscaling\Precipitation-Downscaling-Khulna\data\processed\rasters_aligned\monthly\CHIRPS\2019_10.tif,bilinear,"GEOGCS[""WGS 84"",DATUM[""World Geodetic System 1984"",SPHEROID[""WGS 84"",6378137,298.257223563]],PRIMEM[""Greenwich"",0],UNIT[""degree"",0.0174532925199433,AUTHORITY[""EPSG"",""9122""]],AXIS[""Latitude"",NORTH],AXIS[""Longitude"",EAST]]","GEOGCS[""WGS 84"",DATUM[""World Geodetic System 1984"",SPHEROID[""WGS 84"",6378137,298.257223563]],PRIMEM[""Greenwich"",0],UNIT[""degree"",0.0174532925199433,AUTHORITY[""EPSG"",""9122""]],AXIS[""Latitude"",NORTH],AXIS[""Longitude"",EAST]]",False,,4732,False,Success
CHIRPS,2019_11.tif,E:\Geospatial\Precipitation Downscaling\Precipitation-Downscaling-Khulna\data\processed\rasters_aligned\monthly\CHIRPS\2019_11.tif,bilinear,"GEOGCS[""WGS 84"",DATUM[""World Geodetic System 1984"",SPHEROID[""WGS 84"",6378137,298.257223563]],PRIMEM[""Greenwich"",0],UNIT[""degree"",0.0174532925199433,AUTHORITY[""EPSG"",""9122""]],AXIS[""Latitude"",NORTH],AXIS[""Longitude"",EAST]]","GEOGCS[""WGS 84"",DATUM[""World Geodetic System 1984"",SPHEROID[""WGS 84"",6378137,298.257223563]],PRIMEM[""Greenwich"",0],UNIT[""degree"",0.0174532925199433,AUTHORITY[""EPSG"",""9122""]],AXIS[""Latitude"",NORTH],AXIS[""Longitude"",EAST]]",False,,4732,False,Success
CHIRPS,2019_12.tif,E:\Geospatial\Precipitation Downscaling\Precipitation-Downscaling-Khulna\data\processed\rasters_aligned\monthly\CHIRPS\2019_12.tif,bilinear,"GEOGCS[""WGS 84"",DATUM[""World Geodetic System 1984"",SPHEROID[""WGS 84"",6378137,298.257223563]],PRIMEM[""Greenwich"",0],UNIT[""degree"",0.0174532925199433,AUTHORITY[""EPSG"",""9122""]],AXIS[""Latitude"",NORTH],AXIS[""Longitude"",EAST]]","GEOGCS[""WGS 84"",DATUM[""World Geodetic System 1984"",SPHEROID[""WGS 84"",6378137,298.257223563]],PRIMEM[""Greenwich"",0],UNIT[""degree"",0.0174532925199433,AUTHORITY[""EPSG"",""9122""]],AXIS[""Latitude"",NORTH],AXIS[""Longitude"",EAST]]",False,,4732,False,Success
CHIRPS,2020_01.tif,E:\Geospatial\Precipitation Downscaling\Precipitation-Downscaling-Khulna\data\processed\rasters_aligned\monthly\CHIRPS\2020_01.tif,bilinear,"GEOGCS[""WGS 84"",DATUM[""World Geodetic System 1984"",SPHEROID[""WGS 84"",6378137,298.257223563]],PRIMEM[""Greenwich"",0],UNIT[""degree"",0.0174532925199433,AUTHORITY[""EPSG"",""9122""]],AXIS[""Latitude"",NORTH],AXIS[""Longitude"",EAST]]","GEOGCS[""WGS 84"",DATUM[""World Geodetic System 1984"",SPHEROID[""WGS 84"",6378137,298.257223563]],PRIMEM[""Greenwich"",0],UNIT[""degree"",0.0174532925199433,AUTHORITY[""EPSG"",""9122""]],AXIS[""Latitude"",NORTH],AXIS[""Longitude"",EAST]]",False,,4732,False,Success
CHIRPS,2020_02.tif,E:\Geospatial\Precipitation Downscaling\Precipitation-Downscaling-Khulna\data\processed\rasters_aligned\monthly\CHIRPS\2020_02.tif,bilinear,"GEOGCS[""WGS 84"",DATUM[""World Geodetic System 1984"",SPHEROID[""WGS 84"",6378137,298.257223563]],PRIMEM[""Greenwich"",0],UNIT[""degree"",0.0174532925199433,AUTHORITY[""EPSG"",""9122""]],AXIS[""Latitude"",NORTH],AXIS[""Longitude"",EAST]]","GEOGCS[""WGS 84"",DATUM[""World Geodetic System 1984"",SPHEROID[""WGS 84"",6378137,298.257223563]],PRIMEM[""Greenwich"",0],UNIT[""degree"",0.0174532925199433,AUTHORITY[""EPSG"",""9122""]],AXIS[""Latitude"",NORTH],AXIS[""Longitude"",EAST]]",False,,4732,False,Success
CHIRPS,2020_03.tif,E:\Geospatial\Precipitation Downscaling\Precipitation-Downscaling-Khulna\data\processed\rasters_aligned\monthly\CHIRPS\2020_03.tif,bilinear,"GEOGCS[""WGS 84"",DATUM[""World Geodetic System 1984"",SPHEROID[""WGS 84"",6378137,298.257223563]],PRIMEM[""Greenwich"",0],UNIT[""degree"",0.0174532925199433,AUTHORITY[""EPSG"",""9122""]],AXIS[""Latitude"",NORTH],AXIS[""Longitude"",EAST]]","GEOGCS[""WGS 84"",DATUM[""World Geodetic System 1984"",SPHEROID[""WGS 84"",6378137,298.257223563]],PRIMEM[""Greenwich"",0],UNIT[""degree"",0.0174532925199433,AUTHORITY[""EPSG"",""9122""]],AXIS[""Latitude"",NORTH],AXIS[""Longitude"",EAST]]",False,,4732,False,Success
CHIRPS,2020_04.tif,E:\Geospatial\Precipitation Downscaling\Precipitation-Downscaling-Khulna\data\processed\rasters_aligned\monthly\CHIRPS\2020_04.tif,bilinear,"GEOGCS[""WGS 84"",DATUM[""World Geodetic System 1984"",SPHEROID[""WGS 84"",6378137,298.257223563]],PRIMEM[""Greenwich"",0],UNIT[""degree"",0.0174532925199433,AUTHORITY[""EPSG"",""9122""]],AXIS[""Latitude"",NORTH],AXIS[""Longitude"",EAST]]","GEOGCS[""WGS 84"",DATUM[""World Geodetic System 1984"",SPHEROID[""WGS 84"",6378137,298.257223563]],PRIMEM[""Greenwich"",0],UNIT[""degree"",0.0174532925199433,AUTHORITY[""EPSG"",""9122""]],AXIS[""Latitude"",NORTH],AXIS[""Longitude"",EAST]]",False,,4732,False,Success
CHIRPS,2020_05.tif,E:\Geospatial\Precipitation Downscaling\Precipitation-Downscaling-Khulna\data\processed\rasters_aligned\monthly\CHIRPS\2020_05.tif,bilinear,"GEOGCS[""WGS 84"",DATUM[""World Geodetic System 1984"",SPHEROID[""WGS 84"",6378137,298.257223563]],PRIMEM[""Greenwich"",0],UNIT[""degree"",0.0174532925199433,AUTHORITY[""EPSG"",""9122""]],AXIS[""Latitude"",NORTH],AXIS[""Longitude"",EAST]]","GEOGCS[""WGS 84"",DATUM[""World Geodetic System 1984"",SPHEROID[""WGS 84"",6378137,298.257223563]],PRIMEM[""Greenwich"",0],UNIT[""degree"",0.0174532925199433,AUTHORITY[""EPSG"",""9122""]],AXIS[""Latitude"",NORTH],AXIS[""Longitude"",EAST]]",False,,4732,False,Success
CHIRPS,2020_06.tif,E:\Geospatial\Precipitation Downscaling\Precipitation-Downscaling-Khulna\data\processed\rasters_aligned\monthly\CHIRPS\2020_06.tif,bilinear,"GEOGCS[""WGS 84"",DATUM[""World Geodetic System 1984"",SPHEROID[""WGS 84"",6378137,298.257223563]],PRIMEM[""Greenwich"",0],UNIT[""degree"",0.0174532925199433,AUTHORITY[""EPSG"",""9122""]],AXIS[""Latitude"",NORTH],AXIS[""Longitude"",EAST]]","GEOGCS[""WGS 84"",DATUM[""World Geodetic System 1984"",SPHEROID[""WGS 84"",6378137,298.257223563]],PRIMEM[""Greenwich"",0],UNIT[""degree"",0.0174532925199433,AUTHORITY[""EPSG"",""9122""]],AXIS[""Latitude"",NORTH],AXIS[""Longitude"",EAST]]",False,,4732,False,Success
CHIRPS,2020_07.tif,E:\Geospatial\Precipitation Downscaling\Precipitation-Downscaling-Khulna\data\processed\rasters_aligned\monthly\CHIRPS\2020_07.tif,bilinear,"GEOGCS[""WGS 84"",DATUM[""World Geodetic System 1984"",SPHEROID[""WGS 84"",6378137,298.257223563]],PRIMEM[""Greenwich"",0],UNIT[""degree"",0.0174532925199433,AUTHORITY[""EPSG"",""9122""]],AXIS[""Latitude"",NORTH],AXIS[""Longitude"",EAST]]","GEOGCS[""WGS 84"",DATUM[""World Geodetic System 1984"",SPHEROID[""WGS 84"",6378137,298.257223563]],PRIMEM[""Greenwich"",0],UNIT[""degree"",0.0174532925199433,AUTHORITY[""EPSG"",""9122""]],AXIS[""Latitude"",NORTH],AXIS[""Longitude"",EAST]]",False,,4732,False,Success
CHIRPS,2020_08.tif,E:\Geospatial\Precipitation Downscaling\Precipitation-Downscaling-Khulna\data\processed\rasters_aligned\monthly\CHIRPS\2020_08.tif,bilinear,"GEOGCS[""WGS 84"",DATUM[""World Geodetic System 1984"",SPHEROID[""WGS 84"",6378137,298.257223563]],PRIMEM[""Greenwich"",0],UNIT[""degree"",0.0174532925199433,AUTHORITY[""EPSG"",""9122""]],AXIS[""Latitude"",NORTH],AXIS[""Longitude"",EAST]]","GEOGCS[""WGS 84"",DATUM[""World Geodetic System 1984"",SPHEROID[""WGS 84"",6378137,298.257223563]],PRIMEM[""Greenwich"",0],UNIT[""degree"",0.0174532925199433,AUTHORITY[""EPSG"",""9122""]],AXIS[""Latitude"",NORTH],AXIS[""Longitude"",EAST]]",False,,4732,False,Success
CHIRPS,2020_09.tif,E:\Geospatial\Precipitation Downscaling\Precipitation-Downscaling-Khulna\data\processed\rasters_aligned\monthly\CHIRPS\2020_09.tif,bilinear,"GEOGCS[""WGS 84"",DATUM[""World Geodetic System 1984"",SPHEROID[""WGS 84"",6378137,298.257223563]],PRIMEM[""Greenwich"",0],UNIT[""degree"",0.0174532925199433,AUTHORITY[""EPSG"",""9122""]],AXIS[""Latitude"",NORTH],AXIS[""Longitude"",EAST]]","GEOGCS[""WGS 84"",DATUM[""World Geodetic System 1984"",SPHEROID[""WGS 84"",6378137,298.257223563]],PRIMEM[""Greenwich"",0],UNIT[""degree"",0.0174532925199433,AUTHORITY[""EPSG"",""9122""]],AXIS[""Latitude"",NORTH],AXIS[""Longitude"",EAST]]",False,,4732,False,Success
CHIRPS,2020_10.tif,E:\Geospatial\Precipitation Downscaling\Precipitation-Downscaling-Khulna\data\processed\rasters_aligned\monthly\CHIRPS\2020_10.tif,bilinear,"GEOGCS[""WGS 84"",DATUM[""World Geodetic System 1984"",SPHEROID[""WGS 84"",6378137,298.257223563]],PRIMEM[""Greenwich"",0],UNIT[""degree"",0.0174532925199433,AUTHORITY[""EPSG"",""9122""]],AXIS[""Latitude"",NORTH],AXIS[""Longitude"",EAST]]","GEOGCS[""WGS 84"",DATUM[""World Geodetic System 1984"",SPHEROID[""WGS 84"",6378137,298.257223563]],PRIMEM[""Greenwich"",0],UNIT[""degree"",0.0174532925199433,AUTHORITY[""EPSG"",""9122""]],AXIS[""Latitude"",NORTH],AXIS[""Longitude"",EAST]]",False,,4732,False,Success
CHIRPS,2020_11.tif,E:\Geospatial\Precipitation Downscaling\Precipitation-Downscaling-Khulna\data\processed\rasters_aligned\monthly\CHIRPS\2020_11.tif,bilinear,"GEOGCS[""WGS 84"",DATUM[""World Geodetic System 1984"",SPHEROID[""WGS 84"",6378137,298.257223563]],PRIMEM[""Greenwich"",0],UNIT[""degree"",0.0174532925199433,AUTHORITY[""EPSG"",""9122""]],AXIS[""Latitude"",NORTH],AXIS[""Longitude"",EAST]]","GEOGCS[""WGS 84"",DATUM[""World Geodetic System 1984"",SPHEROID[""WGS 84"",6378137,298.257223563]],PRIMEM[""Greenwich"",0],UNIT[""degree"",0.0174532925199433,AUTHORITY[""EPSG"",""9122""]],AXIS[""Latitude"",NORTH],AXIS[""Longitude"",EAST]]",False,,4732,False,Success
CHIRPS,2020_12.tif,E:\Geospatial\Precipitation Downscaling\Precipitation-Downscaling-Khulna\data\processed\rasters_aligned\monthly\CHIRPS\2020_12.tif,bilinear,"GEOGCS[""WGS 84"",DATUM[""World Geodetic System 1984"",SPHEROID[""WGS 84"",6378137,298.257223563]],PRIMEM[""Greenwich"",0],UNIT[""degree"",0.0174532925199433,AUTHORITY[""EPSG"",""9122""]],AXIS[""Latitude"",NORTH],AXIS[""Longitude"",EAST]]","GEOGCS[""WGS 84"",DATUM[""World Geodetic System 1984"",SPHEROID[""WGS 84"",6378137,298.257223563]],PRIMEM[""Greenwich"",0],UNIT[""degree"",0.0174532925199433,AUTHORITY[""EPSG"",""9122""]],AXIS[""Latitude"",NORTH],AXIS[""Longitude"",EAST]]",False,,4732,False,Success
CHIRPS,2021_01.tif,E:\Geospatial\Precipitation Downscaling\Precipitation-Downscaling-Khulna\data\processed\rasters_aligned\monthly\CHIRPS\2021_01.tif,bilinear,"GEOGCS[""WGS 84"",DATUM[""World Geodetic System 1984"",SPHEROID[""WGS 84"",6378137,298.257223563]],PRIMEM[""Greenwich"",0],UNIT[""degree"",0.0174532925199433,AUTHORITY[""EPSG"",""9122""]],AXIS[""Latitude"",NORTH],AXIS[""Longitude"",EAST]]","GEOGCS[""WGS 84"",DATUM[""World Geodetic System 1984"",SPHEROID[""WGS 84"",6378137,298.257223563]],PRIMEM[""Greenwich"",0],UNIT[""degree"",0.0174532925199433,AUTHORITY[""EPSG"",""9122""]],AXIS[""Latitude"",NORTH],AXIS[""Longitude"",EAST]]",False,,4732,False,Success
CHIRPS,2021_02.tif,E:\Geospatial\Precipitation Downscaling\Precipitation-Downscaling-Khulna\data\processed\rasters_aligned\monthly\CHIRPS\2021_02.tif,bilinear,"GEOGCS[""WGS 84"",DATUM[""World Geodetic System 1984"",SPHEROID[""WGS 84"",6378137,298.257223563]],PRIMEM[""Greenwich"",0],UNIT[""degree"",0.0174532925199433,AUTHORITY[""EPSG"",""9122""]],AXIS[""Latitude"",NORTH],AXIS[""Longitude"",EAST]]","GEOGCS[""WGS 84"",DATUM[""World Geodetic System 1984"",SPHEROID[""WGS 84"",6378137,298.257223563]],PRIMEM[""Greenwich"",0],UNIT[""degree"",0.0174532925199433,AUTHORITY[""EPSG"",""9122""]],AXIS[""Latitude"",NORTH],AXIS[""Longitude"",EAST]]",False,,4732,False,Success
CHIRPS,2021_03.tif,E:\Geospatial\Precipitation Downscaling\Precipitation-Downscaling-Khulna\data\processed\rasters_aligned\monthly\CHIRPS\2021_03.tif,bilinear,"GEOGCS[""WGS 84"",DATUM[""World Geodetic System 1984"",SPHEROID[""WGS 84"",6378137,298.257223563]],PRIMEM[""Greenwich"",0],UNIT[""degree"",0.0174532925199433,AUTHORITY[""EPSG"",""9122""]],AXIS[""Latitude"",NORTH],AXIS[""Longitude"",EAST]]","GEOGCS[""WGS 84"",DATUM[""World Geodetic System 1984"",SPHEROID[""WGS 84"",6378137,298.257223563]],PRIMEM[""Greenwich"",0],UNIT[""degree"",0.0174532925199433,AUTHORITY[""EPSG"",""9122""]],AXIS[""Latitude"",NORTH],AXIS[""Longitude"",EAST]]",False,,4732,False,Success
CHIRPS,2021_04.tif,E:\Geospatial\Precipitation Downscaling\Precipitation-Downscaling-Khulna\data\processed\rasters_aligned\monthly\CHIRPS\2021_04.tif,bilinear,"GEOGCS[""WGS 84"",DATUM[""World Geodetic System 1984"",SPHEROID[""WGS 84"",6378137,298.257223563]],PRIMEM[""Greenwich"",0],UNIT[""degree"",0.0174532925199433,AUTHORITY[""EPSG"",""9122""]],AXIS[""Latitude"",NORTH],AXIS[""Longitude"",EAST]]","GEOGCS[""WGS 84"",DATUM[""World Geodetic System 1984"",SPHEROID[""WGS 84"",6378137,298.257223563]],PRIMEM[""Greenwich"",0],UNIT[""degree"",0.0174532925199433,AUTHORITY[""EPSG"",""9122""]],AXIS[""Latitude"",NORTH],AXIS[""Longitude"",EAST]]",False,,4732,False,Success
CHIRPS,2021_05.tif,E:\Geospatial\Precipitation Downscaling\Precipitation-Downscaling-Khulna\data\processed\rasters_aligned\monthly\CHIRPS\2021_05.tif,bilinear,"GEOGCS[""WGS 84"",DATUM[""World Geodetic System 1984"",SPHEROID[""WGS 84"",6378137,298.257223563]],PRIMEM[""Greenwich"",0],UNIT[""degree"",0.0174532925199433,AUTHORITY[""EPSG"",""9122""]],AXIS[""Latitude"",NORTH],AXIS[""Longitude"",EAST]]","GEOGCS[""WGS 84"",DATUM[""World Geodetic System 1984"",SPHEROID[""WGS 84"",6378137,298.257223563]],PRIMEM[""Greenwich"",0],UNIT[""degree"",0.0174532925199433,AUTHORITY[""EPSG"",""9122""]],AXIS[""Latitude"",NORTH],AXIS[""Longitude"",EAST]]",False,,4732,False,Success
CHIRPS,2021_06.tif,E:\Geospatial\Precipitation Downscaling\Precipitation-Downscaling-Khulna\data\processed\rasters_aligned\monthly\CHIRPS\2021_06.tif,bilinear,"GEOGCS[""WGS 84"",DATUM[""World Geodetic System 1984"",SPHEROID[""WGS 84"",6378137,298.257223563]],PRIMEM[""Greenwich"",0],UNIT[""degree"",0.0174532925199433,AUTHORITY[""EPSG"",""9122""]],AXIS[""Latitude"",NORTH],AXIS[""Longitude"",EAST]]","GEOGCS[""WGS 84"",DATUM[""World Geodetic System 1984"",SPHEROID[""WGS 84"",6378137,298.257223563]],PRIMEM[""Greenwich"",0],UNIT[""degree"",0.0174532925199433,AUTHORITY[""EPSG"",""9122""]],AXIS[""Latitude"",NORTH],AXIS[""Longitude"",EAST]]",False,,4732,False,Success
CHIRPS,2021_07.tif,E:\Geospatial\Precipitation Downscaling\Precipitation-Downscaling-Khulna\data\processed\rasters_aligned\monthly\CHIRPS\2021_07.tif,bilinear,"GEOGCS[""WGS 84"",DATUM[""World Geodetic System 1984"",SPHEROID[""WGS 84"",6378137,298.257223563]],PRIMEM[""Greenwich"",0],UNIT[""degree"",0.0174532925199433,AUTHORITY[""EPSG"",""9122""]],AXIS[""Latitude"",NORTH],AXIS[""Longitude"",EAST]]","GEOGCS[""WGS 84"",DATUM[""World Geodetic System 1984"",SPHEROID[""WGS 84"",6378137,298.257223563]],PRIMEM[""Greenwich"",0],UNIT[""degree"",0.0174532925199433,AUTHORITY[""EPSG"",""9122""]],AXIS[""Latitude"",NORTH],AXIS[""Longitude"",EAST]]",False,,4732,False,Success
CHIRPS,2021_08.tif,E:\Geospatial\Precipitation Downscaling\Precipitation-Downscaling-Khulna\data\processed\rasters_aligned\monthly\CHIRPS\2021_08.tif,bilinear,"GEOGCS[""WGS 84"",DATUM[""World Geodetic System 1984"",SPHEROID[""WGS 84"",6378137,298.257223563]],PRIMEM[""Greenwich"",0],UNIT[""degree"",0.0174532925199433,AUTHORITY[""EPSG"",""9122""]],AXIS[""Latitude"",NORTH],AXIS[""Longitude"",EAST]]","GEOGCS[""WGS 84"",DATUM[""World Geodetic System 1984"",SPHEROID[""WGS 84"",6378137,298.257223563]],PRIMEM[""Greenwich"",0],UNIT[""degree"",0.0174532925199433,AUTHORITY[""EPSG"",""9122""]],AXIS[""Latitude"",NORTH],AXIS[""Longitude"",EAST]]",False,,4732,False,Success
CHIRPS,2021_09.tif,E:\Geospatial\Precipitation Downscaling\Precipitation-Downscaling-Khulna\data\processed\rasters_aligned\monthly\CHIRPS\2021_09.tif,bilinear,"GEOGCS[""WGS 84"",DATUM[""World Geodetic System 1984"",SPHEROID[""WGS 84"",6378137,298.257223563]],PRIMEM[""Greenwich"",0],UNIT[""degree"",0.0174532925199433,AUTHORITY[""EPSG"",""9122""]],AXIS[""Latitude"",NORTH],AXIS[""Longitude"",EAST]]","GEOGCS[""WGS 84"",DATUM[""World Geodetic System 1984"",SPHEROID[""WGS 84"",6378137,298.257223563]],PRIMEM[""Greenwich"",0],UNIT[""degree"",0.0174532925199433,AUTHORITY[""EPSG"",""9122""]],AXIS[""Latitude"",NORTH],AXIS[""Longitude"",EAST]]",False,,4732,False,Success
CHIRPS,2021_10.tif,E:\Geospatial\Precipitation Downscaling\Precipitation-Downscaling-Khulna\data\processed\rasters_aligned\monthly\CHIRPS\2021_10.tif,bilinear,"GEOGCS[""WGS 84"",DATUM[""World Geodetic System 1984"",SPHEROID[""WGS 84"",6378137,298.257223563]],PRIMEM[""Greenwich"",0],UNIT[""degree"",0.0174532925199433,AUTHORITY[""EPSG"",""9122""]],AXIS[""Latitude"",NORTH],AXIS[""Longitude"",EAST]]","GEOGCS[""WGS 84"",DATUM[""World Geodetic System 1984"",SPHEROID[""WGS 84"",6378137,298.257223563]],PRIMEM[""Greenwich"",0],UNIT[""degree"",0.0174532925199433,AUTHORITY[""EPSG"",""9122""]],AXIS[""Latitude"",NORTH],AXIS[""Longitude"",EAST]]",False,,4732,False,Success
CHIRPS,2021_11.tif,E:\Geospatial\Precipitation Downscaling\Precipitation-Downscaling-Khulna\data\processed\rasters_aligned\monthly\CHIRPS\2021_11.tif,bilinear,"GEOGCS[""WGS 84"",DATUM[""World Geodetic System 1984"",SPHEROID[""WGS 84"",6378137,298.257223563]],PRIMEM[""Greenwich"",0],UNIT[""degree"",0.0174532925199433,AUTHORITY[""EPSG"",""9122""]],AXIS[""Latitude"",NORTH],AXIS[""Longitude"",EAST]]","GEOGCS[""WGS 84"",DATUM[""World Geodetic System 1984"",SPHEROID[""WGS 84"",6378137,298.257223563]],PRIMEM[""Greenwich"",0],UNIT[""degree"",0.0174532925199433,AUTHORITY[""EPSG"",""9122""]],AXIS[""Latitude"",NORTH],AXIS[""Longitude"",EAST]]",False,,4732,False,Success
CHIRPS,2021_12.tif,E:\Geospatial\Precipitation Downscaling\Precipitation-Downscaling-Khulna\data\processed\rasters_aligned\monthly\CHIRPS\2021_12.tif,bilinear,"GEOGCS[""WGS 84"",DATUM[""World Geodetic System 1984"",SPHEROID[""WGS 84"",6378137,298.257223563]],PRIMEM[""Greenwich"",0],UNIT[""degree"",0.0174532925199433,AUTHORITY[""EPSG"",""9122""]],AXIS[""Latitude"",NORTH],AXIS[""Longitude"",EAST]]","GEOGCS[""WGS 84"",DATUM[""World Geodetic System 1984"",SPHEROID[""WGS 84"",6378137,298.257223563]],PRIMEM[""Greenwich"",0],UNIT[""degree"",0.0174532925199433,AUTHORITY[""EPSG"",""9122""]],AXIS[""Latitude"",NORTH],AXIS[""Longitude"",EAST]]",False,,4732,False,Success
CHIRPS,2022_01.tif,E:\Geospatial\Precipitation Downscaling\Precipitation-Downscaling-Khulna\data\processed\rasters_aligned\monthly\CHIRPS\2022_01.tif,bilinear,"GEOGCS[""WGS 84"",DATUM[""World Geodetic System 1984"",SPHEROID[""WGS 84"",6378137,298.257223563]],PRIMEM[""Greenwich"",0],UNIT[""degree"",0.0174532925199433,AUTHORITY[""EPSG"",""9122""]],AXIS[""Latitude"",NORTH],AXIS[""Longitude"",EAST]]","GEOGCS[""WGS 84"",DATUM[""World Geodetic System 1984"",SPHEROID[""WGS 84"",6378137,298.257223563]],PRIMEM[""Greenwich"",0],UNIT[""degree"",0.0174532925199433,AUTHORITY[""EPSG"",""9122""]],AXIS[""Latitude"",NORTH],AXIS[""Longitude"",EAST]]",False,,4732,False,Success
CHIRPS,2022_02.tif,E:\Geospatial\Precipitation Downscaling\Precipitation-Downscaling-Khulna\data\processed\rasters_aligned\monthly\CHIRPS\2022_02.tif,bilinear,"GEOGCS[""WGS 84"",DATUM[""World Geodetic System 1984"",SPHEROID[""WGS 84"",6378137,298.257223563]],PRIMEM[""Greenwich"",0],UNIT[""degree"",0.0174532925199433,AUTHORITY[""EPSG"",""9122""]],AXIS[""Latitude"",NORTH],AXIS[""Longitude"",EAST]]","GEOGCS[""WGS 84"",DATUM[""World Geodetic System 1984"",SPHEROID[""WGS 84"",6378137,298.257223563]],PRIMEM[""Greenwich"",0],UNIT[""degree"",0.0174532925199433,AUTHORITY[""EPSG"",""9122""]],AXIS[""Latitude"",NORTH],AXIS[""Longitude"",EAST]]",False,,4732,False,Success
CHIRPS,2022_03.tif,E:\Geospatial\Precipitation Downscaling\Precipitation-Downscaling-Khulna\data\processed\rasters_aligned\monthly\CHIRPS\2022_03.tif,bilinear,"GEOGCS[""WGS 84"",DATUM[""World Geodetic System 1984"",SPHEROID[""WGS 84"",6378137,298.257223563]],PRIMEM[""Greenwich"",0],UNIT[""degree"",0.0174532925199433,AUTHORITY[""EPSG"",""9122""]],AXIS[""Latitude"",NORTH],AXIS[""Longitude"",EAST]]","GEOGCS[""WGS 84"",DATUM[""World Geodetic System 1984"",SPHEROID[""WGS 84"",6378137,298.257223563]],PRIMEM[""Greenwich"",0],UNIT[""degree"",0.0174532925199433,AUTHORITY[""EPSG"",""9122""]],AXIS[""Latitude"",NORTH],AXIS[""Longitude"",EAST]]",False,,4732,False,Success
CHIRPS,2022_04.tif,E:\Geospatial\Precipitation Downscaling\Precipitation-Downscaling-Khulna\data\processed\rasters_aligned\monthly\CHIRPS\2022_04.tif,bilinear,"GEOGCS[""WGS 84"",DATUM[""World Geodetic System 1984"",SPHEROID[""WGS 84"",6378137,298.257223563]],PRIMEM[""Greenwich"",0],UNIT[""degree"",0.0174532925199433,AUTHORITY[""EPSG"",""9122""]],AXIS[""Latitude"",NORTH],AXIS[""Longitude"",EAST]]","GEOGCS[""WGS 84"",DATUM[""World Geodetic System 1984"",SPHEROID[""WGS 84"",6378137,298.257223563]],PRIMEM[""Greenwich"",0],UNIT[""degree"",0.0174532925199433,AUTHORITY[""EPSG"",""9122""]],AXIS[""Latitude"",NORTH],AXIS[""Longitude"",EAST]]",False,,4732,False,Success
CHIRPS,2022_05.tif,E:\Geospatial\Precipitation Downscaling\Precipitation-Downscaling-Khulna\data\processed\rasters_aligned\monthly\CHIRPS\2022_05.tif,bilinear,"GEOGCS[""WGS 84"",DATUM[""World Geodetic System 1984"",SPHEROID[""WGS 84"",6378137,298.257223563]],PRIMEM[""Greenwich"",0],UNIT[""degree"",0.0174532925199433,AUTHORITY[""EPSG"",""9122""]],AXIS[""Latitude"",NORTH],AXIS[""Longitude"",EAST]]","GEOGCS[""WGS 84"",DATUM[""World Geodetic System 1984"",SPHEROID[""WGS 84"",6378137,298.257223563]],PRIMEM[""Greenwich"",0],UNIT[""degree"",0.0174532925199433,AUTHORITY[""EPSG"",""9122""]],AXIS[""Latitude"",NORTH],AXIS[""Longitude"",EAST]]",False,,4732,False,Success
CHIRPS,2022_06.tif,E:\Geospatial\Precipitation Downscaling\Precipitation-Downscaling-Khulna\data\processed\rasters_aligned\monthly\CHIRPS\2022_06.tif,bilinear,"GEOGCS[""WGS 84"",DATUM[""World Geodetic System 1984"",SPHEROID[""WGS 84"",6378137,298.257223563]],PRIMEM[""Greenwich"",0],UNIT[""degree"",0.0174532925199433,AUTHORITY[""EPSG"",""9122""]],AXIS[""Latitude"",NORTH],AXIS[""Longitude"",EAST]]","GEOGCS[""WGS 84"",DATUM[""World Geodetic System 1984"",SPHEROID[""WGS 84"",6378137,298.257223563]],PRIMEM[""Greenwich"",0],UNIT[""degree"",0.0174532925199433,AUTHORITY[""EPSG"",""9122""]],AXIS[""Latitude"",NORTH],AXIS[""Longitude"",EAST]]",False,,4732,False,Success
CHIRPS,2022_07.tif,E:\Geospatial\Precipitation Downscaling\Precipitation-Downscaling-Khulna\data\processed\rasters_aligned\monthly\CHIRPS\2022_07.tif,bilinear,"GEOGCS[""WGS 84"",DATUM[""World Geodetic System 1984"",SPHEROID[""WGS 84"",6378137,298.257223563]],PRIMEM[""Greenwich"",0],UNIT[""degree"",0.0174532925199433,AUTHORITY[""EPSG"",""9122""]],AXIS[""Latitude"",NORTH],AXIS[""Longitude"",EAST]]","GEOGCS[""WGS 84"",DATUM[""World Geodetic System 1984"",SPHEROID[""WGS 84"",6378137,298.257223563]],PRIMEM[""Greenwich"",0],UNIT[""degree"",0.0174532925199433,AUTHORITY[""EPSG"",""9122""]],AXIS[""Latitude"",NORTH],AXIS[""Longitude"",EAST]]",False,,4732,False,Success
CHIRPS,2022_08.tif,E:\Geospatial\Precipitation Downscaling\Precipitation-Downscaling-Khulna\data\processed\rasters_aligned\monthly\CHIRPS\2022_08.tif,bilinear,"GEOGCS[""WGS 84"",DATUM[""World Geodetic System 1984"",SPHEROID[""WGS 84"",6378137,298.257223563]],PRIMEM[""Greenwich"",0],UNIT[""degree"",0.0174532925199433,AUTHORITY[""EPSG"",""9122""]],AXIS[""Latitude"",NORTH],AXIS[""Longitude"",EAST]]","GEOGCS[""WGS 84"",DATUM[""World Geodetic System 1984"",SPHEROID[""WGS 84"",6378137,298.257223563]],PRIMEM[""Greenwich"",0],UNIT[""degree"",0.0174532925199433,AUTHORITY[""EPSG"",""9122""]],AXIS[""Latitude"",NORTH],AXIS[""Longitude"",EAST]]",False,,4732,False,Success
CHIRPS,2022_09.tif,E:\Geospatial\Precipitation Downscaling\Precipitation-Downscaling-Khulna\data\processed\rasters_aligned\monthly\CHIRPS\2022_09.tif,bilinear,"GEOGCS[""WGS 84"",DATUM[""World Geodetic System 1984"",SPHEROID[""WGS 84"",6378137,298.257223563]],PRIMEM[""Greenwich"",0],UNIT[""degree"",0.0174532925199433,AUTHORITY[""EPSG"",""9122""]],AXIS[""Latitude"",NORTH],AXIS[""Longitude"",EAST]]","GEOGCS[""WGS 84"",DATUM[""World Geodetic System 1984"",SPHEROID[""WGS 84"",6378137,298.257223563]],PRIMEM[""Greenwich"",0],UNIT[""degree"",0.0174532925199433,AUTHORITY[""EPSG"",""9122""]],AXIS[""Latitude"",NORTH],AXIS[""Longitude"",EAST]]",False,,4732,False,Success
CHIRPS,2022_10.tif,E:\Geospatial\Precipitation Downscaling\Precipitation-Downscaling-Khulna\data\processed\rasters_aligned\monthly\CHIRPS\2022_10.tif,bilinear,"GEOGCS[""WGS 84"",DATUM[""World Geodetic System 1984"",SPHEROID[""WGS 84"",6378137,298.257223563]],PRIMEM[""Greenwich"",0],UNIT[""degree"",0.0174532925199433,AUTHORITY[""EPSG"",""9122""]],AXIS[""Latitude"",NORTH],AXIS[""Longitude"",EAST]]","GEOGCS[""WGS 84"",DATUM[""World Geodetic System 1984"",SPHEROID[""WGS 84"",6378137,298.257223563]],PRIMEM[""Greenwich"",0],UNIT[""degree"",0.0174532925199433,AUTHORITY[""EPSG"",""9122""]],AXIS[""Latitude"",NORTH],AXIS[""Longitude"",EAST]]",False,,4732,False,Success
CHIRPS,2022_11.tif,E:\Geospatial\Precipitation Downscaling\Precipitation-Downscaling-Khulna\data\processed\rasters_aligned\monthly\CHIRPS\2022_11.tif,bilinear,"GEOGCS[""WGS 84"",DATUM[""World Geodetic System 1984"",SPHEROID[""WGS 84"",6378137,298.257223563]],PRIMEM[""Greenwich"",0],UNIT[""degree"",0.0174532925199433,AUTHORITY[""EPSG"",""9122""]],AXIS[""Latitude"",NORTH],AXIS[""Longitude"",EAST]]","GEOGCS[""WGS 84"",DATUM[""World Geodetic System 1984"",SPHEROID[""WGS 84"",6378137,298.257223563]],PRIMEM[""Greenwich"",0],UNIT[""degree"",0.0174532925199433,AUTHORITY[""EPSG"",""9122""]],AXIS[""Latitude"",NORTH],AXIS[""Longitude"",EAST]]",False,,4732,False,Success
CHIRPS,2022_12.tif,E:\Geospatial\Precipitation Downscaling\Precipitation-Downscaling-Khulna\data\processed\rasters_aligned\monthly\CHIRPS\2022_12.tif,bilinear,"GEOGCS[""WGS 84"",DATUM[""World Geodetic System 1984"",SPHEROID[""WGS 84"",6378137,298.257223563]],PRIMEM[""Greenwich"",0],UNIT[""degree"",0.0174532925199433,AUTHORITY[""EPSG"",""9122""]],AXIS[""Latitude"",NORTH],AXIS[""Longitude"",EAST]]","GEOGCS[""WGS 84"",DATUM[""World Geodetic System 1984"",SPHEROID[""WGS 84"",6378137,298.257223563]],PRIMEM[""Greenwich"",0],UNIT[""degree"",0.0174532925199433,AUTHORITY[""EPSG"",""9122""]],AXIS[""Latitude"",NORTH],AXIS[""Longitude"",EAST]]",False,,4732,False,Success
ERA5,2017_01.tif,E:\Geospatial\Precipitation Downscaling\Precipitation-Downscaling-Khulna\data\processed\rasters_aligned\monthly\ERA5\2017_01.tif,bilinear,"GEOGCS[""WGS 84"",DATUM[""World Geodetic System 1984"",SPHEROID[""WGS 84"",6378137,298.257223563]],PRIMEM[""Greenwich"",0],UNIT[""degree"",0.0174532925199433,AUTHORITY[""EPSG"",""9122""]],AXIS[""Latitude"",NORTH],AXIS[""Longitude"",EAST]]","GEOGCS[""WGS 84"",DATUM[""World Geodetic System 1984"",SPHEROID[""WGS 84"",6378137,298.257223563]],PRIMEM[""Greenwich"",0],UNIT[""degree"",0.0174532925199433,AUTHORITY[""EPSG"",""9122""]],AXIS[""Latitude"",NORTH],AXIS[""Longitude"",EAST]]",False,,4833,False,Success
ERA5,2017_02.tif,E:\Geospatial\Precipitation Downscaling\Precipitation-Downscaling-Khulna\data\processed\rasters_aligned\monthly\ERA5\2017_02.tif,bilinear,"GEOGCS[""WGS 84"",DATUM[""World Geodetic System 1984"",SPHEROID[""WGS 84"",6378137,298.257223563]],PRIMEM[""Greenwich"",0],UNIT[""degree"",0.0174532925199433,AUTHORITY[""EPSG"",""9122""]],AXIS[""Latitude"",NORTH],AXIS[""Longitude"",EAST]]","GEOGCS[""WGS 84"",DATUM[""World Geodetic System 1984"",SPHEROID[""WGS 84"",6378137,298.257223563]],PRIMEM[""Greenwich"",0],UNIT[""degree"",0.0174532925199433,AUTHORITY[""EPSG"",""9122""]],AXIS[""Latitude"",NORTH],AXIS[""Longitude"",EAST]]",False,,4833,False,Success
ERA5,2017_03.tif,E:\Geospatial\Precipitation Downscaling\Precipitation-Downscaling-Khulna\data\processed\rasters_aligned\monthly\ERA5\2017_03.tif,bilinear,"GEOGCS[""WGS 84"",DATUM[""World Geodetic System 1984"",SPHEROID[""WGS 84"",6378137,298.257223563]],PRIMEM[""Greenwich"",0],UNIT[""degree"",0.0174532925199433,AUTHORITY[""EPSG"",""9122""]],AXIS[""Latitude"",NORTH],AXIS[""Longitude"",EAST]]","GEOGCS[""WGS 84"",DATUM[""World Geodetic System 1984"",SPHEROID[""WGS 84"",6378137,298.257223563]],PRIMEM[""Greenwich"",0],UNIT[""degree"",0.0174532925199433,AUTHORITY[""EPSG"",""9122""]],AXIS[""Latitude"",NORTH],AXIS[""Longitude"",EAST]]",False,,4833,False,Success
ERA5,2017_04.tif,E:\Geospatial\Precipitation Downscaling\Precipitation-Downscaling-Khulna\data\processed\rasters_aligned\monthly\ERA5\2017_04.tif,bilinear,"GEOGCS[""WGS 84"",DATUM[""World Geodetic System 1984"",SPHEROID[""WGS 84"",6378137,298.257223563]],PRIMEM[""Greenwich"",0],UNIT[""degree"",0.0174532925199433,AUTHORITY[""EPSG"",""9122""]],AXIS[""Latitude"",NORTH],AXIS[""Longitude"",EAST]]","GEOGCS[""WGS 84"",DATUM[""World Geodetic System 1984"",SPHEROID[""WGS 84"",6378137,298.257223563]],PRIMEM[""Greenwich"",0],UNIT[""degree"",0.0174532925199433,AUTHORITY[""EPSG"",""9122""]],AXIS[""Latitude"",NORTH],AXIS[""Longitude"",EAST]]",False,,4833,False,Success
ERA5,2017_05.tif,E:\Geospatial\Precipitation Downscaling\Precipitation-Downscaling-Khulna\data\processed\rasters_aligned\monthly\ERA5\2017_05.tif,bilinear,"GEOGCS[""WGS 84"",DATUM[""World Geodetic System 1984"",SPHEROID[""WGS 84"",6378137,298.257223563]],PRIMEM[""Greenwich"",0],UNIT[""degree"",0.0174532925199433,AUTHORITY[""EPSG"",""9122""]],AXIS[""Latitude"",NORTH],AXIS[""Longitude"",EAST]]","GEOGCS[""WGS 84"",DATUM[""World Geodetic System 1984"",SPHEROID[""WGS 84"",6378137,298.257223563]],PRIMEM[""Greenwich"",0],UNIT[""degree"",0.0174532925199433,AUTHORITY[""EPSG"",""9122""]],AXIS[""Latitude"",NORTH],AXIS[""Longitude"",EAST]]",False,,4833,False,Success
ERA5,2017_06.tif,E:\Geospatial\Precipitation Downscaling\Precipitation-Downscaling-Khulna\data\processed\rasters_aligned\monthly\ERA5\2017_06.tif,bilinear,"GEOGCS[""WGS 84"",DATUM[""World Geodetic System 1984"",SPHEROID[""WGS 84"",6378137,298.257223563]],PRIMEM[""Greenwich"",0],UNIT[""degree"",0.0174532925199433,AUTHORITY[""EPSG"",""9122""]],AXIS[""Latitude"",NORTH],AXIS[""Longitude"",EAST]]","GEOGCS[""WGS 84"",DATUM[""World Geodetic System 1984"",SPHEROID[""WGS 84"",6378137,298.257223563]],PRIMEM[""Greenwich"",0],UNIT[""degree"",0.0174532925199433,AUTHORITY[""EPSG"",""9122""]],AXIS[""Latitude"",NORTH],AXIS[""Longitude"",EAST]]",False,,4833,False,Success
ERA5,2017_07.tif,E:\Geospatial\Precipitation Downscaling\Precipitation-Downscaling-Khulna\data\processed\rasters_aligned\monthly\ERA5\2017_07.tif,bilinear,"GEOGCS[""WGS 84"",DATUM[""World Geodetic System 1984"",SPHEROID[""WGS 84"",6378137,298.257223563]],PRIMEM[""Greenwich"",0],UNIT[""degree"",0.0174532925199433,AUTHORITY[""EPSG"",""9122""]],AXIS[""Latitude"",NORTH],AXIS[""Longitude"",EAST]]","GEOGCS[""WGS 84"",DATUM[""World Geodetic System 1984"",SPHEROID[""WGS 84"",6378137,298.257223563]],PRIMEM[""Greenwich"",0],UNIT[""degree"",0.0174532925199433,AUTHORITY[""EPSG"",""9122""]],AXIS[""Latitude"",NORTH],AXIS[""Longitude"",EAST]]",False,,4833,False,Success
ERA5,2017_08.tif,E:\Geospatial\Precipitation Downscaling\Precipitation-Downscaling-Khulna\data\processed\rasters_aligned\monthly\ERA5\2017_08.tif,bilinear,"GEOGCS[""WGS 84"",DATUM[""World Geodetic System 1984"",SPHEROID[""WGS 84"",6378137,298.257223563]],PRIMEM[""Greenwich"",0],UNIT[""degree"",0.0174532925199433,AUTHORITY[""EPSG"",""9122""]],AXIS[""Latitude"",NORTH],AXIS[""Longitude"",EAST]]","GEOGCS[""WGS 84"",DATUM[""World Geodetic System 1984"",SPHEROID[""WGS 84"",6378137,298.257223563]],PRIMEM[""Greenwich"",0],UNIT[""degree"",0.0174532925199433,AUTHORITY[""EPSG"",""9122""]],AXIS[""Latitude"",NORTH],AXIS[""Longitude"",EAST]]",False,,4833,False,Success
ERA5,2017_09.tif,E:\Geospatial\Precipitation Downscaling\Precipitation-Downscaling-Khulna\data\processed\rasters_aligned\monthly\ERA5\2017_09.tif,bilinear,"GEOGCS[""WGS 84"",DATUM[""World Geodetic System 1984"",SPHEROID[""WGS 84"",6378137,298.257223563]],PRIMEM[""Greenwich"",0],UNIT[""degree"",0.0174532925199433,AUTHORITY[""EPSG"",""9122""]],AXIS[""Latitude"",NORTH],AXIS[""Longitude"",EAST]]","GEOGCS[""WGS 84"",DATUM[""World Geodetic System 1984"",SPHEROID[""WGS 84"",6378137,298.257223563]],PRIMEM[""Greenwich"",0],UNIT[""degree"",0.0174532925199433,AUTHORITY[""EPSG"",""9122""]],AXIS[""Latitude"",NORTH],AXIS[""Longitude"",EAST]]",False,,4833,False,Success
ERA5,2017_10.tif,E:\Geospatial\Precipitation Downscaling\Precipitation-Downscaling-Khulna\data\processed\rasters_aligned\monthly\ERA5\2017_10.tif,bilinear,"GEOGCS[""WGS 84"",DATUM[""World Geodetic System 1984"",SPHEROID[""WGS 84"",6378137,298.257223563]],PRIMEM[""Greenwich"",0],UNIT[""degree"",0.0174532925199433,AUTHORITY[""EPSG"",""9122""]],AXIS[""Latitude"",NORTH],AXIS[""Longitude"",EAST]]","GEOGCS[""WGS 84"",DATUM[""World Geodetic System 1984"",SPHEROID[""WGS 84"",6378137,298.257223563]],PRIMEM[""Greenwich"",0],UNIT[""degree"",0.0174532925199433,AUTHORITY[""EPSG"",""9122""]],AXIS[""Latitude"",NORTH],AXIS[""Longitude"",EAST]]",False,,4833,False,Success
ERA5,2017_11.tif,E:\Geospatial\Precipitation Downscaling\Precipitation-Downscaling-Khulna\data\processed\rasters_aligned\monthly\ERA5\2017_11.tif,bilinear,"GEOGCS[""WGS 84"",DATUM[""World Geodetic System 1984"",SPHEROID[""WGS 84"",6378137,298.257223563]],PRIMEM[""Greenwich"",0],UNIT[""degree"",0.0174532925199433,AUTHORITY[""EPSG"",""9122""]],AXIS[""Latitude"",NORTH],AXIS[""Longitude"",EAST]]","GEOGCS[""WGS 84"",DATUM[""World Geodetic System 1984"",SPHEROID[""WGS 84"",6378137,298.257223563]],PRIMEM[""Greenwich"",0],UNIT[""degree"",0.0174532925199433,AUTHORITY[""EPSG"",""9122""]],AXIS[""Latitude"",NORTH],AXIS[""Longitude"",EAST]]",False,,4833,False,Success
ERA5,2017_12.tif,E:\Geospatial\Precipitation Downscaling\Precipitation-Downscaling-Khulna\data\processed\rasters_aligned\monthly\ERA5\2017_12.tif,bilinear,"GEOGCS[""WGS 84"",DATUM[""World Geodetic System 1984"",SPHEROID[""WGS 84"",6378137,298.257223563]],PRIMEM[""Greenwich"",0],UNIT[""degree"",0.0174532925199433,AUTHORITY[""EPSG"",""9122""]],AXIS[""Latitude"",NORTH],AXIS[""Longitude"",EAST]]","GEOGCS[""WGS 84"",DATUM[""World Geodetic System 1984"",SPHEROID[""WGS 84"",6378137,298.257223563]],PRIMEM[""Greenwich"",0],UNIT[""degree"",0.0174532925199433,AUTHORITY[""EPSG"",""9122""]],AXIS[""Latitude"",NORTH],AXIS[""Longitude"",EAST]]",False,,4833,False,Success
ERA5,2018_01.tif,E:\Geospatial\Precipitation Downscaling\Precipitation-Downscaling-Khulna\data\processed\rasters_aligned\monthly\ERA5\2018_01.tif,bilinear,"GEOGCS[""WGS 84"",DATUM[""World Geodetic System 1984"",SPHEROID[""WGS 84"",6378137,298.257223563]],PRIMEM[""Greenwich"",0],UNIT[""degree"",0.0174532925199433,AUTHORITY[""EPSG"",""9122""]],AXIS[""Latitude"",NORTH],AXIS[""Longitude"",EAST]]","GEOGCS[""WGS 84"",DATUM[""World Geodetic System 1984"",SPHEROID[""WGS 84"",6378137,298.257223563]],PRIMEM[""Greenwich"",0],UNIT[""degree"",0.0174532925199433,AUTHORITY[""EPSG"",""9122""]],AXIS[""Latitude"",NORTH],AXIS[""Longitude"",EAST]]",False,,4833,False,Success
ERA5,2018_02.tif,E:\Geospatial\Precipitation Downscaling\Precipitation-Downscaling-Khulna\data\processed\rasters_aligned\monthly\ERA5\2018_02.tif,bilinear,"GEOGCS[""WGS 84"",DATUM[""World Geodetic System 1984"",SPHEROID[""WGS 84"",6378137,298.257223563]],PRIMEM[""Greenwich"",0],UNIT[""degree"",0.0174532925199433,AUTHORITY[""EPSG"",""9122""]],AXIS[""Latitude"",NORTH],AXIS[""Longitude"",EAST]]","GEOGCS[""WGS 84"",DATUM[""World Geodetic System 1984"",SPHEROID[""WGS 84"",6378137,298.257223563]],PRIMEM[""Greenwich"",0],UNIT[""degree"",0.0174532925199433,AUTHORITY[""EPSG"",""9122""]],AXIS[""Latitude"",NORTH],AXIS[""Longitude"",EAST]]",False,,4833,False,Success
ERA5,2018_03.tif,E:\Geospatial\Precipitation Downscaling\Precipitation-Downscaling-Khulna\data\processed\rasters_aligned\monthly\ERA5\2018_03.tif,bilinear,"GEOGCS[""WGS 84"",DATUM[""World Geodetic System 1984"",SPHEROID[""WGS 84"",6378137,298.257223563]],PRIMEM[""Greenwich"",0],UNIT[""degree"",0.0174532925199433,AUTHORITY[""EPSG"",""9122""]],AXIS[""Latitude"",NORTH],AXIS[""Longitude"",EAST]]","GEOGCS[""WGS 84"",DATUM[""World Geodetic System 1984"",SPHEROID[""WGS 84"",6378137,298.257223563]],PRIMEM[""Greenwich"",0],UNIT[""degree"",0.0174532925199433,AUTHORITY[""EPSG"",""9122""]],AXIS[""Latitude"",NORTH],AXIS[""Longitude"",EAST]]",False,,4833,False,Success
ERA5,2018_04.tif,E:\Geospatial\Precipitation Downscaling\Precipitation-Downscaling-Khulna\data\processed\rasters_aligned\monthly\ERA5\2018_04.tif,bilinear,"GEOGCS[""WGS 84"",DATUM[""World Geodetic System 1984"",SPHEROID[""WGS 84"",6378137,298.257223563]],PRIMEM[""Greenwich"",0],UNIT[""degree"",0.0174532925199433,AUTHORITY[""EPSG"",""9122""]],AXIS[""Latitude"",NORTH],AXIS[""Longitude"",EAST]]","GEOGCS[""WGS 84"",DATUM[""World Geodetic System 1984"",SPHEROID[""WGS 84"",6378137,298.257223563]],PRIMEM[""Greenwich"",0],UNIT[""degree"",0.0174532925199433,AUTHORITY[""EPSG"",""9122""]],AXIS[""Latitude"",NORTH],AXIS[""Longitude"",EAST]]",False,,4833,False,Success
ERA5,2018_05.tif,E:\Geospatial\Precipitation Downscaling\Precipitation-Downscaling-Khulna\data\processed\rasters_aligned\monthly\ERA5\2018_05.tif,bilinear,"GEOGCS[""WGS 84"",DATUM[""World Geodetic System 1984"",SPHEROID[""WGS 84"",6378137,298.257223563]],PRIMEM[""Greenwich"",0],UNIT[""degree"",0.0174532925199433,AUTHORITY[""EPSG"",""9122""]],AXIS[""Latitude"",NORTH],AXIS[""Longitude"",EAST]]","GEOGCS[""WGS 84"",DATUM[""World Geodetic System 1984"",SPHEROID[""WGS 84"",6378137,298.257223563]],PRIMEM[""Greenwich"",0],UNIT[""degree"",0.0174532925199433,AUTHORITY[""EPSG"",""9122""]],AXIS[""Latitude"",NORTH],AXIS[""Longitude"",EAST]]",False,,4833,False,Success
ERA5,2018_06.tif,E:\Geospatial\Precipitation Downscaling\Precipitation-Downscaling-Khulna\data\processed\rasters_aligned\monthly\ERA5\2018_06.tif,bilinear,"GEOGCS[""WGS 84"",DATUM[""World Geodetic System 1984"",SPHEROID[""WGS 84"",6378137,298.257223563]],PRIMEM[""Greenwich"",0],UNIT[""degree"",0.0174532925199433,AUTHORITY[""EPSG"",""9122""]],AXIS[""Latitude"",NORTH],AXIS[""Longitude"",EAST]]","GEOGCS[""WGS 84"",DATUM[""World Geodetic System 1984"",SPHEROID[""WGS 84"",6378137,298.257223563]],PRIMEM[""Greenwich"",0],UNIT[""degree"",0.0174532925199433,AUTHORITY[""EPSG"",""9122""]],AXIS[""Latitude"",NORTH],AXIS[""Longitude"",EAST]]",False,,4833,False,Success
ERA5,2018_07.tif,E:\Geospatial\Precipitation Downscaling\Precipitation-Downscaling-Khulna\data\processed\rasters_aligned\monthly\ERA5\2018_07.tif,bilinear,"GEOGCS[""WGS 84"",DATUM[""World Geodetic System 1984"",SPHEROID[""WGS 84"",6378137,298.257223563]],PRIMEM[""Greenwich"",0],UNIT[""degree"",0.0174532925199433,AUTHORITY[""EPSG"",""9122""]],AXIS[""Latitude"",NORTH],AXIS[""Longitude"",EAST]]","GEOGCS[""WGS 84"",DATUM[""World Geodetic System 1984"",SPHEROID[""WGS 84"",6378137,298.257223563]],PRIMEM[""Greenwich"",0],UNIT[""degree"",0.0174532925199433,AUTHORITY[""EPSG"",""9122""]],AXIS[""Latitude"",NORTH],AXIS[""Longitude"",EAST]]",False,,4833,False,Success
ERA5,2018_08.tif,E:\Geospatial\Precipitation Downscaling\Precipitation-Downscaling-Khulna\data\processed\rasters_aligned\monthly\ERA5\2018_08.tif,bilinear,"GEOGCS[""WGS 84"",DATUM[""World Geodetic System 1984"",SPHEROID[""WGS 84"",6378137,298.257223563]],PRIMEM[""Greenwich"",0],UNIT[""degree"",0.0174532925199433,AUTHORITY[""EPSG"",""9122""]],AXIS[""Latitude"",NORTH],AXIS[""Longitude"",EAST]]","GEOGCS[""WGS 84"",DATUM[""World Geodetic System 1984"",SPHEROID[""WGS 84"",6378137,298.257223563]],PRIMEM[""Greenwich"",0],UNIT[""degree"",0.0174532925199433,AUTHORITY[""EPSG"",""9122""]],AXIS[""Latitude"",NORTH],AXIS[""Longitude"",EAST]]",False,,4833,False,Success
ERA5,2018_09.tif,E:\Geospatial\Precipitation Downscaling\Precipitation-Downscaling-Khulna\data\processed\rasters_aligned\monthly\ERA5\2018_09.tif,bilinear,"GEOGCS[""WGS 84"",DATUM[""World Geodetic System 1984"",SPHEROID[""WGS 84"",6378137,298.257223563]],PRIMEM[""Greenwich"",0],UNIT[""degree"",0.0174532925199433,AUTHORITY[""EPSG"",""9122""]],AXIS[""Latitude"",NORTH],AXIS[""Longitude"",EAST]]","GEOGCS[""WGS 84"",DATUM[""World Geodetic System 1984"",SPHEROID[""WGS 84"",6378137,298.257223563]],PRIMEM[""Greenwich"",0],UNIT[""degree"",0.0174532925199433,AUTHORITY[""EPSG"",""9122""]],AXIS[""Latitude"",NORTH],AXIS[""Longitude"",EAST]]",False,,4833,False,Success
ERA5,2018_10.tif,E:\Geospatial\Precipitation Downscaling\Precipitation-Downscaling-Khulna\data\processed\rasters_aligned\monthly\ERA5\2018_10.tif,bilinear,"GEOGCS[""WGS 84"",DATUM[""World Geodetic System 1984"",SPHEROID[""WGS 84"",6378137,298.257223563]],PRIMEM[""Greenwich"",0],UNIT[""degree"",0.0174532925199433,AUTHORITY[""EPSG"",""9122""]],AXIS[""Latitude"",NORTH],AXIS[""Longitude"",EAST]]","GEOGCS[""WGS 84"",DATUM[""World Geodetic System 1984"",SPHEROID[""WGS 84"",6378137,298.257223563]],PRIMEM[""Greenwich"",0],UNIT[""degree"",0.0174532925199433,AUTHORITY[""EPSG"",""9122""]],AXIS[""Latitude"",NORTH],AXIS[""Longitude"",EAST]]",False,,4833,False,Success
ERA5,2018_11.tif,E:\Geospatial\Precipitation Downscaling\Precipitation-Downscaling-Khulna\data\processed\rasters_aligned\monthly\ERA5\2018_11.tif,bilinear,"GEOGCS[""WGS 84"",DATUM[""World Geodetic System 1984"",SPHEROID[""WGS 84"",6378137,298.257223563]],PRIMEM[""Greenwich"",0],UNIT[""degree"",0.0174532925199433,AUTHORITY[""EPSG"",""9122""]],AXIS[""Latitude"",NORTH],AXIS[""Longitude"",EAST]]","GEOGCS[""WGS 84"",DATUM[""World Geodetic System 1984"",SPHEROID[""WGS 84"",6378137,298.257223563]],PRIMEM[""Greenwich"",0],UNIT[""degree"",0.0174532925199433,AUTHORITY[""EPSG"",""9122""]],AXIS[""Latitude"",NORTH],AXIS[""Longitude"",EAST]]",False,,4833,False,Success
ERA5,2018_12.tif,E:\Geospatial\Precipitation Downscaling\Precipitation-Downscaling-Khulna\data\processed\rasters_aligned\monthly\ERA5\2018_12.tif,bilinear,"GEOGCS[""WGS 84"",DATUM[""World Geodetic System 1984"",SPHEROID[""WGS 84"",6378137,298.257223563]],PRIMEM[""Greenwich"",0],UNIT[""degree"",0.0174532925199433,AUTHORITY[""EPSG"",""9122""]],AXIS[""Latitude"",NORTH],AXIS[""Longitude"",EAST]]","GEOGCS[""WGS 84"",DATUM[""World Geodetic System 1984"",SPHEROID[""WGS 84"",6378137,298.257223563]],PRIMEM[""Greenwich"",0],UNIT[""degree"",0.0174532925199433,AUTHORITY[""EPSG"",""9122""]],AXIS[""Latitude"",NORTH],AXIS[""Longitude"",EAST]]",False,,4833,False,Success
ERA5,2019_01.tif,E:\Geospatial\Precipitation Downscaling\Precipitation-Downscaling-Khulna\data\processed\rasters_aligned\monthly\ERA5\2019_01.tif,bilinear,"GEOGCS[""WGS 84"",DATUM[""World Geodetic System 1984"",SPHEROID[""WGS 84"",6378137,298.257223563]],PRIMEM[""Greenwich"",0],UNIT[""degree"",0.0174532925199433,AUTHORITY[""EPSG"",""9122""]],AXIS[""Latitude"",NORTH],AXIS[""Longitude"",EAST]]","GEOGCS[""WGS 84"",DATUM[""World Geodetic System 1984"",SPHEROID[""WGS 84"",6378137,298.257223563]],PRIMEM[""Greenwich"",0],UNIT[""degree"",0.0174532925199433,AUTHORITY[""EPSG"",""9122""]],AXIS[""Latitude"",NORTH],AXIS[""Longitude"",EAST]]",False,,4833,False,Success
ERA5,2019_02.tif,E:\Geospatial\Precipitation Downscaling\Precipitation-Downscaling-Khulna\data\processed\rasters_aligned\monthly\ERA5\2019_02.tif,bilinear,"GEOGCS[""WGS 84"",DATUM[""World Geodetic System 1984"",SPHEROID[""WGS 84"",6378137,298.257223563]],PRIMEM[""Greenwich"",0],UNIT[""degree"",0.0174532925199433,AUTHORITY[""EPSG"",""9122""]],AXIS[""Latitude"",NORTH],AXIS[""Longitude"",EAST]]","GEOGCS[""WGS 84"",DATUM[""World Geodetic System 1984"",SPHEROID[""WGS 84"",6378137,298.257223563]],PRIMEM[""Greenwich"",0],UNIT[""degree"",0.0174532925199433,AUTHORITY[""EPSG"",""9122""]],AXIS[""Latitude"",NORTH],AXIS[""Longitude"",EAST]]",False,,4833,False,Success
ERA5,2019_03.tif,E:\Geospatial\Precipitation Downscaling\Precipitation-Downscaling-Khulna\data\processed\rasters_aligned\monthly\ERA5\2019_03.tif,bilinear,"GEOGCS[""WGS 84"",DATUM[""World Geodetic System 1984"",SPHEROID[""WGS 84"",6378137,298.257223563]],PRIMEM[""Greenwich"",0],UNIT[""degree"",0.0174532925199433,AUTHORITY[""EPSG"",""9122""]],AXIS[""Latitude"",NORTH],AXIS[""Longitude"",EAST]]","GEOGCS[""WGS 84"",DATUM[""World Geodetic System 1984"",SPHEROID[""WGS 84"",6378137,298.257223563]],PRIMEM[""Greenwich"",0],UNIT[""degree"",0.0174532925199433,AUTHORITY[""EPSG"",""9122""]],AXIS[""Latitude"",NORTH],AXIS[""Longitude"",EAST]]",False,,4833,False,Success
ERA5,2019_04.tif,E:\Geospatial\Precipitation Downscaling\Precipitation-Downscaling-Khulna\data\processed\rasters_aligned\monthly\ERA5\2019_04.tif,bilinear,"GEOGCS[""WGS 84"",DATUM[""World Geodetic System 1984"",SPHEROID[""WGS 84"",6378137,298.257223563]],PRIMEM[""Greenwich"",0],UNIT[""degree"",0.0174532925199433,AUTHORITY[""EPSG"",""9122""]],AXIS[""Latitude"",NORTH],AXIS[""Longitude"",EAST]]","GEOGCS[""WGS 84"",DATUM[""World Geodetic System 1984"",SPHEROID[""WGS 84"",6378137,298.257223563]],PRIMEM[""Greenwich"",0],UNIT[""degree"",0.0174532925199433,AUTHORITY[""EPSG"",""9122""]],AXIS[""Latitude"",NORTH],AXIS[""Longitude"",EAST]]",False,,4833,False,Success
ERA5,2019_05.tif,E:\Geospatial\Precipitation Downscaling\Precipitation-Downscaling-Khulna\data\processed\rasters_aligned\monthly\ERA5\2019_05.tif,bilinear,"GEOGCS[""WGS 84"",DATUM[""World Geodetic System 1984"",SPHEROID[""WGS 84"",6378137,298.257223563]],PRIMEM[""Greenwich"",0],UNIT[""degree"",0.0174532925199433,AUTHORITY[""EPSG"",""9122""]],AXIS[""Latitude"",NORTH],AXIS[""Longitude"",EAST]]","GEOGCS[""WGS 84"",DATUM[""World Geodetic System 1984"",SPHEROID[""WGS 84"",6378137,298.257223563]],PRIMEM[""Greenwich"",0],UNIT[""degree"",0.0174532925199433,AUTHORITY[""EPSG"",""9122""]],AXIS[""Latitude"",NORTH],AXIS[""Longitude"",EAST]]",False,,4833,False,Success
ERA5,2019_06.tif,E:\Geospatial\Precipitation Downscaling\Precipitation-Downscaling-Khulna\data\processed\rasters_aligned\monthly\ERA5\2019_06.tif,bilinear,"GEOGCS[""WGS 84"",DATUM[""World Geodetic System 1984"",SPHEROID[""WGS 84"",6378137,298.257223563]],PRIMEM[""Greenwich"",0],UNIT[""degree"",0.0174532925199433,AUTHORITY[""EPSG"",""9122""]],AXIS[""Latitude"",NORTH],AXIS[""Longitude"",EAST]]","GEOGCS[""WGS 84"",DATUM[""World Geodetic System 1984"",SPHEROID[""WGS 84"",6378137,298.257223563]],PRIMEM[""Greenwich"",0],UNIT[""degree"",0.0174532925199433,AUTHORITY[""EPSG"",""9122""]],AXIS[""Latitude"",NORTH],AXIS[""Longitude"",EAST]]",False,,4833,False,Success
ERA5,2019_07.tif,E:\Geospatial\Precipitation Downscaling\Precipitation-Downscaling-Khulna\data\processed\rasters_aligned\monthly\ERA5\2019_07.tif,bilinear,"GEOGCS[""WGS 84"",DATUM[""World Geodetic System 1984"",SPHEROID[""WGS 84"",6378137,298.257223563]],PRIMEM[""Greenwich"",0],UNIT[""degree"",0.0174532925199433,AUTHORITY[""EPSG"",""9122""]],AXIS[""Latitude"",NORTH],AXIS[""Longitude"",EAST]]","GEOGCS[""WGS 84"",DATUM[""World Geodetic System 1984"",SPHEROID[""WGS 84"",6378137,298.257223563]],PRIMEM[""Greenwich"",0],UNIT[""degree"",0.0174532925199433,AUTHORITY[""EPSG"",""9122""]],AXIS[""Latitude"",NORTH],AXIS[""Longitude"",EAST]]",False,,4833,False,Success
ERA5,2019_08.tif,E:\Geospatial\Precipitation Downscaling\Precipitation-Downscaling-Khulna\data\processed\rasters_aligned\monthly\ERA5\2019_08.tif,bilinear,"GEOGCS[""WGS 84"",DATUM[""World Geodetic System 1984"",SPHEROID[""WGS 84"",6378137,298.257223563]],PRIMEM[""Greenwich"",0],UNIT[""degree"",0.0174532925199433,AUTHORITY[""EPSG"",""9122""]],AXIS[""Latitude"",NORTH],AXIS[""Longitude"",EAST]]","GEOGCS[""WGS 84"",DATUM[""World Geodetic System 1984"",SPHEROID[""WGS 84"",6378137,298.257223563]],PRIMEM[""Greenwich"",0],UNIT[""degree"",0.0174532925199433,AUTHORITY[""EPSG"",""9122""]],AXIS[""Latitude"",NORTH],AXIS[""Longitude"",EAST]]",False,,4833,False,Success
ERA5,2019_09.tif,E:\Geospatial\Precipitation Downscaling\Precipitation-Downscaling-Khulna\data\processed\rasters_aligned\monthly\ERA5\2019_09.tif,bilinear,"GEOGCS[""WGS 84"",DATUM[""World Geodetic System 1984"",SPHEROID[""WGS 84"",6378137,298.257223563]],PRIMEM[""Greenwich"",0],UNIT[""degree"",0.0174532925199433,AUTHORITY[""EPSG"",""9122""]],AXIS[""Latitude"",NORTH],AXIS[""Longitude"",EAST]]","GEOGCS[""WGS 84"",DATUM[""World Geodetic System 1984"",SPHEROID[""WGS 84"",6378137,298.257223563]],PRIMEM[""Greenwich"",0],UNIT[""degree"",0.0174532925199433,AUTHORITY[""EPSG"",""9122""]],AXIS[""Latitude"",NORTH],AXIS[""Longitude"",EAST]]",False,,4833,False,Success
ERA5,2019_10.tif,E:\Geospatial\Precipitation Downscaling\Precipitation-Downscaling-Khulna\data\processed\rasters_aligned\monthly\ERA5\2019_10.tif,bilinear,"GEOGCS[""WGS 84"",DATUM[""World Geodetic System 1984"",SPHEROID[""WGS 84"",6378137,298.257223563]],PRIMEM[""Greenwich"",0],UNIT[""degree"",0.0174532925199433,AUTHORITY[""EPSG"",""9122""]],AXIS[""Latitude"",NORTH],AXIS[""Longitude"",EAST]]","GEOGCS[""WGS 84"",DATUM[""World Geodetic System 1984"",SPHEROID[""WGS 84"",6378137,298.257223563]],PRIMEM[""Greenwich"",0],UNIT[""degree"",0.0174532925199433,AUTHORITY[""EPSG"",""9122""]],AXIS[""Latitude"",NORTH],AXIS[""Longitude"",EAST]]",False,,4833,False,Success
ERA5,2019_11.tif,E:\Geospatial\Precipitation Downscaling\Precipitation-Downscaling-Khulna\data\processed\rasters_aligned\monthly\ERA5\2019_11.tif,bilinear,"GEOGCS[""WGS 84"",DATUM[""World Geodetic System 1984"",SPHEROID[""WGS 84"",6378137,298.257223563]],PRIMEM[""Greenwich"",0],UNIT[""degree"",0.0174532925199433,AUTHORITY[""EPSG"",""9122""]],AXIS[""Latitude"",NORTH],AXIS[""Longitude"",EAST]]","GEOGCS[""WGS 84"",DATUM[""World Geodetic System 1984"",SPHEROID[""WGS 84"",6378137,298.257223563]],PRIMEM[""Greenwich"",0],UNIT[""degree"",0.0174532925199433,AUTHORITY[""EPSG"",""9122""]],AXIS[""Latitude"",NORTH],AXIS[""Longitude"",EAST]]",False,,4833,False,Success
ERA5,2019_12.tif,E:\Geospatial\Precipitation Downscaling\Precipitation-Downscaling-Khulna\data\processed\rasters_aligned\monthly\ERA5\2019_12.tif,bilinear,"GEOGCS[""WGS 84"",DATUM[""World Geodetic System 1984"",SPHEROID[""WGS 84"",6378137,298.257223563]],PRIMEM[""Greenwich"",0],UNIT[""degree"",0.0174532925199433,AUTHORITY[""EPSG"",""9122""]],AXIS[""Latitude"",NORTH],AXIS[""Longitude"",EAST]]","GEOGCS[""WGS 84"",DATUM[""World Geodetic System 1984"",SPHEROID[""WGS 84"",6378137,298.257223563]],PRIMEM[""Greenwich"",0],UNIT[""degree"",0.0174532925199433,AUTHORITY[""EPSG"",""9122""]],AXIS[""Latitude"",NORTH],AXIS[""Longitude"",EAST]]",False,,4833,False,Success
ERA5,2020_01.tif,E:\Geospatial\Precipitation Downscaling\Precipitation-Downscaling-Khulna\data\processed\rasters_aligned\monthly\ERA5\2020_01.tif,bilinear,"GEOGCS[""WGS 84"",DATUM[""World Geodetic System 1984"",SPHEROID[""WGS 84"",6378137,298.257223563]],PRIMEM[""Greenwich"",0],UNIT[""degree"",0.0174532925199433,AUTHORITY[""EPSG"",""9122""]],AXIS[""Latitude"",NORTH],AXIS[""Longitude"",EAST]]","GEOGCS[""WGS 84"",DATUM[""World Geodetic System 1984"",SPHEROID[""WGS 84"",6378137,298.257223563]],PRIMEM[""Greenwich"",0],UNIT[""degree"",0.0174532925199433,AUTHORITY[""EPSG"",""9122""]],AXIS[""Latitude"",NORTH],AXIS[""Longitude"",EAST]]",False,,4833,False,Success
ERA5,2020_02.tif,E:\Geospatial\Precipitation Downscaling\Precipitation-Downscaling-Khulna\data\processed\rasters_aligned\monthly\ERA5\2020_02.tif,bilinear,"GEOGCS[""WGS 84"",DATUM[""World Geodetic System 1984"",SPHEROID[""WGS 84"",6378137,298.257223563]],PRIMEM[""Greenwich"",0],UNIT[""degree"",0.0174532925199433,AUTHORITY[""EPSG"",""9122""]],AXIS[""Latitude"",NORTH],AXIS[""Longitude"",EAST]]","GEOGCS[""WGS 84"",DATUM[""World Geodetic System 1984"",SPHEROID[""WGS 84"",6378137,298.257223563]],PRIMEM[""Greenwich"",0],UNIT[""degree"",0.0174532925199433,AUTHORITY[""EPSG"",""9122""]],AXIS[""Latitude"",NORTH],AXIS[""Longitude"",EAST]]",False,,4833,False,Success
ERA5,2020_03.tif,E:\Geospatial\Precipitation Downscaling\Precipitation-Downscaling-Khulna\data\processed\rasters_aligned\monthly\ERA5\2020_03.tif,bilinear,"GEOGCS[""WGS 84"",DATUM[""World Geodetic System 1984"",SPHEROID[""WGS 84"",6378137,298.257223563]],PRIMEM[""Greenwich"",0],UNIT[""degree"",0.0174532925199433,AUTHORITY[""EPSG"",""9122""]],AXIS[""Latitude"",NORTH],AXIS[""Longitude"",EAST]]","GEOGCS[""WGS 84"",DATUM[""World Geodetic System 1984"",SPHEROID[""WGS 84"",6378137,298.257223563]],PRIMEM[""Greenwich"",0],UNIT[""degree"",0.0174532925199433,AUTHORITY[""EPSG"",""9122""]],AXIS[""Latitude"",NORTH],AXIS[""Longitude"",EAST]]",False,,4833,False,Success
ERA5,2020_04.tif,E:\Geospatial\Precipitation Downscaling\Precipitation-Downscaling-Khulna\data\processed\rasters_aligned\monthly\ERA5\2020_04.tif,bilinear,"GEOGCS[""WGS 84"",DATUM[""World Geodetic System 1984"",SPHEROID[""WGS 84"",6378137,298.257223563]],PRIMEM[""Greenwich"",0],UNIT[""degree"",0.0174532925199433,AUTHORITY[""EPSG"",""9122""]],AXIS[""Latitude"",NORTH],AXIS[""Longitude"",EAST]]","GEOGCS[""WGS 84"",DATUM[""World Geodetic System 1984"",SPHEROID[""WGS 84"",6378137,298.257223563]],PRIMEM[""Greenwich"",0],UNIT[""degree"",0.0174532925199433,AUTHORITY[""EPSG"",""9122""]],AXIS[""Latitude"",NORTH],AXIS[""Longitude"",EAST]]",False,,4833,False,Success
ERA5,2020_05.tif,E:\Geospatial\Precipitation Downscaling\Precipitation-Downscaling-Khulna\data\processed\rasters_aligned\monthly\ERA5\2020_05.tif,bilinear,"GEOGCS[""WGS 84"",DATUM[""World Geodetic System 1984"",SPHEROID[""WGS 84"",6378137,298.257223563]],PRIMEM[""Greenwich"",0],UNIT[""degree"",0.0174532925199433,AUTHORITY[""EPSG"",""9122""]],AXIS[""Latitude"",NORTH],AXIS[""Longitude"",EAST]]","GEOGCS[""WGS 84"",DATUM[""World Geodetic System 1984"",SPHEROID[""WGS 84"",6378137,298.257223563]],PRIMEM[""Greenwich"",0],UNIT[""degree"",0.0174532925199433,AUTHORITY[""EPSG"",""9122""]],AXIS[""Latitude"",NORTH],AXIS[""Longitude"",EAST]]",False,,4833,False,Success
ERA5,2020_06.tif,E:\Geospatial\Precipitation Downscaling\Precipitation-Downscaling-Khulna\data\processed\rasters_aligned\monthly\ERA5\2020_06.tif,bilinear,"GEOGCS[""WGS 84"",DATUM[""World Geodetic System 1984"",SPHEROID[""WGS 84"",6378137,298.257223563]],PRIMEM[""Greenwich"",0],UNIT[""degree"",0.0174532925199433,AUTHORITY[""EPSG"",""9122""]],AXIS[""Latitude"",NORTH],AXIS[""Longitude"",EAST]]","GEOGCS[""WGS 84"",DATUM[""World Geodetic System 1984"",SPHEROID[""WGS 84"",6378137,298.257223563]],PRIMEM[""Greenwich"",0],UNIT[""degree"",0.0174532925199433,AUTHORITY[""EPSG"",""9122""]],AXIS[""Latitude"",NORTH],AXIS[""Longitude"",EAST]]",False,,4833,False,Success
ERA5,2020_07.tif,E:\Geospatial\Precipitation Downscaling\Precipitation-Downscaling-Khulna\data\processed\rasters_aligned\monthly\ERA5\2020_07.tif,bilinear,"GEOGCS[""WGS 84"",DATUM[""World Geodetic System 1984"",SPHEROID[""WGS 84"",6378137,298.257223563]],PRIMEM[""Greenwich"",0],UNIT[""degree"",0.0174532925199433,AUTHORITY[""EPSG"",""9122""]],AXIS[""Latitude"",NORTH],AXIS[""Longitude"",EAST]]","GEOGCS[""WGS 84"",DATUM[""World Geodetic System 1984"",SPHEROID[""WGS 84"",6378137,298.257223563]],PRIMEM[""Greenwich"",0],UNIT[""degree"",0.0174532925199433,AUTHORITY[""EPSG"",""9122""]],AXIS[""Latitude"",NORTH],AXIS[""Longitude"",EAST]]",False,,4553,False,Success
ERA5,2020_08.tif,E:\Geospatial\Precipitation Downscaling\Precipitation-Downscaling-Khulna\data\processed\rasters_aligned\monthly\ERA5\2020_08.tif,bilinear,"GEOGCS[""WGS 84"",DATUM[""World Geodetic System 1984"",SPHEROID[""WGS 84"",6378137,298.257223563]],PRIMEM[""Greenwich"",0],UNIT[""degree"",0.0174532925199433,AUTHORITY[""EPSG"",""9122""]],AXIS[""Latitude"",NORTH],AXIS[""Longitude"",EAST]]","GEOGCS[""WGS 84"",DATUM[""World Geodetic System 1984"",SPHEROID[""WGS 84"",6378137,298.257223563]],PRIMEM[""Greenwich"",0],UNIT[""degree"",0.0174532925199433,AUTHORITY[""EPSG"",""9122""]],AXIS[""Latitude"",NORTH],AXIS[""Longitude"",EAST]]",False,,4553,False,Success
ERA5,2020_09.tif,E:\Geospatial\Precipitation Downscaling\Precipitation-Downscaling-Khulna\data\processed\rasters_aligned\monthly\ERA5\2020_09.tif,bilinear,"GEOGCS[""WGS 84"",DATUM[""World Geodetic System 1984"",SPHEROID[""WGS 84"",6378137,298.257223563]],PRIMEM[""Greenwich"",0],UNIT[""degree"",0.0174532925199433,AUTHORITY[""EPSG"",""9122""]],AXIS[""Latitude"",NORTH],AXIS[""Longitude"",EAST]]","GEOGCS[""WGS 84"",DATUM[""World Geodetic System 1984"",SPHEROID[""WGS 84"",6378137,298.257223563]],PRIMEM[""Greenwich"",0],UNIT[""degree"",0.0174532925199433,AUTHORITY[""EPSG"",""9122""]],AXIS[""Latitude"",NORTH],AXIS[""Longitude"",EAST]]",False,,4553,False,Success
ERA5,2020_10.tif,E:\Geospatial\Precipitation Downscaling\Precipitation-Downscaling-Khulna\data\processed\rasters_aligned\monthly\ERA5\2020_10.tif,bilinear,"GEOGCS[""WGS 84"",DATUM[""World Geodetic System 1984"",SPHEROID[""WGS 84"",6378137,298.257223563]],PRIMEM[""Greenwich"",0],UNIT[""degree"",0.0174532925199433,AUTHORITY[""EPSG"",""9122""]],AXIS[""Latitude"",NORTH],AXIS[""Longitude"",EAST]]","GEOGCS[""WGS 84"",DATUM[""World Geodetic System 1984"",SPHEROID[""WGS 84"",6378137,298.257223563]],PRIMEM[""Greenwich"",0],UNIT[""degree"",0.0174532925199433,AUTHORITY[""EPSG"",""9122""]],AXIS[""Latitude"",NORTH],AXIS[""Longitude"",EAST]]",False,,4553,False,Success
ERA5,2020_11.tif,E:\Geospatial\Precipitation Downscaling\Precipitation-Downscaling-Khulna\data\processed\rasters_aligned\monthly\ERA5\2020_11.tif,bilinear,"GEOGCS[""WGS 84"",DATUM[""World Geodetic System 1984"",SPHEROID[""WGS 84"",6378137,298.257223563]],PRIMEM[""Greenwich"",0],UNIT[""degree"",0.0174532925199433,AUTHORITY[""EPSG"",""9122""]],AXIS[""Latitude"",NORTH],AXIS[""Longitude"",EAST]]","GEOGCS[""WGS 84"",DATUM[""World Geodetic System 1984"",SPHEROID[""WGS 84"",6378137,298.257223563]],PRIMEM[""Greenwich"",0],UNIT[""degree"",0.0174532925199433,AUTHORITY[""EPSG"",""9122""]],AXIS[""Latitude"",NORTH],AXIS[""Longitude"",EAST]]",False,,4553,False,Success
ERA5,2020_12.tif,E:\Geospatial\Precipitation Downscaling\Precipitation-Downscaling-Khulna\data\processed\rasters_aligned\monthly\ERA5\2020_12.tif,bilinear,"GEOGCS[""WGS 84"",DATUM[""World Geodetic System 1984"",SPHEROID[""WGS 84"",6378137,298.257223563]],PRIMEM[""Greenwich"",0],UNIT[""degree"",0.0174532925199433,AUTHORITY[""EPSG"",""9122""]],AXIS[""Latitude"",NORTH],AXIS[""Longitude"",EAST]]","GEOGCS[""WGS 84"",DATUM[""World Geodetic System 1984"",SPHEROID[""WGS 84"",6378137,298.257223563]],PRIMEM[""Greenwich"",0],UNIT[""degree"",0.0174532925199433,AUTHORITY[""EPSG"",""9122""]],AXIS[""Latitude"",NORTH],AXIS[""Longitude"",EAST]]",False,,4553,False,Success
ERA5,2021_01.tif,E:\Geospatial\Precipitation Downscaling\Precipitation-Downscaling-Khulna\data\processed\rasters_aligned\monthly\ERA5\2021_01.tif,bilinear,"GEOGCS[""WGS 84"",DATUM[""World Geodetic System 1984"",SPHEROID[""WGS 84"",6378137,298.257223563]],PRIMEM[""Greenwich"",0],UNIT[""degree"",0.0174532925199433,AUTHORITY[""EPSG"",""9122""]],AXIS[""Latitude"",NORTH],AXIS[""Longitude"",EAST]]","GEOGCS[""WGS 84"",DATUM[""World Geodetic System 1984"",SPHEROID[""WGS 84"",6378137,298.257223563]],PRIMEM[""Greenwich"",0],UNIT[""degree"",0.0174532925199433,AUTHORITY[""EPSG"",""9122""]],AXIS[""Latitude"",NORTH],AXIS[""Longitude"",EAST]]",False,,4553,False,Success
ERA5,2021_02.tif,E:\Geospatial\Precipitation Downscaling\Precipitation-Downscaling-Khulna\data\processed\rasters_aligned\monthly\ERA5\2021_02.tif,bilinear,"GEOGCS[""WGS 84"",DATUM[""World Geodetic System 1984"",SPHEROID[""WGS 84"",6378137,298.257223563]],PRIMEM[""Greenwich"",0],UNIT[""degree"",0.0174532925199433,AUTHORITY[""EPSG"",""9122""]],AXIS[""Latitude"",NORTH],AXIS[""Longitude"",EAST]]","GEOGCS[""WGS 84"",DATUM[""World Geodetic System 1984"",SPHEROID[""WGS 84"",6378137,298.257223563]],PRIMEM[""Greenwich"",0],UNIT[""degree"",0.0174532925199433,AUTHORITY[""EPSG"",""9122""]],AXIS[""Latitude"",NORTH],AXIS[""Longitude"",EAST]]",False,,4553,False,Success
ERA5,2021_03.tif,E:\Geospatial\Precipitation Downscaling\Precipitation-Downscaling-Khulna\data\processed\rasters_aligned\monthly\ERA5\2021_03.tif,bilinear,"GEOGCS[""WGS 84"",DATUM[""World Geodetic System 1984"",SPHEROID[""WGS 84"",6378137,298.257223563]],PRIMEM[""Greenwich"",0],UNIT[""degree"",0.0174532925199433,AUTHORITY[""EPSG"",""9122""]],AXIS[""Latitude"",NORTH],AXIS[""Longitude"",EAST]]","GEOGCS[""WGS 84"",DATUM[""World Geodetic System 1984"",SPHEROID[""WGS 84"",6378137,298.257223563]],PRIMEM[""Greenwich"",0],UNIT[""degree"",0.0174532925199433,AUTHORITY[""EPSG"",""9122""]],AXIS[""Latitude"",NORTH],AXIS[""Longitude"",EAST]]",False,,4553,False,Success
ERA5,2021_04.tif,E:\Geospatial\Precipitation Downscaling\Precipitation-Downscaling-Khulna\data\processed\rasters_aligned\monthly\ERA5\2021_04.tif,bilinear,"GEOGCS[""WGS 84"",DATUM[""World Geodetic System 1984"",SPHEROID[""WGS 84"",6378137,298.257223563]],PRIMEM[""Greenwich"",0],UNIT[""degree"",0.0174532925199433,AUTHORITY[""EPSG"",""9122""]],AXIS[""Latitude"",NORTH],AXIS[""Longitude"",EAST]]","GEOGCS[""WGS 84"",DATUM[""World Geodetic System 1984"",SPHEROID[""WGS 84"",6378137,298.257223563]],PRIMEM[""Greenwich"",0],UNIT[""degree"",0.0174532925199433,AUTHORITY[""EPSG"",""9122""]],AXIS[""Latitude"",NORTH],AXIS[""Longitude"",EAST]]",False,,4553,False,Success
ERA5,2021_05.tif,E:\Geospatial\Precipitation Downscaling\Precipitation-Downscaling-Khulna\data\processed\rasters_aligned\monthly\ERA5\2021_05.tif,bilinear,"GEOGCS[""WGS 84"",DATUM[""World Geodetic System 1984"",SPHEROID[""WGS 84"",6378137,298.257223563]],PRIMEM[""Greenwich"",0],UNIT[""degree"",0.0174532925199433,AUTHORITY[""EPSG"",""9122""]],AXIS[""Latitude"",NORTH],AXIS[""Longitude"",EAST]]","GEOGCS[""WGS 84"",DATUM[""World Geodetic System 1984"",SPHEROID[""WGS 84"",6378137,298.257223563]],PRIMEM[""Greenwich"",0],UNIT[""degree"",0.0174532925199433,AUTHORITY[""EPSG"",""9122""]],AXIS[""Latitude"",NORTH],AXIS[""Longitude"",EAST]]",False,,4553,False,Success
ERA5,2021_06.tif,E:\Geospatial\Precipitation Downscaling\Precipitation-Downscaling-Khulna\data\processed\rasters_aligned\monthly\ERA5\2021_06.tif,bilinear,"GEOGCS[""WGS 84"",DATUM[""World Geodetic System 1984"",SPHEROID[""WGS 84"",6378137,298.257223563]],PRIMEM[""Greenwich"",0],UNIT[""degree"",0.0174532925199433,AUTHORITY[""EPSG"",""9122""]],AXIS[""Latitude"",NORTH],AXIS[""Longitude"",EAST]]","GEOGCS[""WGS 84"",DATUM[""World Geodetic System 1984"",SPHEROID[""WGS 84"",6378137,298.257223563]],PRIMEM[""Greenwich"",0],UNIT[""degree"",0.0174532925199433,AUTHORITY[""EPSG"",""9122""]],AXIS[""Latitude"",NORTH],AXIS[""Longitude"",EAST]]",False,,4553,False,Success
ERA5,2021_07.tif,E:\Geospatial\Precipitation Downscaling\Precipitation-Downscaling-Khulna\data\processed\rasters_aligned\monthly\ERA5\2021_07.tif,bilinear,"GEOGCS[""WGS 84"",DATUM[""World Geodetic System 1984"",SPHEROID[""WGS 84"",6378137,298.257223563]],PRIMEM[""Greenwich"",0],UNIT[""degree"",0.0174532925199433,AUTHORITY[""EPSG"",""9122""]],AXIS[""Latitude"",NORTH],AXIS[""Longitude"",EAST]]","GEOGCS[""WGS 84"",DATUM[""World Geodetic System 1984"",SPHEROID[""WGS 84"",6378137,298.257223563]],PRIMEM[""Greenwich"",0],UNIT[""degree"",0.0174532925199433,AUTHORITY[""EPSG"",""9122""]],AXIS[""Latitude"",NORTH],AXIS[""Longitude"",EAST]]",False,,4553,False,Success
ERA5,2021_08.tif,E:\Geospatial\Precipitation Downscaling\Precipitation-Downscaling-Khulna\data\processed\rasters_aligned\monthly\ERA5\2021_08.tif,bilinear,"GEOGCS[""WGS 84"",DATUM[""World Geodetic System 1984"",SPHEROID[""WGS 84"",6378137,298.257223563]],PRIMEM[""Greenwich"",0],UNIT[""degree"",0.0174532925199433,AUTHORITY[""EPSG"",""9122""]],AXIS[""Latitude"",NORTH],AXIS[""Longitude"",EAST]]","GEOGCS[""WGS 84"",DATUM[""World Geodetic System 1984"",SPHEROID[""WGS 84"",6378137,298.257223563]],PRIMEM[""Greenwich"",0],UNIT[""degree"",0.0174532925199433,AUTHORITY[""EPSG"",""9122""]],AXIS[""Latitude"",NORTH],AXIS[""Longitude"",EAST]]",False,,4553,False,Success
ERA5,2021_09.tif,E:\Geospatial\Precipitation Downscaling\Precipitation-Downscaling-Khulna\data\processed\rasters_aligned\monthly\ERA5\2021_09.tif,bilinear,"GEOGCS[""WGS 84"",DATUM[""World Geodetic System 1984"",SPHEROID[""WGS 84"",6378137,298.257223563]],PRIMEM[""Greenwich"",0],UNIT[""degree"",0.0174532925199433,AUTHORITY[""EPSG"",""9122""]],AXIS[""Latitude"",NORTH],AXIS[""Longitude"",EAST]]","GEOGCS[""WGS 84"",DATUM[""World Geodetic System 1984"",SPHEROID[""WGS 84"",6378137,298.257223563]],PRIMEM[""Greenwich"",0],UNIT[""degree"",0.0174532925199433,AUTHORITY[""EPSG"",""9122""]],AXIS[""Latitude"",NORTH],AXIS[""Longitude"",EAST]]",False,,4553,False,Success
ERA5,2021_10.tif,E:\Geospatial\Precipitation Downscaling\Precipitation-Downscaling-Khulna\data\processed\rasters_aligned\monthly\ERA5\2021_10.tif,bilinear,"GEOGCS[""WGS 84"",DATUM[""World Geodetic System 1984"",SPHEROID[""WGS 84"",6378137,298.257223563]],PRIMEM[""Greenwich"",0],UNIT[""degree"",0.0174532925199433,AUTHORITY[""EPSG"",""9122""]],AXIS[""Latitude"",NORTH],AXIS[""Longitude"",EAST]]","GEOGCS[""WGS 84"",DATUM[""World Geodetic System 1984"",SPHEROID[""WGS 84"",6378137,298.257223563]],PRIMEM[""Greenwich"",0],UNIT[""degree"",0.0174532925199433,AUTHORITY[""EPSG"",""9122""]],AXIS[""Latitude"",NORTH],AXIS[""Longitude"",EAST]]",False,,4553,False,Success
ERA5,2021_11.tif,E:\Geospatial\Precipitation Downscaling\Precipitation-Downscaling-Khulna\data\processed\rasters_aligned\monthly\ERA5\2021_11.tif,bilinear,"GEOGCS[""WGS 84"",DATUM[""World Geodetic System 1984"",SPHEROID[""WGS 84"",6378137,298.257223563]],PRIMEM[""Greenwich"",0],UNIT[""degree"",0.0174532925199433,AUTHORITY[""EPSG"",""9122""]],AXIS[""Latitude"",NORTH],AXIS[""Longitude"",EAST]]","GEOGCS[""WGS 84"",DATUM[""World Geodetic System 1984"",SPHEROID[""WGS 84"",6378137,298.257223563]],PRIMEM[""Greenwich"",0],UNIT[""degree"",0.0174532925199433,AUTHORITY[""EPSG"",""9122""]],AXIS[""Latitude"",NORTH],AXIS[""Longitude"",EAST]]",False,,4553,False,Success
ERA5,2021_12.tif,E:\Geospatial\Precipitation Downscaling\Precipitation-Downscaling-Khulna\data\processed\rasters_aligned\monthly\ERA5\2021_12.tif,bilinear,"GEOGCS[""WGS 84"",DATUM[""World Geodetic System 1984"",SPHEROID[""WGS 84"",6378137,298.257223563]],PRIMEM[""Greenwich"",0],UNIT[""degree"",0.0174532925199433,AUTHORITY[""EPSG"",""9122""]],AXIS[""Latitude"",NORTH],AXIS[""Longitude"",EAST]]","GEOGCS[""WGS 84"",DATUM[""World Geodetic System 1984"",SPHEROID[""WGS 84"",6378137,298.257223563]],PRIMEM[""Greenwich"",0],UNIT[""degree"",0.0174532925199433,AUTHORITY[""EPSG"",""9122""]],AXIS[""Latitude"",NORTH],AXIS[""Longitude"",EAST]]",False,,4553,False,Success
ERA5,2022_01.tif,E:\Geospatial\Precipitation Downscaling\Precipitation-Downscaling-Khulna\data\processed\rasters_aligned\monthly\ERA5\2022_01.tif,bilinear,"GEOGCS[""WGS 84"",DATUM[""World Geodetic System 1984"",SPHEROID[""WGS 84"",6378137,298.257223563]],PRIMEM[""Greenwich"",0],UNIT[""degree"",0.0174532925199433,AUTHORITY[""EPSG"",""9122""]],AXIS[""Latitude"",NORTH],AXIS[""Longitude"",EAST]]","GEOGCS[""WGS 84"",DATUM[""World Geodetic System 1984"",SPHEROID[""WGS 84"",6378137,298.257223563]],PRIMEM[""Greenwich"",0],UNIT[""degree"",0.0174532925199433,AUTHORITY[""EPSG"",""9122""]],AXIS[""Latitude"",NORTH],AXIS[""Longitude"",EAST]]",False,,4553,False,Success
ERA5,2022_02.tif,E:\Geospatial\Precipitation Downscaling\Precipitation-Downscaling-Khulna\data\processed\rasters_aligned\monthly\ERA5\2022_02.tif,bilinear,"GEOGCS[""WGS 84"",DATUM[""World Geodetic System 1984"",SPHEROID[""WGS 84"",6378137,298.257223563]],PRIMEM[""Greenwich"",0],UNIT[""degree"",0.0174532925199433,AUTHORITY[""EPSG"",""9122""]],AXIS[""Latitude"",NORTH],AXIS[""Longitude"",EAST]]","GEOGCS[""WGS 84"",DATUM[""World Geodetic System 1984"",SPHEROID[""WGS 84"",6378137,298.257223563]],PRIMEM[""Greenwich"",0],UNIT[""degree"",0.0174532925199433,AUTHORITY[""EPSG"",""9122""]],AXIS[""Latitude"",NORTH],AXIS[""Longitude"",EAST]]",False,,4553,False,Success
ERA5,2022_03.tif,E:\Geospatial\Precipitation Downscaling\Precipitation-Downscaling-Khulna\data\processed\rasters_aligned\monthly\ERA5\2022_03.tif,bilinear,"GEOGCS[""WGS 84"",DATUM[""World Geodetic System 1984"",SPHEROID[""WGS 84"",6378137,298.257223563]],PRIMEM[""Greenwich"",0],UNIT[""degree"",0.0174532925199433,AUTHORITY[""EPSG"",""9122""]],AXIS[""Latitude"",NORTH],AXIS[""Longitude"",EAST]]","GEOGCS[""WGS 84"",DATUM[""World Geodetic System 1984"",SPHEROID[""WGS 84"",6378137,298.257223563]],PRIMEM[""Greenwich"",0],UNIT[""degree"",0.0174532925199433,AUTHORITY[""EPSG"",""9122""]],AXIS[""Latitude"",NORTH],AXIS[""Longitude"",EAST]]",False,,4553,False,Success
ERA5,2022_04.tif,E:\Geospatial\Precipitation Downscaling\Precipitation-Downscaling-Khulna\data\processed\rasters_aligned\monthly\ERA5\2022_04.tif,bilinear,"GEOGCS[""WGS 84"",DATUM[""World Geodetic System 1984"",SPHEROID[""WGS 84"",6378137,298.257223563]],PRIMEM[""Greenwich"",0],UNIT[""degree"",0.0174532925199433,AUTHORITY[""EPSG"",""9122""]],AXIS[""Latitude"",NORTH],AXIS[""Longitude"",EAST]]","GEOGCS[""WGS 84"",DATUM[""World Geodetic System 1984"",SPHEROID[""WGS 84"",6378137,298.257223563]],PRIMEM[""Greenwich"",0],UNIT[""degree"",0.0174532925199433,AUTHORITY[""EPSG"",""9122""]],AXIS[""Latitude"",NORTH],AXIS[""Longitude"",EAST]]",False,,4553,False,Success
ERA5,2022_05.tif,E:\Geospatial\Precipitation Downscaling\Precipitation-Downscaling-Khulna\data\processed\rasters_aligned\monthly\ERA5\2022_05.tif,bilinear,"GEOGCS[""WGS 84"",DATUM[""World Geodetic System 1984"",SPHEROID[""WGS 84"",6378137,298.257223563]],PRIMEM[""Greenwich"",0],UNIT[""degree"",0.0174532925199433,AUTHORITY[""EPSG"",""9122""]],AXIS[""Latitude"",NORTH],AXIS[""Longitude"",EAST]]","GEOGCS[""WGS 84"",DATUM[""World Geodetic System 1984"",SPHEROID[""WGS 84"",6378137,298.257223563]],PRIMEM[""Greenwich"",0],UNIT[""degree"",0.0174532925199433,AUTHORITY[""EPSG"",""9122""]],AXIS[""Latitude"",NORTH],AXIS[""Longitude"",EAST]]",False,,4553,False,Success
ERA5,2022_06.tif,E:\Geospatial\Precipitation Downscaling\Precipitation-Downscaling-Khulna\data\processed\rasters_aligned\monthly\ERA5\2022_06.tif,bilinear,"GEOGCS[""WGS 84"",DATUM[""World Geodetic System 1984"",SPHEROID[""WGS 84"",6378137,298.257223563]],PRIMEM[""Greenwich"",0],UNIT[""degree"",0.0174532925199433,AUTHORITY[""EPSG"",""9122""]],AXIS[""Latitude"",NORTH],AXIS[""Longitude"",EAST]]","GEOGCS[""WGS 84"",DATUM[""World Geodetic System 1984"",SPHEROID[""WGS 84"",6378137,298.257223563]],PRIMEM[""Greenwich"",0],UNIT[""degree"",0.0174532925199433,AUTHORITY[""EPSG"",""9122""]],AXIS[""Latitude"",NORTH],AXIS[""Longitude"",EAST]]",False,,4553,False,Success
ERA5,2022_07.tif,E:\Geospatial\Precipitation Downscaling\Precipitation-Downscaling-Khulna\data\processed\rasters_aligned\monthly\ERA5\2022_07.tif,bilinear,"GEOGCS[""WGS 84"",DATUM[""World Geodetic System 1984"",SPHEROID[""WGS 84"",6378137,298.257223563]],PRIMEM[""Greenwich"",0],UNIT[""degree"",0.0174532925199433,AUTHORITY[""EPSG"",""9122""]],AXIS[""Latitude"",NORTH],AXIS[""Longitude"",EAST]]","GEOGCS[""WGS 84"",DATUM[""World Geodetic System 1984"",SPHEROID[""WGS 84"",6378137,298.257223563]],PRIMEM[""Greenwich"",0],UNIT[""degree"",0.0174532925199433,AUTHORITY[""EPSG"",""9122""]],AXIS[""Latitude"",NORTH],AXIS[""Longitude"",EAST]]",False,,4553,False,Success
ERA5,2022_08.tif,E:\Geospatial\Precipitation Downscaling\Precipitation-Downscaling-Khulna\data\processed\rasters_aligned\monthly\ERA5\2022_08.tif,bilinear,"GEOGCS[""WGS 84"",DATUM[""World Geodetic System 1984"",SPHEROID[""WGS 84"",6378137,298.257223563]],PRIMEM[""Greenwich"",0],UNIT[""degree"",0.0174532925199433,AUTHORITY[""EPSG"",""9122""]],AXIS[""Latitude"",NORTH],AXIS[""Longitude"",EAST]]","GEOGCS[""WGS 84"",DATUM[""World Geodetic System 1984"",SPHEROID[""WGS 84"",6378137,298.257223563]],PRIMEM[""Greenwich"",0],UNIT[""degree"",0.0174532925199433,AUTHORITY[""EPSG"",""9122""]],AXIS[""Latitude"",NORTH],AXIS[""Longitude"",EAST]]",False,,4553,False,Success
ERA5,2022_09.tif,E:\Geospatial\Precipitation Downscaling\Precipitation-Downscaling-Khulna\data\processed\rasters_aligned\monthly\ERA5\2022_09.tif,bilinear,"GEOGCS[""WGS 84"",DATUM[""World Geodetic System 1984"",SPHEROID[""WGS 84"",6378137,298.257223563]],PRIMEM[""Greenwich"",0],UNIT[""degree"",0.0174532925199433,AUTHORITY[""EPSG"",""9122""]],AXIS[""Latitude"",NORTH],AXIS[""Longitude"",EAST]]","GEOGCS[""WGS 84"",DATUM[""World Geodetic System 1984"",SPHEROID[""WGS 84"",6378137,298.257223563]],PRIMEM[""Greenwich"",0],UNIT[""degree"",0.0174532925199433,AUTHORITY[""EPSG"",""9122""]],AXIS[""Latitude"",NORTH],AXIS[""Longitude"",EAST]]",False,,4553,False,Success
ERA5,2022_10.tif,E:\Geospatial\Precipitation Downscaling\Precipitation-Downscaling-Khulna\data\processed\rasters_aligned\monthly\ERA5\2022_10.tif,bilinear,"GEOGCS[""WGS 84"",DATUM[""World Geodetic System 1984"",SPHEROID[""WGS 84"",6378137,298.257223563]],PRIMEM[""Greenwich"",0],UNIT[""degree"",0.0174532925199433,AUTHORITY[""EPSG"",""9122""]],AXIS[""Latitude"",NORTH],AXIS[""Longitude"",EAST]]","GEOGCS[""WGS 84"",DATUM[""World Geodetic System 1984"",SPHEROID[""WGS 84"",6378137,298.257223563]],PRIMEM[""Greenwich"",0],UNIT[""degree"",0.0174532925199433,AUTHORITY[""EPSG"",""9122""]],AXIS[""Latitude"",NORTH],AXIS[""Longitude"",EAST]]",False,,4553,False,Success
ERA5,2022_11.tif,E:\Geospatial\Precipitation Downscaling\Precipitation-Downscaling-Khulna\data\processed\rasters_aligned\monthly\ERA5\2022_11.tif,bilinear,"GEOGCS[""WGS 84"",DATUM[""World Geodetic System 1984"",SPHEROID[""WGS 84"",6378137,298.257223563]],PRIMEM[""Greenwich"",0],UNIT[""degree"",0.0174532925199433,AUTHORITY[""EPSG"",""9122""]],AXIS[""Latitude"",NORTH],AXIS[""Longitude"",EAST]]","GEOGCS[""WGS 84"",DATUM[""World Geodetic System 1984"",SPHEROID[""WGS 84"",6378137,298.257223563]],PRIMEM[""Greenwich"",0],UNIT[""degree"",0.0174532925199433,AUTHORITY[""EPSG"",""9122""]],AXIS[""Latitude"",NORTH],AXIS[""Longitude"",EAST]]",False,,4553,False,Success
ERA5,2022_12.tif,E:\Geospatial\Precipitation Downscaling\Precipitation-Downscaling-Khulna\data\processed\rasters_aligned\monthly\ERA5\2022_12.tif,bilinear,"GEOGCS[""WGS 84"",DATUM[""World Geodetic System 1984"",SPHEROID[""WGS 84"",6378137,298.257223563]],PRIMEM[""Greenwich"",0],UNIT[""degree"",0.0174532925199433,AUTHORITY[""EPSG"",""9122""]],AXIS[""Latitude"",NORTH],AXIS[""Longitude"",EAST]]","GEOGCS[""WGS 84"",DATUM[""World Geodetic System 1984"",SPHEROID[""WGS 84"",6378137,298.257223563]],PRIMEM[""Greenwich"",0],UNIT[""degree"",0.0174532925199433,AUTHORITY[""EPSG"",""9122""]],AXIS[""Latitude"",NORTH],AXIS[""Longitude"",EAST]]",False,,4553,False,Success
GSMaP_Gauge,2017_01.tif,E:\Geospatial\Precipitation Downscaling\Precipitation-Downscaling-Khulna\data\processed\rasters_aligned\monthly\GSMaP_Gauge\2017_01.tif,bilinear,"GEOGCS[""WGS 84"",DATUM[""World Geodetic System 1984"",SPHEROID[""WGS 84"",6378137,298.257223563]],PRIMEM[""Greenwich"",0],UNIT[""degree"",0.0174532925199433,AUTHORITY[""EPSG"",""9122""]],AXIS[""Latitude"",NORTH],AXIS[""Longitude"",EAST]]","GEOGCS[""WGS 84"",DATUM[""World Geodetic System 1984"",SPHEROID[""WGS 84"",6378137,298.257223563]],PRIMEM[""Greenwich"",0],UNIT[""degree"",0.0174532925199433,AUTHORITY[""EPSG"",""9122""]],AXIS[""Latitude"",NORTH],AXIS[""Longitude"",EAST]]",False,,4837,False,Success
GSMaP_Gauge,2017_02.tif,E:\Geospatial\Precipitation Downscaling\Precipitation-Downscaling-Khulna\data\processed\rasters_aligned\monthly\GSMaP_Gauge\2017_02.tif,bilinear,"GEOGCS[""WGS 84"",DATUM[""World Geodetic System 1984"",SPHEROID[""WGS 84"",6378137,298.257223563]],PRIMEM[""Greenwich"",0],UNIT[""degree"",0.0174532925199433,AUTHORITY[""EPSG"",""9122""]],AXIS[""Latitude"",NORTH],AXIS[""Longitude"",EAST]]","GEOGCS[""WGS 84"",DATUM[""World Geodetic System 1984"",SPHEROID[""WGS 84"",6378137,298.257223563]],PRIMEM[""Greenwich"",0],UNIT[""degree"",0.0174532925199433,AUTHORITY[""EPSG"",""9122""]],AXIS[""Latitude"",NORTH],AXIS[""Longitude"",EAST]]",False,,4837,False,Success
GSMaP_Gauge,2017_03.tif,E:\Geospatial\Precipitation Downscaling\Precipitation-Downscaling-Khulna\data\processed\rasters_aligned\monthly\GSMaP_Gauge\2017_03.tif,bilinear,"GEOGCS[""WGS 84"",DATUM[""World Geodetic System 1984"",SPHEROID[""WGS 84"",6378137,298.257223563]],PRIMEM[""Greenwich"",0],UNIT[""degree"",0.0174532925199433,AUTHORITY[""EPSG"",""9122""]],AXIS[""Latitude"",NORTH],AXIS[""Longitude"",EAST]]","GEOGCS[""WGS 84"",DATUM[""World Geodetic System 1984"",SPHEROID[""WGS 84"",6378137,298.257223563]],PRIMEM[""Greenwich"",0],UNIT[""degree"",0.0174532925199433,AUTHORITY[""EPSG"",""9122""]],AXIS[""Latitude"",NORTH],AXIS[""Longitude"",EAST]]",False,,4837,False,Success
GSMaP_Gauge,2017_04.tif,E:\Geospatial\Precipitation Downscaling\Precipitation-Downscaling-Khulna\data\processed\rasters_aligned\monthly\GSMaP_Gauge\2017_04.tif,bilinear,"GEOGCS[""WGS 84"",DATUM[""World Geodetic System 1984"",SPHEROID[""WGS 84"",6378137,298.257223563]],PRIMEM[""Greenwich"",0],UNIT[""degree"",0.0174532925199433,AUTHORITY[""EPSG"",""9122""]],AXIS[""Latitude"",NORTH],AXIS[""Longitude"",EAST]]","GEOGCS[""WGS 84"",DATUM[""World Geodetic System 1984"",SPHEROID[""WGS 84"",6378137,298.257223563]],PRIMEM[""Greenwich"",0],UNIT[""degree"",0.0174532925199433,AUTHORITY[""EPSG"",""9122""]],AXIS[""Latitude"",NORTH],AXIS[""Longitude"",EAST]]",False,,4837,False,Success
GSMaP_Gauge,2017_05.tif,E:\Geospatial\Precipitation Downscaling\Precipitation-Downscaling-Khulna\data\processed\rasters_aligned\monthly\GSMaP_Gauge\2017_05.tif,bilinear,"GEOGCS[""WGS 84"",DATUM[""World Geodetic System 1984"",SPHEROID[""WGS 84"",6378137,298.257223563]],PRIMEM[""Greenwich"",0],UNIT[""degree"",0.0174532925199433,AUTHORITY[""EPSG"",""9122""]],AXIS[""Latitude"",NORTH],AXIS[""Longitude"",EAST]]","GEOGCS[""WGS 84"",DATUM[""World Geodetic System 1984"",SPHEROID[""WGS 84"",6378137,298.257223563]],PRIMEM[""Greenwich"",0],UNIT[""degree"",0.0174532925199433,AUTHORITY[""EPSG"",""9122""]],AXIS[""Latitude"",NORTH],AXIS[""Longitude"",EAST]]",False,,4837,False,Success
GSMaP_Gauge,2017_06.tif,E:\Geospatial\Precipitation Downscaling\Precipitation-Downscaling-Khulna\data\processed\rasters_aligned\monthly\GSMaP_Gauge\2017_06.tif,bilinear,"GEOGCS[""WGS 84"",DATUM[""World Geodetic System 1984"",SPHEROID[""WGS 84"",6378137,298.257223563]],PRIMEM[""Greenwich"",0],UNIT[""degree"",0.0174532925199433,AUTHORITY[""EPSG"",""9122""]],AXIS[""Latitude"",NORTH],AXIS[""Longitude"",EAST]]","GEOGCS[""WGS 84"",DATUM[""World Geodetic System 1984"",SPHEROID[""WGS 84"",6378137,298.257223563]],PRIMEM[""Greenwich"",0],UNIT[""degree"",0.0174532925199433,AUTHORITY[""EPSG"",""9122""]],AXIS[""Latitude"",NORTH],AXIS[""Longitude"",EAST]]",False,,4837,False,Success
GSMaP_Gauge,2017_07.tif,E:\Geospatial\Precipitation Downscaling\Precipitation-Downscaling-Khulna\data\processed\rasters_aligned\monthly\GSMaP_Gauge\2017_07.tif,bilinear,"GEOGCS[""WGS 84"",DATUM[""World Geodetic System 1984"",SPHEROID[""WGS 84"",6378137,298.257223563]],PRIMEM[""Greenwich"",0],UNIT[""degree"",0.0174532925199433,AUTHORITY[""EPSG"",""9122""]],AXIS[""Latitude"",NORTH],AXIS[""Longitude"",EAST]]","GEOGCS[""WGS 84"",DATUM[""World Geodetic System 1984"",SPHEROID[""WGS 84"",6378137,298.257223563]],PRIMEM[""Greenwich"",0],UNIT[""degree"",0.0174532925199433,AUTHORITY[""EPSG"",""9122""]],AXIS[""Latitude"",NORTH],AXIS[""Longitude"",EAST]]",False,,4837,False,Success
GSMaP_Gauge,2017_08.tif,E:\Geospatial\Precipitation Downscaling\Precipitation-Downscaling-Khulna\data\processed\rasters_aligned\monthly\GSMaP_Gauge\2017_08.tif,bilinear,"GEOGCS[""WGS 84"",DATUM[""World Geodetic System 1984"",SPHEROID[""WGS 84"",6378137,298.257223563]],PRIMEM[""Greenwich"",0],UNIT[""degree"",0.0174532925199433,AUTHORITY[""EPSG"",""9122""]],AXIS[""Latitude"",NORTH],AXIS[""Longitude"",EAST]]","GEOGCS[""WGS 84"",DATUM[""World Geodetic System 1984"",SPHEROID[""WGS 84"",6378137,298.257223563]],PRIMEM[""Greenwich"",0],UNIT[""degree"",0.0174532925199433,AUTHORITY[""EPSG"",""9122""]],AXIS[""Latitude"",NORTH],AXIS[""Longitude"",EAST]]",False,,4837,False,Success
GSMaP_Gauge,2017_09.tif,E:\Geospatial\Precipitation Downscaling\Precipitation-Downscaling-Khulna\data\processed\rasters_aligned\monthly\GSMaP_Gauge\2017_09.tif,bilinear,"GEOGCS[""WGS 84"",DATUM[""World Geodetic System 1984"",SPHEROID[""WGS 84"",6378137,298.257223563]],PRIMEM[""Greenwich"",0],UNIT[""degree"",0.0174532925199433,AUTHORITY[""EPSG"",""9122""]],AXIS[""Latitude"",NORTH],AXIS[""Longitude"",EAST]]","GEOGCS[""WGS 84"",DATUM[""World Geodetic System 1984"",SPHEROID[""WGS 84"",6378137,298.257223563]],PRIMEM[""Greenwich"",0],UNIT[""degree"",0.0174532925199433,AUTHORITY[""EPSG"",""9122""]],AXIS[""Latitude"",NORTH],AXIS[""Longitude"",EAST]]",False,,4837,False,Success
GSMaP_Gauge,2017_10.tif,E:\Geospatial\Precipitation Downscaling\Precipitation-Downscaling-Khulna\data\processed\rasters_aligned\monthly\GSMaP_Gauge\2017_10.tif,bilinear,"GEOGCS[""WGS 84"",DATUM[""World Geodetic System 1984"",SPHEROID[""WGS 84"",6378137,298.257223563]],PRIMEM[""Greenwich"",0],UNIT[""degree"",0.0174532925199433,AUTHORITY[""EPSG"",""9122""]],AXIS[""Latitude"",NORTH],AXIS[""Longitude"",EAST]]","GEOGCS[""WGS 84"",DATUM[""World Geodetic System 1984"",SPHEROID[""WGS 84"",6378137,298.257223563]],PRIMEM[""Greenwich"",0],UNIT[""degree"",0.0174532925199433,AUTHORITY[""EPSG"",""9122""]],AXIS[""Latitude"",NORTH],AXIS[""Longitude"",EAST]]",False,,4837,False,Success
GSMaP_Gauge,2017_11.tif,E:\Geospatial\Precipitation Downscaling\Precipitation-Downscaling-Khulna\data\processed\rasters_aligned\monthly\GSMaP_Gauge\2017_11.tif,bilinear,"GEOGCS[""WGS 84"",DATUM[""World Geodetic System 1984"",SPHEROID[""WGS 84"",6378137,298.257223563]],PRIMEM[""Greenwich"",0],UNIT[""degree"",0.0174532925199433,AUTHORITY[""EPSG"",""9122""]],AXIS[""Latitude"",NORTH],AXIS[""Longitude"",EAST]]","GEOGCS[""WGS 84"",DATUM[""World Geodetic System 1984"",SPHEROID[""WGS 84"",6378137,298.257223563]],PRIMEM[""Greenwich"",0],UNIT[""degree"",0.0174532925199433,AUTHORITY[""EPSG"",""9122""]],AXIS[""Latitude"",NORTH],AXIS[""Longitude"",EAST]]",False,,4837,False,Success
GSMaP_Gauge,2017_12.tif,E:\Geospatial\Precipitation Downscaling\Precipitation-Downscaling-Khulna\data\processed\rasters_aligned\monthly\GSMaP_Gauge\2017_12.tif,bilinear,"GEOGCS[""WGS 84"",DATUM[""World Geodetic System 1984"",SPHEROID[""WGS 84"",6378137,298.257223563]],PRIMEM[""Greenwich"",0],UNIT[""degree"",0.0174532925199433,AUTHORITY[""EPSG"",""9122""]],AXIS[""Latitude"",NORTH],AXIS[""Longitude"",EAST]]","GEOGCS[""WGS 84"",DATUM[""World Geodetic System 1984"",SPHEROID[""WGS 84"",6378137,298.257223563]],PRIMEM[""Greenwich"",0],UNIT[""degree"",0.0174532925199433,AUTHORITY[""EPSG"",""9122""]],AXIS[""Latitude"",NORTH],AXIS[""Longitude"",EAST]]",False,,4837,False,Success
GSMaP_Gauge,2018_01.tif,E:\Geospatial\Precipitation Downscaling\Precipitation-Downscaling-Khulna\data\processed\rasters_aligned\monthly\GSMaP_Gauge\2018_01.tif,bilinear,"GEOGCS[""WGS 84"",DATUM[""World Geodetic System 1984"",SPHEROID[""WGS 84"",6378137,298.257223563]],PRIMEM[""Greenwich"",0],UNIT[""degree"",0.0174532925199433,AUTHORITY[""EPSG"",""9122""]],AXIS[""Latitude"",NORTH],AXIS[""Longitude"",EAST]]","GEOGCS[""WGS 84"",DATUM[""World Geodetic System 1984"",SPHEROID[""WGS 84"",6378137,298.257223563]],PRIMEM[""Greenwich"",0],UNIT[""degree"",0.0174532925199433,AUTHORITY[""EPSG"",""9122""]],AXIS[""Latitude"",NORTH],AXIS[""Longitude"",EAST]]",False,,4837,False,Success
GSMaP_Gauge,2018_02.tif,E:\Geospatial\Precipitation Downscaling\Precipitation-Downscaling-Khulna\data\processed\rasters_aligned\monthly\GSMaP_Gauge\2018_02.tif,bilinear,"GEOGCS[""WGS 84"",DATUM[""World Geodetic System 1984"",SPHEROID[""WGS 84"",6378137,298.257223563]],PRIMEM[""Greenwich"",0],UNIT[""degree"",0.0174532925199433,AUTHORITY[""EPSG"",""9122""]],AXIS[""Latitude"",NORTH],AXIS[""Longitude"",EAST]]","GEOGCS[""WGS 84"",DATUM[""World Geodetic System 1984"",SPHEROID[""WGS 84"",6378137,298.257223563]],PRIMEM[""Greenwich"",0],UNIT[""degree"",0.0174532925199433,AUTHORITY[""EPSG"",""9122""]],AXIS[""Latitude"",NORTH],AXIS[""Longitude"",EAST]]",False,,4837,False,Success
GSMaP_Gauge,2018_03.tif,E:\Geospatial\Precipitation Downscaling\Precipitation-Downscaling-Khulna\data\processed\rasters_aligned\monthly\GSMaP_Gauge\2018_03.tif,bilinear,"GEOGCS[""WGS 84"",DATUM[""World Geodetic System 1984"",SPHEROID[""WGS 84"",6378137,298.257223563]],PRIMEM[""Greenwich"",0],UNIT[""degree"",0.0174532925199433,AUTHORITY[""EPSG"",""9122""]],AXIS[""Latitude"",NORTH],AXIS[""Longitude"",EAST]]","GEOGCS[""WGS 84"",DATUM[""World Geodetic System 1984"",SPHEROID[""WGS 84"",6378137,298.257223563]],PRIMEM[""Greenwich"",0],UNIT[""degree"",0.0174532925199433,AUTHORITY[""EPSG"",""9122""]],AXIS[""Latitude"",NORTH],AXIS[""Longitude"",EAST]]",False,,4837,False,Success
GSMaP_Gauge,2018_04.tif,E:\Geospatial\Precipitation Downscaling\Precipitation-Downscaling-Khulna\data\processed\rasters_aligned\monthly\GSMaP_Gauge\2018_04.tif,bilinear,"GEOGCS[""WGS 84"",DATUM[""World Geodetic System 1984"",SPHEROID[""WGS 84"",6378137,298.257223563]],PRIMEM[""Greenwich"",0],UNIT[""degree"",0.0174532925199433,AUTHORITY[""EPSG"",""9122""]],AXIS[""Latitude"",NORTH],AXIS[""Longitude"",EAST]]","GEOGCS[""WGS 84"",DATUM[""World Geodetic System 1984"",SPHEROID[""WGS 84"",6378137,298.257223563]],PRIMEM[""Greenwich"",0],UNIT[""degree"",0.0174532925199433,AUTHORITY[""EPSG"",""9122""]],AXIS[""Latitude"",NORTH],AXIS[""Longitude"",EAST]]",False,,4837,False,Success
GSMaP_Gauge,2018_05.tif,E:\Geospatial\Precipitation Downscaling\Precipitation-Downscaling-Khulna\data\processed\rasters_aligned\monthly\GSMaP_Gauge\2018_05.tif,bilinear,"GEOGCS[""WGS 84"",DATUM[""World Geodetic System 1984"",SPHEROID[""WGS 84"",6378137,298.257223563]],PRIMEM[""Greenwich"",0],UNIT[""degree"",0.0174532925199433,AUTHORITY[""EPSG"",""9122""]],AXIS[""Latitude"",NORTH],AXIS[""Longitude"",EAST]]","GEOGCS[""WGS 84"",DATUM[""World Geodetic System 1984"",SPHEROID[""WGS 84"",6378137,298.257223563]],PRIMEM[""Greenwich"",0],UNIT[""degree"",0.0174532925199433,AUTHORITY[""EPSG"",""9122""]],AXIS[""Latitude"",NORTH],AXIS[""Longitude"",EAST]]",False,,4837,False,Success
GSMaP_Gauge,2018_06.tif,E:\Geospatial\Precipitation Downscaling\Precipitation-Downscaling-Khulna\data\processed\rasters_aligned\monthly\GSMaP_Gauge\2018_06.tif,bilinear,"GEOGCS[""WGS 84"",DATUM[""World Geodetic System 1984"",SPHEROID[""WGS 84"",6378137,298.257223563]],PRIMEM[""Greenwich"",0],UNIT[""degree"",0.0174532925199433,AUTHORITY[""EPSG"",""9122""]],AXIS[""Latitude"",NORTH],AXIS[""Longitude"",EAST]]","GEOGCS[""WGS 84"",DATUM[""World Geodetic System 1984"",SPHEROID[""WGS 84"",6378137,298.257223563]],PRIMEM[""Greenwich"",0],UNIT[""degree"",0.0174532925199433,AUTHORITY[""EPSG"",""9122""]],AXIS[""Latitude"",NORTH],AXIS[""Longitude"",EAST]]",False,,4837,False,Success
GSMaP_Gauge,2018_07.tif,E:\Geospatial\Precipitation Downscaling\Precipitation-Downscaling-Khulna\data\processed\rasters_aligned\monthly\GSMaP_Gauge\2018_07.tif,bilinear,"GEOGCS[""WGS 84"",DATUM[""World Geodetic System 1984"",SPHEROID[""WGS 84"",6378137,298.257223563]],PRIMEM[""Greenwich"",0],UNIT[""degree"",0.0174532925199433,AUTHORITY[""EPSG"",""9122""]],AXIS[""Latitude"",NORTH],AXIS[""Longitude"",EAST]]","GEOGCS[""WGS 84"",DATUM[""World Geodetic System 1984"",SPHEROID[""WGS 84"",6378137,298.257223563]],PRIMEM[""Greenwich"",0],UNIT[""degree"",0.0174532925199433,AUTHORITY[""EPSG"",""9122""]],AXIS[""Latitude"",NORTH],AXIS[""Longitude"",EAST]]",False,,4837,False,Success
GSMaP_Gauge,2018_08.tif,E:\Geospatial\Precipitation Downscaling\Precipitation-Downscaling-Khulna\data\processed\rasters_aligned\monthly\GSMaP_Gauge\2018_08.tif,bilinear,"GEOGCS[""WGS 84"",DATUM[""World Geodetic System 1984"",SPHEROID[""WGS 84"",6378137,298.257223563]],PRIMEM[""Greenwich"",0],UNIT[""degree"",0.0174532925199433,AUTHORITY[""EPSG"",""9122""]],AXIS[""Latitude"",NORTH],AXIS[""Longitude"",EAST]]","GEOGCS[""WGS 84"",DATUM[""World Geodetic System 1984"",SPHEROID[""WGS 84"",6378137,298.257223563]],PRIMEM[""Greenwich"",0],UNIT[""degree"",0.0174532925199433,AUTHORITY[""EPSG"",""9122""]],AXIS[""Latitude"",NORTH],AXIS[""Longitude"",EAST]]",False,,4837,False,Success
GSMaP_Gauge,2018_09.tif,E:\Geospatial\Precipitation Downscaling\Precipitation-Downscaling-Khulna\data\processed\rasters_aligned\monthly\GSMaP_Gauge\2018_09.tif,bilinear,"GEOGCS[""WGS 84"",DATUM[""World Geodetic System 1984"",SPHEROID[""WGS 84"",6378137,298.257223563]],PRIMEM[""Greenwich"",0],UNIT[""degree"",0.0174532925199433,AUTHORITY[""EPSG"",""9122""]],AXIS[""Latitude"",NORTH],AXIS[""Longitude"",EAST]]","GEOGCS[""WGS 84"",DATUM[""World Geodetic System 1984"",SPHEROID[""WGS 84"",6378137,298.257223563]],PRIMEM[""Greenwich"",0],UNIT[""degree"",0.0174532925199433,AUTHORITY[""EPSG"",""9122""]],AXIS[""Latitude"",NORTH],AXIS[""Longitude"",EAST]]",False,,4837,False,Success
GSMaP_Gauge,2018_10.tif,E:\Geospatial\Precipitation Downscaling\Precipitation-Downscaling-Khulna\data\processed\rasters_aligned\monthly\GSMaP_Gauge\2018_10.tif,bilinear,"GEOGCS[""WGS 84"",DATUM[""World Geodetic System 1984"",SPHEROID[""WGS 84"",6378137,298.257223563]],PRIMEM[""Greenwich"",0],UNIT[""degree"",0.0174532925199433,AUTHORITY[""EPSG"",""9122""]],AXIS[""Latitude"",NORTH],AXIS[""Longitude"",EAST]]","GEOGCS[""WGS 84"",DATUM[""World Geodetic System 1984"",SPHEROID[""WGS 84"",6378137,298.257223563]],PRIMEM[""Greenwich"",0],UNIT[""degree"",0.0174532925199433,AUTHORITY[""EPSG"",""9122""]],AXIS[""Latitude"",NORTH],AXIS[""Longitude"",EAST]]",False,,4837,False,Success
GSMaP_Gauge,2018_11.tif,E:\Geospatial\Precipitation Downscaling\Precipitation-Downscaling-Khulna\data\processed\rasters_aligned\monthly\GSMaP_Gauge\2018_11.tif,bilinear,"GEOGCS[""WGS 84"",DATUM[""World Geodetic System 1984"",SPHEROID[""WGS 84"",6378137,298.257223563]],PRIMEM[""Greenwich"",0],UNIT[""degree"",0.0174532925199433,AUTHORITY[""EPSG"",""9122""]],AXIS[""Latitude"",NORTH],AXIS[""Longitude"",EAST]]","GEOGCS[""WGS 84"",DATUM[""World Geodetic System 1984"",SPHEROID[""WGS 84"",6378137,298.257223563]],PRIMEM[""Greenwich"",0],UNIT[""degree"",0.0174532925199433,AUTHORITY[""EPSG"",""9122""]],AXIS[""Latitude"",NORTH],AXIS[""Longitude"",EAST]]",False,,4837,False,Success
GSMaP_Gauge,2018_12.tif,E:\Geospatial\Precipitation Downscaling\Precipitation-Downscaling-Khulna\data\processed\rasters_aligned\monthly\GSMaP_Gauge\2018_12.tif,bilinear,"GEOGCS[""WGS 84"",DATUM[""World Geodetic System 1984"",SPHEROID[""WGS 84"",6378137,298.257223563]],PRIMEM[""Greenwich"",0],UNIT[""degree"",0.0174532925199433,AUTHORITY[""EPSG"",""9122""]],AXIS[""Latitude"",NORTH],AXIS[""Longitude"",EAST]]","GEOGCS[""WGS 84"",DATUM[""World Geodetic System 1984"",SPHEROID[""WGS 84"",6378137,298.257223563]],PRIMEM[""Greenwich"",0],UNIT[""degree"",0.0174532925199433,AUTHORITY[""EPSG"",""9122""]],AXIS[""Latitude"",NORTH],AXIS[""Longitude"",EAST]]",False,,4837,False,Success
GSMaP_Gauge,2019_01.tif,E:\Geospatial\Precipitation Downscaling\Precipitation-Downscaling-Khulna\data\processed\rasters_aligned\monthly\GSMaP_Gauge\2019_01.tif,bilinear,"GEOGCS[""WGS 84"",DATUM[""World Geodetic System 1984"",SPHEROID[""WGS 84"",6378137,298.257223563]],PRIMEM[""Greenwich"",0],UNIT[""degree"",0.0174532925199433,AUTHORITY[""EPSG"",""9122""]],AXIS[""Latitude"",NORTH],AXIS[""Longitude"",EAST]]","GEOGCS[""WGS 84"",DATUM[""World Geodetic System 1984"",SPHEROID[""WGS 84"",6378137,298.257223563]],PRIMEM[""Greenwich"",0],UNIT[""degree"",0.0174532925199433,AUTHORITY[""EPSG"",""9122""]],AXIS[""Latitude"",NORTH],AXIS[""Longitude"",EAST]]",False,,4837,False,Success
GSMaP_Gauge,2019_02.tif,E:\Geospatial\Precipitation Downscaling\Precipitation-Downscaling-Khulna\data\processed\rasters_aligned\monthly\GSMaP_Gauge\2019_02.tif,bilinear,"GEOGCS[""WGS 84"",DATUM[""World Geodetic System 1984"",SPHEROID[""WGS 84"",6378137,298.257223563]],PRIMEM[""Greenwich"",0],UNIT[""degree"",0.0174532925199433,AUTHORITY[""EPSG"",""9122""]],AXIS[""Latitude"",NORTH],AXIS[""Longitude"",EAST]]","GEOGCS[""WGS 84"",DATUM[""World Geodetic System 1984"",SPHEROID[""WGS 84"",6378137,298.257223563]],PRIMEM[""Greenwich"",0],UNIT[""degree"",0.0174532925199433,AUTHORITY[""EPSG"",""9122""]],AXIS[""Latitude"",NORTH],AXIS[""Longitude"",EAST]]",False,,4837,False,Success
GSMaP_Gauge,2019_03.tif,E:\Geospatial\Precipitation Downscaling\Precipitation-Downscaling-Khulna\data\processed\rasters_aligned\monthly\GSMaP_Gauge\2019_03.tif,bilinear,"GEOGCS[""WGS 84"",DATUM[""World Geodetic System 1984"",SPHEROID[""WGS 84"",6378137,298.257223563]],PRIMEM[""Greenwich"",0],UNIT[""degree"",0.0174532925199433,AUTHORITY[""EPSG"",""9122""]],AXIS[""Latitude"",NORTH],AXIS[""Longitude"",EAST]]","GEOGCS[""WGS 84"",DATUM[""World Geodetic System 1984"",SPHEROID[""WGS 84"",6378137,298.257223563]],PRIMEM[""Greenwich"",0],UNIT[""degree"",0.0174532925199433,AUTHORITY[""EPSG"",""9122""]],AXIS[""Latitude"",NORTH],AXIS[""Longitude"",EAST]]",False,,4837,False,Success
GSMaP_Gauge,2019_04.tif,E:\Geospatial\Precipitation Downscaling\Precipitation-Downscaling-Khulna\data\processed\rasters_aligned\monthly\GSMaP_Gauge\2019_04.tif,bilinear,"GEOGCS[""WGS 84"",DATUM[""World Geodetic System 1984"",SPHEROID[""WGS 84"",6378137,298.257223563]],PRIMEM[""Greenwich"",0],UNIT[""degree"",0.0174532925199433,AUTHORITY[""EPSG"",""9122""]],AXIS[""Latitude"",NORTH],AXIS[""Longitude"",EAST]]","GEOGCS[""WGS 84"",DATUM[""World Geodetic System 1984"",SPHEROID[""WGS 84"",6378137,298.257223563]],PRIMEM[""Greenwich"",0],UNIT[""degree"",0.0174532925199433,AUTHORITY[""EPSG"",""9122""]],AXIS[""Latitude"",NORTH],AXIS[""Longitude"",EAST]]",False,,4837,False,Success
GSMaP_Gauge,2019_05.tif,E:\Geospatial\Precipitation Downscaling\Precipitation-Downscaling-Khulna\data\processed\rasters_aligned\monthly\GSMaP_Gauge\2019_05.tif,bilinear,"GEOGCS[""WGS 84"",DATUM[""World Geodetic System 1984"",SPHEROID[""WGS 84"",6378137,298.257223563]],PRIMEM[""Greenwich"",0],UNIT[""degree"",0.0174532925199433,AUTHORITY[""EPSG"",""9122""]],AXIS[""Latitude"",NORTH],AXIS[""Longitude"",EAST]]","GEOGCS[""WGS 84"",DATUM[""World Geodetic System 1984"",SPHEROID[""WGS 84"",6378137,298.257223563]],PRIMEM[""Greenwich"",0],UNIT[""degree"",0.0174532925199433,AUTHORITY[""EPSG"",""9122""]],AXIS[""Latitude"",NORTH],AXIS[""Longitude"",EAST]]",False,,4837,False,Success
GSMaP_Gauge,2019_06.tif,E:\Geospatial\Precipitation Downscaling\Precipitation-Downscaling-Khulna\data\processed\rasters_aligned\monthly\GSMaP_Gauge\2019_06.tif,bilinear,"GEOGCS[""WGS 84"",DATUM[""World Geodetic System 1984"",SPHEROID[""WGS 84"",6378137,298.257223563]],PRIMEM[""Greenwich"",0],UNIT[""degree"",0.0174532925199433,AUTHORITY[""EPSG"",""9122""]],AXIS[""Latitude"",NORTH],AXIS[""Longitude"",EAST]]","GEOGCS[""WGS 84"",DATUM[""World Geodetic System 1984"",SPHEROID[""WGS 84"",6378137,298.257223563]],PRIMEM[""Greenwich"",0],UNIT[""degree"",0.0174532925199433,AUTHORITY[""EPSG"",""9122""]],AXIS[""Latitude"",NORTH],AXIS[""Longitude"",EAST]]",False,,4837,False,Success
GSMaP_Gauge,2019_07.tif,E:\Geospatial\Precipitation Downscaling\Precipitation-Downscaling-Khulna\data\processed\rasters_aligned\monthly\GSMaP_Gauge\2019_07.tif,bilinear,"GEOGCS[""WGS 84"",DATUM[""World Geodetic System 1984"",SPHEROID[""WGS 84"",6378137,298.257223563]],PRIMEM[""Greenwich"",0],UNIT[""degree"",0.0174532925199433,AUTHORITY[""EPSG"",""9122""]],AXIS[""Latitude"",NORTH],AXIS[""Longitude"",EAST]]","GEOGCS[""WGS 84"",DATUM[""World Geodetic System 1984"",SPHEROID[""WGS 84"",6378137,298.257223563]],PRIMEM[""Greenwich"",0],UNIT[""degree"",0.0174532925199433,AUTHORITY[""EPSG"",""9122""]],AXIS[""Latitude"",NORTH],AXIS[""Longitude"",EAST]]",False,,4837,False,Success
GSMaP_Gauge,2019_08.tif,E:\Geospatial\Precipitation Downscaling\Precipitation-Downscaling-Khulna\data\processed\rasters_aligned\monthly\GSMaP_Gauge\2019_08.tif,bilinear,"GEOGCS[""WGS 84"",DATUM[""World Geodetic System 1984"",SPHEROID[""WGS 84"",6378137,298.257223563]],PRIMEM[""Greenwich"",0],UNIT[""degree"",0.0174532925199433,AUTHORITY[""EPSG"",""9122""]],AXIS[""Latitude"",NORTH],AXIS[""Longitude"",EAST]]","GEOGCS[""WGS 84"",DATUM[""World Geodetic System 1984"",SPHEROID[""WGS 84"",6378137,298.257223563]],PRIMEM[""Greenwich"",0],UNIT[""degree"",0.0174532925199433,AUTHORITY[""EPSG"",""9122""]],AXIS[""Latitude"",NORTH],AXIS[""Longitude"",EAST]]",False,,4837,False,Success
GSMaP_Gauge,2019_09.tif,E:\Geospatial\Precipitation Downscaling\Precipitation-Downscaling-Khulna\data\processed\rasters_aligned\monthly\GSMaP_Gauge\2019_09.tif,bilinear,"GEOGCS[""WGS 84"",DATUM[""World Geodetic System 1984"",SPHEROID[""WGS 84"",6378137,298.257223563]],PRIMEM[""Greenwich"",0],UNIT[""degree"",0.0174532925199433,AUTHORITY[""EPSG"",""9122""]],AXIS[""Latitude"",NORTH],AXIS[""Longitude"",EAST]]","GEOGCS[""WGS 84"",DATUM[""World Geodetic System 1984"",SPHEROID[""WGS 84"",6378137,298.257223563]],PRIMEM[""Greenwich"",0],UNIT[""degree"",0.0174532925199433,AUTHORITY[""EPSG"",""9122""]],AXIS[""Latitude"",NORTH],AXIS[""Longitude"",EAST]]",False,,4837,False,Success
GSMaP_Gauge,2019_10.tif,E:\Geospatial\Precipitation Downscaling\Precipitation-Downscaling-Khulna\data\processed\rasters_aligned\monthly\GSMaP_Gauge\2019_10.tif,bilinear,"GEOGCS[""WGS 84"",DATUM[""World Geodetic System 1984"",SPHEROID[""WGS 84"",6378137,298.257223563]],PRIMEM[""Greenwich"",0],UNIT[""degree"",0.0174532925199433,AUTHORITY[""EPSG"",""9122""]],AXIS[""Latitude"",NORTH],AXIS[""Longitude"",EAST]]","GEOGCS[""WGS 84"",DATUM[""World Geodetic System 1984"",SPHEROID[""WGS 84"",6378137,298.257223563]],PRIMEM[""Greenwich"",0],UNIT[""degree"",0.0174532925199433,AUTHORITY[""EPSG"",""9122""]],AXIS[""Latitude"",NORTH],AXIS[""Longitude"",EAST]]",False,,4837,False,Success
GSMaP_Gauge,2019_11.tif,E:\Geospatial\Precipitation Downscaling\Precipitation-Downscaling-Khulna\data\processed\rasters_aligned\monthly\GSMaP_Gauge\2019_11.tif,bilinear,"GEOGCS[""WGS 84"",DATUM[""World Geodetic System 1984"",SPHEROID[""WGS 84"",6378137,298.257223563]],PRIMEM[""Greenwich"",0],UNIT[""degree"",0.0174532925199433,AUTHORITY[""EPSG"",""9122""]],AXIS[""Latitude"",NORTH],AXIS[""Longitude"",EAST]]","GEOGCS[""WGS 84"",DATUM[""World Geodetic System 1984"",SPHEROID[""WGS 84"",6378137,298.257223563]],PRIMEM[""Greenwich"",0],UNIT[""degree"",0.0174532925199433,AUTHORITY[""EPSG"",""9122""]],AXIS[""Latitude"",NORTH],AXIS[""Longitude"",EAST]]",False,,4837,False,Success
GSMaP_Gauge,2019_12.tif,E:\Geospatial\Precipitation Downscaling\Precipitation-Downscaling-Khulna\data\processed\rasters_aligned\monthly\GSMaP_Gauge\2019_12.tif,bilinear,"GEOGCS[""WGS 84"",DATUM[""World Geodetic System 1984"",SPHEROID[""WGS 84"",6378137,298.257223563]],PRIMEM[""Greenwich"",0],UNIT[""degree"",0.0174532925199433,AUTHORITY[""EPSG"",""9122""]],AXIS[""Latitude"",NORTH],AXIS[""Longitude"",EAST]]","GEOGCS[""WGS 84"",DATUM[""World Geodetic System 1984"",SPHEROID[""WGS 84"",6378137,298.257223563]],PRIMEM[""Greenwich"",0],UNIT[""degree"",0.0174532925199433,AUTHORITY[""EPSG"",""9122""]],AXIS[""Latitude"",NORTH],AXIS[""Longitude"",EAST]]",False,,4837,False,Success
GSMaP_Gauge,2020_01.tif,E:\Geospatial\Precipitation Downscaling\Precipitation-Downscaling-Khulna\data\processed\rasters_aligned\monthly\GSMaP_Gauge\2020_01.tif,bilinear,"GEOGCS[""WGS 84"",DATUM[""World Geodetic System 1984"",SPHEROID[""WGS 84"",6378137,298.257223563]],PRIMEM[""Greenwich"",0],UNIT[""degree"",0.0174532925199433,AUTHORITY[""EPSG"",""9122""]],AXIS[""Latitude"",NORTH],AXIS[""Longitude"",EAST]]","GEOGCS[""WGS 84"",DATUM[""World Geodetic System 1984"",SPHEROID[""WGS 84"",6378137,298.257223563]],PRIMEM[""Greenwich"",0],UNIT[""degree"",0.0174532925199433,AUTHORITY[""EPSG"",""9122""]],AXIS[""Latitude"",NORTH],AXIS[""Longitude"",EAST]]",False,,4837,False,Success
GSMaP_Gauge,2020_02.tif,E:\Geospatial\Precipitation Downscaling\Precipitation-Downscaling-Khulna\data\processed\rasters_aligned\monthly\GSMaP_Gauge\2020_02.tif,bilinear,"GEOGCS[""WGS 84"",DATUM[""World Geodetic System 1984"",SPHEROID[""WGS 84"",6378137,298.257223563]],PRIMEM[""Greenwich"",0],UNIT[""degree"",0.0174532925199433,AUTHORITY[""EPSG"",""9122""]],AXIS[""Latitude"",NORTH],AXIS[""Longitude"",EAST]]","GEOGCS[""WGS 84"",DATUM[""World Geodetic System 1984"",SPHEROID[""WGS 84"",6378137,298.257223563]],PRIMEM[""Greenwich"",0],UNIT[""degree"",0.0174532925199433,AUTHORITY[""EPSG"",""9122""]],AXIS[""Latitude"",NORTH],AXIS[""Longitude"",EAST]]",False,,4837,False,Success
GSMaP_Gauge,2020_03.tif,E:\Geospatial\Precipitation Downscaling\Precipitation-Downscaling-Khulna\data\processed\rasters_aligned\monthly\GSMaP_Gauge\2020_03.tif,bilinear,"GEOGCS[""WGS 84"",DATUM[""World Geodetic System 1984"",SPHEROID[""WGS 84"",6378137,298.257223563]],PRIMEM[""Greenwich"",0],UNIT[""degree"",0.0174532925199433,AUTHORITY[""EPSG"",""9122""]],AXIS[""Latitude"",NORTH],AXIS[""Longitude"",EAST]]","GEOGCS[""WGS 84"",DATUM[""World Geodetic System 1984"",SPHEROID[""WGS 84"",6378137,298.257223563]],PRIMEM[""Greenwich"",0],UNIT[""degree"",0.0174532925199433,AUTHORITY[""EPSG"",""9122""]],AXIS[""Latitude"",NORTH],AXIS[""Longitude"",EAST]]",False,,4837,False,Success
GSMaP_Gauge,2020_04.tif,E:\Geospatial\Precipitation Downscaling\Precipitation-Downscaling-Khulna\data\processed\rasters_aligned\monthly\GSMaP_Gauge\2020_04.tif,bilinear,"GEOGCS[""WGS 84"",DATUM[""World Geodetic System 1984"",SPHEROID[""WGS 84"",6378137,298.257223563]],PRIMEM[""Greenwich"",0],UNIT[""degree"",0.0174532925199433,AUTHORITY[""EPSG"",""9122""]],AXIS[""Latitude"",NORTH],AXIS[""Longitude"",EAST]]","GEOGCS[""WGS 84"",DATUM[""World Geodetic System 1984"",SPHEROID[""WGS 84"",6378137,298.257223563]],PRIMEM[""Greenwich"",0],UNIT[""degree"",0.0174532925199433,AUTHORITY[""EPSG"",""9122""]],AXIS[""Latitude"",NORTH],AXIS[""Longitude"",EAST]]",False,,4837,False,Success
GSMaP_Gauge,2020_05.tif,E:\Geospatial\Precipitation Downscaling\Precipitation-Downscaling-Khulna\data\processed\rasters_aligned\monthly\GSMaP_Gauge\2020_05.tif,bilinear,"GEOGCS[""WGS 84"",DATUM[""World Geodetic System 1984"",SPHEROID[""WGS 84"",6378137,298.257223563]],PRIMEM[""Greenwich"",0],UNIT[""degree"",0.0174532925199433,AUTHORITY[""EPSG"",""9122""]],AXIS[""Latitude"",NORTH],AXIS[""Longitude"",EAST]]","GEOGCS[""WGS 84"",DATUM[""World Geodetic System 1984"",SPHEROID[""WGS 84"",6378137,298.257223563]],PRIMEM[""Greenwich"",0],UNIT[""degree"",0.0174532925199433,AUTHORITY[""EPSG"",""9122""]],AXIS[""Latitude"",NORTH],AXIS[""Longitude"",EAST]]",False,,4837,False,Success
GSMaP_Gauge,2020_06.tif,E:\Geospatial\Precipitation Downscaling\Precipitation-Downscaling-Khulna\data\processed\rasters_aligned\monthly\GSMaP_Gauge\2020_06.tif,bilinear,"GEOGCS[""WGS 84"",DATUM[""World Geodetic System 1984"",SPHEROID[""WGS 84"",6378137,298.257223563]],PRIMEM[""Greenwich"",0],UNIT[""degree"",0.0174532925199433,AUTHORITY[""EPSG"",""9122""]],AXIS[""Latitude"",NORTH],AXIS[""Longitude"",EAST]]","GEOGCS[""WGS 84"",DATUM[""World Geodetic System 1984"",SPHEROID[""WGS 84"",6378137,298.257223563]],PRIMEM[""Greenwich"",0],UNIT[""degree"",0.0174532925199433,AUTHORITY[""EPSG"",""9122""]],AXIS[""Latitude"",NORTH],AXIS[""Longitude"",EAST]]",False,,4837,False,Success
GSMaP_Gauge,2020_07.tif,E:\Geospatial\Precipitation Downscaling\Precipitation-Downscaling-Khulna\data\processed\rasters_aligned\monthly\GSMaP_Gauge\2020_07.tif,bilinear,"GEOGCS[""WGS 84"",DATUM[""World Geodetic System 1984"",SPHEROID[""WGS 84"",6378137,298.257223563]],PRIMEM[""Greenwich"",0],UNIT[""degree"",0.0174532925199433,AUTHORITY[""EPSG"",""9122""]],AXIS[""Latitude"",NORTH],AXIS[""Longitude"",EAST]]","GEOGCS[""WGS 84"",DATUM[""World Geodetic System 1984"",SPHEROID[""WGS 84"",6378137,298.257223563]],PRIMEM[""Greenwich"",0],UNIT[""degree"",0.0174532925199433,AUTHORITY[""EPSG"",""9122""]],AXIS[""Latitude"",NORTH],AXIS[""Longitude"",EAST]]",False,,4837,False,Success
GSMaP_Gauge,2020_08.tif,E:\Geospatial\Precipitation Downscaling\Precipitation-Downscaling-Khulna\data\processed\rasters_aligned\monthly\GSMaP_Gauge\2020_08.tif,bilinear,"GEOGCS[""WGS 84"",DATUM[""World Geodetic System 1984"",SPHEROID[""WGS 84"",6378137,298.257223563]],PRIMEM[""Greenwich"",0],UNIT[""degree"",0.0174532925199433,AUTHORITY[""EPSG"",""9122""]],AXIS[""Latitude"",NORTH],AXIS[""Longitude"",EAST]]","GEOGCS[""WGS 84"",DATUM[""World Geodetic System 1984"",SPHEROID[""WGS 84"",6378137,298.257223563]],PRIMEM[""Greenwich"",0],UNIT[""degree"",0.0174532925199433,AUTHORITY[""EPSG"",""9122""]],AXIS[""Latitude"",NORTH],AXIS[""Longitude"",EAST]]",False,,4837,False,Success
GSMaP_Gauge,2020_09.tif,E:\Geospatial\Precipitation Downscaling\Precipitation-Downscaling-Khulna\data\processed\rasters_aligned\monthly\GSMaP_Gauge\2020_09.tif,bilinear,"GEOGCS[""WGS 84"",DATUM[""World Geodetic System 1984"",SPHEROID[""WGS 84"",6378137,298.257223563]],PRIMEM[""Greenwich"",0],UNIT[""degree"",0.0174532925199433,AUTHORITY[""EPSG"",""9122""]],AXIS[""Latitude"",NORTH],AXIS[""Longitude"",EAST]]","GEOGCS[""WGS 84"",DATUM[""World Geodetic System 1984"",SPHEROID[""WGS 84"",6378137,298.257223563]],PRIMEM[""Greenwich"",0],UNIT[""degree"",0.0174532925199433,AUTHORITY[""EPSG"",""9122""]],AXIS[""Latitude"",NORTH],AXIS[""Longitude"",EAST]]",False,,4837,False,Success
GSMaP_Gauge,2020_10.tif,E:\Geospatial\Precipitation Downscaling\Precipitation-Downscaling-Khulna\data\processed\rasters_aligned\monthly\GSMaP_Gauge\2020_10.tif,bilinear,"GEOGCS[""WGS 84"",DATUM[""World Geodetic System 1984"",SPHEROID[""WGS 84"",6378137,298.257223563]],PRIMEM[""Greenwich"",0],UNIT[""degree"",0.0174532925199433,AUTHORITY[""EPSG"",""9122""]],AXIS[""Latitude"",NORTH],AXIS[""Longitude"",EAST]]","GEOGCS[""WGS 84"",DATUM[""World Geodetic System 1984"",SPHEROID[""WGS 84"",6378137,298.257223563]],PRIMEM[""Greenwich"",0],UNIT[""degree"",0.0174532925199433,AUTHORITY[""EPSG"",""9122""]],AXIS[""Latitude"",NORTH],AXIS[""Longitude"",EAST]]",False,,4837,False,Success
GSMaP_Gauge,2020_11.tif,E:\Geospatial\Precipitation Downscaling\Precipitation-Downscaling-Khulna\data\processed\rasters_aligned\monthly\GSMaP_Gauge\2020_11.tif,bilinear,"GEOGCS[""WGS 84"",DATUM[""World Geodetic System 1984"",SPHEROID[""WGS 84"",6378137,298.257223563]],PRIMEM[""Greenwich"",0],UNIT[""degree"",0.0174532925199433,AUTHORITY[""EPSG"",""9122""]],AXIS[""Latitude"",NORTH],AXIS[""Longitude"",EAST]]","GEOGCS[""WGS 84"",DATUM[""World Geodetic System 1984"",SPHEROID[""WGS 84"",6378137,298.257223563]],PRIMEM[""Greenwich"",0],UNIT[""degree"",0.0174532925199433,AUTHORITY[""EPSG"",""9122""]],AXIS[""Latitude"",NORTH],AXIS[""Longitude"",EAST]]",False,,4837,False,Success
GSMaP_Gauge,2020_12.tif,E:\Geospatial\Precipitation Downscaling\Precipitation-Downscaling-Khulna\data\processed\rasters_aligned\monthly\GSMaP_Gauge\2020_12.tif,bilinear,"GEOGCS[""WGS 84"",DATUM[""World Geodetic System 1984"",SPHEROID[""WGS 84"",6378137,298.257223563]],PRIMEM[""Greenwich"",0],UNIT[""degree"",0.0174532925199433,AUTHORITY[""EPSG"",""9122""]],AXIS[""Latitude"",NORTH],AXIS[""Longitude"",EAST]]","GEOGCS[""WGS 84"",DATUM[""World Geodetic System 1984"",SPHEROID[""WGS 84"",6378137,298.257223563]],PRIMEM[""Greenwich"",0],UNIT[""degree"",0.0174532925199433,AUTHORITY[""EPSG"",""9122""]],AXIS[""Latitude"",NORTH],AXIS[""Longitude"",EAST]]",False,,4837,False,Success
GSMaP_Gauge,2021_01.tif,E:\Geospatial\Precipitation Downscaling\Precipitation-Downscaling-Khulna\data\processed\rasters_aligned\monthly\GSMaP_Gauge\2021_01.tif,bilinear,"GEOGCS[""WGS 84"",DATUM[""World Geodetic System 1984"",SPHEROID[""WGS 84"",6378137,298.257223563]],PRIMEM[""Greenwich"",0],UNIT[""degree"",0.0174532925199433,AUTHORITY[""EPSG"",""9122""]],AXIS[""Latitude"",NORTH],AXIS[""Longitude"",EAST]]","GEOGCS[""WGS 84"",DATUM[""World Geodetic System 1984"",SPHEROID[""WGS 84"",6378137,298.257223563]],PRIMEM[""Greenwich"",0],UNIT[""degree"",0.0174532925199433,AUTHORITY[""EPSG"",""9122""]],AXIS[""Latitude"",NORTH],AXIS[""Longitude"",EAST]]",False,,4837,False,Success
GSMaP_Gauge,2021_02.tif,E:\Geospatial\Precipitation Downscaling\Precipitation-Downscaling-Khulna\data\processed\rasters_aligned\monthly\GSMaP_Gauge\2021_02.tif,bilinear,"GEOGCS[""WGS 84"",DATUM[""World Geodetic System 1984"",SPHEROID[""WGS 84"",6378137,298.257223563]],PRIMEM[""Greenwich"",0],UNIT[""degree"",0.0174532925199433,AUTHORITY[""EPSG"",""9122""]],AXIS[""Latitude"",NORTH],AXIS[""Longitude"",EAST]]","GEOGCS[""WGS 84"",DATUM[""World Geodetic System 1984"",SPHEROID[""WGS 84"",6378137,298.257223563]],PRIMEM[""Greenwich"",0],UNIT[""degree"",0.0174532925199433,AUTHORITY[""EPSG"",""9122""]],AXIS[""Latitude"",NORTH],AXIS[""Longitude"",EAST]]",False,,4837,False,Success
GSMaP_Gauge,2021_03.tif,E:\Geospatial\Precipitation Downscaling\Precipitation-Downscaling-Khulna\data\processed\rasters_aligned\monthly\GSMaP_Gauge\2021_03.tif,bilinear,"GEOGCS[""WGS 84"",DATUM[""World Geodetic System 1984"",SPHEROID[""WGS 84"",6378137,298.257223563]],PRIMEM[""Greenwich"",0],UNIT[""degree"",0.0174532925199433,AUTHORITY[""EPSG"",""9122""]],AXIS[""Latitude"",NORTH],AXIS[""Longitude"",EAST]]","GEOGCS[""WGS 84"",DATUM[""World Geodetic System 1984"",SPHEROID[""WGS 84"",6378137,298.257223563]],PRIMEM[""Greenwich"",0],UNIT[""degree"",0.0174532925199433,AUTHORITY[""EPSG"",""9122""]],AXIS[""Latitude"",NORTH],AXIS[""Longitude"",EAST]]",False,,4837,False,Success
GSMaP_Gauge,2021_04.tif,E:\Geospatial\Precipitation Downscaling\Precipitation-Downscaling-Khulna\data\processed\rasters_aligned\monthly\GSMaP_Gauge\2021_04.tif,bilinear,"GEOGCS[""WGS 84"",DATUM[""World Geodetic System 1984"",SPHEROID[""WGS 84"",6378137,298.257223563]],PRIMEM[""Greenwich"",0],UNIT[""degree"",0.0174532925199433,AUTHORITY[""EPSG"",""9122""]],AXIS[""Latitude"",NORTH],AXIS[""Longitude"",EAST]]","GEOGCS[""WGS 84"",DATUM[""World Geodetic System 1984"",SPHEROID[""WGS 84"",6378137,298.257223563]],PRIMEM[""Greenwich"",0],UNIT[""degree"",0.0174532925199433,AUTHORITY[""EPSG"",""9122""]],AXIS[""Latitude"",NORTH],AXIS[""Longitude"",EAST]]",False,,4837,False,Success
GSMaP_Gauge,2021_05.tif,E:\Geospatial\Precipitation Downscaling\Precipitation-Downscaling-Khulna\data\processed\rasters_aligned\monthly\GSMaP_Gauge\2021_05.tif,bilinear,"GEOGCS[""WGS 84"",DATUM[""World Geodetic System 1984"",SPHEROID[""WGS 84"",6378137,298.257223563]],PRIMEM[""Greenwich"",0],UNIT[""degree"",0.0174532925199433,AUTHORITY[""EPSG"",""9122""]],AXIS[""Latitude"",NORTH],AXIS[""Longitude"",EAST]]","GEOGCS[""WGS 84"",DATUM[""World Geodetic System 1984"",SPHEROID[""WGS 84"",6378137,298.257223563]],PRIMEM[""Greenwich"",0],UNIT[""degree"",0.0174532925199433,AUTHORITY[""EPSG"",""9122""]],AXIS[""Latitude"",NORTH],AXIS[""Longitude"",EAST]]",False,,4837,False,Success
GSMaP_Gauge,2021_06.tif,E:\Geospatial\Precipitation Downscaling\Precipitation-Downscaling-Khulna\data\processed\rasters_aligned\monthly\GSMaP_Gauge\2021_06.tif,bilinear,"GEOGCS[""WGS 84"",DATUM[""World Geodetic System 1984"",SPHEROID[""WGS 84"",6378137,298.257223563]],PRIMEM[""Greenwich"",0],UNIT[""degree"",0.0174532925199433,AUTHORITY[""EPSG"",""9122""]],AXIS[""Latitude"",NORTH],AXIS[""Longitude"",EAST]]","GEOGCS[""WGS 84"",DATUM[""World Geodetic System 1984"",SPHEROID[""WGS 84"",6378137,298.257223563]],PRIMEM[""Greenwich"",0],UNIT[""degree"",0.0174532925199433,AUTHORITY[""EPSG"",""9122""]],AXIS[""Latitude"",NORTH],AXIS[""Longitude"",EAST]]",False,,4837,False,Success
GSMaP_Gauge,2021_07.tif,E:\Geospatial\Precipitation Downscaling\Precipitation-Downscaling-Khulna\data\processed\rasters_aligned\monthly\GSMaP_Gauge\2021_07.tif,bilinear,"GEOGCS[""WGS 84"",DATUM[""World Geodetic System 1984"",SPHEROID[""WGS 84"",6378137,298.257223563]],PRIMEM[""Greenwich"",0],UNIT[""degree"",0.0174532925199433,AUTHORITY[""EPSG"",""9122""]],AXIS[""Latitude"",NORTH],AXIS[""Longitude"",EAST]]","GEOGCS[""WGS 84"",DATUM[""World Geodetic System 1984"",SPHEROID[""WGS 84"",6378137,298.257223563]],PRIMEM[""Greenwich"",0],UNIT[""degree"",0.0174532925199433,AUTHORITY[""EPSG"",""9122""]],AXIS[""Latitude"",NORTH],AXIS[""Longitude"",EAST]]",False,,4837,False,Success
GSMaP_Gauge,2021_08.tif,E:\Geospatial\Precipitation Downscaling\Precipitation-Downscaling-Khulna\data\processed\rasters_aligned\monthly\GSMaP_Gauge\2021_08.tif,bilinear,"GEOGCS[""WGS 84"",DATUM[""World Geodetic System 1984"",SPHEROID[""WGS 84"",6378137,298.257223563]],PRIMEM[""Greenwich"",0],UNIT[""degree"",0.0174532925199433,AUTHORITY[""EPSG"",""9122""]],AXIS[""Latitude"",NORTH],AXIS[""Longitude"",EAST]]","GEOGCS[""WGS 84"",DATUM[""World Geodetic System 1984"",SPHEROID[""WGS 84"",6378137,298.257223563]],PRIMEM[""Greenwich"",0],UNIT[""degree"",0.0174532925199433,AUTHORITY[""EPSG"",""9122""]],AXIS[""Latitude"",NORTH],AXIS[""Longitude"",EAST]]",False,,4837,False,Success
GSMaP_Gauge,2021_09.tif,E:\Geospatial\Precipitation Downscaling\Precipitation-Downscaling-Khulna\data\processed\rasters_aligned\monthly\GSMaP_Gauge\2021_09.tif,bilinear,"GEOGCS[""WGS 84"",DATUM[""World Geodetic System 1984"",SPHEROID[""WGS 84"",6378137,298.257223563]],PRIMEM[""Greenwich"",0],UNIT[""degree"",0.0174532925199433,AUTHORITY[""EPSG"",""9122""]],AXIS[""Latitude"",NORTH],AXIS[""Longitude"",EAST]]","GEOGCS[""WGS 84"",DATUM[""World Geodetic System 1984"",SPHEROID[""WGS 84"",6378137,298.257223563]],PRIMEM[""Greenwich"",0],UNIT[""degree"",0.0174532925199433,AUTHORITY[""EPSG"",""9122""]],AXIS[""Latitude"",NORTH],AXIS[""Longitude"",EAST]]",False,,4837,False,Success
GSMaP_Gauge,2021_10.tif,E:\Geospatial\Precipitation Downscaling\Precipitation-Downscaling-Khulna\data\processed\rasters_aligned\monthly\GSMaP_Gauge\2021_10.tif,bilinear,"GEOGCS[""WGS 84"",DATUM[""World Geodetic System 1984"",SPHEROID[""WGS 84"",6378137,298.257223563]],PRIMEM[""Greenwich"",0],UNIT[""degree"",0.0174532925199433,AUTHORITY[""EPSG"",""9122""]],AXIS[""Latitude"",NORTH],AXIS[""Longitude"",EAST]]","GEOGCS[""WGS 84"",DATUM[""World Geodetic System 1984"",SPHEROID[""WGS 84"",6378137,298.257223563]],PRIMEM[""Greenwich"",0],UNIT[""degree"",0.0174532925199433,AUTHORITY[""EPSG"",""9122""]],AXIS[""Latitude"",NORTH],AXIS[""Longitude"",EAST]]",False,,4837,False,Success
GSMaP_Gauge,2021_11.tif,E:\Geospatial\Precipitation Downscaling\Precipitation-Downscaling-Khulna\data\processed\rasters_aligned\monthly\GSMaP_Gauge\2021_11.tif,bilinear,"GEOGCS[""WGS 84"",DATUM[""World Geodetic System 1984"",SPHEROID[""WGS 84"",6378137,298.257223563]],PRIMEM[""Greenwich"",0],UNIT[""degree"",0.0174532925199433,AUTHORITY[""EPSG"",""9122""]],AXIS[""Latitude"",NORTH],AXIS[""Longitude"",EAST]]","GEOGCS[""WGS 84"",DATUM[""World Geodetic System 1984"",SPHEROID[""WGS 84"",6378137,298.257223563]],PRIMEM[""Greenwich"",0],UNIT[""degree"",0.0174532925199433,AUTHORITY[""EPSG"",""9122""]],AXIS[""Latitude"",NORTH],AXIS[""Longitude"",EAST]]",False,,4837,False,Success
GSMaP_Gauge,2021_12.tif,E:\Geospatial\Precipitation Downscaling\Precipitation-Downscaling-Khulna\data\processed\rasters_aligned\monthly\GSMaP_Gauge\2021_12.tif,bilinear,"GEOGCS[""WGS 84"",DATUM[""World Geodetic System 1984"",SPHEROID[""WGS 84"",6378137,298.257223563]],PRIMEM[""Greenwich"",0],UNIT[""degree"",0.0174532925199433,AUTHORITY[""EPSG"",""9122""]],AXIS[""Latitude"",NORTH],AXIS[""Longitude"",EAST]]","GEOGCS[""WGS 84"",DATUM[""World Geodetic System 1984"",SPHEROID[""WGS 84"",6378137,298.257223563]],PRIMEM[""Greenwich"",0],UNIT[""degree"",0.0174532925199433,AUTHORITY[""EPSG"",""9122""]],AXIS[""Latitude"",NORTH],AXIS[""Longitude"",EAST]]",False,,4837,False,Success
GSMaP_Gauge,2022_01.tif,E:\Geospatial\Precipitation Downscaling\Precipitation-Downscaling-Khulna\data\processed\rasters_aligned\monthly\GSMaP_Gauge\2022_01.tif,bilinear,"GEOGCS[""WGS 84"",DATUM[""World Geodetic System 1984"",SPHEROID[""WGS 84"",6378137,298.257223563]],PRIMEM[""Greenwich"",0],UNIT[""degree"",0.0174532925199433,AUTHORITY[""EPSG"",""9122""]],AXIS[""Latitude"",NORTH],AXIS[""Longitude"",EAST]]","GEOGCS[""WGS 84"",DATUM[""World Geodetic System 1984"",SPHEROID[""WGS 84"",6378137,298.257223563]],PRIMEM[""Greenwich"",0],UNIT[""degree"",0.0174532925199433,AUTHORITY[""EPSG"",""9122""]],AXIS[""Latitude"",NORTH],AXIS[""Longitude"",EAST]]",False,,4837,False,Success
GSMaP_Gauge,2022_02.tif,E:\Geospatial\Precipitation Downscaling\Precipitation-Downscaling-Khulna\data\processed\rasters_aligned\monthly\GSMaP_Gauge\2022_02.tif,bilinear,"GEOGCS[""WGS 84"",DATUM[""World Geodetic System 1984"",SPHEROID[""WGS 84"",6378137,298.257223563]],PRIMEM[""Greenwich"",0],UNIT[""degree"",0.0174532925199433,AUTHORITY[""EPSG"",""9122""]],AXIS[""Latitude"",NORTH],AXIS[""Longitude"",EAST]]","GEOGCS[""WGS 84"",DATUM[""World Geodetic System 1984"",SPHEROID[""WGS 84"",6378137,298.257223563]],PRIMEM[""Greenwich"",0],UNIT[""degree"",0.0174532925199433,AUTHORITY[""EPSG"",""9122""]],AXIS[""Latitude"",NORTH],AXIS[""Longitude"",EAST]]",False,,4837,False,Success
GSMaP_Gauge,2022_03.tif,E:\Geospatial\Precipitation Downscaling\Precipitation-Downscaling-Khulna\data\processed\rasters_aligned\monthly\GSMaP_Gauge\2022_03.tif,bilinear,"GEOGCS[""WGS 84"",DATUM[""World Geodetic System 1984"",SPHEROID[""WGS 84"",6378137,298.257223563]],PRIMEM[""Greenwich"",0],UNIT[""degree"",0.0174532925199433,AUTHORITY[""EPSG"",""9122""]],AXIS[""Latitude"",NORTH],AXIS[""Longitude"",EAST]]","GEOGCS[""WGS 84"",DATUM[""World Geodetic System 1984"",SPHEROID[""WGS 84"",6378137,298.257223563]],PRIMEM[""Greenwich"",0],UNIT[""degree"",0.0174532925199433,AUTHORITY[""EPSG"",""9122""]],AXIS[""Latitude"",NORTH],AXIS[""Longitude"",EAST]]",False,,4837,False,Success
GSMaP_Gauge,2022_04.tif,E:\Geospatial\Precipitation Downscaling\Precipitation-Downscaling-Khulna\data\processed\rasters_aligned\monthly\GSMaP_Gauge\2022_04.tif,bilinear,"GEOGCS[""WGS 84"",DATUM[""World Geodetic System 1984"",SPHEROID[""WGS 84"",6378137,298.257223563]],PRIMEM[""Greenwich"",0],UNIT[""degree"",0.0174532925199433,AUTHORITY[""EPSG"",""9122""]],AXIS[""Latitude"",NORTH],AXIS[""Longitude"",EAST]]","GEOGCS[""WGS 84"",DATUM[""World Geodetic System 1984"",SPHEROID[""WGS 84"",6378137,298.257223563]],PRIMEM[""Greenwich"",0],UNIT[""degree"",0.0174532925199433,AUTHORITY[""EPSG"",""9122""]],AXIS[""Latitude"",NORTH],AXIS[""Longitude"",EAST]]",False,,4837,False,Success
GSMaP_Gauge,2022_05.tif,E:\Geospatial\Precipitation Downscaling\Precipitation-Downscaling-Khulna\data\processed\rasters_aligned\monthly\GSMaP_Gauge\2022_05.tif,bilinear,"GEOGCS[""WGS 84"",DATUM[""World Geodetic System 1984"",SPHEROID[""WGS 84"",6378137,298.257223563]],PRIMEM[""Greenwich"",0],UNIT[""degree"",0.0174532925199433,AUTHORITY[""EPSG"",""9122""]],AXIS[""Latitude"",NORTH],AXIS[""Longitude"",EAST]]","GEOGCS[""WGS 84"",DATUM[""World Geodetic System 1984"",SPHEROID[""WGS 84"",6378137,298.257223563]],PRIMEM[""Greenwich"",0],UNIT[""degree"",0.0174532925199433,AUTHORITY[""EPSG"",""9122""]],AXIS[""Latitude"",NORTH],AXIS[""Longitude"",EAST]]",False,,4837,False,Success
GSMaP_Gauge,2022_06.tif,E:\Geospatial\Precipitation Downscaling\Precipitation-Downscaling-Khulna\data\processed\rasters_aligned\monthly\GSMaP_Gauge\2022_06.tif,bilinear,"GEOGCS[""WGS 84"",DATUM[""World Geodetic System 1984"",SPHEROID[""WGS 84"",6378137,298.257223563]],PRIMEM[""Greenwich"",0],UNIT[""degree"",0.0174532925199433,AUTHORITY[""EPSG"",""9122""]],AXIS[""Latitude"",NORTH],AXIS[""Longitude"",EAST]]","GEOGCS[""WGS 84"",DATUM[""World Geodetic System 1984"",SPHEROID[""WGS 84"",6378137,298.257223563]],PRIMEM[""Greenwich"",0],UNIT[""degree"",0.0174532925199433,AUTHORITY[""EPSG"",""9122""]],AXIS[""Latitude"",NORTH],AXIS[""Longitude"",EAST]]",False,,4837,False,Success
GSMaP_Gauge,2022_07.tif,E:\Geospatial\Precipitation Downscaling\Precipitation-Downscaling-Khulna\data\processed\rasters_aligned\monthly\GSMaP_Gauge\2022_07.tif,bilinear,"GEOGCS[""WGS 84"",DATUM[""World Geodetic System 1984"",SPHEROID[""WGS 84"",6378137,298.257223563]],PRIMEM[""Greenwich"",0],UNIT[""degree"",0.0174532925199433,AUTHORITY[""EPSG"",""9122""]],AXIS[""Latitude"",NORTH],AXIS[""Longitude"",EAST]]","GEOGCS[""WGS 84"",DATUM[""World Geodetic System 1984"",SPHEROID[""WGS 84"",6378137,298.257223563]],PRIMEM[""Greenwich"",0],UNIT[""degree"",0.0174532925199433,AUTHORITY[""EPSG"",""9122""]],AXIS[""Latitude"",NORTH],AXIS[""Longitude"",EAST]]",False,,4837,False,Success
GSMaP_Gauge,2022_08.tif,E:\Geospatial\Precipitation Downscaling\Precipitation-Downscaling-Khulna\data\processed\rasters_aligned\monthly\GSMaP_Gauge\2022_08.tif,bilinear,"GEOGCS[""WGS 84"",DATUM[""World Geodetic System 1984"",SPHEROID[""WGS 84"",6378137,298.257223563]],PRIMEM[""Greenwich"",0],UNIT[""degree"",0.0174532925199433,AUTHORITY[""EPSG"",""9122""]],AXIS[""Latitude"",NORTH],AXIS[""Longitude"",EAST]]","GEOGCS[""WGS 84"",DATUM[""World Geodetic System 1984"",SPHEROID[""WGS 84"",6378137,298.257223563]],PRIMEM[""Greenwich"",0],UNIT[""degree"",0.0174532925199433,AUTHORITY[""EPSG"",""9122""]],AXIS[""Latitude"",NORTH],AXIS[""Longitude"",EAST]]",False,,4837,False,Success
GSMaP_Gauge,2022_09.tif,E:\Geospatial\Precipitation Downscaling\Precipitation-Downscaling-Khulna\data\processed\rasters_aligned\monthly\GSMaP_Gauge\2022_09.tif,bilinear,"GEOGCS[""WGS 84"",DATUM[""World Geodetic System 1984"",SPHEROID[""WGS 84"",6378137,298.257223563]],PRIMEM[""Greenwich"",0],UNIT[""degree"",0.0174532925199433,AUTHORITY[""EPSG"",""9122""]],AXIS[""Latitude"",NORTH],AXIS[""Longitude"",EAST]]","GEOGCS[""WGS 84"",DATUM[""World Geodetic System 1984"",SPHEROID[""WGS 84"",6378137,298.257223563]],PRIMEM[""Greenwich"",0],UNIT[""degree"",0.0174532925199433,AUTHORITY[""EPSG"",""9122""]],AXIS[""Latitude"",NORTH],AXIS[""Longitude"",EAST]]",False,,4837,False,Success
GSMaP_Gauge,2022_10.tif,E:\Geospatial\Precipitation Downscaling\Precipitation-Downscaling-Khulna\data\processed\rasters_aligned\monthly\GSMaP_Gauge\2022_10.tif,bilinear,"GEOGCS[""WGS 84"",DATUM[""World Geodetic System 1984"",SPHEROID[""WGS 84"",6378137,298.257223563]],PRIMEM[""Greenwich"",0],UNIT[""degree"",0.0174532925199433,AUTHORITY[""EPSG"",""9122""]],AXIS[""Latitude"",NORTH],AXIS[""Longitude"",EAST]]","GEOGCS[""WGS 84"",DATUM[""World Geodetic System 1984"",SPHEROID[""WGS 84"",6378137,298.257223563]],PRIMEM[""Greenwich"",0],UNIT[""degree"",0.0174532925199433,AUTHORITY[""EPSG"",""9122""]],AXIS[""Latitude"",NORTH],AXIS[""Longitude"",EAST]]",False,,4837,False,Success
GSMaP_Gauge,2022_11.tif,E:\Geospatial\Precipitation Downscaling\Precipitation-Downscaling-Khulna\data\processed\rasters_aligned\monthly\GSMaP_Gauge\2022_11.tif,bilinear,"GEOGCS[""WGS 84"",DATUM[""World Geodetic System 1984"",SPHEROID[""WGS 84"",6378137,298.257223563]],PRIMEM[""Greenwich"",0],UNIT[""degree"",0.0174532925199433,AUTHORITY[""EPSG"",""9122""]],AXIS[""Latitude"",NORTH],AXIS[""Longitude"",EAST]]","GEOGCS[""WGS 84"",DATUM[""World Geodetic System 1984"",SPHEROID[""WGS 84"",6378137,298.257223563]],PRIMEM[""Greenwich"",0],UNIT[""degree"",0.0174532925199433,AUTHORITY[""EPSG"",""9122""]],AXIS[""Latitude"",NORTH],AXIS[""Longitude"",EAST]]",False,,4837,False,Success
GSMaP_Gauge,2022_12.tif,E:\Geospatial\Precipitation Downscaling\Precipitation-Downscaling-Khulna\data\processed\rasters_aligned\monthly\GSMaP_Gauge\2022_12.tif,bilinear,"GEOGCS[""WGS 84"",DATUM[""World Geodetic System 1984"",SPHEROID[""WGS 84"",6378137,298.257223563]],PRIMEM[""Greenwich"",0],UNIT[""degree"",0.0174532925199433,AUTHORITY[""EPSG"",""9122""]],AXIS[""Latitude"",NORTH],AXIS[""Longitude"",EAST]]","GEOGCS[""WGS 84"",DATUM[""World Geodetic System 1984"",SPHEROID[""WGS 84"",6378137,298.257223563]],PRIMEM[""Greenwich"",0],UNIT[""degree"",0.0174532925199433,AUTHORITY[""EPSG"",""9122""]],AXIS[""Latitude"",NORTH],AXIS[""Longitude"",EAST]]",False,,4837,False,Success
GSMaP_MVK,2017_01.tif,E:\Geospatial\Precipitation Downscaling\Precipitation-Downscaling-Khulna\data\processed\rasters_aligned\monthly\GSMaP_MVK\2017_01.tif,bilinear,"GEOGCS[""WGS 84"",DATUM[""World Geodetic System 1984"",SPHEROID[""WGS 84"",6378137,298.257223563]],PRIMEM[""Greenwich"",0],UNIT[""degree"",0.0174532925199433,AUTHORITY[""EPSG"",""9122""]],AXIS[""Latitude"",NORTH],AXIS[""Longitude"",EAST]]","GEOGCS[""WGS 84"",DATUM[""World Geodetic System 1984"",SPHEROID[""WGS 84"",6378137,298.257223563]],PRIMEM[""Greenwich"",0],UNIT[""degree"",0.0174532925199433,AUTHORITY[""EPSG"",""9122""]],AXIS[""Latitude"",NORTH],AXIS[""Longitude"",EAST]]",False,,4837,False,Success
GSMaP_MVK,2017_02.tif,E:\Geospatial\Precipitation Downscaling\Precipitation-Downscaling-Khulna\data\processed\rasters_aligned\monthly\GSMaP_MVK\2017_02.tif,bilinear,"GEOGCS[""WGS 84"",DATUM[""World Geodetic System 1984"",SPHEROID[""WGS 84"",6378137,298.257223563]],PRIMEM[""Greenwich"",0],UNIT[""degree"",0.0174532925199433,AUTHORITY[""EPSG"",""9122""]],AXIS[""Latitude"",NORTH],AXIS[""Longitude"",EAST]]","GEOGCS[""WGS 84"",DATUM[""World Geodetic System 1984"",SPHEROID[""WGS 84"",6378137,298.257223563]],PRIMEM[""Greenwich"",0],UNIT[""degree"",0.0174532925199433,AUTHORITY[""EPSG"",""9122""]],AXIS[""Latitude"",NORTH],AXIS[""Longitude"",EAST]]",False,,4837,False,Success
GSMaP_MVK,2017_03.tif,E:\Geospatial\Precipitation Downscaling\Precipitation-Downscaling-Khulna\data\processed\rasters_aligned\monthly\GSMaP_MVK\2017_03.tif,bilinear,"GEOGCS[""WGS 84"",DATUM[""World Geodetic System 1984"",SPHEROID[""WGS 84"",6378137,298.257223563]],PRIMEM[""Greenwich"",0],UNIT[""degree"",0.0174532925199433,AUTHORITY[""EPSG"",""9122""]],AXIS[""Latitude"",NORTH],AXIS[""Longitude"",EAST]]","GEOGCS[""WGS 84"",DATUM[""World Geodetic System 1984"",SPHEROID[""WGS 84"",6378137,298.257223563]],PRIMEM[""Greenwich"",0],UNIT[""degree"",0.0174532925199433,AUTHORITY[""EPSG"",""9122""]],AXIS[""Latitude"",NORTH],AXIS[""Longitude"",EAST]]",False,,4837,False,Success
GSMaP_MVK,2017_04.tif,E:\Geospatial\Precipitation Downscaling\Precipitation-Downscaling-Khulna\data\processed\rasters_aligned\monthly\GSMaP_MVK\2017_04.tif,bilinear,"GEOGCS[""WGS 84"",DATUM[""World Geodetic System 1984"",SPHEROID[""WGS 84"",6378137,298.257223563]],PRIMEM[""Greenwich"",0],UNIT[""degree"",0.0174532925199433,AUTHORITY[""EPSG"",""9122""]],AXIS[""Latitude"",NORTH],AXIS[""Longitude"",EAST]]","GEOGCS[""WGS 84"",DATUM[""World Geodetic System 1984"",SPHEROID[""WGS 84"",6378137,298.257223563]],PRIMEM[""Greenwich"",0],UNIT[""degree"",0.0174532925199433,AUTHORITY[""EPSG"",""9122""]],AXIS[""Latitude"",NORTH],AXIS[""Longitude"",EAST]]",False,,4837,False,Success
GSMaP_MVK,2017_05.tif,E:\Geospatial\Precipitation Downscaling\Precipitation-Downscaling-Khulna\data\processed\rasters_aligned\monthly\GSMaP_MVK\2017_05.tif,bilinear,"GEOGCS[""WGS 84"",DATUM[""World Geodetic System 1984"",SPHEROID[""WGS 84"",6378137,298.257223563]],PRIMEM[""Greenwich"",0],UNIT[""degree"",0.0174532925199433,AUTHORITY[""EPSG"",""9122""]],AXIS[""Latitude"",NORTH],AXIS[""Longitude"",EAST]]","GEOGCS[""WGS 84"",DATUM[""World Geodetic System 1984"",SPHEROID[""WGS 84"",6378137,298.257223563]],PRIMEM[""Greenwich"",0],UNIT[""degree"",0.0174532925199433,AUTHORITY[""EPSG"",""9122""]],AXIS[""Latitude"",NORTH],AXIS[""Longitude"",EAST]]",False,,4837,False,Success
GSMaP_MVK,2017_06.tif,E:\Geospatial\Precipitation Downscaling\Precipitation-Downscaling-Khulna\data\processed\rasters_aligned\monthly\GSMaP_MVK\2017_06.tif,bilinear,"GEOGCS[""WGS 84"",DATUM[""World Geodetic System 1984"",SPHEROID[""WGS 84"",6378137,298.257223563]],PRIMEM[""Greenwich"",0],UNIT[""degree"",0.0174532925199433,AUTHORITY[""EPSG"",""9122""]],AXIS[""Latitude"",NORTH],AXIS[""Longitude"",EAST]]","GEOGCS[""WGS 84"",DATUM[""World Geodetic System 1984"",SPHEROID[""WGS 84"",6378137,298.257223563]],PRIMEM[""Greenwich"",0],UNIT[""degree"",0.0174532925199433,AUTHORITY[""EPSG"",""9122""]],AXIS[""Latitude"",NORTH],AXIS[""Longitude"",EAST]]",False,,4837,False,Success
GSMaP_MVK,2017_07.tif,E:\Geospatial\Precipitation Downscaling\Precipitation-Downscaling-Khulna\data\processed\rasters_aligned\monthly\GSMaP_MVK\2017_07.tif,bilinear,"GEOGCS[""WGS 84"",DATUM[""World Geodetic System 1984"",SPHEROID[""WGS 84"",6378137,298.257223563]],PRIMEM[""Greenwich"",0],UNIT[""degree"",0.0174532925199433,AUTHORITY[""EPSG"",""9122""]],AXIS[""Latitude"",NORTH],AXIS[""Longitude"",EAST]]","GEOGCS[""WGS 84"",DATUM[""World Geodetic System 1984"",SPHEROID[""WGS 84"",6378137,298.257223563]],PRIMEM[""Greenwich"",0],UNIT[""degree"",0.0174532925199433,AUTHORITY[""EPSG"",""9122""]],AXIS[""Latitude"",NORTH],AXIS[""Longitude"",EAST]]",False,,4837,False,Success
GSMaP_MVK,2017_08.tif,E:\Geospatial\Precipitation Downscaling\Precipitation-Downscaling-Khulna\data\processed\rasters_aligned\monthly\GSMaP_MVK\2017_08.tif,bilinear,"GEOGCS[""WGS 84"",DATUM[""World Geodetic System 1984"",SPHEROID[""WGS 84"",6378137,298.257223563]],PRIMEM[""Greenwich"",0],UNIT[""degree"",0.0174532925199433,AUTHORITY[""EPSG"",""9122""]],AXIS[""Latitude"",NORTH],AXIS[""Longitude"",EAST]]","GEOGCS[""WGS 84"",DATUM[""World Geodetic System 1984"",SPHEROID[""WGS 84"",6378137,298.257223563]],PRIMEM[""Greenwich"",0],UNIT[""degree"",0.0174532925199433,AUTHORITY[""EPSG"",""9122""]],AXIS[""Latitude"",NORTH],AXIS[""Longitude"",EAST]]",False,,438,False,Success
GSMaP_MVK,2017_09.tif,E:\Geospatial\Precipitation Downscaling\Precipitation-Downscaling-Khulna\data\processed\rasters_aligned\monthly\GSMaP_MVK\2017_09.tif,bilinear,"GEOGCS[""WGS 84"",DATUM[""World Geodetic System 1984"",SPHEROID[""WGS 84"",6378137,298.257223563]],PRIMEM[""Greenwich"",0],UNIT[""degree"",0.0174532925199433,AUTHORITY[""EPSG"",""9122""]],AXIS[""Latitude"",NORTH],AXIS[""Longitude"",EAST]]","GEOGCS[""WGS 84"",DATUM[""World Geodetic System 1984"",SPHEROID[""WGS 84"",6378137,298.257223563]],PRIMEM[""Greenwich"",0],UNIT[""degree"",0.0174532925199433,AUTHORITY[""EPSG"",""9122""]],AXIS[""Latitude"",NORTH],AXIS[""Longitude"",EAST]]",False,,4837,False,Success
GSMaP_MVK,2017_10.tif,E:\Geospatial\Precipitation Downscaling\Precipitation-Downscaling-Khulna\data\processed\rasters_aligned\monthly\GSMaP_MVK\2017_10.tif,bilinear,"GEOGCS[""WGS 84"",DATUM[""World Geodetic System 1984"",SPHEROID[""WGS 84"",6378137,298.257223563]],PRIMEM[""Greenwich"",0],UNIT[""degree"",0.0174532925199433,AUTHORITY[""EPSG"",""9122""]],AXIS[""Latitude"",NORTH],AXIS[""Longitude"",EAST]]","GEOGCS[""WGS 84"",DATUM[""World Geodetic System 1984"",SPHEROID[""WGS 84"",6378137,298.257223563]],PRIMEM[""Greenwich"",0],UNIT[""degree"",0.0174532925199433,AUTHORITY[""EPSG"",""9122""]],AXIS[""Latitude"",NORTH],AXIS[""Longitude"",EAST]]",False,,4837,False,Success
GSMaP_MVK,2017_11.tif,E:\Geospatial\Precipitation Downscaling\Precipitation-Downscaling-Khulna\data\processed\rasters_aligned\monthly\GSMaP_MVK\2017_11.tif,bilinear,"GEOGCS[""WGS 84"",DATUM[""World Geodetic System 1984"",SPHEROID[""WGS 84"",6378137,298.257223563]],PRIMEM[""Greenwich"",0],UNIT[""degree"",0.0174532925199433,AUTHORITY[""EPSG"",""9122""]],AXIS[""Latitude"",NORTH],AXIS[""Longitude"",EAST]]","GEOGCS[""WGS 84"",DATUM[""World Geodetic System 1984"",SPHEROID[""WGS 84"",6378137,298.257223563]],PRIMEM[""Greenwich"",0],UNIT[""degree"",0.0174532925199433,AUTHORITY[""EPSG"",""9122""]],AXIS[""Latitude"",NORTH],AXIS[""Longitude"",EAST]]",False,,4837,False,Success
GSMaP_MVK,2017_12.tif,E:\Geospatial\Precipitation Downscaling\Precipitation-Downscaling-Khulna\data\processed\rasters_aligned\monthly\GSMaP_MVK\2017_12.tif,bilinear,"GEOGCS[""WGS 84"",DATUM[""World Geodetic System 1984"",SPHEROID[""WGS 84"",6378137,298.257223563]],PRIMEM[""Greenwich"",0],UNIT[""degree"",0.0174532925199433,AUTHORITY[""EPSG"",""9122""]],AXIS[""Latitude"",NORTH],AXIS[""Longitude"",EAST]]","GEOGCS[""WGS 84"",DATUM[""World Geodetic System 1984"",SPHEROID[""WGS 84"",6378137,298.257223563]],PRIMEM[""Greenwich"",0],UNIT[""degree"",0.0174532925199433,AUTHORITY[""EPSG"",""9122""]],AXIS[""Latitude"",NORTH],AXIS[""Longitude"",EAST]]",False,,4837,False,Success
GSMaP_MVK,2018_01.tif,E:\Geospatial\Precipitation Downscaling\Precipitation-Downscaling-Khulna\data\processed\rasters_aligned\monthly\GSMaP_MVK\2018_01.tif,bilinear,"GEOGCS[""WGS 84"",DATUM[""World Geodetic System 1984"",SPHEROID[""WGS 84"",6378137,298.257223563]],PRIMEM[""Greenwich"",0],UNIT[""degree"",0.0174532925199433,AUTHORITY[""EPSG"",""9122""]],AXIS[""Latitude"",NORTH],AXIS[""Longitude"",EAST]]","GEOGCS[""WGS 84"",DATUM[""World Geodetic System 1984"",SPHEROID[""WGS 84"",6378137,298.257223563]],PRIMEM[""Greenwich"",0],UNIT[""degree"",0.0174532925199433,AUTHORITY[""EPSG"",""9122""]],AXIS[""Latitude"",NORTH],AXIS[""Longitude"",EAST]]",False,,4837,False,Success
GSMaP_MVK,2018_02.tif,E:\Geospatial\Precipitation Downscaling\Precipitation-Downscaling-Khulna\data\processed\rasters_aligned\monthly\GSMaP_MVK\2018_02.tif,bilinear,"GEOGCS[""WGS 84"",DATUM[""World Geodetic System 1984"",SPHEROID[""WGS 84"",6378137,298.257223563]],PRIMEM[""Greenwich"",0],UNIT[""degree"",0.0174532925199433,AUTHORITY[""EPSG"",""9122""]],AXIS[""Latitude"",NORTH],AXIS[""Longitude"",EAST]]","GEOGCS[""WGS 84"",DATUM[""World Geodetic System 1984"",SPHEROID[""WGS 84"",6378137,298.257223563]],PRIMEM[""Greenwich"",0],UNIT[""degree"",0.0174532925199433,AUTHORITY[""EPSG"",""9122""]],AXIS[""Latitude"",NORTH],AXIS[""Longitude"",EAST]]",False,,4837,False,Success
GSMaP_MVK,2018_03.tif,E:\Geospatial\Precipitation Downscaling\Precipitation-Downscaling-Khulna\data\processed\rasters_aligned\monthly\GSMaP_MVK\2018_03.tif,bilinear,"GEOGCS[""WGS 84"",DATUM[""World Geodetic System 1984"",SPHEROID[""WGS 84"",6378137,298.257223563]],PRIMEM[""Greenwich"",0],UNIT[""degree"",0.0174532925199433,AUTHORITY[""EPSG"",""9122""]],AXIS[""Latitude"",NORTH],AXIS[""Longitude"",EAST]]","GEOGCS[""WGS 84"",DATUM[""World Geodetic System 1984"",SPHEROID[""WGS 84"",6378137,298.257223563]],PRIMEM[""Greenwich"",0],UNIT[""degree"",0.0174532925199433,AUTHORITY[""EPSG"",""9122""]],AXIS[""Latitude"",NORTH],AXIS[""Longitude"",EAST]]",False,,4837,False,Success
GSMaP_MVK,2018_04.tif,E:\Geospatial\Precipitation Downscaling\Precipitation-Downscaling-Khulna\data\processed\rasters_aligned\monthly\GSMaP_MVK\2018_04.tif,bilinear,"GEOGCS[""WGS 84"",DATUM[""World Geodetic System 1984"",SPHEROID[""WGS 84"",6378137,298.257223563]],PRIMEM[""Greenwich"",0],UNIT[""degree"",0.0174532925199433,AUTHORITY[""EPSG"",""9122""]],AXIS[""Latitude"",NORTH],AXIS[""Longitude"",EAST]]","GEOGCS[""WGS 84"",DATUM[""World Geodetic System 1984"",SPHEROID[""WGS 84"",6378137,298.257223563]],PRIMEM[""Greenwich"",0],UNIT[""degree"",0.0174532925199433,AUTHORITY[""EPSG"",""9122""]],AXIS[""Latitude"",NORTH],AXIS[""Longitude"",EAST]]",False,,4837,False,Success
GSMaP_MVK,2018_05.tif,E:\Geospatial\Precipitation Downscaling\Precipitation-Downscaling-Khulna\data\processed\rasters_aligned\monthly\GSMaP_MVK\2018_05.tif,bilinear,"GEOGCS[""WGS 84"",DATUM[""World Geodetic System 1984"",SPHEROID[""WGS 84"",6378137,298.257223563]],PRIMEM[""Greenwich"",0],UNIT[""degree"",0.0174532925199433,AUTHORITY[""EPSG"",""9122""]],AXIS[""Latitude"",NORTH],AXIS[""Longitude"",EAST]]","GEOGCS[""WGS 84"",DATUM[""World Geodetic System 1984"",SPHEROID[""WGS 84"",6378137,298.257223563]],PRIMEM[""Greenwich"",0],UNIT[""degree"",0.0174532925199433,AUTHORITY[""EPSG"",""9122""]],AXIS[""Latitude"",NORTH],AXIS[""Longitude"",EAST]]",False,,4837,False,Success
GSMaP_MVK,2018_06.tif,E:\Geospatial\Precipitation Downscaling\Precipitation-Downscaling-Khulna\data\processed\rasters_aligned\monthly\GSMaP_MVK\2018_06.tif,bilinear,"GEOGCS[""WGS 84"",DATUM[""World Geodetic System 1984"",SPHEROID[""WGS 84"",6378137,298.257223563]],PRIMEM[""Greenwich"",0],UNIT[""degree"",0.0174532925199433,AUTHORITY[""EPSG"",""9122""]],AXIS[""Latitude"",NORTH],AXIS[""Longitude"",EAST]]","GEOGCS[""WGS 84"",DATUM[""World Geodetic System 1984"",SPHEROID[""WGS 84"",6378137,298.257223563]],PRIMEM[""Greenwich"",0],UNIT[""degree"",0.0174532925199433,AUTHORITY[""EPSG"",""9122""]],AXIS[""Latitude"",NORTH],AXIS[""Longitude"",EAST]]",False,,4837,False,Success
GSMaP_MVK,2018_07.tif,E:\Geospatial\Precipitation Downscaling\Precipitation-Downscaling-Khulna\data\processed\rasters_aligned\monthly\GSMaP_MVK\2018_07.tif,bilinear,"GEOGCS[""WGS 84"",DATUM[""World Geodetic System 1984"",SPHEROID[""WGS 84"",6378137,298.257223563]],PRIMEM[""Greenwich"",0],UNIT[""degree"",0.0174532925199433,AUTHORITY[""EPSG"",""9122""]],AXIS[""Latitude"",NORTH],AXIS[""Longitude"",EAST]]","GEOGCS[""WGS 84"",DATUM[""World Geodetic System 1984"",SPHEROID[""WGS 84"",6378137,298.257223563]],PRIMEM[""Greenwich"",0],UNIT[""degree"",0.0174532925199433,AUTHORITY[""EPSG"",""9122""]],AXIS[""Latitude"",NORTH],AXIS[""Longitude"",EAST]]",False,,4837,False,Success
GSMaP_MVK,2018_08.tif,E:\Geospatial\Precipitation Downscaling\Precipitation-Downscaling-Khulna\data\processed\rasters_aligned\monthly\GSMaP_MVK\2018_08.tif,bilinear,"GEOGCS[""WGS 84"",DATUM[""World Geodetic System 1984"",SPHEROID[""WGS 84"",6378137,298.257223563]],PRIMEM[""Greenwich"",0],UNIT[""degree"",0.0174532925199433,AUTHORITY[""EPSG"",""9122""]],AXIS[""Latitude"",NORTH],AXIS[""Longitude"",EAST]]","GEOGCS[""WGS 84"",DATUM[""World Geodetic System 1984"",SPHEROID[""WGS 84"",6378137,298.257223563]],PRIMEM[""Greenwich"",0],UNIT[""degree"",0.0174532925199433,AUTHORITY[""EPSG"",""9122""]],AXIS[""Latitude"",NORTH],AXIS[""Longitude"",EAST]]",False,,438,False,Success
GSMaP_MVK,2018_09.tif,E:\Geospatial\Precipitation Downscaling\Precipitation-Downscaling-Khulna\data\processed\rasters_aligned\monthly\GSMaP_MVK\2018_09.tif,bilinear,"GEOGCS[""WGS 84"",DATUM[""World Geodetic System 1984"",SPHEROID[""WGS 84"",6378137,298.257223563]],PRIMEM[""Greenwich"",0],UNIT[""degree"",0.0174532925199433,AUTHORITY[""EPSG"",""9122""]],AXIS[""Latitude"",NORTH],AXIS[""Longitude"",EAST]]","GEOGCS[""WGS 84"",DATUM[""World Geodetic System 1984"",SPHEROID[""WGS 84"",6378137,298.257223563]],PRIMEM[""Greenwich"",0],UNIT[""degree"",0.0174532925199433,AUTHORITY[""EPSG"",""9122""]],AXIS[""Latitude"",NORTH],AXIS[""Longitude"",EAST]]",False,,4837,False,Success
GSMaP_MVK,2018_10.tif,E:\Geospatial\Precipitation Downscaling\Precipitation-Downscaling-Khulna\data\processed\rasters_aligned\monthly\GSMaP_MVK\2018_10.tif,bilinear,"GEOGCS[""WGS 84"",DATUM[""World Geodetic System 1984"",SPHEROID[""WGS 84"",6378137,298.257223563]],PRIMEM[""Greenwich"",0],UNIT[""degree"",0.0174532925199433,AUTHORITY[""EPSG"",""9122""]],AXIS[""Latitude"",NORTH],AXIS[""Longitude"",EAST]]","GEOGCS[""WGS 84"",DATUM[""World Geodetic System 1984"",SPHEROID[""WGS 84"",6378137,298.257223563]],PRIMEM[""Greenwich"",0],UNIT[""degree"",0.0174532925199433,AUTHORITY[""EPSG"",""9122""]],AXIS[""Latitude"",NORTH],AXIS[""Longitude"",EAST]]",False,,4837,False,Success
GSMaP_MVK,2018_11.tif,E:\Geospatial\Precipitation Downscaling\Precipitation-Downscaling-Khulna\data\processed\rasters_aligned\monthly\GSMaP_MVK\2018_11.tif,bilinear,"GEOGCS[""WGS 84"",DATUM[""World Geodetic System 1984"",SPHEROID[""WGS 84"",6378137,298.257223563]],PRIMEM[""Greenwich"",0],UNIT[""degree"",0.0174532925199433,AUTHORITY[""EPSG"",""9122""]],AXIS[""Latitude"",NORTH],AXIS[""Longitude"",EAST]]","GEOGCS[""WGS 84"",DATUM[""World Geodetic System 1984"",SPHEROID[""WGS 84"",6378137,298.257223563]],PRIMEM[""Greenwich"",0],UNIT[""degree"",0.0174532925199433,AUTHORITY[""EPSG"",""9122""]],AXIS[""Latitude"",NORTH],AXIS[""Longitude"",EAST]]",False,,4837,False,Success
GSMaP_MVK,2018_12.tif,E:\Geospatial\Precipitation Downscaling\Precipitation-Downscaling-Khulna\data\processed\rasters_aligned\monthly\GSMaP_MVK\2018_12.tif,bilinear,"GEOGCS[""WGS 84"",DATUM[""World Geodetic System 1984"",SPHEROID[""WGS 84"",6378137,298.257223563]],PRIMEM[""Greenwich"",0],UNIT[""degree"",0.0174532925199433,AUTHORITY[""EPSG"",""9122""]],AXIS[""Latitude"",NORTH],AXIS[""Longitude"",EAST]]","GEOGCS[""WGS 84"",DATUM[""World Geodetic System 1984"",SPHEROID[""WGS 84"",6378137,298.257223563]],PRIMEM[""Greenwich"",0],UNIT[""degree"",0.0174532925199433,AUTHORITY[""EPSG"",""9122""]],AXIS[""Latitude"",NORTH],AXIS[""Longitude"",EAST]]",False,,4837,False,Success
GSMaP_MVK,2019_01.tif,E:\Geospatial\Precipitation Downscaling\Precipitation-Downscaling-Khulna\data\processed\rasters_aligned\monthly\GSMaP_MVK\2019_01.tif,bilinear,"GEOGCS[""WGS 84"",DATUM[""World Geodetic System 1984"",SPHEROID[""WGS 84"",6378137,298.257223563]],PRIMEM[""Greenwich"",0],UNIT[""degree"",0.0174532925199433,AUTHORITY[""EPSG"",""9122""]],AXIS[""Latitude"",NORTH],AXIS[""Longitude"",EAST]]","GEOGCS[""WGS 84"",DATUM[""World Geodetic System 1984"",SPHEROID[""WGS 84"",6378137,298.257223563]],PRIMEM[""Greenwich"",0],UNIT[""degree"",0.0174532925199433,AUTHORITY[""EPSG"",""9122""]],AXIS[""Latitude"",NORTH],AXIS[""Longitude"",EAST]]",False,,4837,False,Success
GSMaP_MVK,2019_02.tif,E:\Geospatial\Precipitation Downscaling\Precipitation-Downscaling-Khulna\data\processed\rasters_aligned\monthly\GSMaP_MVK\2019_02.tif,bilinear,"GEOGCS[""WGS 84"",DATUM[""World Geodetic System 1984"",SPHEROID[""WGS 84"",6378137,298.257223563]],PRIMEM[""Greenwich"",0],UNIT[""degree"",0.0174532925199433,AUTHORITY[""EPSG"",""9122""]],AXIS[""Latitude"",NORTH],AXIS[""Longitude"",EAST]]","GEOGCS[""WGS 84"",DATUM[""World Geodetic System 1984"",SPHEROID[""WGS 84"",6378137,298.257223563]],PRIMEM[""Greenwich"",0],UNIT[""degree"",0.0174532925199433,AUTHORITY[""EPSG"",""9122""]],AXIS[""Latitude"",NORTH],AXIS[""Longitude"",EAST]]",False,,4837,False,Success
GSMaP_MVK,2019_03.tif,E:\Geospatial\Precipitation Downscaling\Precipitation-Downscaling-Khulna\data\processed\rasters_aligned\monthly\GSMaP_MVK\2019_03.tif,bilinear,"GEOGCS[""WGS 84"",DATUM[""World Geodetic System 1984"",SPHEROID[""WGS 84"",6378137,298.257223563]],PRIMEM[""Greenwich"",0],UNIT[""degree"",0.0174532925199433,AUTHORITY[""EPSG"",""9122""]],AXIS[""Latitude"",NORTH],AXIS[""Longitude"",EAST]]","GEOGCS[""WGS 84"",DATUM[""World Geodetic System 1984"",SPHEROID[""WGS 84"",6378137,298.257223563]],PRIMEM[""Greenwich"",0],UNIT[""degree"",0.0174532925199433,AUTHORITY[""EPSG"",""9122""]],AXIS[""Latitude"",NORTH],AXIS[""Longitude"",EAST]]",False,,4837,False,Success
GSMaP_MVK,2019_04.tif,E:\Geospatial\Precipitation Downscaling\Precipitation-Downscaling-Khulna\data\processed\rasters_aligned\monthly\GSMaP_MVK\2019_04.tif,bilinear,"GEOGCS[""WGS 84"",DATUM[""World Geodetic System 1984"",SPHEROID[""WGS 84"",6378137,298.257223563]],PRIMEM[""Greenwich"",0],UNIT[""degree"",0.0174532925199433,AUTHORITY[""EPSG"",""9122""]],AXIS[""Latitude"",NORTH],AXIS[""Longitude"",EAST]]","GEOGCS[""WGS 84"",DATUM[""World Geodetic System 1984"",SPHEROID[""WGS 84"",6378137,298.257223563]],PRIMEM[""Greenwich"",0],UNIT[""degree"",0.0174532925199433,AUTHORITY[""EPSG"",""9122""]],AXIS[""Latitude"",NORTH],AXIS[""Longitude"",EAST]]",False,,4837,False,Success
GSMaP_MVK,2019_05.tif,E:\Geospatial\Precipitation Downscaling\Precipitation-Downscaling-Khulna\data\processed\rasters_aligned\monthly\GSMaP_MVK\2019_05.tif,bilinear,"GEOGCS[""WGS 84"",DATUM[""World Geodetic System 1984"",SPHEROID[""WGS 84"",6378137,298.257223563]],PRIMEM[""Greenwich"",0],UNIT[""degree"",0.0174532925199433,AUTHORITY[""EPSG"",""9122""]],AXIS[""Latitude"",NORTH],AXIS[""Longitude"",EAST]]","GEOGCS[""WGS 84"",DATUM[""World Geodetic System 1984"",SPHEROID[""WGS 84"",6378137,298.257223563]],PRIMEM[""Greenwich"",0],UNIT[""degree"",0.0174532925199433,AUTHORITY[""EPSG"",""9122""]],AXIS[""Latitude"",NORTH],AXIS[""Longitude"",EAST]]",False,,4837,False,Success
GSMaP_MVK,2019_06.tif,E:\Geospatial\Precipitation Downscaling\Precipitation-Downscaling-Khulna\data\processed\rasters_aligned\monthly\GSMaP_MVK\2019_06.tif,bilinear,"GEOGCS[""WGS 84"",DATUM[""World Geodetic System 1984"",SPHEROID[""WGS 84"",6378137,298.257223563]],PRIMEM[""Greenwich"",0],UNIT[""degree"",0.0174532925199433,AUTHORITY[""EPSG"",""9122""]],AXIS[""Latitude"",NORTH],AXIS[""Longitude"",EAST]]","GEOGCS[""WGS 84"",DATUM[""World Geodetic System 1984"",SPHEROID[""WGS 84"",6378137,298.257223563]],PRIMEM[""Greenwich"",0],UNIT[""degree"",0.0174532925199433,AUTHORITY[""EPSG"",""9122""]],AXIS[""Latitude"",NORTH],AXIS[""Longitude"",EAST]]",False,,4837,False,Success
GSMaP_MVK,2019_07.tif,E:\Geospatial\Precipitation Downscaling\Precipitation-Downscaling-Khulna\data\processed\rasters_aligned\monthly\GSMaP_MVK\2019_07.tif,bilinear,"GEOGCS[""WGS 84"",DATUM[""World Geodetic System 1984"",SPHEROID[""WGS 84"",6378137,298.257223563]],PRIMEM[""Greenwich"",0],UNIT[""degree"",0.0174532925199433,AUTHORITY[""EPSG"",""9122""]],AXIS[""Latitude"",NORTH],AXIS[""Longitude"",EAST]]","GEOGCS[""WGS 84"",DATUM[""World Geodetic System 1984"",SPHEROID[""WGS 84"",6378137,298.257223563]],PRIMEM[""Greenwich"",0],UNIT[""degree"",0.0174532925199433,AUTHORITY[""EPSG"",""9122""]],AXIS[""Latitude"",NORTH],AXIS[""Longitude"",EAST]]",False,,4837,False,Success
GSMaP_MVK,2019_08.tif,E:\Geospatial\Precipitation Downscaling\Precipitation-Downscaling-Khulna\data\processed\rasters_aligned\monthly\GSMaP_MVK\2019_08.tif,bilinear,"GEOGCS[""WGS 84"",DATUM[""World Geodetic System 1984"",SPHEROID[""WGS 84"",6378137,298.257223563]],PRIMEM[""Greenwich"",0],UNIT[""degree"",0.0174532925199433,AUTHORITY[""EPSG"",""9122""]],AXIS[""Latitude"",NORTH],AXIS[""Longitude"",EAST]]","GEOGCS[""WGS 84"",DATUM[""World Geodetic System 1984"",SPHEROID[""WGS 84"",6378137,298.257223563]],PRIMEM[""Greenwich"",0],UNIT[""degree"",0.0174532925199433,AUTHORITY[""EPSG"",""9122""]],AXIS[""Latitude"",NORTH],AXIS[""Longitude"",EAST]]",False,,438,False,Success
GSMaP_MVK,2019_09.tif,E:\Geospatial\Precipitation Downscaling\Precipitation-Downscaling-Khulna\data\processed\rasters_aligned\monthly\GSMaP_MVK\2019_09.tif,bilinear,"GEOGCS[""WGS 84"",DATUM[""World Geodetic System 1984"",SPHEROID[""WGS 84"",6378137,298.257223563]],PRIMEM[""Greenwich"",0],UNIT[""degree"",0.0174532925199433,AUTHORITY[""EPSG"",""9122""]],AXIS[""Latitude"",NORTH],AXIS[""Longitude"",EAST]]","GEOGCS[""WGS 84"",DATUM[""World Geodetic System 1984"",SPHEROID[""WGS 84"",6378137,298.257223563]],PRIMEM[""Greenwich"",0],UNIT[""degree"",0.0174532925199433,AUTHORITY[""EPSG"",""9122""]],AXIS[""Latitude"",NORTH],AXIS[""Longitude"",EAST]]",False,,4837,False,Success
GSMaP_MVK,2019_10.tif,E:\Geospatial\Precipitation Downscaling\Precipitation-Downscaling-Khulna\data\processed\rasters_aligned\monthly\GSMaP_MVK\2019_10.tif,bilinear,"GEOGCS[""WGS 84"",DATUM[""World Geodetic System 1984"",SPHEROID[""WGS 84"",6378137,298.257223563]],PRIMEM[""Greenwich"",0],UNIT[""degree"",0.0174532925199433,AUTHORITY[""EPSG"",""9122""]],AXIS[""Latitude"",NORTH],AXIS[""Longitude"",EAST]]","GEOGCS[""WGS 84"",DATUM[""World Geodetic System 1984"",SPHEROID[""WGS 84"",6378137,298.257223563]],PRIMEM[""Greenwich"",0],UNIT[""degree"",0.0174532925199433,AUTHORITY[""EPSG"",""9122""]],AXIS[""Latitude"",NORTH],AXIS[""Longitude"",EAST]]",False,,4837,False,Success
GSMaP_MVK,2019_11.tif,E:\Geospatial\Precipitation Downscaling\Precipitation-Downscaling-Khulna\data\processed\rasters_aligned\monthly\GSMaP_MVK\2019_11.tif,bilinear,"GEOGCS[""WGS 84"",DATUM[""World Geodetic System 1984"",SPHEROID[""WGS 84"",6378137,298.257223563]],PRIMEM[""Greenwich"",0],UNIT[""degree"",0.0174532925199433,AUTHORITY[""EPSG"",""9122""]],AXIS[""Latitude"",NORTH],AXIS[""Longitude"",EAST]]","GEOGCS[""WGS 84"",DATUM[""World Geodetic System 1984"",SPHEROID[""WGS 84"",6378137,298.257223563]],PRIMEM[""Greenwich"",0],UNIT[""degree"",0.0174532925199433,AUTHORITY[""EPSG"",""9122""]],AXIS[""Latitude"",NORTH],AXIS[""Longitude"",EAST]]",False,,4837,False,Success
GSMaP_MVK,2019_12.tif,E:\Geospatial\Precipitation Downscaling\Precipitation-Downscaling-Khulna\data\processed\rasters_aligned\monthly\GSMaP_MVK\2019_12.tif,bilinear,"GEOGCS[""WGS 84"",DATUM[""World Geodetic System 1984"",SPHEROID[""WGS 84"",6378137,298.257223563]],PRIMEM[""Greenwich"",0],UNIT[""degree"",0.0174532925199433,AUTHORITY[""EPSG"",""9122""]],AXIS[""Latitude"",NORTH],AXIS[""Longitude"",EAST]]","GEOGCS[""WGS 84"",DATUM[""World Geodetic System 1984"",SPHEROID[""WGS 84"",6378137,298.257223563]],PRIMEM[""Greenwich"",0],UNIT[""degree"",0.0174532925199433,AUTHORITY[""EPSG"",""9122""]],AXIS[""Latitude"",NORTH],AXIS[""Longitude"",EAST]]",False,,4837,False,Success
GSMaP_MVK,2020_01.tif,E:\Geospatial\Precipitation Downscaling\Precipitation-Downscaling-Khulna\data\processed\rasters_aligned\monthly\GSMaP_MVK\2020_01.tif,bilinear,"GEOGCS[""WGS 84"",DATUM[""World Geodetic System 1984"",SPHEROID[""WGS 84"",6378137,298.257223563]],PRIMEM[""Greenwich"",0],UNIT[""degree"",0.0174532925199433,AUTHORITY[""EPSG"",""9122""]],AXIS[""Latitude"",NORTH],AXIS[""Longitude"",EAST]]","GEOGCS[""WGS 84"",DATUM[""World Geodetic System 1984"",SPHEROID[""WGS 84"",6378137,298.257223563]],PRIMEM[""Greenwich"",0],UNIT[""degree"",0.0174532925199433,AUTHORITY[""EPSG"",""9122""]],AXIS[""Latitude"",NORTH],AXIS[""Longitude"",EAST]]",False,,4837,False,Success
GSMaP_MVK,2020_02.tif,E:\Geospatial\Precipitation Downscaling\Precipitation-Downscaling-Khulna\data\processed\rasters_aligned\monthly\GSMaP_MVK\2020_02.tif,bilinear,"GEOGCS[""WGS 84"",DATUM[""World Geodetic System 1984"",SPHEROID[""WGS 84"",6378137,298.257223563]],PRIMEM[""Greenwich"",0],UNIT[""degree"",0.0174532925199433,AUTHORITY[""EPSG"",""9122""]],AXIS[""Latitude"",NORTH],AXIS[""Longitude"",EAST]]","GEOGCS[""WGS 84"",DATUM[""World Geodetic System 1984"",SPHEROID[""WGS 84"",6378137,298.257223563]],PRIMEM[""Greenwich"",0],UNIT[""degree"",0.0174532925199433,AUTHORITY[""EPSG"",""9122""]],AXIS[""Latitude"",NORTH],AXIS[""Longitude"",EAST]]",False,,4837,False,Success
GSMaP_MVK,2020_03.tif,E:\Geospatial\Precipitation Downscaling\Precipitation-Downscaling-Khulna\data\processed\rasters_aligned\monthly\GSMaP_MVK\2020_03.tif,bilinear,"GEOGCS[""WGS 84"",DATUM[""World Geodetic System 1984"",SPHEROID[""WGS 84"",6378137,298.257223563]],PRIMEM[""Greenwich"",0],UNIT[""degree"",0.0174532925199433,AUTHORITY[""EPSG"",""9122""]],AXIS[""Latitude"",NORTH],AXIS[""Longitude"",EAST]]","GEOGCS[""WGS 84"",DATUM[""World Geodetic System 1984"",SPHEROID[""WGS 84"",6378137,298.257223563]],PRIMEM[""Greenwich"",0],UNIT[""degree"",0.0174532925199433,AUTHORITY[""EPSG"",""9122""]],AXIS[""Latitude"",NORTH],AXIS[""Longitude"",EAST]]",False,,4837,False,Success
GSMaP_MVK,2020_04.tif,E:\Geospatial\Precipitation Downscaling\Precipitation-Downscaling-Khulna\data\processed\rasters_aligned\monthly\GSMaP_MVK\2020_04.tif,bilinear,"GEOGCS[""WGS 84"",DATUM[""World Geodetic System 1984"",SPHEROID[""WGS 84"",6378137,298.257223563]],PRIMEM[""Greenwich"",0],UNIT[""degree"",0.0174532925199433,AUTHORITY[""EPSG"",""9122""]],AXIS[""Latitude"",NORTH],AXIS[""Longitude"",EAST]]","GEOGCS[""WGS 84"",DATUM[""World Geodetic System 1984"",SPHEROID[""WGS 84"",6378137,298.257223563]],PRIMEM[""Greenwich"",0],UNIT[""degree"",0.0174532925199433,AUTHORITY[""EPSG"",""9122""]],AXIS[""Latitude"",NORTH],AXIS[""Longitude"",EAST]]",False,,4837,False,Success
GSMaP_MVK,2020_05.tif,E:\Geospatial\Precipitation Downscaling\Precipitation-Downscaling-Khulna\data\processed\rasters_aligned\monthly\GSMaP_MVK\2020_05.tif,bilinear,"GEOGCS[""WGS 84"",DATUM[""World Geodetic System 1984"",SPHEROID[""WGS 84"",6378137,298.257223563]],PRIMEM[""Greenwich"",0],UNIT[""degree"",0.0174532925199433,AUTHORITY[""EPSG"",""9122""]],AXIS[""Latitude"",NORTH],AXIS[""Longitude"",EAST]]","GEOGCS[""WGS 84"",DATUM[""World Geodetic System 1984"",SPHEROID[""WGS 84"",6378137,298.257223563]],PRIMEM[""Greenwich"",0],UNIT[""degree"",0.0174532925199433,AUTHORITY[""EPSG"",""9122""]],AXIS[""Latitude"",NORTH],AXIS[""Longitude"",EAST]]",False,,4837,False,Success
GSMaP_MVK,2020_06.tif,E:\Geospatial\Precipitation Downscaling\Precipitation-Downscaling-Khulna\data\processed\rasters_aligned\monthly\GSMaP_MVK\2020_06.tif,bilinear,"GEOGCS[""WGS 84"",DATUM[""World Geodetic System 1984"",SPHEROID[""WGS 84"",6378137,298.257223563]],PRIMEM[""Greenwich"",0],UNIT[""degree"",0.0174532925199433,AUTHORITY[""EPSG"",""9122""]],AXIS[""Latitude"",NORTH],AXIS[""Longitude"",EAST]]","GEOGCS[""WGS 84"",DATUM[""World Geodetic System 1984"",SPHEROID[""WGS 84"",6378137,298.257223563]],PRIMEM[""Greenwich"",0],UNIT[""degree"",0.0174532925199433,AUTHORITY[""EPSG"",""9122""]],AXIS[""Latitude"",NORTH],AXIS[""Longitude"",EAST]]",False,,4837,False,Success
GSMaP_MVK,2020_07.tif,E:\Geospatial\Precipitation Downscaling\Precipitation-Downscaling-Khulna\data\processed\rasters_aligned\monthly\GSMaP_MVK\2020_07.tif,bilinear,"GEOGCS[""WGS 84"",DATUM[""World Geodetic System 1984"",SPHEROID[""WGS 84"",6378137,298.257223563]],PRIMEM[""Greenwich"",0],UNIT[""degree"",0.0174532925199433,AUTHORITY[""EPSG"",""9122""]],AXIS[""Latitude"",NORTH],AXIS[""Longitude"",EAST]]","GEOGCS[""WGS 84"",DATUM[""World Geodetic System 1984"",SPHEROID[""WGS 84"",6378137,298.257223563]],PRIMEM[""Greenwich"",0],UNIT[""degree"",0.0174532925199433,AUTHORITY[""EPSG"",""9122""]],AXIS[""Latitude"",NORTH],AXIS[""Longitude"",EAST]]",False,,4837,False,Success
GSMaP_MVK,2020_08.tif,E:\Geospatial\Precipitation Downscaling\Precipitation-Downscaling-Khulna\data\processed\rasters_aligned\monthly\GSMaP_MVK\2020_08.tif,bilinear,"GEOGCS[""WGS 84"",DATUM[""World Geodetic System 1984"",SPHEROID[""WGS 84"",6378137,298.257223563]],PRIMEM[""Greenwich"",0],UNIT[""degree"",0.0174532925199433,AUTHORITY[""EPSG"",""9122""]],AXIS[""Latitude"",NORTH],AXIS[""Longitude"",EAST]]","GEOGCS[""WGS 84"",DATUM[""World Geodetic System 1984"",SPHEROID[""WGS 84"",6378137,298.257223563]],PRIMEM[""Greenwich"",0],UNIT[""degree"",0.0174532925199433,AUTHORITY[""EPSG"",""9122""]],AXIS[""Latitude"",NORTH],AXIS[""Longitude"",EAST]]",False,,438,False,Success
GSMaP_MVK,2020_09.tif,E:\Geospatial\Precipitation Downscaling\Precipitation-Downscaling-Khulna\data\processed\rasters_aligned\monthly\GSMaP_MVK\2020_09.tif,bilinear,"GEOGCS[""WGS 84"",DATUM[""World Geodetic System 1984"",SPHEROID[""WGS 84"",6378137,298.257223563]],PRIMEM[""Greenwich"",0],UNIT[""degree"",0.0174532925199433,AUTHORITY[""EPSG"",""9122""]],AXIS[""Latitude"",NORTH],AXIS[""Longitude"",EAST]]","GEOGCS[""WGS 84"",DATUM[""World Geodetic System 1984"",SPHEROID[""WGS 84"",6378137,298.257223563]],PRIMEM[""Greenwich"",0],UNIT[""degree"",0.0174532925199433,AUTHORITY[""EPSG"",""9122""]],AXIS[""Latitude"",NORTH],AXIS[""Longitude"",EAST]]",False,,4837,False,Success
GSMaP_MVK,2020_10.tif,E:\Geospatial\Precipitation Downscaling\Precipitation-Downscaling-Khulna\data\processed\rasters_aligned\monthly\GSMaP_MVK\2020_10.tif,bilinear,"GEOGCS[""WGS 84"",DATUM[""World Geodetic System 1984"",SPHEROID[""WGS 84"",6378137,298.257223563]],PRIMEM[""Greenwich"",0],UNIT[""degree"",0.0174532925199433,AUTHORITY[""EPSG"",""9122""]],AXIS[""Latitude"",NORTH],AXIS[""Longitude"",EAST]]","GEOGCS[""WGS 84"",DATUM[""World Geodetic System 1984"",SPHEROID[""WGS 84"",6378137,298.257223563]],PRIMEM[""Greenwich"",0],UNIT[""degree"",0.0174532925199433,AUTHORITY[""EPSG"",""9122""]],AXIS[""Latitude"",NORTH],AXIS[""Longitude"",EAST]]",False,,4837,False,Success
GSMaP_MVK,2020_11.tif,E:\Geospatial\Precipitation Downscaling\Precipitation-Downscaling-Khulna\data\processed\rasters_aligned\monthly\GSMaP_MVK\2020_11.tif,bilinear,"GEOGCS[""WGS 84"",DATUM[""World Geodetic System 1984"",SPHEROID[""WGS 84"",6378137,298.257223563]],PRIMEM[""Greenwich"",0],UNIT[""degree"",0.0174532925199433,AUTHORITY[""EPSG"",""9122""]],AXIS[""Latitude"",NORTH],AXIS[""Longitude"",EAST]]","GEOGCS[""WGS 84"",DATUM[""World Geodetic System 1984"",SPHEROID[""WGS 84"",6378137,298.257223563]],PRIMEM[""Greenwich"",0],UNIT[""degree"",0.0174532925199433,AUTHORITY[""EPSG"",""9122""]],AXIS[""Latitude"",NORTH],AXIS[""Longitude"",EAST]]",False,,4837,False,Success
GSMaP_MVK,2020_12.tif,E:\Geospatial\Precipitation Downscaling\Precipitation-Downscaling-Khulna\data\processed\rasters_aligned\monthly\GSMaP_MVK\2020_12.tif,bilinear,"GEOGCS[""WGS 84"",DATUM[""World Geodetic System 1984"",SPHEROID[""WGS 84"",6378137,298.257223563]],PRIMEM[""Greenwich"",0],UNIT[""degree"",0.0174532925199433,AUTHORITY[""EPSG"",""9122""]],AXIS[""Latitude"",NORTH],AXIS[""Longitude"",EAST]]","GEOGCS[""WGS 84"",DATUM[""World Geodetic System 1984"",SPHEROID[""WGS 84"",6378137,298.257223563]],PRIMEM[""Greenwich"",0],UNIT[""degree"",0.0174532925199433,AUTHORITY[""EPSG"",""9122""]],AXIS[""Latitude"",NORTH],AXIS[""Longitude"",EAST]]",False,,4837,False,Success
GSMaP_MVK,2021_01.tif,E:\Geospatial\Precipitation Downscaling\Precipitation-Downscaling-Khulna\data\processed\rasters_aligned\monthly\GSMaP_MVK\2021_01.tif,bilinear,"GEOGCS[""WGS 84"",DATUM[""World Geodetic System 1984"",SPHEROID[""WGS 84"",6378137,298.257223563]],PRIMEM[""Greenwich"",0],UNIT[""degree"",0.0174532925199433,AUTHORITY[""EPSG"",""9122""]],AXIS[""Latitude"",NORTH],AXIS[""Longitude"",EAST]]","GEOGCS[""WGS 84"",DATUM[""World Geodetic System 1984"",SPHEROID[""WGS 84"",6378137,298.257223563]],PRIMEM[""Greenwich"",0],UNIT[""degree"",0.0174532925199433,AUTHORITY[""EPSG"",""9122""]],AXIS[""Latitude"",NORTH],AXIS[""Longitude"",EAST]]",False,,4837,False,Success
GSMaP_MVK,2021_02.tif,E:\Geospatial\Precipitation Downscaling\Precipitation-Downscaling-Khulna\data\processed\rasters_aligned\monthly\GSMaP_MVK\2021_02.tif,bilinear,"GEOGCS[""WGS 84"",DATUM[""World Geodetic System 1984"",SPHEROID[""WGS 84"",6378137,298.257223563]],PRIMEM[""Greenwich"",0],UNIT[""degree"",0.0174532925199433,AUTHORITY[""EPSG"",""9122""]],AXIS[""Latitude"",NORTH],AXIS[""Longitude"",EAST]]","GEOGCS[""WGS 84"",DATUM[""World Geodetic System 1984"",SPHEROID[""WGS 84"",6378137,298.257223563]],PRIMEM[""Greenwich"",0],UNIT[""degree"",0.0174532925199433,AUTHORITY[""EPSG"",""9122""]],AXIS[""Latitude"",NORTH],AXIS[""Longitude"",EAST]]",False,,4837,False,Success
GSMaP_MVK,2021_03.tif,E:\Geospatial\Precipitation Downscaling\Precipitation-Downscaling-Khulna\data\processed\rasters_aligned\monthly\GSMaP_MVK\2021_03.tif,bilinear,"GEOGCS[""WGS 84"",DATUM[""World Geodetic System 1984"",SPHEROID[""WGS 84"",6378137,298.257223563]],PRIMEM[""Greenwich"",0],UNIT[""degree"",0.0174532925199433,AUTHORITY[""EPSG"",""9122""]],AXIS[""Latitude"",NORTH],AXIS[""Longitude"",EAST]]","GEOGCS[""WGS 84"",DATUM[""World Geodetic System 1984"",SPHEROID[""WGS 84"",6378137,298.257223563]],PRIMEM[""Greenwich"",0],UNIT[""degree"",0.0174532925199433,AUTHORITY[""EPSG"",""9122""]],AXIS[""Latitude"",NORTH],AXIS[""Longitude"",EAST]]",False,,4837,False,Success
GSMaP_MVK,2021_04.tif,E:\Geospatial\Precipitation Downscaling\Precipitation-Downscaling-Khulna\data\processed\rasters_aligned\monthly\GSMaP_MVK\2021_04.tif,bilinear,"GEOGCS[""WGS 84"",DATUM[""World Geodetic System 1984"",SPHEROID[""WGS 84"",6378137,298.257223563]],PRIMEM[""Greenwich"",0],UNIT[""degree"",0.0174532925199433,AUTHORITY[""EPSG"",""9122""]],AXIS[""Latitude"",NORTH],AXIS[""Longitude"",EAST]]","GEOGCS[""WGS 84"",DATUM[""World Geodetic System 1984"",SPHEROID[""WGS 84"",6378137,298.257223563]],PRIMEM[""Greenwich"",0],UNIT[""degree"",0.0174532925199433,AUTHORITY[""EPSG"",""9122""]],AXIS[""Latitude"",NORTH],AXIS[""Longitude"",EAST]]",False,,4837,False,Success
GSMaP_MVK,2021_05.tif,E:\Geospatial\Precipitation Downscaling\Precipitation-Downscaling-Khulna\data\processed\rasters_aligned\monthly\GSMaP_MVK\2021_05.tif,bilinear,"GEOGCS[""WGS 84"",DATUM[""World Geodetic System 1984"",SPHEROID[""WGS 84"",6378137,298.257223563]],PRIMEM[""Greenwich"",0],UNIT[""degree"",0.0174532925199433,AUTHORITY[""EPSG"",""9122""]],AXIS[""Latitude"",NORTH],AXIS[""Longitude"",EAST]]","GEOGCS[""WGS 84"",DATUM[""World Geodetic System 1984"",SPHEROID[""WGS 84"",6378137,298.257223563]],PRIMEM[""Greenwich"",0],UNIT[""degree"",0.0174532925199433,AUTHORITY[""EPSG"",""9122""]],AXIS[""Latitude"",NORTH],AXIS[""Longitude"",EAST]]",False,,4837,False,Success
GSMaP_MVK,2021_06.tif,E:\Geospatial\Precipitation Downscaling\Precipitation-Downscaling-Khulna\data\processed\rasters_aligned\monthly\GSMaP_MVK\2021_06.tif,bilinear,"GEOGCS[""WGS 84"",DATUM[""World Geodetic System 1984"",SPHEROID[""WGS 84"",6378137,298.257223563]],PRIMEM[""Greenwich"",0],UNIT[""degree"",0.0174532925199433,AUTHORITY[""EPSG"",""9122""]],AXIS[""Latitude"",NORTH],AXIS[""Longitude"",EAST]]","GEOGCS[""WGS 84"",DATUM[""World Geodetic System 1984"",SPHEROID[""WGS 84"",6378137,298.257223563]],PRIMEM[""Greenwich"",0],UNIT[""degree"",0.0174532925199433,AUTHORITY[""EPSG"",""9122""]],AXIS[""Latitude"",NORTH],AXIS[""Longitude"",EAST]]",False,,4837,False,Success
GSMaP_MVK,2021_07.tif,E:\Geospatial\Precipitation Downscaling\Precipitation-Downscaling-Khulna\data\processed\rasters_aligned\monthly\GSMaP_MVK\2021_07.tif,bilinear,"GEOGCS[""WGS 84"",DATUM[""World Geodetic System 1984"",SPHEROID[""WGS 84"",6378137,298.257223563]],PRIMEM[""Greenwich"",0],UNIT[""degree"",0.0174532925199433,AUTHORITY[""EPSG"",""9122""]],AXIS[""Latitude"",NORTH],AXIS[""Longitude"",EAST]]","GEOGCS[""WGS 84"",DATUM[""World Geodetic System 1984"",SPHEROID[""WGS 84"",6378137,298.257223563]],PRIMEM[""Greenwich"",0],UNIT[""degree"",0.0174532925199433,AUTHORITY[""EPSG"",""9122""]],AXIS[""Latitude"",NORTH],AXIS[""Longitude"",EAST]]",False,,4837,False,Success
GSMaP_MVK,2021_08.tif,E:\Geospatial\Precipitation Downscaling\Precipitation-Downscaling-Khulna\data\processed\rasters_aligned\monthly\GSMaP_MVK\2021_08.tif,bilinear,"GEOGCS[""WGS 84"",DATUM[""World Geodetic System 1984"",SPHEROID[""WGS 84"",6378137,298.257223563]],PRIMEM[""Greenwich"",0],UNIT[""degree"",0.0174532925199433,AUTHORITY[""EPSG"",""9122""]],AXIS[""Latitude"",NORTH],AXIS[""Longitude"",EAST]]","GEOGCS[""WGS 84"",DATUM[""World Geodetic System 1984"",SPHEROID[""WGS 84"",6378137,298.257223563]],PRIMEM[""Greenwich"",0],UNIT[""degree"",0.0174532925199433,AUTHORITY[""EPSG"",""9122""]],AXIS[""Latitude"",NORTH],AXIS[""Longitude"",EAST]]",False,,438,False,Success
GSMaP_MVK,2021_09.tif,E:\Geospatial\Precipitation Downscaling\Precipitation-Downscaling-Khulna\data\processed\rasters_aligned\monthly\GSMaP_MVK\2021_09.tif,bilinear,"GEOGCS[""WGS 84"",DATUM[""World Geodetic System 1984"",SPHEROID[""WGS 84"",6378137,298.257223563]],PRIMEM[""Greenwich"",0],UNIT[""degree"",0.0174532925199433,AUTHORITY[""EPSG"",""9122""]],AXIS[""Latitude"",NORTH],AXIS[""Longitude"",EAST]]","GEOGCS[""WGS 84"",DATUM[""World Geodetic System 1984"",SPHEROID[""WGS 84"",6378137,298.257223563]],PRIMEM[""Greenwich"",0],UNIT[""degree"",0.0174532925199433,AUTHORITY[""EPSG"",""9122""]],AXIS[""Latitude"",NORTH],AXIS[""Longitude"",EAST]]",False,,4837,False,Success
GSMaP_MVK,2021_10.tif,E:\Geospatial\Precipitation Downscaling\Precipitation-Downscaling-Khulna\data\processed\rasters_aligned\monthly\GSMaP_MVK\2021_10.tif,bilinear,"GEOGCS[""WGS 84"",DATUM[""World Geodetic System 1984"",SPHEROID[""WGS 84"",6378137,298.257223563]],PRIMEM[""Greenwich"",0],UNIT[""degree"",0.0174532925199433,AUTHORITY[""EPSG"",""9122""]],AXIS[""Latitude"",NORTH],AXIS[""Longitude"",EAST]]","GEOGCS[""WGS 84"",DATUM[""World Geodetic System 1984"",SPHEROID[""WGS 84"",6378137,298.257223563]],PRIMEM[""Greenwich"",0],UNIT[""degree"",0.0174532925199433,AUTHORITY[""EPSG"",""9122""]],AXIS[""Latitude"",NORTH],AXIS[""Longitude"",EAST]]",False,,4837,False,Success
GSMaP_MVK,2021_11.tif,E:\Geospatial\Precipitation Downscaling\Precipitation-Downscaling-Khulna\data\processed\rasters_aligned\monthly\GSMaP_MVK\2021_11.tif,bilinear,"GEOGCS[""WGS 84"",DATUM[""World Geodetic System 1984"",SPHEROID[""WGS 84"",6378137,298.257223563]],PRIMEM[""Greenwich"",0],UNIT[""degree"",0.0174532925199433,AUTHORITY[""EPSG"",""9122""]],AXIS[""Latitude"",NORTH],AXIS[""Longitude"",EAST]]","GEOGCS[""WGS 84"",DATUM[""World Geodetic System 1984"",SPHEROID[""WGS 84"",6378137,298.257223563]],PRIMEM[""Greenwich"",0],UNIT[""degree"",0.0174532925199433,AUTHORITY[""EPSG"",""9122""]],AXIS[""Latitude"",NORTH],AXIS[""Longitude"",EAST]]",False,,4837,False,Success
GSMaP_MVK,2021_12.tif,E:\Geospatial\Precipitation Downscaling\Precipitation-Downscaling-Khulna\data\processed\rasters_aligned\monthly\GSMaP_MVK\2021_12.tif,bilinear,"GEOGCS[""WGS 84"",DATUM[""World Geodetic System 1984"",SPHEROID[""WGS 84"",6378137,298.257223563]],PRIMEM[""Greenwich"",0],UNIT[""degree"",0.0174532925199433,AUTHORITY[""EPSG"",""9122""]],AXIS[""Latitude"",NORTH],AXIS[""Longitude"",EAST]]","GEOGCS[""WGS 84"",DATUM[""World Geodetic System 1984"",SPHEROID[""WGS 84"",6378137,298.257223563]],PRIMEM[""Greenwich"",0],UNIT[""degree"",0.0174532925199433,AUTHORITY[""EPSG"",""9122""]],AXIS[""Latitude"",NORTH],AXIS[""Longitude"",EAST]]",False,,4837,False,Success
GSMaP_MVK,2022_01.tif,E:\Geospatial\Precipitation Downscaling\Precipitation-Downscaling-Khulna\data\processed\rasters_aligned\monthly\GSMaP_MVK\2022_01.tif,bilinear,"GEOGCS[""WGS 84"",DATUM[""World Geodetic System 1984"",SPHEROID[""WGS 84"",6378137,298.257223563]],PRIMEM[""Greenwich"",0],UNIT[""degree"",0.0174532925199433,AUTHORITY[""EPSG"",""9122""]],AXIS[""Latitude"",NORTH],AXIS[""Longitude"",EAST]]","GEOGCS[""WGS 84"",DATUM[""World Geodetic System 1984"",SPHEROID[""WGS 84"",6378137,298.257223563]],PRIMEM[""Greenwich"",0],UNIT[""degree"",0.0174532925199433,AUTHORITY[""EPSG"",""9122""]],AXIS[""Latitude"",NORTH],AXIS[""Longitude"",EAST]]",False,,4837,False,Success
GSMaP_MVK,2022_02.tif,E:\Geospatial\Precipitation Downscaling\Precipitation-Downscaling-Khulna\data\processed\rasters_aligned\monthly\GSMaP_MVK\2022_02.tif,bilinear,"GEOGCS[""WGS 84"",DATUM[""World Geodetic System 1984"",SPHEROID[""WGS 84"",6378137,298.257223563]],PRIMEM[""Greenwich"",0],UNIT[""degree"",0.0174532925199433,AUTHORITY[""EPSG"",""9122""]],AXIS[""Latitude"",NORTH],AXIS[""Longitude"",EAST]]","GEOGCS[""WGS 84"",DATUM[""World Geodetic System 1984"",SPHEROID[""WGS 84"",6378137,298.257223563]],PRIMEM[""Greenwich"",0],UNIT[""degree"",0.0174532925199433,AUTHORITY[""EPSG"",""9122""]],AXIS[""Latitude"",NORTH],AXIS[""Longitude"",EAST]]",False,,4837,False,Success
GSMaP_MVK,2022_03.tif,E:\Geospatial\Precipitation Downscaling\Precipitation-Downscaling-Khulna\data\processed\rasters_aligned\monthly\GSMaP_MVK\2022_03.tif,bilinear,"GEOGCS[""WGS 84"",DATUM[""World Geodetic System 1984"",SPHEROID[""WGS 84"",6378137,298.257223563]],PRIMEM[""Greenwich"",0],UNIT[""degree"",0.0174532925199433,AUTHORITY[""EPSG"",""9122""]],AXIS[""Latitude"",NORTH],AXIS[""Longitude"",EAST]]","GEOGCS[""WGS 84"",DATUM[""World Geodetic System 1984"",SPHEROID[""WGS 84"",6378137,298.257223563]],PRIMEM[""Greenwich"",0],UNIT[""degree"",0.0174532925199433,AUTHORITY[""EPSG"",""9122""]],AXIS[""Latitude"",NORTH],AXIS[""Longitude"",EAST]]",False,,4837,False,Success
GSMaP_MVK,2022_04.tif,E:\Geospatial\Precipitation Downscaling\Precipitation-Downscaling-Khulna\data\processed\rasters_aligned\monthly\GSMaP_MVK\2022_04.tif,bilinear,"GEOGCS[""WGS 84"",DATUM[""World Geodetic System 1984"",SPHEROID[""WGS 84"",6378137,298.257223563]],PRIMEM[""Greenwich"",0],UNIT[""degree"",0.0174532925199433,AUTHORITY[""EPSG"",""9122""]],AXIS[""Latitude"",NORTH],AXIS[""Longitude"",EAST]]","GEOGCS[""WGS 84"",DATUM[""World Geodetic System 1984"",SPHEROID[""WGS 84"",6378137,298.257223563]],PRIMEM[""Greenwich"",0],UNIT[""degree"",0.0174532925199433,AUTHORITY[""EPSG"",""9122""]],AXIS[""Latitude"",NORTH],AXIS[""Longitude"",EAST]]",False,,4837,False,Success
GSMaP_MVK,2022_05.tif,E:\Geospatial\Precipitation Downscaling\Precipitation-Downscaling-Khulna\data\processed\rasters_aligned\monthly\GSMaP_MVK\2022_05.tif,bilinear,"GEOGCS[""WGS 84"",DATUM[""World Geodetic System 1984"",SPHEROID[""WGS 84"",6378137,298.257223563]],PRIMEM[""Greenwich"",0],UNIT[""degree"",0.0174532925199433,AUTHORITY[""EPSG"",""9122""]],AXIS[""Latitude"",NORTH],AXIS[""Longitude"",EAST]]","GEOGCS[""WGS 84"",DATUM[""World Geodetic System 1984"",SPHEROID[""WGS 84"",6378137,298.257223563]],PRIMEM[""Greenwich"",0],UNIT[""degree"",0.0174532925199433,AUTHORITY[""EPSG"",""9122""]],AXIS[""Latitude"",NORTH],AXIS[""Longitude"",EAST]]",False,,4837,False,Success
GSMaP_MVK,2022_06.tif,E:\Geospatial\Precipitation Downscaling\Precipitation-Downscaling-Khulna\data\processed\rasters_aligned\monthly\GSMaP_MVK\2022_06.tif,bilinear,"GEOGCS[""WGS 84"",DATUM[""World Geodetic System 1984"",SPHEROID[""WGS 84"",6378137,298.257223563]],PRIMEM[""Greenwich"",0],UNIT[""degree"",0.0174532925199433,AUTHORITY[""EPSG"",""9122""]],AXIS[""Latitude"",NORTH],AXIS[""Longitude"",EAST]]","GEOGCS[""WGS 84"",DATUM[""World Geodetic System 1984"",SPHEROID[""WGS 84"",6378137,298.257223563]],PRIMEM[""Greenwich"",0],UNIT[""degree"",0.0174532925199433,AUTHORITY[""EPSG"",""9122""]],AXIS[""Latitude"",NORTH],AXIS[""Longitude"",EAST]]",False,,4837,False,Success
GSMaP_MVK,2022_07.tif,E:\Geospatial\Precipitation Downscaling\Precipitation-Downscaling-Khulna\data\processed\rasters_aligned\monthly\GSMaP_MVK\2022_07.tif,bilinear,"GEOGCS[""WGS 84"",DATUM[""World Geodetic System 1984"",SPHEROID[""WGS 84"",6378137,298.257223563]],PRIMEM[""Greenwich"",0],UNIT[""degree"",0.0174532925199433,AUTHORITY[""EPSG"",""9122""]],AXIS[""Latitude"",NORTH],AXIS[""Longitude"",EAST]]","GEOGCS[""WGS 84"",DATUM[""World Geodetic System 1984"",SPHEROID[""WGS 84"",6378137,298.257223563]],PRIMEM[""Greenwich"",0],UNIT[""degree"",0.0174532925199433,AUTHORITY[""EPSG"",""9122""]],AXIS[""Latitude"",NORTH],AXIS[""Longitude"",EAST]]",False,,4837,False,Success
GSMaP_MVK,2022_08.tif,E:\Geospatial\Precipitation Downscaling\Precipitation-Downscaling-Khulna\data\processed\rasters_aligned\monthly\GSMaP_MVK\2022_08.tif,bilinear,"GEOGCS[""WGS 84"",DATUM[""World Geodetic System 1984"",SPHEROID[""WGS 84"",6378137,298.257223563]],PRIMEM[""Greenwich"",0],UNIT[""degree"",0.0174532925199433,AUTHORITY[""EPSG"",""9122""]],AXIS[""Latitude"",NORTH],AXIS[""Longitude"",EAST]]","GEOGCS[""WGS 84"",DATUM[""World Geodetic System 1984"",SPHEROID[""WGS 84"",6378137,298.257223563]],PRIMEM[""Greenwich"",0],UNIT[""degree"",0.0174532925199433,AUTHORITY[""EPSG"",""9122""]],AXIS[""Latitude"",NORTH],AXIS[""Longitude"",EAST]]",False,,438,False,Success
GSMaP_MVK,2022_09.tif,E:\Geospatial\Precipitation Downscaling\Precipitation-Downscaling-Khulna\data\processed\rasters_aligned\monthly\GSMaP_MVK\2022_09.tif,bilinear,"GEOGCS[""WGS 84"",DATUM[""World Geodetic System 1984"",SPHEROID[""WGS 84"",6378137,298.257223563]],PRIMEM[""Greenwich"",0],UNIT[""degree"",0.0174532925199433,AUTHORITY[""EPSG"",""9122""]],AXIS[""Latitude"",NORTH],AXIS[""Longitude"",EAST]]","GEOGCS[""WGS 84"",DATUM[""World Geodetic System 1984"",SPHEROID[""WGS 84"",6378137,298.257223563]],PRIMEM[""Greenwich"",0],UNIT[""degree"",0.0174532925199433,AUTHORITY[""EPSG"",""9122""]],AXIS[""Latitude"",NORTH],AXIS[""Longitude"",EAST]]",False,,4837,False,Success
GSMaP_MVK,2022_10.tif,E:\Geospatial\Precipitation Downscaling\Precipitation-Downscaling-Khulna\data\processed\rasters_aligned\monthly\GSMaP_MVK\2022_10.tif,bilinear,"GEOGCS[""WGS 84"",DATUM[""World Geodetic System 1984"",SPHEROID[""WGS 84"",6378137,298.257223563]],PRIMEM[""Greenwich"",0],UNIT[""degree"",0.0174532925199433,AUTHORITY[""EPSG"",""9122""]],AXIS[""Latitude"",NORTH],AXIS[""Longitude"",EAST]]","GEOGCS[""WGS 84"",DATUM[""World Geodetic System 1984"",SPHEROID[""WGS 84"",6378137,298.257223563]],PRIMEM[""Greenwich"",0],UNIT[""degree"",0.0174532925199433,AUTHORITY[""EPSG"",""9122""]],AXIS[""Latitude"",NORTH],AXIS[""Longitude"",EAST]]",False,,4837,False,Success
GSMaP_MVK,2022_11.tif,E:\Geospatial\Precipitation Downscaling\Precipitation-Downscaling-Khulna\data\processed\rasters_aligned\monthly\GSMaP_MVK\2022_11.tif,bilinear,"GEOGCS[""WGS 84"",DATUM[""World Geodetic System 1984"",SPHEROID[""WGS 84"",6378137,298.257223563]],PRIMEM[""Greenwich"",0],UNIT[""degree"",0.0174532925199433,AUTHORITY[""EPSG"",""9122""]],AXIS[""Latitude"",NORTH],AXIS[""Longitude"",EAST]]","GEOGCS[""WGS 84"",DATUM[""World Geodetic System 1984"",SPHEROID[""WGS 84"",6378137,298.257223563]],PRIMEM[""Greenwich"",0],UNIT[""degree"",0.0174532925199433,AUTHORITY[""EPSG"",""9122""]],AXIS[""Latitude"",NORTH],AXIS[""Longitude"",EAST]]",False,,4837,False,Success
GSMaP_MVK,2022_12.tif,E:\Geospatial\Precipitation Downscaling\Precipitation-Downscaling-Khulna\data\processed\rasters_aligned\monthly\GSMaP_MVK\2022_12.tif,bilinear,"GEOGCS[""WGS 84"",DATUM[""World Geodetic System 1984"",SPHEROID[""WGS 84"",6378137,298.257223563]],PRIMEM[""Greenwich"",0],UNIT[""degree"",0.0174532925199433,AUTHORITY[""EPSG"",""9122""]],AXIS[""Latitude"",NORTH],AXIS[""Longitude"",EAST]]","GEOGCS[""WGS 84"",DATUM[""World Geodetic System 1984"",SPHEROID[""WGS 84"",6378137,298.257223563]],PRIMEM[""Greenwich"",0],UNIT[""degree"",0.0174532925199433,AUTHORITY[""EPSG"",""9122""]],AXIS[""Latitude"",NORTH],AXIS[""Longitude"",EAST]]",False,,4837,False,Success
IMERG,2017_01.tif,E:\Geospatial\Precipitation Downscaling\Precipitation-Downscaling-Khulna\data\processed\rasters_aligned\monthly\IMERG\2017_01.tif,bilinear,"GEOGCS[""WGS 84"",DATUM[""World Geodetic System 1984"",SPHEROID[""WGS 84"",6378137,298.257223563]],PRIMEM[""Greenwich"",0],UNIT[""degree"",0.0174532925199433,AUTHORITY[""EPSG"",""9122""]],AXIS[""Latitude"",NORTH],AXIS[""Longitude"",EAST]]","GEOGCS[""WGS 84"",DATUM[""World Geodetic System 1984"",SPHEROID[""WGS 84"",6378137,298.257223563]],PRIMEM[""Greenwich"",0],UNIT[""degree"",0.0174532925199433,AUTHORITY[""EPSG"",""9122""]],AXIS[""Latitude"",NORTH],AXIS[""Longitude"",EAST]]",False,,4837,False,Success
IMERG,2017_02.tif,E:\Geospatial\Precipitation Downscaling\Precipitation-Downscaling-Khulna\data\processed\rasters_aligned\monthly\IMERG\2017_02.tif,bilinear,"GEOGCS[""WGS 84"",DATUM[""World Geodetic System 1984"",SPHEROID[""WGS 84"",6378137,298.257223563]],PRIMEM[""Greenwich"",0],UNIT[""degree"",0.0174532925199433,AUTHORITY[""EPSG"",""9122""]],AXIS[""Latitude"",NORTH],AXIS[""Longitude"",EAST]]","GEOGCS[""WGS 84"",DATUM[""World Geodetic System 1984"",SPHEROID[""WGS 84"",6378137,298.257223563]],PRIMEM[""Greenwich"",0],UNIT[""degree"",0.0174532925199433,AUTHORITY[""EPSG"",""9122""]],AXIS[""Latitude"",NORTH],AXIS[""Longitude"",EAST]]",False,,4837,False,Success
IMERG,2017_03.tif,E:\Geospatial\Precipitation Downscaling\Precipitation-Downscaling-Khulna\data\processed\rasters_aligned\monthly\IMERG\2017_03.tif,bilinear,"GEOGCS[""WGS 84"",DATUM[""World Geodetic System 1984"",SPHEROID[""WGS 84"",6378137,298.257223563]],PRIMEM[""Greenwich"",0],UNIT[""degree"",0.0174532925199433,AUTHORITY[""EPSG"",""9122""]],AXIS[""Latitude"",NORTH],AXIS[""Longitude"",EAST]]","GEOGCS[""WGS 84"",DATUM[""World Geodetic System 1984"",SPHEROID[""WGS 84"",6378137,298.257223563]],PRIMEM[""Greenwich"",0],UNIT[""degree"",0.0174532925199433,AUTHORITY[""EPSG"",""9122""]],AXIS[""Latitude"",NORTH],AXIS[""Longitude"",EAST]]",False,,4837,False,Success
IMERG,2017_04.tif,E:\Geospatial\Precipitation Downscaling\Precipitation-Downscaling-Khulna\data\processed\rasters_aligned\monthly\IMERG\2017_04.tif,bilinear,"GEOGCS[""WGS 84"",DATUM[""World Geodetic System 1984"",SPHEROID[""WGS 84"",6378137,298.257223563]],PRIMEM[""Greenwich"",0],UNIT[""degree"",0.0174532925199433,AUTHORITY[""EPSG"",""9122""]],AXIS[""Latitude"",NORTH],AXIS[""Longitude"",EAST]]","GEOGCS[""WGS 84"",DATUM[""World Geodetic System 1984"",SPHEROID[""WGS 84"",6378137,298.257223563]],PRIMEM[""Greenwich"",0],UNIT[""degree"",0.0174532925199433,AUTHORITY[""EPSG"",""9122""]],AXIS[""Latitude"",NORTH],AXIS[""Longitude"",EAST]]",False,,4837,False,Success
IMERG,2017_05.tif,E:\Geospatial\Precipitation Downscaling\Precipitation-Downscaling-Khulna\data\processed\rasters_aligned\monthly\IMERG\2017_05.tif,bilinear,"GEOGCS[""WGS 84"",DATUM[""World Geodetic System 1984"",SPHEROID[""WGS 84"",6378137,298.257223563]],PRIMEM[""Greenwich"",0],UNIT[""degree"",0.0174532925199433,AUTHORITY[""EPSG"",""9122""]],AXIS[""Latitude"",NORTH],AXIS[""Longitude"",EAST]]","GEOGCS[""WGS 84"",DATUM[""World Geodetic System 1984"",SPHEROID[""WGS 84"",6378137,298.257223563]],PRIMEM[""Greenwich"",0],UNIT[""degree"",0.0174532925199433,AUTHORITY[""EPSG"",""9122""]],AXIS[""Latitude"",NORTH],AXIS[""Longitude"",EAST]]",False,,4837,False,Success
IMERG,2017_06.tif,E:\Geospatial\Precipitation Downscaling\Precipitation-Downscaling-Khulna\data\processed\rasters_aligned\monthly\IMERG\2017_06.tif,bilinear,"GEOGCS[""WGS 84"",DATUM[""World Geodetic System 1984"",SPHEROID[""WGS 84"",6378137,298.257223563]],PRIMEM[""Greenwich"",0],UNIT[""degree"",0.0174532925199433,AUTHORITY[""EPSG"",""9122""]],AXIS[""Latitude"",NORTH],AXIS[""Longitude"",EAST]]","GEOGCS[""WGS 84"",DATUM[""World Geodetic System 1984"",SPHEROID[""WGS 84"",6378137,298.257223563]],PRIMEM[""Greenwich"",0],UNIT[""degree"",0.0174532925199433,AUTHORITY[""EPSG"",""9122""]],AXIS[""Latitude"",NORTH],AXIS[""Longitude"",EAST]]",False,,4837,False,Success
IMERG,2017_07.tif,E:\Geospatial\Precipitation Downscaling\Precipitation-Downscaling-Khulna\data\processed\rasters_aligned\monthly\IMERG\2017_07.tif,bilinear,"GEOGCS[""WGS 84"",DATUM[""World Geodetic System 1984"",SPHEROID[""WGS 84"",6378137,298.257223563]],PRIMEM[""Greenwich"",0],UNIT[""degree"",0.0174532925199433,AUTHORITY[""EPSG"",""9122""]],AXIS[""Latitude"",NORTH],AXIS[""Longitude"",EAST]]","GEOGCS[""WGS 84"",DATUM[""World Geodetic System 1984"",SPHEROID[""WGS 84"",6378137,298.257223563]],PRIMEM[""Greenwich"",0],UNIT[""degree"",0.0174532925199433,AUTHORITY[""EPSG"",""9122""]],AXIS[""Latitude"",NORTH],AXIS[""Longitude"",EAST]]",False,,4837,False,Success
IMERG,2017_08.tif,E:\Geospatial\Precipitation Downscaling\Precipitation-Downscaling-Khulna\data\processed\rasters_aligned\monthly\IMERG\2017_08.tif,bilinear,"GEOGCS[""WGS 84"",DATUM[""World Geodetic System 1984"",SPHEROID[""WGS 84"",6378137,298.257223563]],PRIMEM[""Greenwich"",0],UNIT[""degree"",0.0174532925199433,AUTHORITY[""EPSG"",""9122""]],AXIS[""Latitude"",NORTH],AXIS[""Longitude"",EAST]]","GEOGCS[""WGS 84"",DATUM[""World Geodetic System 1984"",SPHEROID[""WGS 84"",6378137,298.257223563]],PRIMEM[""Greenwich"",0],UNIT[""degree"",0.0174532925199433,AUTHORITY[""EPSG"",""9122""]],AXIS[""Latitude"",NORTH],AXIS[""Longitude"",EAST]]",False,,4837,False,Success
IMERG,2017_09.tif,E:\Geospatial\Precipitation Downscaling\Precipitation-Downscaling-Khulna\data\processed\rasters_aligned\monthly\IMERG\2017_09.tif,bilinear,"GEOGCS[""WGS 84"",DATUM[""World Geodetic System 1984"",SPHEROID[""WGS 84"",6378137,298.257223563]],PRIMEM[""Greenwich"",0],UNIT[""degree"",0.0174532925199433,AUTHORITY[""EPSG"",""9122""]],AXIS[""Latitude"",NORTH],AXIS[""Longitude"",EAST]]","GEOGCS[""WGS 84"",DATUM[""World Geodetic System 1984"",SPHEROID[""WGS 84"",6378137,298.257223563]],PRIMEM[""Greenwich"",0],UNIT[""degree"",0.0174532925199433,AUTHORITY[""EPSG"",""9122""]],AXIS[""Latitude"",NORTH],AXIS[""Longitude"",EAST]]",False,,4837,False,Success
IMERG,2017_10.tif,E:\Geospatial\Precipitation Downscaling\Precipitation-Downscaling-Khulna\data\processed\rasters_aligned\monthly\IMERG\2017_10.tif,bilinear,"GEOGCS[""WGS 84"",DATUM[""World Geodetic System 1984"",SPHEROID[""WGS 84"",6378137,298.257223563]],PRIMEM[""Greenwich"",0],UNIT[""degree"",0.0174532925199433,AUTHORITY[""EPSG"",""9122""]],AXIS[""Latitude"",NORTH],AXIS[""Longitude"",EAST]]","GEOGCS[""WGS 84"",DATUM[""World Geodetic System 1984"",SPHEROID[""WGS 84"",6378137,298.257223563]],PRIMEM[""Greenwich"",0],UNIT[""degree"",0.0174532925199433,AUTHORITY[""EPSG"",""9122""]],AXIS[""Latitude"",NORTH],AXIS[""Longitude"",EAST]]",False,,4837,False,Success
IMERG,2017_11.tif,E:\Geospatial\Precipitation Downscaling\Precipitation-Downscaling-Khulna\data\processed\rasters_aligned\monthly\IMERG\2017_11.tif,bilinear,"GEOGCS[""WGS 84"",DATUM[""World Geodetic System 1984"",SPHEROID[""WGS 84"",6378137,298.257223563]],PRIMEM[""Greenwich"",0],UNIT[""degree"",0.0174532925199433,AUTHORITY[""EPSG"",""9122""]],AXIS[""Latitude"",NORTH],AXIS[""Longitude"",EAST]]","GEOGCS[""WGS 84"",DATUM[""World Geodetic System 1984"",SPHEROID[""WGS 84"",6378137,298.257223563]],PRIMEM[""Greenwich"",0],UNIT[""degree"",0.0174532925199433,AUTHORITY[""EPSG"",""9122""]],AXIS[""Latitude"",NORTH],AXIS[""Longitude"",EAST]]",False,,4837,False,Success
IMERG,2017_12.tif,E:\Geospatial\Precipitation Downscaling\Precipitation-Downscaling-Khulna\data\processed\rasters_aligned\monthly\IMERG\2017_12.tif,bilinear,"GEOGCS[""WGS 84"",DATUM[""World Geodetic System 1984"",SPHEROID[""WGS 84"",6378137,298.257223563]],PRIMEM[""Greenwich"",0],UNIT[""degree"",0.0174532925199433,AUTHORITY[""EPSG"",""9122""]],AXIS[""Latitude"",NORTH],AXIS[""Longitude"",EAST]]","GEOGCS[""WGS 84"",DATUM[""World Geodetic System 1984"",SPHEROID[""WGS 84"",6378137,298.257223563]],PRIMEM[""Greenwich"",0],UNIT[""degree"",0.0174532925199433,AUTHORITY[""EPSG"",""9122""]],AXIS[""Latitude"",NORTH],AXIS[""Longitude"",EAST]]",False,,4837,False,Success
IMERG,2018_01.tif,E:\Geospatial\Precipitation Downscaling\Precipitation-Downscaling-Khulna\data\processed\rasters_aligned\monthly\IMERG\2018_01.tif,bilinear,"GEOGCS[""WGS 84"",DATUM[""World Geodetic System 1984"",SPHEROID[""WGS 84"",6378137,298.257223563]],PRIMEM[""Greenwich"",0],UNIT[""degree"",0.0174532925199433,AUTHORITY[""EPSG"",""9122""]],AXIS[""Latitude"",NORTH],AXIS[""Longitude"",EAST]]","GEOGCS[""WGS 84"",DATUM[""World Geodetic System 1984"",SPHEROID[""WGS 84"",6378137,298.257223563]],PRIMEM[""Greenwich"",0],UNIT[""degree"",0.0174532925199433,AUTHORITY[""EPSG"",""9122""]],AXIS[""Latitude"",NORTH],AXIS[""Longitude"",EAST]]",False,,4837,False,Success
IMERG,2018_02.tif,E:\Geospatial\Precipitation Downscaling\Precipitation-Downscaling-Khulna\data\processed\rasters_aligned\monthly\IMERG\2018_02.tif,bilinear,"GEOGCS[""WGS 84"",DATUM[""World Geodetic System 1984"",SPHEROID[""WGS 84"",6378137,298.257223563]],PRIMEM[""Greenwich"",0],UNIT[""degree"",0.0174532925199433,AUTHORITY[""EPSG"",""9122""]],AXIS[""Latitude"",NORTH],AXIS[""Longitude"",EAST]]","GEOGCS[""WGS 84"",DATUM[""World Geodetic System 1984"",SPHEROID[""WGS 84"",6378137,298.257223563]],PRIMEM[""Greenwich"",0],UNIT[""degree"",0.0174532925199433,AUTHORITY[""EPSG"",""9122""]],AXIS[""Latitude"",NORTH],AXIS[""Longitude"",EAST]]",False,,4837,False,Success
IMERG,2018_03.tif,E:\Geospatial\Precipitation Downscaling\Precipitation-Downscaling-Khulna\data\processed\rasters_aligned\monthly\IMERG\2018_03.tif,bilinear,"GEOGCS[""WGS 84"",DATUM[""World Geodetic System 1984"",SPHEROID[""WGS 84"",6378137,298.257223563]],PRIMEM[""Greenwich"",0],UNIT[""degree"",0.0174532925199433,AUTHORITY[""EPSG"",""9122""]],AXIS[""Latitude"",NORTH],AXIS[""Longitude"",EAST]]","GEOGCS[""WGS 84"",DATUM[""World Geodetic System 1984"",SPHEROID[""WGS 84"",6378137,298.257223563]],PRIMEM[""Greenwich"",0],UNIT[""degree"",0.0174532925199433,AUTHORITY[""EPSG"",""9122""]],AXIS[""Latitude"",NORTH],AXIS[""Longitude"",EAST]]",False,,4837,False,Success
IMERG,2018_04.tif,E:\Geospatial\Precipitation Downscaling\Precipitation-Downscaling-Khulna\data\processed\rasters_aligned\monthly\IMERG\2018_04.tif,bilinear,"GEOGCS[""WGS 84"",DATUM[""World Geodetic System 1984"",SPHEROID[""WGS 84"",6378137,298.257223563]],PRIMEM[""Greenwich"",0],UNIT[""degree"",0.0174532925199433,AUTHORITY[""EPSG"",""9122""]],AXIS[""Latitude"",NORTH],AXIS[""Longitude"",EAST]]","GEOGCS[""WGS 84"",DATUM[""World Geodetic System 1984"",SPHEROID[""WGS 84"",6378137,298.257223563]],PRIMEM[""Greenwich"",0],UNIT[""degree"",0.0174532925199433,AUTHORITY[""EPSG"",""9122""]],AXIS[""Latitude"",NORTH],AXIS[""Longitude"",EAST]]",False,,4837,False,Success
IMERG,2018_05.tif,E:\Geospatial\Precipitation Downscaling\Precipitation-Downscaling-Khulna\data\processed\rasters_aligned\monthly\IMERG\2018_05.tif,bilinear,"GEOGCS[""WGS 84"",DATUM[""World Geodetic System 1984"",SPHEROID[""WGS 84"",6378137,298.257223563]],PRIMEM[""Greenwich"",0],UNIT[""degree"",0.0174532925199433,AUTHORITY[""EPSG"",""9122""]],AXIS[""Latitude"",NORTH],AXIS[""Longitude"",EAST]]","GEOGCS[""WGS 84"",DATUM[""World Geodetic System 1984"",SPHEROID[""WGS 84"",6378137,298.257223563]],PRIMEM[""Greenwich"",0],UNIT[""degree"",0.0174532925199433,AUTHORITY[""EPSG"",""9122""]],AXIS[""Latitude"",NORTH],AXIS[""Longitude"",EAST]]",False,,4837,False,Success
IMERG,2018_06.tif,E:\Geospatial\Precipitation Downscaling\Precipitation-Downscaling-Khulna\data\processed\rasters_aligned\monthly\IMERG\2018_06.tif,bilinear,"GEOGCS[""WGS 84"",DATUM[""World Geodetic System 1984"",SPHEROID[""WGS 84"",6378137,298.257223563]],PRIMEM[""Greenwich"",0],UNIT[""degree"",0.0174532925199433,AUTHORITY[""EPSG"",""9122""]],AXIS[""Latitude"",NORTH],AXIS[""Longitude"",EAST]]","GEOGCS[""WGS 84"",DATUM[""World Geodetic System 1984"",SPHEROID[""WGS 84"",6378137,298.257223563]],PRIMEM[""Greenwich"",0],UNIT[""degree"",0.0174532925199433,AUTHORITY[""EPSG"",""9122""]],AXIS[""Latitude"",NORTH],AXIS[""Longitude"",EAST]]",False,,4837,False,Success
IMERG,2018_07.tif,E:\Geospatial\Precipitation Downscaling\Precipitation-Downscaling-Khulna\data\processed\rasters_aligned\monthly\IMERG\2018_07.tif,bilinear,"GEOGCS[""WGS 84"",DATUM[""World Geodetic System 1984"",SPHEROID[""WGS 84"",6378137,298.257223563]],PRIMEM[""Greenwich"",0],UNIT[""degree"",0.0174532925199433,AUTHORITY[""EPSG"",""9122""]],AXIS[""Latitude"",NORTH],AXIS[""Longitude"",EAST]]","GEOGCS[""WGS 84"",DATUM[""World Geodetic System 1984"",SPHEROID[""WGS 84"",6378137,298.257223563]],PRIMEM[""Greenwich"",0],UNIT[""degree"",0.0174532925199433,AUTHORITY[""EPSG"",""9122""]],AXIS[""Latitude"",NORTH],AXIS[""Longitude"",EAST]]",False,,4837,False,Success
IMERG,2018_08.tif,E:\Geospatial\Precipitation Downscaling\Precipitation-Downscaling-Khulna\data\processed\rasters_aligned\monthly\IMERG\2018_08.tif,bilinear,"GEOGCS[""WGS 84"",DATUM[""World Geodetic System 1984"",SPHEROID[""WGS 84"",6378137,298.257223563]],PRIMEM[""Greenwich"",0],UNIT[""degree"",0.0174532925199433,AUTHORITY[""EPSG"",""9122""]],AXIS[""Latitude"",NORTH],AXIS[""Longitude"",EAST]]","GEOGCS[""WGS 84"",DATUM[""World Geodetic System 1984"",SPHEROID[""WGS 84"",6378137,298.257223563]],PRIMEM[""Greenwich"",0],UNIT[""degree"",0.0174532925199433,AUTHORITY[""EPSG"",""9122""]],AXIS[""Latitude"",NORTH],AXIS[""Longitude"",EAST]]",False,,4837,False,Success
IMERG,2018_09.tif,E:\Geospatial\Precipitation Downscaling\Precipitation-Downscaling-Khulna\data\processed\rasters_aligned\monthly\IMERG\2018_09.tif,bilinear,"GEOGCS[""WGS 84"",DATUM[""World Geodetic System 1984"",SPHEROID[""WGS 84"",6378137,298.257223563]],PRIMEM[""Greenwich"",0],UNIT[""degree"",0.0174532925199433,AUTHORITY[""EPSG"",""9122""]],AXIS[""Latitude"",NORTH],AXIS[""Longitude"",EAST]]","GEOGCS[""WGS 84"",DATUM[""World Geodetic System 1984"",SPHEROID[""WGS 84"",6378137,298.257223563]],PRIMEM[""Greenwich"",0],UNIT[""degree"",0.0174532925199433,AUTHORITY[""EPSG"",""9122""]],AXIS[""Latitude"",NORTH],AXIS[""Longitude"",EAST]]",False,,4837,False,Success
IMERG,2018_10.tif,E:\Geospatial\Precipitation Downscaling\Precipitation-Downscaling-Khulna\data\processed\rasters_aligned\monthly\IMERG\2018_10.tif,bilinear,"GEOGCS[""WGS 84"",DATUM[""World Geodetic System 1984"",SPHEROID[""WGS 84"",6378137,298.257223563]],PRIMEM[""Greenwich"",0],UNIT[""degree"",0.0174532925199433,AUTHORITY[""EPSG"",""9122""]],AXIS[""Latitude"",NORTH],AXIS[""Longitude"",EAST]]","GEOGCS[""WGS 84"",DATUM[""World Geodetic System 1984"",SPHEROID[""WGS 84"",6378137,298.257223563]],PRIMEM[""Greenwich"",0],UNIT[""degree"",0.0174532925199433,AUTHORITY[""EPSG"",""9122""]],AXIS[""Latitude"",NORTH],AXIS[""Longitude"",EAST]]",False,,4837,False,Success
IMERG,2018_11.tif,E:\Geospatial\Precipitation Downscaling\Precipitation-Downscaling-Khulna\data\processed\rasters_aligned\monthly\IMERG\2018_11.tif,bilinear,"GEOGCS[""WGS 84"",DATUM[""World Geodetic System 1984"",SPHEROID[""WGS 84"",6378137,298.257223563]],PRIMEM[""Greenwich"",0],UNIT[""degree"",0.0174532925199433,AUTHORITY[""EPSG"",""9122""]],AXIS[""Latitude"",NORTH],AXIS[""Longitude"",EAST]]","GEOGCS[""WGS 84"",DATUM[""World Geodetic System 1984"",SPHEROID[""WGS 84"",6378137,298.257223563]],PRIMEM[""Greenwich"",0],UNIT[""degree"",0.0174532925199433,AUTHORITY[""EPSG"",""9122""]],AXIS[""Latitude"",NORTH],AXIS[""Longitude"",EAST]]",False,,4837,False,Success
IMERG,2018_12.tif,E:\Geospatial\Precipitation Downscaling\Precipitation-Downscaling-Khulna\data\processed\rasters_aligned\monthly\IMERG\2018_12.tif,bilinear,"GEOGCS[""WGS 84"",DATUM[""World Geodetic System 1984"",SPHEROID[""WGS 84"",6378137,298.257223563]],PRIMEM[""Greenwich"",0],UNIT[""degree"",0.0174532925199433,AUTHORITY[""EPSG"",""9122""]],AXIS[""Latitude"",NORTH],AXIS[""Longitude"",EAST]]","GEOGCS[""WGS 84"",DATUM[""World Geodetic System 1984"",SPHEROID[""WGS 84"",6378137,298.257223563]],PRIMEM[""Greenwich"",0],UNIT[""degree"",0.0174532925199433,AUTHORITY[""EPSG"",""9122""]],AXIS[""Latitude"",NORTH],AXIS[""Longitude"",EAST]]",False,,4837,False,Success
IMERG,2019_01.tif,E:\Geospatial\Precipitation Downscaling\Precipitation-Downscaling-Khulna\data\processed\rasters_aligned\monthly\IMERG\2019_01.tif,bilinear,"GEOGCS[""WGS 84"",DATUM[""World Geodetic System 1984"",SPHEROID[""WGS 84"",6378137,298.257223563]],PRIMEM[""Greenwich"",0],UNIT[""degree"",0.0174532925199433,AUTHORITY[""EPSG"",""9122""]],AXIS[""Latitude"",NORTH],AXIS[""Longitude"",EAST]]","GEOGCS[""WGS 84"",DATUM[""World Geodetic System 1984"",SPHEROID[""WGS 84"",6378137,298.257223563]],PRIMEM[""Greenwich"",0],UNIT[""degree"",0.0174532925199433,AUTHORITY[""EPSG"",""9122""]],AXIS[""Latitude"",NORTH],AXIS[""Longitude"",EAST]]",False,,4837,False,Success
IMERG,2019_02.tif,E:\Geospatial\Precipitation Downscaling\Precipitation-Downscaling-Khulna\data\processed\rasters_aligned\monthly\IMERG\2019_02.tif,bilinear,"GEOGCS[""WGS 84"",DATUM[""World Geodetic System 1984"",SPHEROID[""WGS 84"",6378137,298.257223563]],PRIMEM[""Greenwich"",0],UNIT[""degree"",0.0174532925199433,AUTHORITY[""EPSG"",""9122""]],AXIS[""Latitude"",NORTH],AXIS[""Longitude"",EAST]]","GEOGCS[""WGS 84"",DATUM[""World Geodetic System 1984"",SPHEROID[""WGS 84"",6378137,298.257223563]],PRIMEM[""Greenwich"",0],UNIT[""degree"",0.0174532925199433,AUTHORITY[""EPSG"",""9122""]],AXIS[""Latitude"",NORTH],AXIS[""Longitude"",EAST]]",False,,4837,False,Success
IMERG,2019_03.tif,E:\Geospatial\Precipitation Downscaling\Precipitation-Downscaling-Khulna\data\processed\rasters_aligned\monthly\IMERG\2019_03.tif,bilinear,"GEOGCS[""WGS 84"",DATUM[""World Geodetic System 1984"",SPHEROID[""WGS 84"",6378137,298.257223563]],PRIMEM[""Greenwich"",0],UNIT[""degree"",0.0174532925199433,AUTHORITY[""EPSG"",""9122""]],AXIS[""Latitude"",NORTH],AXIS[""Longitude"",EAST]]","GEOGCS[""WGS 84"",DATUM[""World Geodetic System 1984"",SPHEROID[""WGS 84"",6378137,298.257223563]],PRIMEM[""Greenwich"",0],UNIT[""degree"",0.0174532925199433,AUTHORITY[""EPSG"",""9122""]],AXIS[""Latitude"",NORTH],AXIS[""Longitude"",EAST]]",False,,4837,False,Success
IMERG,2019_04.tif,E:\Geospatial\Precipitation Downscaling\Precipitation-Downscaling-Khulna\data\processed\rasters_aligned\monthly\IMERG\2019_04.tif,bilinear,"GEOGCS[""WGS 84"",DATUM[""World Geodetic System 1984"",SPHEROID[""WGS 84"",6378137,298.257223563]],PRIMEM[""Greenwich"",0],UNIT[""degree"",0.0174532925199433,AUTHORITY[""EPSG"",""9122""]],AXIS[""Latitude"",NORTH],AXIS[""Longitude"",EAST]]","GEOGCS[""WGS 84"",DATUM[""World Geodetic System 1984"",SPHEROID[""WGS 84"",6378137,298.257223563]],PRIMEM[""Greenwich"",0],UNIT[""degree"",0.0174532925199433,AUTHORITY[""EPSG"",""9122""]],AXIS[""Latitude"",NORTH],AXIS[""Longitude"",EAST]]",False,,4837,False,Success
IMERG,2019_05.tif,E:\Geospatial\Precipitation Downscaling\Precipitation-Downscaling-Khulna\data\processed\rasters_aligned\monthly\IMERG\2019_05.tif,bilinear,"GEOGCS[""WGS 84"",DATUM[""World Geodetic System 1984"",SPHEROID[""WGS 84"",6378137,298.257223563]],PRIMEM[""Greenwich"",0],UNIT[""degree"",0.0174532925199433,AUTHORITY[""EPSG"",""9122""]],AXIS[""Latitude"",NORTH],AXIS[""Longitude"",EAST]]","GEOGCS[""WGS 84"",DATUM[""World Geodetic System 1984"",SPHEROID[""WGS 84"",6378137,298.257223563]],PRIMEM[""Greenwich"",0],UNIT[""degree"",0.0174532925199433,AUTHORITY[""EPSG"",""9122""]],AXIS[""Latitude"",NORTH],AXIS[""Longitude"",EAST]]",False,,4837,False,Success
IMERG,2019_06.tif,E:\Geospatial\Precipitation Downscaling\Precipitation-Downscaling-Khulna\data\processed\rasters_aligned\monthly\IMERG\2019_06.tif,bilinear,"GEOGCS[""WGS 84"",DATUM[""World Geodetic System 1984"",SPHEROID[""WGS 84"",6378137,298.257223563]],PRIMEM[""Greenwich"",0],UNIT[""degree"",0.0174532925199433,AUTHORITY[""EPSG"",""9122""]],AXIS[""Latitude"",NORTH],AXIS[""Longitude"",EAST]]","GEOGCS[""WGS 84"",DATUM[""World Geodetic System 1984"",SPHEROID[""WGS 84"",6378137,298.257223563]],PRIMEM[""Greenwich"",0],UNIT[""degree"",0.0174532925199433,AUTHORITY[""EPSG"",""9122""]],AXIS[""Latitude"",NORTH],AXIS[""Longitude"",EAST]]",False,,4837,False,Success
IMERG,2019_07.tif,E:\Geospatial\Precipitation Downscaling\Precipitation-Downscaling-Khulna\data\processed\rasters_aligned\monthly\IMERG\2019_07.tif,bilinear,"GEOGCS[""WGS 84"",DATUM[""World Geodetic System 1984"",SPHEROID[""WGS 84"",6378137,298.257223563]],PRIMEM[""Greenwich"",0],UNIT[""degree"",0.0174532925199433,AUTHORITY[""EPSG"",""9122""]],AXIS[""Latitude"",NORTH],AXIS[""Longitude"",EAST]]","GEOGCS[""WGS 84"",DATUM[""World Geodetic System 1984"",SPHEROID[""WGS 84"",6378137,298.257223563]],PRIMEM[""Greenwich"",0],UNIT[""degree"",0.0174532925199433,AUTHORITY[""EPSG"",""9122""]],AXIS[""Latitude"",NORTH],AXIS[""Longitude"",EAST]]",False,,4837,False,Success
IMERG,2019_08.tif,E:\Geospatial\Precipitation Downscaling\Precipitation-Downscaling-Khulna\data\processed\rasters_aligned\monthly\IMERG\2019_08.tif,bilinear,"GEOGCS[""WGS 84"",DATUM[""World Geodetic System 1984"",SPHEROID[""WGS 84"",6378137,298.257223563]],PRIMEM[""Greenwich"",0],UNIT[""degree"",0.0174532925199433,AUTHORITY[""EPSG"",""9122""]],AXIS[""Latitude"",NORTH],AXIS[""Longitude"",EAST]]","GEOGCS[""WGS 84"",DATUM[""World Geodetic System 1984"",SPHEROID[""WGS 84"",6378137,298.257223563]],PRIMEM[""Greenwich"",0],UNIT[""degree"",0.0174532925199433,AUTHORITY[""EPSG"",""9122""]],AXIS[""Latitude"",NORTH],AXIS[""Longitude"",EAST]]",False,,4837,False,Success
IMERG,2019_09.tif,E:\Geospatial\Precipitation Downscaling\Precipitation-Downscaling-Khulna\data\processed\rasters_aligned\monthly\IMERG\2019_09.tif,bilinear,"GEOGCS[""WGS 84"",DATUM[""World Geodetic System 1984"",SPHEROID[""WGS 84"",6378137,298.257223563]],PRIMEM[""Greenwich"",0],UNIT[""degree"",0.0174532925199433,AUTHORITY[""EPSG"",""9122""]],AXIS[""Latitude"",NORTH],AXIS[""Longitude"",EAST]]","GEOGCS[""WGS 84"",DATUM[""World Geodetic System 1984"",SPHEROID[""WGS 84"",6378137,298.257223563]],PRIMEM[""Greenwich"",0],UNIT[""degree"",0.0174532925199433,AUTHORITY[""EPSG"",""9122""]],AXIS[""Latitude"",NORTH],AXIS[""Longitude"",EAST]]",False,,4837,False,Success
IMERG,2019_10.tif,E:\Geospatial\Precipitation Downscaling\Precipitation-Downscaling-Khulna\data\processed\rasters_aligned\monthly\IMERG\2019_10.tif,bilinear,"GEOGCS[""WGS 84"",DATUM[""World Geodetic System 1984"",SPHEROID[""WGS 84"",6378137,298.257223563]],PRIMEM[""Greenwich"",0],UNIT[""degree"",0.0174532925199433,AUTHORITY[""EPSG"",""9122""]],AXIS[""Latitude"",NORTH],AXIS[""Longitude"",EAST]]","GEOGCS[""WGS 84"",DATUM[""World Geodetic System 1984"",SPHEROID[""WGS 84"",6378137,298.257223563]],PRIMEM[""Greenwich"",0],UNIT[""degree"",0.0174532925199433,AUTHORITY[""EPSG"",""9122""]],AXIS[""Latitude"",NORTH],AXIS[""Longitude"",EAST]]",False,,4837,False,Success
IMERG,2019_11.tif,E:\Geospatial\Precipitation Downscaling\Precipitation-Downscaling-Khulna\data\processed\rasters_aligned\monthly\IMERG\2019_11.tif,bilinear,"GEOGCS[""WGS 84"",DATUM[""World Geodetic System 1984"",SPHEROID[""WGS 84"",6378137,298.257223563]],PRIMEM[""Greenwich"",0],UNIT[""degree"",0.0174532925199433,AUTHORITY[""EPSG"",""9122""]],AXIS[""Latitude"",NORTH],AXIS[""Longitude"",EAST]]","GEOGCS[""WGS 84"",DATUM[""World Geodetic System 1984"",SPHEROID[""WGS 84"",6378137,298.257223563]],PRIMEM[""Greenwich"",0],UNIT[""degree"",0.0174532925199433,AUTHORITY[""EPSG"",""9122""]],AXIS[""Latitude"",NORTH],AXIS[""Longitude"",EAST]]",False,,4837,False,Success
IMERG,2019_12.tif,E:\Geospatial\Precipitation Downscaling\Precipitation-Downscaling-Khulna\data\processed\rasters_aligned\monthly\IMERG\2019_12.tif,bilinear,"GEOGCS[""WGS 84"",DATUM[""World Geodetic System 1984"",SPHEROID[""WGS 84"",6378137,298.257223563]],PRIMEM[""Greenwich"",0],UNIT[""degree"",0.0174532925199433,AUTHORITY[""EPSG"",""9122""]],AXIS[""Latitude"",NORTH],AXIS[""Longitude"",EAST]]","GEOGCS[""WGS 84"",DATUM[""World Geodetic System 1984"",SPHEROID[""WGS 84"",6378137,298.257223563]],PRIMEM[""Greenwich"",0],UNIT[""degree"",0.0174532925199433,AUTHORITY[""EPSG"",""9122""]],AXIS[""Latitude"",NORTH],AXIS[""Longitude"",EAST]]",False,,4837,False,Success
IMERG,2020_01.tif,E:\Geospatial\Precipitation Downscaling\Precipitation-Downscaling-Khulna\data\processed\rasters_aligned\monthly\IMERG\2020_01.tif,bilinear,"GEOGCS[""WGS 84"",DATUM[""World Geodetic System 1984"",SPHEROID[""WGS 84"",6378137,298.257223563]],PRIMEM[""Greenwich"",0],UNIT[""degree"",0.0174532925199433,AUTHORITY[""EPSG"",""9122""]],AXIS[""Latitude"",NORTH],AXIS[""Longitude"",EAST]]","GEOGCS[""WGS 84"",DATUM[""World Geodetic System 1984"",SPHEROID[""WGS 84"",6378137,298.257223563]],PRIMEM[""Greenwich"",0],UNIT[""degree"",0.0174532925199433,AUTHORITY[""EPSG"",""9122""]],AXIS[""Latitude"",NORTH],AXIS[""Longitude"",EAST]]",False,,4837,False,Success
IMERG,2020_02.tif,E:\Geospatial\Precipitation Downscaling\Precipitation-Downscaling-Khulna\data\processed\rasters_aligned\monthly\IMERG\2020_02.tif,bilinear,"GEOGCS[""WGS 84"",DATUM[""World Geodetic System 1984"",SPHEROID[""WGS 84"",6378137,298.257223563]],PRIMEM[""Greenwich"",0],UNIT[""degree"",0.0174532925199433,AUTHORITY[""EPSG"",""9122""]],AXIS[""Latitude"",NORTH],AXIS[""Longitude"",EAST]]","GEOGCS[""WGS 84"",DATUM[""World Geodetic System 1984"",SPHEROID[""WGS 84"",6378137,298.257223563]],PRIMEM[""Greenwich"",0],UNIT[""degree"",0.0174532925199433,AUTHORITY[""EPSG"",""9122""]],AXIS[""Latitude"",NORTH],AXIS[""Longitude"",EAST]]",False,,4837,False,Success
IMERG,2020_03.tif,E:\Geospatial\Precipitation Downscaling\Precipitation-Downscaling-Khulna\data\processed\rasters_aligned\monthly\IMERG\2020_03.tif,bilinear,"GEOGCS[""WGS 84"",DATUM[""World Geodetic System 1984"",SPHEROID[""WGS 84"",6378137,298.257223563]],PRIMEM[""Greenwich"",0],UNIT[""degree"",0.0174532925199433,AUTHORITY[""EPSG"",""9122""]],AXIS[""Latitude"",NORTH],AXIS[""Longitude"",EAST]]","GEOGCS[""WGS 84"",DATUM[""World Geodetic System 1984"",SPHEROID[""WGS 84"",6378137,298.257223563]],PRIMEM[""Greenwich"",0],UNIT[""degree"",0.0174532925199433,AUTHORITY[""EPSG"",""9122""]],AXIS[""Latitude"",NORTH],AXIS[""Longitude"",EAST]]",False,,4837,False,Success
IMERG,2020_04.tif,E:\Geospatial\Precipitation Downscaling\Precipitation-Downscaling-Khulna\data\processed\rasters_aligned\monthly\IMERG\2020_04.tif,bilinear,"GEOGCS[""WGS 84"",DATUM[""World Geodetic System 1984"",SPHEROID[""WGS 84"",6378137,298.257223563]],PRIMEM[""Greenwich"",0],UNIT[""degree"",0.0174532925199433,AUTHORITY[""EPSG"",""9122""]],AXIS[""Latitude"",NORTH],AXIS[""Longitude"",EAST]]","GEOGCS[""WGS 84"",DATUM[""World Geodetic System 1984"",SPHEROID[""WGS 84"",6378137,298.257223563]],PRIMEM[""Greenwich"",0],UNIT[""degree"",0.0174532925199433,AUTHORITY[""EPSG"",""9122""]],AXIS[""Latitude"",NORTH],AXIS[""Longitude"",EAST]]",False,,4837,False,Success
IMERG,2020_05.tif,E:\Geospatial\Precipitation Downscaling\Precipitation-Downscaling-Khulna\data\processed\rasters_aligned\monthly\IMERG\2020_05.tif,bilinear,"GEOGCS[""WGS 84"",DATUM[""World Geodetic System 1984"",SPHEROID[""WGS 84"",6378137,298.257223563]],PRIMEM[""Greenwich"",0],UNIT[""degree"",0.0174532925199433,AUTHORITY[""EPSG"",""9122""]],AXIS[""Latitude"",NORTH],AXIS[""Longitude"",EAST]]","GEOGCS[""WGS 84"",DATUM[""World Geodetic System 1984"",SPHEROID[""WGS 84"",6378137,298.257223563]],PRIMEM[""Greenwich"",0],UNIT[""degree"",0.0174532925199433,AUTHORITY[""EPSG"",""9122""]],AXIS[""Latitude"",NORTH],AXIS[""Longitude"",EAST]]",False,,4837,False,Success
IMERG,2020_06.tif,E:\Geospatial\Precipitation Downscaling\Precipitation-Downscaling-Khulna\data\processed\rasters_aligned\monthly\IMERG\2020_06.tif,bilinear,"GEOGCS[""WGS 84"",DATUM[""World Geodetic System 1984"",SPHEROID[""WGS 84"",6378137,298.257223563]],PRIMEM[""Greenwich"",0],UNIT[""degree"",0.0174532925199433,AUTHORITY[""EPSG"",""9122""]],AXIS[""Latitude"",NORTH],AXIS[""Longitude"",EAST]]","GEOGCS[""WGS 84"",DATUM[""World Geodetic System 1984"",SPHEROID[""WGS 84"",6378137,298.257223563]],PRIMEM[""Greenwich"",0],UNIT[""degree"",0.0174532925199433,AUTHORITY[""EPSG"",""9122""]],AXIS[""Latitude"",NORTH],AXIS[""Longitude"",EAST]]",False,,4837,False,Success
IMERG,2020_07.tif,E:\Geospatial\Precipitation Downscaling\Precipitation-Downscaling-Khulna\data\processed\rasters_aligned\monthly\IMERG\2020_07.tif,bilinear,"GEOGCS[""WGS 84"",DATUM[""World Geodetic System 1984"",SPHEROID[""WGS 84"",6378137,298.257223563]],PRIMEM[""Greenwich"",0],UNIT[""degree"",0.0174532925199433,AUTHORITY[""EPSG"",""9122""]],AXIS[""Latitude"",NORTH],AXIS[""Longitude"",EAST]]","GEOGCS[""WGS 84"",DATUM[""World Geodetic System 1984"",SPHEROID[""WGS 84"",6378137,298.257223563]],PRIMEM[""Greenwich"",0],UNIT[""degree"",0.0174532925199433,AUTHORITY[""EPSG"",""9122""]],AXIS[""Latitude"",NORTH],AXIS[""Longitude"",EAST]]",False,,4837,False,Success
IMERG,2020_08.tif,E:\Geospatial\Precipitation Downscaling\Precipitation-Downscaling-Khulna\data\processed\rasters_aligned\monthly\IMERG\2020_08.tif,bilinear,"GEOGCS[""WGS 84"",DATUM[""World Geodetic System 1984"",SPHEROID[""WGS 84"",6378137,298.257223563]],PRIMEM[""Greenwich"",0],UNIT[""degree"",0.0174532925199433,AUTHORITY[""EPSG"",""9122""]],AXIS[""Latitude"",NORTH],AXIS[""Longitude"",EAST]]","GEOGCS[""WGS 84"",DATUM[""World Geodetic System 1984"",SPHEROID[""WGS 84"",6378137,298.257223563]],PRIMEM[""Greenwich"",0],UNIT[""degree"",0.0174532925199433,AUTHORITY[""EPSG"",""9122""]],AXIS[""Latitude"",NORTH],AXIS[""Longitude"",EAST]]",False,,4837,False,Success
IMERG,2020_09.tif,E:\Geospatial\Precipitation Downscaling\Precipitation-Downscaling-Khulna\data\processed\rasters_aligned\monthly\IMERG\2020_09.tif,bilinear,"GEOGCS[""WGS 84"",DATUM[""World Geodetic System 1984"",SPHEROID[""WGS 84"",6378137,298.257223563]],PRIMEM[""Greenwich"",0],UNIT[""degree"",0.0174532925199433,AUTHORITY[""EPSG"",""9122""]],AXIS[""Latitude"",NORTH],AXIS[""Longitude"",EAST]]","GEOGCS[""WGS 84"",DATUM[""World Geodetic System 1984"",SPHEROID[""WGS 84"",6378137,298.257223563]],PRIMEM[""Greenwich"",0],UNIT[""degree"",0.0174532925199433,AUTHORITY[""EPSG"",""9122""]],AXIS[""Latitude"",NORTH],AXIS[""Longitude"",EAST]]",False,,4837,False,Success
IMERG,2020_10.tif,E:\Geospatial\Precipitation Downscaling\Precipitation-Downscaling-Khulna\data\processed\rasters_aligned\monthly\IMERG\2020_10.tif,bilinear,"GEOGCS[""WGS 84"",DATUM[""World Geodetic System 1984"",SPHEROID[""WGS 84"",6378137,298.257223563]],PRIMEM[""Greenwich"",0],UNIT[""degree"",0.0174532925199433,AUTHORITY[""EPSG"",""9122""]],AXIS[""Latitude"",NORTH],AXIS[""Longitude"",EAST]]","GEOGCS[""WGS 84"",DATUM[""World Geodetic System 1984"",SPHEROID[""WGS 84"",6378137,298.257223563]],PRIMEM[""Greenwich"",0],UNIT[""degree"",0.0174532925199433,AUTHORITY[""EPSG"",""9122""]],AXIS[""Latitude"",NORTH],AXIS[""Longitude"",EAST]]",False,,4837,False,Success
IMERG,2020_11.tif,E:\Geospatial\Precipitation Downscaling\Precipitation-Downscaling-Khulna\data\processed\rasters_aligned\monthly\IMERG\2020_11.tif,bilinear,"GEOGCS[""WGS 84"",DATUM[""World Geodetic System 1984"",SPHEROID[""WGS 84"",6378137,298.257223563]],PRIMEM[""Greenwich"",0],UNIT[""degree"",0.0174532925199433,AUTHORITY[""EPSG"",""9122""]],AXIS[""Latitude"",NORTH],AXIS[""Longitude"",EAST]]","GEOGCS[""WGS 84"",DATUM[""World Geodetic System 1984"",SPHEROID[""WGS 84"",6378137,298.257223563]],PRIMEM[""Greenwich"",0],UNIT[""degree"",0.0174532925199433,AUTHORITY[""EPSG"",""9122""]],AXIS[""Latitude"",NORTH],AXIS[""Longitude"",EAST]]",False,,4837,False,Success
IMERG,2020_12.tif,E:\Geospatial\Precipitation Downscaling\Precipitation-Downscaling-Khulna\data\processed\rasters_aligned\monthly\IMERG\2020_12.tif,bilinear,"GEOGCS[""WGS 84"",DATUM[""World Geodetic System 1984"",SPHEROID[""WGS 84"",6378137,298.257223563]],PRIMEM[""Greenwich"",0],UNIT[""degree"",0.0174532925199433,AUTHORITY[""EPSG"",""9122""]],AXIS[""Latitude"",NORTH],AXIS[""Longitude"",EAST]]","GEOGCS[""WGS 84"",DATUM[""World Geodetic System 1984"",SPHEROID[""WGS 84"",6378137,298.257223563]],PRIMEM[""Greenwich"",0],UNIT[""degree"",0.0174532925199433,AUTHORITY[""EPSG"",""9122""]],AXIS[""Latitude"",NORTH],AXIS[""Longitude"",EAST]]",False,,4837,False,Success
IMERG,2021_01.tif,E:\Geospatial\Precipitation Downscaling\Precipitation-Downscaling-Khulna\data\processed\rasters_aligned\monthly\IMERG\2021_01.tif,bilinear,"GEOGCS[""WGS 84"",DATUM[""World Geodetic System 1984"",SPHEROID[""WGS 84"",6378137,298.257223563]],PRIMEM[""Greenwich"",0],UNIT[""degree"",0.0174532925199433,AUTHORITY[""EPSG"",""9122""]],AXIS[""Latitude"",NORTH],AXIS[""Longitude"",EAST]]","GEOGCS[""WGS 84"",DATUM[""World Geodetic System 1984"",SPHEROID[""WGS 84"",6378137,298.257223563]],PRIMEM[""Greenwich"",0],UNIT[""degree"",0.0174532925199433,AUTHORITY[""EPSG"",""9122""]],AXIS[""Latitude"",NORTH],AXIS[""Longitude"",EAST]]",False,,4837,False,Success
IMERG,2021_02.tif,E:\Geospatial\Precipitation Downscaling\Precipitation-Downscaling-Khulna\data\processed\rasters_aligned\monthly\IMERG\2021_02.tif,bilinear,"GEOGCS[""WGS 84"",DATUM[""World Geodetic System 1984"",SPHEROID[""WGS 84"",6378137,298.257223563]],PRIMEM[""Greenwich"",0],UNIT[""degree"",0.0174532925199433,AUTHORITY[""EPSG"",""9122""]],AXIS[""Latitude"",NORTH],AXIS[""Longitude"",EAST]]","GEOGCS[""WGS 84"",DATUM[""World Geodetic System 1984"",SPHEROID[""WGS 84"",6378137,298.257223563]],PRIMEM[""Greenwich"",0],UNIT[""degree"",0.0174532925199433,AUTHORITY[""EPSG"",""9122""]],AXIS[""Latitude"",NORTH],AXIS[""Longitude"",EAST]]",False,,4837,False,Success
IMERG,2021_03.tif,E:\Geospatial\Precipitation Downscaling\Precipitation-Downscaling-Khulna\data\processed\rasters_aligned\monthly\IMERG\2021_03.tif,bilinear,"GEOGCS[""WGS 84"",DATUM[""World Geodetic System 1984"",SPHEROID[""WGS 84"",6378137,298.257223563]],PRIMEM[""Greenwich"",0],UNIT[""degree"",0.0174532925199433,AUTHORITY[""EPSG"",""9122""]],AXIS[""Latitude"",NORTH],AXIS[""Longitude"",EAST]]","GEOGCS[""WGS 84"",DATUM[""World Geodetic System 1984"",SPHEROID[""WGS 84"",6378137,298.257223563]],PRIMEM[""Greenwich"",0],UNIT[""degree"",0.0174532925199433,AUTHORITY[""EPSG"",""9122""]],AXIS[""Latitude"",NORTH],AXIS[""Longitude"",EAST]]",False,,4837,False,Success
IMERG,2021_04.tif,E:\Geospatial\Precipitation Downscaling\Precipitation-Downscaling-Khulna\data\processed\rasters_aligned\monthly\IMERG\2021_04.tif,bilinear,"GEOGCS[""WGS 84"",DATUM[""World Geodetic System 1984"",SPHEROID[""WGS 84"",6378137,298.257223563]],PRIMEM[""Greenwich"",0],UNIT[""degree"",0.0174532925199433,AUTHORITY[""EPSG"",""9122""]],AXIS[""Latitude"",NORTH],AXIS[""Longitude"",EAST]]","GEOGCS[""WGS 84"",DATUM[""World Geodetic System 1984"",SPHEROID[""WGS 84"",6378137,298.257223563]],PRIMEM[""Greenwich"",0],UNIT[""degree"",0.0174532925199433,AUTHORITY[""EPSG"",""9122""]],AXIS[""Latitude"",NORTH],AXIS[""Longitude"",EAST]]",False,,4837,False,Success
IMERG,2021_05.tif,E:\Geospatial\Precipitation Downscaling\Precipitation-Downscaling-Khulna\data\processed\rasters_aligned\monthly\IMERG\2021_05.tif,bilinear,"GEOGCS[""WGS 84"",DATUM[""World Geodetic System 1984"",SPHEROID[""WGS 84"",6378137,298.257223563]],PRIMEM[""Greenwich"",0],UNIT[""degree"",0.0174532925199433,AUTHORITY[""EPSG"",""9122""]],AXIS[""Latitude"",NORTH],AXIS[""Longitude"",EAST]]","GEOGCS[""WGS 84"",DATUM[""World Geodetic System 1984"",SPHEROID[""WGS 84"",6378137,298.257223563]],PRIMEM[""Greenwich"",0],UNIT[""degree"",0.0174532925199433,AUTHORITY[""EPSG"",""9122""]],AXIS[""Latitude"",NORTH],AXIS[""Longitude"",EAST]]",False,,4837,False,Success
IMERG,2021_06.tif,E:\Geospatial\Precipitation Downscaling\Precipitation-Downscaling-Khulna\data\processed\rasters_aligned\monthly\IMERG\2021_06.tif,bilinear,"GEOGCS[""WGS 84"",DATUM[""World Geodetic System 1984"",SPHEROID[""WGS 84"",6378137,298.257223563]],PRIMEM[""Greenwich"",0],UNIT[""degree"",0.0174532925199433,AUTHORITY[""EPSG"",""9122""]],AXIS[""Latitude"",NORTH],AXIS[""Longitude"",EAST]]","GEOGCS[""WGS 84"",DATUM[""World Geodetic System 1984"",SPHEROID[""WGS 84"",6378137,298.257223563]],PRIMEM[""Greenwich"",0],UNIT[""degree"",0.0174532925199433,AUTHORITY[""EPSG"",""9122""]],AXIS[""Latitude"",NORTH],AXIS[""Longitude"",EAST]]",False,,4837,False,Success
IMERG,2021_07.tif,E:\Geospatial\Precipitation Downscaling\Precipitation-Downscaling-Khulna\data\processed\rasters_aligned\monthly\IMERG\2021_07.tif,bilinear,"GEOGCS[""WGS 84"",DATUM[""World Geodetic System 1984"",SPHEROID[""WGS 84"",6378137,298.257223563]],PRIMEM[""Greenwich"",0],UNIT[""degree"",0.0174532925199433,AUTHORITY[""EPSG"",""9122""]],AXIS[""Latitude"",NORTH],AXIS[""Longitude"",EAST]]","GEOGCS[""WGS 84"",DATUM[""World Geodetic System 1984"",SPHEROID[""WGS 84"",6378137,298.257223563]],PRIMEM[""Greenwich"",0],UNIT[""degree"",0.0174532925199433,AUTHORITY[""EPSG"",""9122""]],AXIS[""Latitude"",NORTH],AXIS[""Longitude"",EAST]]",False,,4837,False,Success
IMERG,2021_08.tif,E:\Geospatial\Precipitation Downscaling\Precipitation-Downscaling-Khulna\data\processed\rasters_aligned\monthly\IMERG\2021_08.tif,bilinear,"GEOGCS[""WGS 84"",DATUM[""World Geodetic System 1984"",SPHEROID[""WGS 84"",6378137,298.257223563]],PRIMEM[""Greenwich"",0],UNIT[""degree"",0.0174532925199433,AUTHORITY[""EPSG"",""9122""]],AXIS[""Latitude"",NORTH],AXIS[""Longitude"",EAST]]","GEOGCS[""WGS 84"",DATUM[""World Geodetic System 1984"",SPHEROID[""WGS 84"",6378137,298.257223563]],PRIMEM[""Greenwich"",0],UNIT[""degree"",0.0174532925199433,AUTHORITY[""EPSG"",""9122""]],AXIS[""Latitude"",NORTH],AXIS[""Longitude"",EAST]]",False,,4837,False,Success
IMERG,2021_09.tif,E:\Geospatial\Precipitation Downscaling\Precipitation-Downscaling-Khulna\data\processed\rasters_aligned\monthly\IMERG\2021_09.tif,bilinear,"GEOGCS[""WGS 84"",DATUM[""World Geodetic System 1984"",SPHEROID[""WGS 84"",6378137,298.257223563]],PRIMEM[""Greenwich"",0],UNIT[""degree"",0.0174532925199433,AUTHORITY[""EPSG"",""9122""]],AXIS[""Latitude"",NORTH],AXIS[""Longitude"",EAST]]","GEOGCS[""WGS 84"",DATUM[""World Geodetic System 1984"",SPHEROID[""WGS 84"",6378137,298.257223563]],PRIMEM[""Greenwich"",0],UNIT[""degree"",0.0174532925199433,AUTHORITY[""EPSG"",""9122""]],AXIS[""Latitude"",NORTH],AXIS[""Longitude"",EAST]]",False,,4837,False,Success
IMERG,2021_10.tif,E:\Geospatial\Precipitation Downscaling\Precipitation-Downscaling-Khulna\data\processed\rasters_aligned\monthly\IMERG\2021_10.tif,bilinear,"GEOGCS[""WGS 84"",DATUM[""World Geodetic System 1984"",SPHEROID[""WGS 84"",6378137,298.257223563]],PRIMEM[""Greenwich"",0],UNIT[""degree"",0.0174532925199433,AUTHORITY[""EPSG"",""9122""]],AXIS[""Latitude"",NORTH],AXIS[""Longitude"",EAST]]","GEOGCS[""WGS 84"",DATUM[""World Geodetic System 1984"",SPHEROID[""WGS 84"",6378137,298.257223563]],PRIMEM[""Greenwich"",0],UNIT[""degree"",0.0174532925199433,AUTHORITY[""EPSG"",""9122""]],AXIS[""Latitude"",NORTH],AXIS[""Longitude"",EAST]]",False,,4837,False,Success
IMERG,2021_11.tif,E:\Geospatial\Precipitation Downscaling\Precipitation-Downscaling-Khulna\data\processed\rasters_aligned\monthly\IMERG\2021_11.tif,bilinear,"GEOGCS[""WGS 84"",DATUM[""World Geodetic System 1984"",SPHEROID[""WGS 84"",6378137,298.257223563]],PRIMEM[""Greenwich"",0],UNIT[""degree"",0.0174532925199433,AUTHORITY[""EPSG"",""9122""]],AXIS[""Latitude"",NORTH],AXIS[""Longitude"",EAST]]","GEOGCS[""WGS 84"",DATUM[""World Geodetic System 1984"",SPHEROID[""WGS 84"",6378137,298.257223563]],PRIMEM[""Greenwich"",0],UNIT[""degree"",0.0174532925199433,AUTHORITY[""EPSG"",""9122""]],AXIS[""Latitude"",NORTH],AXIS[""Longitude"",EAST]]",False,,4837,False,Success
IMERG,2021_12.tif,E:\Geospatial\Precipitation Downscaling\Precipitation-Downscaling-Khulna\data\processed\rasters_aligned\monthly\IMERG\2021_12.tif,bilinear,"GEOGCS[""WGS 84"",DATUM[""World Geodetic System 1984"",SPHEROID[""WGS 84"",6378137,298.257223563]],PRIMEM[""Greenwich"",0],UNIT[""degree"",0.0174532925199433,AUTHORITY[""EPSG"",""9122""]],AXIS[""Latitude"",NORTH],AXIS[""Longitude"",EAST]]","GEOGCS[""WGS 84"",DATUM[""World Geodetic System 1984"",SPHEROID[""WGS 84"",6378137,298.257223563]],PRIMEM[""Greenwich"",0],UNIT[""degree"",0.0174532925199433,AUTHORITY[""EPSG"",""9122""]],AXIS[""Latitude"",NORTH],AXIS[""Longitude"",EAST]]",False,,4837,False,Success
IMERG,2022_01.tif,E:\Geospatial\Precipitation Downscaling\Precipitation-Downscaling-Khulna\data\processed\rasters_aligned\monthly\IMERG\2022_01.tif,bilinear,"GEOGCS[""WGS 84"",DATUM[""World Geodetic System 1984"",SPHEROID[""WGS 84"",6378137,298.257223563]],PRIMEM[""Greenwich"",0],UNIT[""degree"",0.0174532925199433,AUTHORITY[""EPSG"",""9122""]],AXIS[""Latitude"",NORTH],AXIS[""Longitude"",EAST]]","GEOGCS[""WGS 84"",DATUM[""World Geodetic System 1984"",SPHEROID[""WGS 84"",6378137,298.257223563]],PRIMEM[""Greenwich"",0],UNIT[""degree"",0.0174532925199433,AUTHORITY[""EPSG"",""9122""]],AXIS[""Latitude"",NORTH],AXIS[""Longitude"",EAST]]",False,,4837,False,Success
IMERG,2022_02.tif,E:\Geospatial\Precipitation Downscaling\Precipitation-Downscaling-Khulna\data\processed\rasters_aligned\monthly\IMERG\2022_02.tif,bilinear,"GEOGCS[""WGS 84"",DATUM[""World Geodetic System 1984"",SPHEROID[""WGS 84"",6378137,298.257223563]],PRIMEM[""Greenwich"",0],UNIT[""degree"",0.0174532925199433,AUTHORITY[""EPSG"",""9122""]],AXIS[""Latitude"",NORTH],AXIS[""Longitude"",EAST]]","GEOGCS[""WGS 84"",DATUM[""World Geodetic System 1984"",SPHEROID[""WGS 84"",6378137,298.257223563]],PRIMEM[""Greenwich"",0],UNIT[""degree"",0.0174532925199433,AUTHORITY[""EPSG"",""9122""]],AXIS[""Latitude"",NORTH],AXIS[""Longitude"",EAST]]",False,,4837,False,Success
IMERG,2022_03.tif,E:\Geospatial\Precipitation Downscaling\Precipitation-Downscaling-Khulna\data\processed\rasters_aligned\monthly\IMERG\2022_03.tif,bilinear,"GEOGCS[""WGS 84"",DATUM[""World Geodetic System 1984"",SPHEROID[""WGS 84"",6378137,298.257223563]],PRIMEM[""Greenwich"",0],UNIT[""degree"",0.0174532925199433,AUTHORITY[""EPSG"",""9122""]],AXIS[""Latitude"",NORTH],AXIS[""Longitude"",EAST]]","GEOGCS[""WGS 84"",DATUM[""World Geodetic System 1984"",SPHEROID[""WGS 84"",6378137,298.257223563]],PRIMEM[""Greenwich"",0],UNIT[""degree"",0.0174532925199433,AUTHORITY[""EPSG"",""9122""]],AXIS[""Latitude"",NORTH],AXIS[""Longitude"",EAST]]",False,,4837,False,Success
IMERG,2022_04.tif,E:\Geospatial\Precipitation Downscaling\Precipitation-Downscaling-Khulna\data\processed\rasters_aligned\monthly\IMERG\2022_04.tif,bilinear,"GEOGCS[""WGS 84"",DATUM[""World Geodetic System 1984"",SPHEROID[""WGS 84"",6378137,298.257223563]],PRIMEM[""Greenwich"",0],UNIT[""degree"",0.0174532925199433,AUTHORITY[""EPSG"",""9122""]],AXIS[""Latitude"",NORTH],AXIS[""Longitude"",EAST]]","GEOGCS[""WGS 84"",DATUM[""World Geodetic System 1984"",SPHEROID[""WGS 84"",6378137,298.257223563]],PRIMEM[""Greenwich"",0],UNIT[""degree"",0.0174532925199433,AUTHORITY[""EPSG"",""9122""]],AXIS[""Latitude"",NORTH],AXIS[""Longitude"",EAST]]",False,,4837,False,Success
IMERG,2022_05.tif,E:\Geospatial\Precipitation Downscaling\Precipitation-Downscaling-Khulna\data\processed\rasters_aligned\monthly\IMERG\2022_05.tif,bilinear,"GEOGCS[""WGS 84"",DATUM[""World Geodetic System 1984"",SPHEROID[""WGS 84"",6378137,298.257223563]],PRIMEM[""Greenwich"",0],UNIT[""degree"",0.0174532925199433,AUTHORITY[""EPSG"",""9122""]],AXIS[""Latitude"",NORTH],AXIS[""Longitude"",EAST]]","GEOGCS[""WGS 84"",DATUM[""World Geodetic System 1984"",SPHEROID[""WGS 84"",6378137,298.257223563]],PRIMEM[""Greenwich"",0],UNIT[""degree"",0.0174532925199433,AUTHORITY[""EPSG"",""9122""]],AXIS[""Latitude"",NORTH],AXIS[""Longitude"",EAST]]",False,,4837,False,Success
IMERG,2022_06.tif,E:\Geospatial\Precipitation Downscaling\Precipitation-Downscaling-Khulna\data\processed\rasters_aligned\monthly\IMERG\2022_06.tif,bilinear,"GEOGCS[""WGS 84"",DATUM[""World Geodetic System 1984"",SPHEROID[""WGS 84"",6378137,298.257223563]],PRIMEM[""Greenwich"",0],UNIT[""degree"",0.0174532925199433,AUTHORITY[""EPSG"",""9122""]],AXIS[""Latitude"",NORTH],AXIS[""Longitude"",EAST]]","GEOGCS[""WGS 84"",DATUM[""World Geodetic System 1984"",SPHEROID[""WGS 84"",6378137,298.257223563]],PRIMEM[""Greenwich"",0],UNIT[""degree"",0.0174532925199433,AUTHORITY[""EPSG"",""9122""]],AXIS[""Latitude"",NORTH],AXIS[""Longitude"",EAST]]",False,,4837,False,Success
IMERG,2022_07.tif,E:\Geospatial\Precipitation Downscaling\Precipitation-Downscaling-Khulna\data\processed\rasters_aligned\monthly\IMERG\2022_07.tif,bilinear,"GEOGCS[""WGS 84"",DATUM[""World Geodetic System 1984"",SPHEROID[""WGS 84"",6378137,298.257223563]],PRIMEM[""Greenwich"",0],UNIT[""degree"",0.0174532925199433,AUTHORITY[""EPSG"",""9122""]],AXIS[""Latitude"",NORTH],AXIS[""Longitude"",EAST]]","GEOGCS[""WGS 84"",DATUM[""World Geodetic System 1984"",SPHEROID[""WGS 84"",6378137,298.257223563]],PRIMEM[""Greenwich"",0],UNIT[""degree"",0.0174532925199433,AUTHORITY[""EPSG"",""9122""]],AXIS[""Latitude"",NORTH],AXIS[""Longitude"",EAST]]",False,,4837,False,Success
IMERG,2022_08.tif,E:\Geospatial\Precipitation Downscaling\Precipitation-Downscaling-Khulna\data\processed\rasters_aligned\monthly\IMERG\2022_08.tif,bilinear,"GEOGCS[""WGS 84"",DATUM[""World Geodetic System 1984"",SPHEROID[""WGS 84"",6378137,298.257223563]],PRIMEM[""Greenwich"",0],UNIT[""degree"",0.0174532925199433,AUTHORITY[""EPSG"",""9122""]],AXIS[""Latitude"",NORTH],AXIS[""Longitude"",EAST]]","GEOGCS[""WGS 84"",DATUM[""World Geodetic System 1984"",SPHEROID[""WGS 84"",6378137,298.257223563]],PRIMEM[""Greenwich"",0],UNIT[""degree"",0.0174532925199433,AUTHORITY[""EPSG"",""9122""]],AXIS[""Latitude"",NORTH],AXIS[""Longitude"",EAST]]",False,,4837,False,Success
IMERG,2022_09.tif,E:\Geospatial\Precipitation Downscaling\Precipitation-Downscaling-Khulna\data\processed\rasters_aligned\monthly\IMERG\2022_09.tif,bilinear,"GEOGCS[""WGS 84"",DATUM[""World Geodetic System 1984"",SPHEROID[""WGS 84"",6378137,298.257223563]],PRIMEM[""Greenwich"",0],UNIT[""degree"",0.0174532925199433,AUTHORITY[""EPSG"",""9122""]],AXIS[""Latitude"",NORTH],AXIS[""Longitude"",EAST]]","GEOGCS[""WGS 84"",DATUM[""World Geodetic System 1984"",SPHEROID[""WGS 84"",6378137,298.257223563]],PRIMEM[""Greenwich"",0],UNIT[""degree"",0.0174532925199433,AUTHORITY[""EPSG"",""9122""]],AXIS[""Latitude"",NORTH],AXIS[""Longitude"",EAST]]",False,,4837,False,Success
IMERG,2022_10.tif,E:\Geospatial\Precipitation Downscaling\Precipitation-Downscaling-Khulna\data\processed\rasters_aligned\monthly\IMERG\2022_10.tif,bilinear,"GEOGCS[""WGS 84"",DATUM[""World Geodetic System 1984"",SPHEROID[""WGS 84"",6378137,298.257223563]],PRIMEM[""Greenwich"",0],UNIT[""degree"",0.0174532925199433,AUTHORITY[""EPSG"",""9122""]],AXIS[""Latitude"",NORTH],AXIS[""Longitude"",EAST]]","GEOGCS[""WGS 84"",DATUM[""World Geodetic System 1984"",SPHEROID[""WGS 84"",6378137,298.257223563]],PRIMEM[""Greenwich"",0],UNIT[""degree"",0.0174532925199433,AUTHORITY[""EPSG"",""9122""]],AXIS[""Latitude"",NORTH],AXIS[""Longitude"",EAST]]",False,,4837,False,Success
IMERG,2022_11.tif,E:\Geospatial\Precipitation Downscaling\Precipitation-Downscaling-Khulna\data\processed\rasters_aligned\monthly\IMERG\2022_11.tif,bilinear,"GEOGCS[""WGS 84"",DATUM[""World Geodetic System 1984"",SPHEROID[""WGS 84"",6378137,298.257223563]],PRIMEM[""Greenwich"",0],UNIT[""degree"",0.0174532925199433,AUTHORITY[""EPSG"",""9122""]],AXIS[""Latitude"",NORTH],AXIS[""Longitude"",EAST]]","GEOGCS[""WGS 84"",DATUM[""World Geodetic System 1984"",SPHEROID[""WGS 84"",6378137,298.257223563]],PRIMEM[""Greenwich"",0],UNIT[""degree"",0.0174532925199433,AUTHORITY[""EPSG"",""9122""]],AXIS[""Latitude"",NORTH],AXIS[""Longitude"",EAST]]",False,,4837,False,Success
IMERG,2022_12.tif,E:\Geospatial\Precipitation Downscaling\Precipitation-Downscaling-Khulna\data\processed\rasters_aligned\monthly\IMERG\2022_12.tif,bilinear,"GEOGCS[""WGS 84"",DATUM[""World Geodetic System 1984"",SPHEROID[""WGS 84"",6378137,298.257223563]],PRIMEM[""Greenwich"",0],UNIT[""degree"",0.0174532925199433,AUTHORITY[""EPSG"",""9122""]],AXIS[""Latitude"",NORTH],AXIS[""Longitude"",EAST]]","GEOGCS[""WGS 84"",DATUM[""World Geodetic System 1984"",SPHEROID[""WGS 84"",6378137,298.257223563]],PRIMEM[""Greenwich"",0],UNIT[""degree"",0.0174532925199433,AUTHORITY[""EPSG"",""9122""]],AXIS[""Latitude"",NORTH],AXIS[""Longitude"",EAST]]",False,,4837,False,Success
LST,LST_Day_2017_1.tif,E:\Geospatial\Precipitation Downscaling\Precipitation-Downscaling-Khulna\data\processed\rasters_aligned\monthly\LST\LST_Day_2017_1.tif,bilinear,"GEOGCS[""WGS 84"",DATUM[""World Geodetic System 1984"",SPHEROID[""WGS 84"",6378137,298.257223563]],PRIMEM[""Greenwich"",0],UNIT[""degree"",0.0174532925199433,AUTHORITY[""EPSG"",""9122""]],AXIS[""Latitude"",NORTH],AXIS[""Longitude"",EAST]]","GEOGCS[""WGS 84"",DATUM[""World Geodetic System 1984"",SPHEROID[""WGS 84"",6378137,298.257223563]],PRIMEM[""Greenwich"",0],UNIT[""degree"",0.0174532925199433,AUTHORITY[""EPSG"",""9122""]],AXIS[""Latitude"",NORTH],AXIS[""Longitude"",EAST]]",False,,4340,False,Success
LST,LST_Day_2017_10.tif,E:\Geospatial\Precipitation Downscaling\Precipitation-Downscaling-Khulna\data\processed\rasters_aligned\monthly\LST\LST_Day_2017_10.tif,bilinear,"GEOGCS[""WGS 84"",DATUM[""World Geodetic System 1984"",SPHEROID[""WGS 84"",6378137,298.257223563]],PRIMEM[""Greenwich"",0],UNIT[""degree"",0.0174532925199433,AUTHORITY[""EPSG"",""9122""]],AXIS[""Latitude"",NORTH],AXIS[""Longitude"",EAST]]","GEOGCS[""WGS 84"",DATUM[""World Geodetic System 1984"",SPHEROID[""WGS 84"",6378137,298.257223563]],PRIMEM[""Greenwich"",0],UNIT[""degree"",0.0174532925199433,AUTHORITY[""EPSG"",""9122""]],AXIS[""Latitude"",NORTH],AXIS[""Longitude"",EAST]]",False,,4340,False,Success
LST,LST_Day_2017_11.tif,E:\Geospatial\Precipitation Downscaling\Precipitation-Downscaling-Khulna\data\processed\rasters_aligned\monthly\LST\LST_Day_2017_11.tif,bilinear,"GEOGCS[""WGS 84"",DATUM[""World Geodetic System 1984"",SPHEROID[""WGS 84"",6378137,298.257223563]],PRIMEM[""Greenwich"",0],UNIT[""degree"",0.0174532925199433,AUTHORITY[""EPSG"",""9122""]],AXIS[""Latitude"",NORTH],AXIS[""Longitude"",EAST]]","GEOGCS[""WGS 84"",DATUM[""World Geodetic System 1984"",SPHEROID[""WGS 84"",6378137,298.257223563]],PRIMEM[""Greenwich"",0],UNIT[""degree"",0.0174532925199433,AUTHORITY[""EPSG"",""9122""]],AXIS[""Latitude"",NORTH],AXIS[""Longitude"",EAST]]",False,,4340,False,Success
LST,LST_Day_2017_12.tif,E:\Geospatial\Precipitation Downscaling\Precipitation-Downscaling-Khulna\data\processed\rasters_aligned\monthly\LST\LST_Day_2017_12.tif,bilinear,"GEOGCS[""WGS 84"",DATUM[""World Geodetic System 1984"",SPHEROID[""WGS 84"",6378137,298.257223563]],PRIMEM[""Greenwich"",0],UNIT[""degree"",0.0174532925199433,AUTHORITY[""EPSG"",""9122""]],AXIS[""Latitude"",NORTH],AXIS[""Longitude"",EAST]]","GEOGCS[""WGS 84"",DATUM[""World Geodetic System 1984"",SPHEROID[""WGS 84"",6378137,298.257223563]],PRIMEM[""Greenwich"",0],UNIT[""degree"",0.0174532925199433,AUTHORITY[""EPSG"",""9122""]],AXIS[""Latitude"",NORTH],AXIS[""Longitude"",EAST]]",False,,4340,False,Success
LST,LST_Day_2017_2.tif,E:\Geospatial\Precipitation Downscaling\Precipitation-Downscaling-Khulna\data\processed\rasters_aligned\monthly\LST\LST_Day_2017_2.tif,bilinear,"GEOGCS[""WGS 84"",DATUM[""World Geodetic System 1984"",SPHEROID[""WGS 84"",6378137,298.257223563]],PRIMEM[""Greenwich"",0],UNIT[""degree"",0.0174532925199433,AUTHORITY[""EPSG"",""9122""]],AXIS[""Latitude"",NORTH],AXIS[""Longitude"",EAST]]","GEOGCS[""WGS 84"",DATUM[""World Geodetic System 1984"",SPHEROID[""WGS 84"",6378137,298.257223563]],PRIMEM[""Greenwich"",0],UNIT[""degree"",0.0174532925199433,AUTHORITY[""EPSG"",""9122""]],AXIS[""Latitude"",NORTH],AXIS[""Longitude"",EAST]]",False,,4340,False,Success
LST,LST_Day_2017_3.tif,E:\Geospatial\Precipitation Downscaling\Precipitation-Downscaling-Khulna\data\processed\rasters_aligned\monthly\LST\LST_Day_2017_3.tif,bilinear,"GEOGCS[""WGS 84"",DATUM[""World Geodetic System 1984"",SPHEROID[""WGS 84"",6378137,298.257223563]],PRIMEM[""Greenwich"",0],UNIT[""degree"",0.0174532925199433,AUTHORITY[""EPSG"",""9122""]],AXIS[""Latitude"",NORTH],AXIS[""Longitude"",EAST]]","GEOGCS[""WGS 84"",DATUM[""World Geodetic System 1984"",SPHEROID[""WGS 84"",6378137,298.257223563]],PRIMEM[""Greenwich"",0],UNIT[""degree"",0.0174532925199433,AUTHORITY[""EPSG"",""9122""]],AXIS[""Latitude"",NORTH],AXIS[""Longitude"",EAST]]",False,,4339,False,Success
LST,LST_Day_2017_4.tif,E:\Geospatial\Precipitation Downscaling\Precipitation-Downscaling-Khulna\data\processed\rasters_aligned\monthly\LST\LST_Day_2017_4.tif,bilinear,"GEOGCS[""WGS 84"",DATUM[""World Geodetic System 1984"",SPHEROID[""WGS 84"",6378137,298.257223563]],PRIMEM[""Greenwich"",0],UNIT[""degree"",0.0174532925199433,AUTHORITY[""EPSG"",""9122""]],AXIS[""Latitude"",NORTH],AXIS[""Longitude"",EAST]]","GEOGCS[""WGS 84"",DATUM[""World Geodetic System 1984"",SPHEROID[""WGS 84"",6378137,298.257223563]],PRIMEM[""Greenwich"",0],UNIT[""degree"",0.0174532925199433,AUTHORITY[""EPSG"",""9122""]],AXIS[""Latitude"",NORTH],AXIS[""Longitude"",EAST]]",False,,4339,False,Success
LST,LST_Day_2017_5.tif,E:\Geospatial\Precipitation Downscaling\Precipitation-Downscaling-Khulna\data\processed\rasters_aligned\monthly\LST\LST_Day_2017_5.tif,bilinear,"GEOGCS[""WGS 84"",DATUM[""World Geodetic System 1984"",SPHEROID[""WGS 84"",6378137,298.257223563]],PRIMEM[""Greenwich"",0],UNIT[""degree"",0.0174532925199433,AUTHORITY[""EPSG"",""9122""]],AXIS[""Latitude"",NORTH],AXIS[""Longitude"",EAST]]","GEOGCS[""WGS 84"",DATUM[""World Geodetic System 1984"",SPHEROID[""WGS 84"",6378137,298.257223563]],PRIMEM[""Greenwich"",0],UNIT[""degree"",0.0174532925199433,AUTHORITY[""EPSG"",""9122""]],AXIS[""Latitude"",NORTH],AXIS[""Longitude"",EAST]]",False,,4340,False,Success
LST,LST_Day_2017_6.tif,E:\Geospatial\Precipitation Downscaling\Precipitation-Downscaling-Khulna\data\processed\rasters_aligned\monthly\LST\LST_Day_2017_6.tif,bilinear,"GEOGCS[""WGS 84"",DATUM[""World Geodetic System 1984"",SPHEROID[""WGS 84"",6378137,298.257223563]],PRIMEM[""Greenwich"",0],UNIT[""degree"",0.0174532925199433,AUTHORITY[""EPSG"",""9122""]],AXIS[""Latitude"",NORTH],AXIS[""Longitude"",EAST]]","GEOGCS[""WGS 84"",DATUM[""World Geodetic System 1984"",SPHEROID[""WGS 84"",6378137,298.257223563]],PRIMEM[""Greenwich"",0],UNIT[""degree"",0.0174532925199433,AUTHORITY[""EPSG"",""9122""]],AXIS[""Latitude"",NORTH],AXIS[""Longitude"",EAST]]",False,,4090,False,Success
LST,LST_Day_2017_7.tif,E:\Geospatial\Precipitation Downscaling\Precipitation-Downscaling-Khulna\data\processed\rasters_aligned\monthly\LST\LST_Day_2017_7.tif,bilinear,"GEOGCS[""WGS 84"",DATUM[""World Geodetic System 1984"",SPHEROID[""WGS 84"",6378137,298.257223563]],PRIMEM[""Greenwich"",0],UNIT[""degree"",0.0174532925199433,AUTHORITY[""EPSG"",""9122""]],AXIS[""Latitude"",NORTH],AXIS[""Longitude"",EAST]]","GEOGCS[""WGS 84"",DATUM[""World Geodetic System 1984"",SPHEROID[""WGS 84"",6378137,298.257223563]],PRIMEM[""Greenwich"",0],UNIT[""degree"",0.0174532925199433,AUTHORITY[""EPSG"",""9122""]],AXIS[""Latitude"",NORTH],AXIS[""Longitude"",EAST]]",False,,927,False,Success
LST,LST_Day_2017_8.tif,E:\Geospatial\Precipitation Downscaling\Precipitation-Downscaling-Khulna\data\processed\rasters_aligned\monthly\LST\LST_Day_2017_8.tif,bilinear,"GEOGCS[""WGS 84"",DATUM[""World Geodetic System 1984"",SPHEROID[""WGS 84"",6378137,298.257223563]],PRIMEM[""Greenwich"",0],UNIT[""degree"",0.0174532925199433,AUTHORITY[""EPSG"",""9122""]],AXIS[""Latitude"",NORTH],AXIS[""Longitude"",EAST]]","GEOGCS[""WGS 84"",DATUM[""World Geodetic System 1984"",SPHEROID[""WGS 84"",6378137,298.257223563]],PRIMEM[""Greenwich"",0],UNIT[""degree"",0.0174532925199433,AUTHORITY[""EPSG"",""9122""]],AXIS[""Latitude"",NORTH],AXIS[""Longitude"",EAST]]",False,,2696,False,Success
LST,LST_Day_2017_9.tif,E:\Geospatial\Precipitation Downscaling\Precipitation-Downscaling-Khulna\data\processed\rasters_aligned\monthly\LST\LST_Day_2017_9.tif,bilinear,"GEOGCS[""WGS 84"",DATUM[""World Geodetic System 1984"",SPHEROID[""WGS 84"",6378137,298.257223563]],PRIMEM[""Greenwich"",0],UNIT[""degree"",0.0174532925199433,AUTHORITY[""EPSG"",""9122""]],AXIS[""Latitude"",NORTH],AXIS[""Longitude"",EAST]]","GEOGCS[""WGS 84"",DATUM[""World Geodetic System 1984"",SPHEROID[""WGS 84"",6378137,298.257223563]],PRIMEM[""Greenwich"",0],UNIT[""degree"",0.0174532925199433,AUTHORITY[""EPSG"",""9122""]],AXIS[""Latitude"",NORTH],AXIS[""Longitude"",EAST]]",False,,4319,False,Success
LST,LST_Day_2018_1.tif,E:\Geospatial\Precipitation Downscaling\Precipitation-Downscaling-Khulna\data\processed\rasters_aligned\monthly\LST\LST_Day_2018_1.tif,bilinear,"GEOGCS[""WGS 84"",DATUM[""World Geodetic System 1984"",SPHEROID[""WGS 84"",6378137,298.257223563]],PRIMEM[""Greenwich"",0],UNIT[""degree"",0.0174532925199433,AUTHORITY[""EPSG"",""9122""]],AXIS[""Latitude"",NORTH],AXIS[""Longitude"",EAST]]","GEOGCS[""WGS 84"",DATUM[""World Geodetic System 1984"",SPHEROID[""WGS 84"",6378137,298.257223563]],PRIMEM[""Greenwich"",0],UNIT[""degree"",0.0174532925199433,AUTHORITY[""EPSG"",""9122""]],AXIS[""Latitude"",NORTH],AXIS[""Longitude"",EAST]]",False,,4340,False,Success
LST,LST_Day_2018_10.tif,E:\Geospatial\Precipitation Downscaling\Precipitation-Downscaling-Khulna\data\processed\rasters_aligned\monthly\LST\LST_Day_2018_10.tif,bilinear,"GEOGCS[""WGS 84"",DATUM[""World Geodetic System 1984"",SPHEROID[""WGS 84"",6378137,298.257223563]],PRIMEM[""Greenwich"",0],UNIT[""degree"",0.0174532925199433,AUTHORITY[""EPSG"",""9122""]],AXIS[""Latitude"",NORTH],AXIS[""Longitude"",EAST]]","GEOGCS[""WGS 84"",DATUM[""World Geodetic System 1984"",SPHEROID[""WGS 84"",6378137,298.257223563]],PRIMEM[""Greenwich"",0],UNIT[""degree"",0.0174532925199433,AUTHORITY[""EPSG"",""9122""]],AXIS[""Latitude"",NORTH],AXIS[""Longitude"",EAST]]",False,,4340,False,Success
LST,LST_Day_2018_11.tif,E:\Geospatial\Precipitation Downscaling\Precipitation-Downscaling-Khulna\data\processed\rasters_aligned\monthly\LST\LST_Day_2018_11.tif,bilinear,"GEOGCS[""WGS 84"",DATUM[""World Geodetic System 1984"",SPHEROID[""WGS 84"",6378137,298.257223563]],PRIMEM[""Greenwich"",0],UNIT[""degree"",0.0174532925199433,AUTHORITY[""EPSG"",""9122""]],AXIS[""Latitude"",NORTH],AXIS[""Longitude"",EAST]]","GEOGCS[""WGS 84"",DATUM[""World Geodetic System 1984"",SPHEROID[""WGS 84"",6378137,298.257223563]],PRIMEM[""Greenwich"",0],UNIT[""degree"",0.0174532925199433,AUTHORITY[""EPSG"",""9122""]],AXIS[""Latitude"",NORTH],AXIS[""Longitude"",EAST]]",False,,4340,False,Success
LST,LST_Day_2018_12.tif,E:\Geospatial\Precipitation Downscaling\Precipitation-Downscaling-Khulna\data\processed\rasters_aligned\monthly\LST\LST_Day_2018_12.tif,bilinear,"GEOGCS[""WGS 84"",DATUM[""World Geodetic System 1984"",SPHEROID[""WGS 84"",6378137,298.257223563]],PRIMEM[""Greenwich"",0],UNIT[""degree"",0.0174532925199433,AUTHORITY[""EPSG"",""9122""]],AXIS[""Latitude"",NORTH],AXIS[""Longitude"",EAST]]","GEOGCS[""WGS 84"",DATUM[""World Geodetic System 1984"",SPHEROID[""WGS 84"",6378137,298.257223563]],PRIMEM[""Greenwich"",0],UNIT[""degree"",0.0174532925199433,AUTHORITY[""EPSG"",""9122""]],AXIS[""Latitude"",NORTH],AXIS[""Longitude"",EAST]]",False,,4340,False,Success
LST,LST_Day_2018_2.tif,E:\Geospatial\Precipitation Downscaling\Precipitation-Downscaling-Khulna\data\processed\rasters_aligned\monthly\LST\LST_Day_2018_2.tif,bilinear,"GEOGCS[""WGS 84"",DATUM[""World Geodetic System 1984"",SPHEROID[""WGS 84"",6378137,298.257223563]],PRIMEM[""Greenwich"",0],UNIT[""degree"",0.0174532925199433,AUTHORITY[""EPSG"",""9122""]],AXIS[""Latitude"",NORTH],AXIS[""Longitude"",EAST]]","GEOGCS[""WGS 84"",DATUM[""World Geodetic System 1984"",SPHEROID[""WGS 84"",6378137,298.257223563]],PRIMEM[""Greenwich"",0],UNIT[""degree"",0.0174532925199433,AUTHORITY[""EPSG"",""9122""]],AXIS[""Latitude"",NORTH],AXIS[""Longitude"",EAST]]",False,,4340,False,Success
LST,LST_Day_2018_3.tif,E:\Geospatial\Precipitation Downscaling\Precipitation-Downscaling-Khulna\data\processed\rasters_aligned\monthly\LST\LST_Day_2018_3.tif,bilinear,"GEOGCS[""WGS 84"",DATUM[""World Geodetic System 1984"",SPHEROID[""WGS 84"",6378137,298.257223563]],PRIMEM[""Greenwich"",0],UNIT[""degree"",0.0174532925199433,AUTHORITY[""EPSG"",""9122""]],AXIS[""Latitude"",NORTH],AXIS[""Longitude"",EAST]]","GEOGCS[""WGS 84"",DATUM[""World Geodetic System 1984"",SPHEROID[""WGS 84"",6378137,298.257223563]],PRIMEM[""Greenwich"",0],UNIT[""degree"",0.0174532925199433,AUTHORITY[""EPSG"",""9122""]],AXIS[""Latitude"",NORTH],AXIS[""Longitude"",EAST]]",False,,4340,False,Success
LST,LST_Day_2018_4.tif,E:\Geospatial\Precipitation Downscaling\Precipitation-Downscaling-Khulna\data\processed\rasters_aligned\monthly\LST\LST_Day_2018_4.tif,bilinear,"GEOGCS[""WGS 84"",DATUM[""World Geodetic System 1984"",SPHEROID[""WGS 84"",6378137,298.257223563]],PRIMEM[""Greenwich"",0],UNIT[""degree"",0.0174532925199433,AUTHORITY[""EPSG"",""9122""]],AXIS[""Latitude"",NORTH],AXIS[""Longitude"",EAST]]","GEOGCS[""WGS 84"",DATUM[""World Geodetic System 1984"",SPHEROID[""WGS 84"",6378137,298.257223563]],PRIMEM[""Greenwich"",0],UNIT[""degree"",0.0174532925199433,AUTHORITY[""EPSG"",""9122""]],AXIS[""Latitude"",NORTH],AXIS[""Longitude"",EAST]]",False,,4340,False,Success
LST,LST_Day_2018_5.tif,E:\Geospatial\Precipitation Downscaling\Precipitation-Downscaling-Khulna\data\processed\rasters_aligned\monthly\LST\LST_Day_2018_5.tif,bilinear,"GEOGCS[""WGS 84"",DATUM[""World Geodetic System 1984"",SPHEROID[""WGS 84"",6378137,298.257223563]],PRIMEM[""Greenwich"",0],UNIT[""degree"",0.0174532925199433,AUTHORITY[""EPSG"",""9122""]],AXIS[""Latitude"",NORTH],AXIS[""Longitude"",EAST]]","GEOGCS[""WGS 84"",DATUM[""World Geodetic System 1984"",SPHEROID[""WGS 84"",6378137,298.257223563]],PRIMEM[""Greenwich"",0],UNIT[""degree"",0.0174532925199433,AUTHORITY[""EPSG"",""9122""]],AXIS[""Latitude"",NORTH],AXIS[""Longitude"",EAST]]",False,,4340,False,Success
LST,LST_Day_2018_6.tif,E:\Geospatial\Precipitation Downscaling\Precipitation-Downscaling-Khulna\data\processed\rasters_aligned\monthly\LST\LST_Day_2018_6.tif,bilinear,"GEOGCS[""WGS 84"",DATUM[""World Geodetic System 1984"",SPHEROID[""WGS 84"",6378137,298.257223563]],PRIMEM[""Greenwich"",0],UNIT[""degree"",0.0174532925199433,AUTHORITY[""EPSG"",""9122""]],AXIS[""Latitude"",NORTH],AXIS[""Longitude"",EAST]]","GEOGCS[""WGS 84"",DATUM[""World Geodetic System 1984"",SPHEROID[""WGS 84"",6378137,298.257223563]],PRIMEM[""Greenwich"",0],UNIT[""degree"",0.0174532925199433,AUTHORITY[""EPSG"",""9122""]],AXIS[""Latitude"",NORTH],AXIS[""Longitude"",EAST]]",False,,3127,False,Success
LST,LST_Day_2018_7.tif,E:\Geospatial\Precipitation Downscaling\Precipitation-Downscaling-Khulna\data\processed\rasters_aligned\monthly\LST\LST_Day_2018_7.tif,bilinear,"GEOGCS[""WGS 84"",DATUM[""World Geodetic System 1984"",SPHEROID[""WGS 84"",6378137,298.257223563]],PRIMEM[""Greenwich"",0],UNIT[""degree"",0.0174532925199433,AUTHORITY[""EPSG"",""9122""]],AXIS[""Latitude"",NORTH],AXIS[""Longitude"",EAST]]","GEOGCS[""WGS 84"",DATUM[""World Geodetic System 1984"",SPHEROID[""WGS 84"",6378137,298.257223563]],PRIMEM[""Greenwich"",0],UNIT[""degree"",0.0174532925199433,AUTHORITY[""EPSG"",""9122""]],AXIS[""Latitude"",NORTH],AXIS[""Longitude"",EAST]]",False,,3033,False,Success
LST,LST_Day_2018_8.tif,E:\Geospatial\Precipitation Downscaling\Precipitation-Downscaling-Khulna\data\processed\rasters_aligned\monthly\LST\LST_Day_2018_8.tif,bilinear,"GEOGCS[""WGS 84"",DATUM[""World Geodetic System 1984"",SPHEROID[""WGS 84"",6378137,298.257223563]],PRIMEM[""Greenwich"",0],UNIT[""degree"",0.0174532925199433,AUTHORITY[""EPSG"",""9122""]],AXIS[""Latitude"",NORTH],AXIS[""Longitude"",EAST]]","GEOGCS[""WGS 84"",DATUM[""World Geodetic System 1984"",SPHEROID[""WGS 84"",6378137,298.257223563]],PRIMEM[""Greenwich"",0],UNIT[""degree"",0.0174532925199433,AUTHORITY[""EPSG"",""9122""]],AXIS[""Latitude"",NORTH],AXIS[""Longitude"",EAST]]",False,,2832,False,Success
LST,LST_Day_2018_9.tif,E:\Geospatial\Precipitation Downscaling\Precipitation-Downscaling-Khulna\data\processed\rasters_aligned\monthly\LST\LST_Day_2018_9.tif,bilinear,"GEOGCS[""WGS 84"",DATUM[""World Geodetic System 1984"",SPHEROID[""WGS 84"",6378137,298.257223563]],PRIMEM[""Greenwich"",0],UNIT[""degree"",0.0174532925199433,AUTHORITY[""EPSG"",""9122""]],AXIS[""Latitude"",NORTH],AXIS[""Longitude"",EAST]]","GEOGCS[""WGS 84"",DATUM[""World Geodetic System 1984"",SPHEROID[""WGS 84"",6378137,298.257223563]],PRIMEM[""Greenwich"",0],UNIT[""degree"",0.0174532925199433,AUTHORITY[""EPSG"",""9122""]],AXIS[""Latitude"",NORTH],AXIS[""Longitude"",EAST]]",False,,4340,False,Success
LST,LST_Day_2019_1.tif,E:\Geospatial\Precipitation Downscaling\Precipitation-Downscaling-Khulna\data\processed\rasters_aligned\monthly\LST\LST_Day_2019_1.tif,bilinear,"GEOGCS[""WGS 84"",DATUM[""World Geodetic System 1984"",SPHEROID[""WGS 84"",6378137,298.257223563]],PRIMEM[""Greenwich"",0],UNIT[""degree"",0.0174532925199433,AUTHORITY[""EPSG"",""9122""]],AXIS[""Latitude"",NORTH],AXIS[""Longitude"",EAST]]","GEOGCS[""WGS 84"",DATUM[""World Geodetic System 1984"",SPHEROID[""WGS 84"",6378137,298.257223563]],PRIMEM[""Greenwich"",0],UNIT[""degree"",0.0174532925199433,AUTHORITY[""EPSG"",""9122""]],AXIS[""Latitude"",NORTH],AXIS[""Longitude"",EAST]]",False,,4340,False,Success
LST,LST_Day_2019_10.tif,E:\Geospatial\Precipitation Downscaling\Precipitation-Downscaling-Khulna\data\processed\rasters_aligned\monthly\LST\LST_Day_2019_10.tif,bilinear,"GEOGCS[""WGS 84"",DATUM[""World Geodetic System 1984"",SPHEROID[""WGS 84"",6378137,298.257223563]],PRIMEM[""Greenwich"",0],UNIT[""degree"",0.0174532925199433,AUTHORITY[""EPSG"",""9122""]],AXIS[""Latitude"",NORTH],AXIS[""Longitude"",EAST]]","GEOGCS[""WGS 84"",DATUM[""World Geodetic System 1984"",SPHEROID[""WGS 84"",6378137,298.257223563]],PRIMEM[""Greenwich"",0],UNIT[""degree"",0.0174532925199433,AUTHORITY[""EPSG"",""9122""]],AXIS[""Latitude"",NORTH],AXIS[""Longitude"",EAST]]",False,,4340,False,Success
LST,LST_Day_2019_11.tif,E:\Geospatial\Precipitation Downscaling\Precipitation-Downscaling-Khulna\data\processed\rasters_aligned\monthly\LST\LST_Day_2019_11.tif,bilinear,"GEOGCS[""WGS 84"",DATUM[""World Geodetic System 1984"",SPHEROID[""WGS 84"",6378137,298.257223563]],PRIMEM[""Greenwich"",0],UNIT[""degree"",0.0174532925199433,AUTHORITY[""EPSG"",""9122""]],AXIS[""Latitude"",NORTH],AXIS[""Longitude"",EAST]]","GEOGCS[""WGS 84"",DATUM[""World Geodetic System 1984"",SPHEROID[""WGS 84"",6378137,298.257223563]],PRIMEM[""Greenwich"",0],UNIT[""degree"",0.0174532925199433,AUTHORITY[""EPSG"",""9122""]],AXIS[""Latitude"",NORTH],AXIS[""Longitude"",EAST]]",False,,4340,False,Success
LST,LST_Day_2019_12.tif,E:\Geospatial\Precipitation Downscaling\Precipitation-Downscaling-Khulna\data\processed\rasters_aligned\monthly\LST\LST_Day_2019_12.tif,bilinear,"GEOGCS[""WGS 84"",DATUM[""World Geodetic System 1984"",SPHEROID[""WGS 84"",6378137,298.257223563]],PRIMEM[""Greenwich"",0],UNIT[""degree"",0.0174532925199433,AUTHORITY[""EPSG"",""9122""]],AXIS[""Latitude"",NORTH],AXIS[""Longitude"",EAST]]","GEOGCS[""WGS 84"",DATUM[""World Geodetic System 1984"",SPHEROID[""WGS 84"",6378137,298.257223563]],PRIMEM[""Greenwich"",0],UNIT[""degree"",0.0174532925199433,AUTHORITY[""EPSG"",""9122""]],AXIS[""Latitude"",NORTH],AXIS[""Longitude"",EAST]]",False,,4340,False,Success
LST,LST_Day_2019_2.tif,E:\Geospatial\Precipitation Downscaling\Precipitation-Downscaling-Khulna\data\processed\rasters_aligned\monthly\LST\LST_Day_2019_2.tif,bilinear,"GEOGCS[""WGS 84"",DATUM[""World Geodetic System 1984"",SPHEROID[""WGS 84"",6378137,298.257223563]],PRIMEM[""Greenwich"",0],UNIT[""degree"",0.0174532925199433,AUTHORITY[""EPSG"",""9122""]],AXIS[""Latitude"",NORTH],AXIS[""Longitude"",EAST]]","GEOGCS[""WGS 84"",DATUM[""World Geodetic System 1984"",SPHEROID[""WGS 84"",6378137,298.257223563]],PRIMEM[""Greenwich"",0],UNIT[""degree"",0.0174532925199433,AUTHORITY[""EPSG"",""9122""]],AXIS[""Latitude"",NORTH],AXIS[""Longitude"",EAST]]",False,,4340,False,Success
LST,LST_Day_2019_3.tif,E:\Geospatial\Precipitation Downscaling\Precipitation-Downscaling-Khulna\data\processed\rasters_aligned\monthly\LST\LST_Day_2019_3.tif,bilinear,"GEOGCS[""WGS 84"",DATUM[""World Geodetic System 1984"",SPHEROID[""WGS 84"",6378137,298.257223563]],PRIMEM[""Greenwich"",0],UNIT[""degree"",0.0174532925199433,AUTHORITY[""EPSG"",""9122""]],AXIS[""Latitude"",NORTH],AXIS[""Longitude"",EAST]]","GEOGCS[""WGS 84"",DATUM[""World Geodetic System 1984"",SPHEROID[""WGS 84"",6378137,298.257223563]],PRIMEM[""Greenwich"",0],UNIT[""degree"",0.0174532925199433,AUTHORITY[""EPSG"",""9122""]],AXIS[""Latitude"",NORTH],AXIS[""Longitude"",EAST]]",False,,4340,False,Success
LST,LST_Day_2019_4.tif,E:\Geospatial\Precipitation Downscaling\Precipitation-Downscaling-Khulna\data\processed\rasters_aligned\monthly\LST\LST_Day_2019_4.tif,bilinear,"GEOGCS[""WGS 84"",DATUM[""World Geodetic System 1984"",SPHEROID[""WGS 84"",6378137,298.257223563]],PRIMEM[""Greenwich"",0],UNIT[""degree"",0.0174532925199433,AUTHORITY[""EPSG"",""9122""]],AXIS[""Latitude"",NORTH],AXIS[""Longitude"",EAST]]","GEOGCS[""WGS 84"",DATUM[""World Geodetic System 1984"",SPHEROID[""WGS 84"",6378137,298.257223563]],PRIMEM[""Greenwich"",0],UNIT[""degree"",0.0174532925199433,AUTHORITY[""EPSG"",""9122""]],AXIS[""Latitude"",NORTH],AXIS[""Longitude"",EAST]]",False,,4340,False,Success
LST,LST_Day_2019_5.tif,E:\Geospatial\Precipitation Downscaling\Precipitation-Downscaling-Khulna\data\processed\rasters_aligned\monthly\LST\LST_Day_2019_5.tif,bilinear,"GEOGCS[""WGS 84"",DATUM[""World Geodetic System 1984"",SPHEROID[""WGS 84"",6378137,298.257223563]],PRIMEM[""Greenwich"",0],UNIT[""degree"",0.0174532925199433,AUTHORITY[""EPSG"",""9122""]],AXIS[""Latitude"",NORTH],AXIS[""Longitude"",EAST]]","GEOGCS[""WGS 84"",DATUM[""World Geodetic System 1984"",SPHEROID[""WGS 84"",6378137,298.257223563]],PRIMEM[""Greenwich"",0],UNIT[""degree"",0.0174532925199433,AUTHORITY[""EPSG"",""9122""]],AXIS[""Latitude"",NORTH],AXIS[""Longitude"",EAST]]",False,,4340,False,Success
LST,LST_Day_2019_6.tif,E:\Geospatial\Precipitation Downscaling\Precipitation-Downscaling-Khulna\data\processed\rasters_aligned\monthly\LST\LST_Day_2019_6.tif,bilinear,"GEOGCS[""WGS 84"",DATUM[""World Geodetic System 1984"",SPHEROID[""WGS 84"",6378137,298.257223563]],PRIMEM[""Greenwich"",0],UNIT[""degree"",0.0174532925199433,AUTHORITY[""EPSG"",""9122""]],AXIS[""Latitude"",NORTH],AXIS[""Longitude"",EAST]]","GEOGCS[""WGS 84"",DATUM[""World Geodetic System 1984"",SPHEROID[""WGS 84"",6378137,298.257223563]],PRIMEM[""Greenwich"",0],UNIT[""degree"",0.0174532925199433,AUTHORITY[""EPSG"",""9122""]],AXIS[""Latitude"",NORTH],AXIS[""Longitude"",EAST]]",False,,4270,False,Success
LST,LST_Day_2019_7.tif,E:\Geospatial\Precipitation Downscaling\Precipitation-Downscaling-Khulna\data\processed\rasters_aligned\monthly\LST\LST_Day_2019_7.tif,bilinear,"GEOGCS[""WGS 84"",DATUM[""World Geodetic System 1984"",SPHEROID[""WGS 84"",6378137,298.257223563]],PRIMEM[""Greenwich"",0],UNIT[""degree"",0.0174532925199433,AUTHORITY[""EPSG"",""9122""]],AXIS[""Latitude"",NORTH],AXIS[""Longitude"",EAST]]","GEOGCS[""WGS 84"",DATUM[""World Geodetic System 1984"",SPHEROID[""WGS 84"",6378137,298.257223563]],PRIMEM[""Greenwich"",0],UNIT[""degree"",0.0174532925199433,AUTHORITY[""EPSG"",""9122""]],AXIS[""Latitude"",NORTH],AXIS[""Longitude"",EAST]]",False,,4122,False,Success
LST,LST_Day_2019_8.tif,E:\Geospatial\Precipitation Downscaling\Precipitation-Downscaling-Khulna\data\processed\rasters_aligned\monthly\LST\LST_Day_2019_8.tif,bilinear,"GEOGCS[""WGS 84"",DATUM[""World Geodetic System 1984"",SPHEROID[""WGS 84"",6378137,298.257223563]],PRIMEM[""Greenwich"",0],UNIT[""degree"",0.0174532925199433,AUTHORITY[""EPSG"",""9122""]],AXIS[""Latitude"",NORTH],AXIS[""Longitude"",EAST]]","GEOGCS[""WGS 84"",DATUM[""World Geodetic System 1984"",SPHEROID[""WGS 84"",6378137,298.257223563]],PRIMEM[""Greenwich"",0],UNIT[""degree"",0.0174532925199433,AUTHORITY[""EPSG"",""9122""]],AXIS[""Latitude"",NORTH],AXIS[""Longitude"",EAST]]",False,,2898,False,Success
LST,LST_Day_2019_9.tif,E:\Geospatial\Precipitation Downscaling\Precipitation-Downscaling-Khulna\data\processed\rasters_aligned\monthly\LST\LST_Day_2019_9.tif,bilinear,"GEOGCS[""WGS 84"",DATUM[""World Geodetic System 1984"",SPHEROID[""WGS 84"",6378137,298.257223563]],PRIMEM[""Greenwich"",0],UNIT[""degree"",0.0174532925199433,AUTHORITY[""EPSG"",""9122""]],AXIS[""Latitude"",NORTH],AXIS[""Longitude"",EAST]]","GEOGCS[""WGS 84"",DATUM[""World Geodetic System 1984"",SPHEROID[""WGS 84"",6378137,298.257223563]],PRIMEM[""Greenwich"",0],UNIT[""degree"",0.0174532925199433,AUTHORITY[""EPSG"",""9122""]],AXIS[""Latitude"",NORTH],AXIS[""Longitude"",EAST]]",False,,4313,False,Success
LST,LST_Day_2020_1.tif,E:\Geospatial\Precipitation Downscaling\Precipitation-Downscaling-Khulna\data\processed\rasters_aligned\monthly\LST\LST_Day_2020_1.tif,bilinear,"GEOGCS[""WGS 84"",DATUM[""World Geodetic System 1984"",SPHEROID[""WGS 84"",6378137,298.257223563]],PRIMEM[""Greenwich"",0],UNIT[""degree"",0.0174532925199433,AUTHORITY[""EPSG"",""9122""]],AXIS[""Latitude"",NORTH],AXIS[""Longitude"",EAST]]","GEOGCS[""WGS 84"",DATUM[""World Geodetic System 1984"",SPHEROID[""WGS 84"",6378137,298.257223563]],PRIMEM[""Greenwich"",0],UNIT[""degree"",0.0174532925199433,AUTHORITY[""EPSG"",""9122""]],AXIS[""Latitude"",NORTH],AXIS[""Longitude"",EAST]]",False,,4340,False,Success
LST,LST_Day_2020_10.tif,E:\Geospatial\Precipitation Downscaling\Precipitation-Downscaling-Khulna\data\processed\rasters_aligned\monthly\LST\LST_Day_2020_10.tif,bilinear,"GEOGCS[""WGS 84"",DATUM[""World Geodetic System 1984"",SPHEROID[""WGS 84"",6378137,298.257223563]],PRIMEM[""Greenwich"",0],UNIT[""degree"",0.0174532925199433,AUTHORITY[""EPSG"",""9122""]],AXIS[""Latitude"",NORTH],AXIS[""Longitude"",EAST]]","GEOGCS[""WGS 84"",DATUM[""World Geodetic System 1984"",SPHEROID[""WGS 84"",6378137,298.257223563]],PRIMEM[""Greenwich"",0],UNIT[""degree"",0.0174532925199433,AUTHORITY[""EPSG"",""9122""]],AXIS[""Latitude"",NORTH],AXIS[""Longitude"",EAST]]",False,,4340,False,Success
LST,LST_Day_2020_11.tif,E:\Geospatial\Precipitation Downscaling\Precipitation-Downscaling-Khulna\data\processed\rasters_aligned\monthly\LST\LST_Day_2020_11.tif,bilinear,"GEOGCS[""WGS 84"",DATUM[""World Geodetic System 1984"",SPHEROID[""WGS 84"",6378137,298.257223563]],PRIMEM[""Greenwich"",0],UNIT[""degree"",0.0174532925199433,AUTHORITY[""EPSG"",""9122""]],AXIS[""Latitude"",NORTH],AXIS[""Longitude"",EAST]]","GEOGCS[""WGS 84"",DATUM[""World Geodetic System 1984"",SPHEROID[""WGS 84"",6378137,298.257223563]],PRIMEM[""Greenwich"",0],UNIT[""degree"",0.0174532925199433,AUTHORITY[""EPSG"",""9122""]],AXIS[""Latitude"",NORTH],AXIS[""Longitude"",EAST]]",False,,4340,False,Success
LST,LST_Day_2020_12.tif,E:\Geospatial\Precipitation Downscaling\Precipitation-Downscaling-Khulna\data\processed\rasters_aligned\monthly\LST\LST_Day_2020_12.tif,bilinear,"GEOGCS[""WGS 84"",DATUM[""World Geodetic System 1984"",SPHEROID[""WGS 84"",6378137,298.257223563]],PRIMEM[""Greenwich"",0],UNIT[""degree"",0.0174532925199433,AUTHORITY[""EPSG"",""9122""]],AXIS[""Latitude"",NORTH],AXIS[""Longitude"",EAST]]","GEOGCS[""WGS 84"",DATUM[""World Geodetic System 1984"",SPHEROID[""WGS 84"",6378137,298.257223563]],PRIMEM[""Greenwich"",0],UNIT[""degree"",0.0174532925199433,AUTHORITY[""EPSG"",""9122""]],AXIS[""Latitude"",NORTH],AXIS[""Longitude"",EAST]]",False,,4338,False,Success
LST,LST_Day_2020_2.tif,E:\Geospatial\Precipitation Downscaling\Precipitation-Downscaling-Khulna\data\processed\rasters_aligned\monthly\LST\LST_Day_2020_2.tif,bilinear,"GEOGCS[""WGS 84"",DATUM[""World Geodetic System 1984"",SPHEROID[""WGS 84"",6378137,298.257223563]],PRIMEM[""Greenwich"",0],UNIT[""degree"",0.0174532925199433,AUTHORITY[""EPSG"",""9122""]],AXIS[""Latitude"",NORTH],AXIS[""Longitude"",EAST]]","GEOGCS[""WGS 84"",DATUM[""World Geodetic System 1984"",SPHEROID[""WGS 84"",6378137,298.257223563]],PRIMEM[""Greenwich"",0],UNIT[""degree"",0.0174532925199433,AUTHORITY[""EPSG"",""9122""]],AXIS[""Latitude"",NORTH],AXIS[""Longitude"",EAST]]",False,,4340,False,Success
LST,LST_Day_2020_3.tif,E:\Geospatial\Precipitation Downscaling\Precipitation-Downscaling-Khulna\data\processed\rasters_aligned\monthly\LST\LST_Day_2020_3.tif,bilinear,"GEOGCS[""WGS 84"",DATUM[""World Geodetic System 1984"",SPHEROID[""WGS 84"",6378137,298.257223563]],PRIMEM[""Greenwich"",0],UNIT[""degree"",0.0174532925199433,AUTHORITY[""EPSG"",""9122""]],AXIS[""Latitude"",NORTH],AXIS[""Longitude"",EAST]]","GEOGCS[""WGS 84"",DATUM[""World Geodetic System 1984"",SPHEROID[""WGS 84"",6378137,298.257223563]],PRIMEM[""Greenwich"",0],UNIT[""degree"",0.0174532925199433,AUTHORITY[""EPSG"",""9122""]],AXIS[""Latitude"",NORTH],AXIS[""Longitude"",EAST]]",False,,4340,False,Success
LST,LST_Day_2020_4.tif,E:\Geospatial\Precipitation Downscaling\Precipitation-Downscaling-Khulna\data\processed\rasters_aligned\monthly\LST\LST_Day_2020_4.tif,bilinear,"GEOGCS[""WGS 84"",DATUM[""World Geodetic System 1984"",SPHEROID[""WGS 84"",6378137,298.257223563]],PRIMEM[""Greenwich"",0],UNIT[""degree"",0.0174532925199433,AUTHORITY[""EPSG"",""9122""]],AXIS[""Latitude"",NORTH],AXIS[""Longitude"",EAST]]","GEOGCS[""WGS 84"",DATUM[""World Geodetic System 1984"",SPHEROID[""WGS 84"",6378137,298.257223563]],PRIMEM[""Greenwich"",0],UNIT[""degree"",0.0174532925199433,AUTHORITY[""EPSG"",""9122""]],AXIS[""Latitude"",NORTH],AXIS[""Longitude"",EAST]]",False,,4340,False,Success
LST,LST_Day_2020_5.tif,E:\Geospatial\Precipitation Downscaling\Precipitation-Downscaling-Khulna\data\processed\rasters_aligned\monthly\LST\LST_Day_2020_5.tif,bilinear,"GEOGCS[""WGS 84"",DATUM[""World Geodetic System 1984"",SPHEROID[""WGS 84"",6378137,298.257223563]],PRIMEM[""Greenwich"",0],UNIT[""degree"",0.0174532925199433,AUTHORITY[""EPSG"",""9122""]],AXIS[""Latitude"",NORTH],AXIS[""Longitude"",EAST]]","GEOGCS[""WGS 84"",DATUM[""World Geodetic System 1984"",SPHEROID[""WGS 84"",6378137,298.257223563]],PRIMEM[""Greenwich"",0],UNIT[""degree"",0.0174532925199433,AUTHORITY[""EPSG"",""9122""]],AXIS[""Latitude"",NORTH],AXIS[""Longitude"",EAST]]",False,,4339,False,Success
LST,LST_Day_2020_6.tif,E:\Geospatial\Precipitation Downscaling\Precipitation-Downscaling-Khulna\data\processed\rasters_aligned\monthly\LST\LST_Day_2020_6.tif,bilinear,"GEOGCS[""WGS 84"",DATUM[""World Geodetic System 1984"",SPHEROID[""WGS 84"",6378137,298.257223563]],PRIMEM[""Greenwich"",0],UNIT[""degree"",0.0174532925199433,AUTHORITY[""EPSG"",""9122""]],AXIS[""Latitude"",NORTH],AXIS[""Longitude"",EAST]]","GEOGCS[""WGS 84"",DATUM[""World Geodetic System 1984"",SPHEROID[""WGS 84"",6378137,298.257223563]],PRIMEM[""Greenwich"",0],UNIT[""degree"",0.0174532925199433,AUTHORITY[""EPSG"",""9122""]],AXIS[""Latitude"",NORTH],AXIS[""Longitude"",EAST]]",False,,3318,False,Success
LST,LST_Day_2020_7.tif,E:\Geospatial\Precipitation Downscaling\Precipitation-Downscaling-Khulna\data\processed\rasters_aligned\monthly\LST\LST_Day_2020_7.tif,bilinear,"GEOGCS[""WGS 84"",DATUM[""World Geodetic System 1984"",SPHEROID[""WGS 84"",6378137,298.257223563]],PRIMEM[""Greenwich"",0],UNIT[""degree"",0.0174532925199433,AUTHORITY[""EPSG"",""9122""]],AXIS[""Latitude"",NORTH],AXIS[""Longitude"",EAST]]","GEOGCS[""WGS 84"",DATUM[""World Geodetic System 1984"",SPHEROID[""WGS 84"",6378137,298.257223563]],PRIMEM[""Greenwich"",0],UNIT[""degree"",0.0174532925199433,AUTHORITY[""EPSG"",""9122""]],AXIS[""Latitude"",NORTH],AXIS[""Longitude"",EAST]]",False,,2531,False,Success
LST,LST_Day_2020_8.tif,E:\Geospatial\Precipitation Downscaling\Precipitation-Downscaling-Khulna\data\processed\rasters_aligned\monthly\LST\LST_Day_2020_8.tif,bilinear,"GEOGCS[""WGS 84"",DATUM[""World Geodetic System 1984"",SPHEROID[""WGS 84"",6378137,298.257223563]],PRIMEM[""Greenwich"",0],UNIT[""degree"",0.0174532925199433,AUTHORITY[""EPSG"",""9122""]],AXIS[""Latitude"",NORTH],AXIS[""Longitude"",EAST]]","GEOGCS[""WGS 84"",DATUM[""World Geodetic System 1984"",SPHEROID[""WGS 84"",6378137,298.257223563]],PRIMEM[""Greenwich"",0],UNIT[""degree"",0.0174532925199433,AUTHORITY[""EPSG"",""9122""]],AXIS[""Latitude"",NORTH],AXIS[""Longitude"",EAST]]",False,,3764,False,Success
LST,LST_Day_2020_9.tif,E:\Geospatial\Precipitation Downscaling\Precipitation-Downscaling-Khulna\data\processed\rasters_aligned\monthly\LST\LST_Day_2020_9.tif,bilinear,"GEOGCS[""WGS 84"",DATUM[""World Geodetic System 1984"",SPHEROID[""WGS 84"",6378137,298.257223563]],PRIMEM[""Greenwich"",0],UNIT[""degree"",0.0174532925199433,AUTHORITY[""EPSG"",""9122""]],AXIS[""Latitude"",NORTH],AXIS[""Longitude"",EAST]]","GEOGCS[""WGS 84"",DATUM[""World Geodetic System 1984"",SPHEROID[""WGS 84"",6378137,298.257223563]],PRIMEM[""Greenwich"",0],UNIT[""degree"",0.0174532925199433,AUTHORITY[""EPSG"",""9122""]],AXIS[""Latitude"",NORTH],AXIS[""Longitude"",EAST]]",False,,3922,False,Success
LST,LST_Day_2021_1.tif,E:\Geospatial\Precipitation Downscaling\Precipitation-Downscaling-Khulna\data\processed\rasters_aligned\monthly\LST\LST_Day_2021_1.tif,bilinear,"GEOGCS[""WGS 84"",DATUM[""World Geodetic System 1984"",SPHEROID[""WGS 84"",6378137,298.257223563]],PRIMEM[""Greenwich"",0],UNIT[""degree"",0.0174532925199433,AUTHORITY[""EPSG"",""9122""]],AXIS[""Latitude"",NORTH],AXIS[""Longitude"",EAST]]","GEOGCS[""WGS 84"",DATUM[""World Geodetic System 1984"",SPHEROID[""WGS 84"",6378137,298.257223563]],PRIMEM[""Greenwich"",0],UNIT[""degree"",0.0174532925199433,AUTHORITY[""EPSG"",""9122""]],AXIS[""Latitude"",NORTH],AXIS[""Longitude"",EAST]]",False,,4340,False,Success
LST,LST_Day_2021_10.tif,E:\Geospatial\Precipitation Downscaling\Precipitation-Downscaling-Khulna\data\processed\rasters_aligned\monthly\LST\LST_Day_2021_10.tif,bilinear,"GEOGCS[""WGS 84"",DATUM[""World Geodetic System 1984"",SPHEROID[""WGS 84"",6378137,298.257223563]],PRIMEM[""Greenwich"",0],UNIT[""degree"",0.0174532925199433,AUTHORITY[""EPSG"",""9122""]],AXIS[""Latitude"",NORTH],AXIS[""Longitude"",EAST]]","GEOGCS[""WGS 84"",DATUM[""World Geodetic System 1984"",SPHEROID[""WGS 84"",6378137,298.257223563]],PRIMEM[""Greenwich"",0],UNIT[""degree"",0.0174532925199433,AUTHORITY[""EPSG"",""9122""]],AXIS[""Latitude"",NORTH],AXIS[""Longitude"",EAST]]",False,,4339,False,Success
LST,LST_Day_2021_11.tif,E:\Geospatial\Precipitation Downscaling\Precipitation-Downscaling-Khulna\data\processed\rasters_aligned\monthly\LST\LST_Day_2021_11.tif,bilinear,"GEOGCS[""WGS 84"",DATUM[""World Geodetic System 1984"",SPHEROID[""WGS 84"",6378137,298.257223563]],PRIMEM[""Greenwich"",0],UNIT[""degree"",0.0174532925199433,AUTHORITY[""EPSG"",""9122""]],AXIS[""Latitude"",NORTH],AXIS[""Longitude"",EAST]]","GEOGCS[""WGS 84"",DATUM[""World Geodetic System 1984"",SPHEROID[""WGS 84"",6378137,298.257223563]],PRIMEM[""Greenwich"",0],UNIT[""degree"",0.0174532925199433,AUTHORITY[""EPSG"",""9122""]],AXIS[""Latitude"",NORTH],AXIS[""Longitude"",EAST]]",False,,4340,False,Success
LST,LST_Day_2021_12.tif,E:\Geospatial\Precipitation Downscaling\Precipitation-Downscaling-Khulna\data\processed\rasters_aligned\monthly\LST\LST_Day_2021_12.tif,bilinear,"GEOGCS[""WGS 84"",DATUM[""World Geodetic System 1984"",SPHEROID[""WGS 84"",6378137,298.257223563]],PRIMEM[""Greenwich"",0],UNIT[""degree"",0.0174532925199433,AUTHORITY[""EPSG"",""9122""]],AXIS[""Latitude"",NORTH],AXIS[""Longitude"",EAST]]","GEOGCS[""WGS 84"",DATUM[""World Geodetic System 1984"",SPHEROID[""WGS 84"",6378137,298.257223563]],PRIMEM[""Greenwich"",0],UNIT[""degree"",0.0174532925199433,AUTHORITY[""EPSG"",""9122""]],AXIS[""Latitude"",NORTH],AXIS[""Longitude"",EAST]]",False,,4340,False,Success
LST,LST_Day_2021_2.tif,E:\Geospatial\Precipitation Downscaling\Precipitation-Downscaling-Khulna\data\processed\rasters_aligned\monthly\LST\LST_Day_2021_2.tif,bilinear,"GEOGCS[""WGS 84"",DATUM[""World Geodetic System 1984"",SPHEROID[""WGS 84"",6378137,298.257223563]],PRIMEM[""Greenwich"",0],UNIT[""degree"",0.0174532925199433,AUTHORITY[""EPSG"",""9122""]],AXIS[""Latitude"",NORTH],AXIS[""Longitude"",EAST]]","GEOGCS[""WGS 84"",DATUM[""World Geodetic System 1984"",SPHEROID[""WGS 84"",6378137,298.257223563]],PRIMEM[""Greenwich"",0],UNIT[""degree"",0.0174532925199433,AUTHORITY[""EPSG"",""9122""]],AXIS[""Latitude"",NORTH],AXIS[""Longitude"",EAST]]",False,,4340,False,Success
LST,LST_Day_2021_3.tif,E:\Geospatial\Precipitation Downscaling\Precipitation-Downscaling-Khulna\data\processed\rasters_aligned\monthly\LST\LST_Day_2021_3.tif,bilinear,"GEOGCS[""WGS 84"",DATUM[""World Geodetic System 1984"",SPHEROID[""WGS 84"",6378137,298.257223563]],PRIMEM[""Greenwich"",0],UNIT[""degree"",0.0174532925199433,AUTHORITY[""EPSG"",""9122""]],AXIS[""Latitude"",NORTH],AXIS[""Longitude"",EAST]]","GEOGCS[""WGS 84"",DATUM[""World Geodetic System 1984"",SPHEROID[""WGS 84"",6378137,298.257223563]],PRIMEM[""Greenwich"",0],UNIT[""degree"",0.0174532925199433,AUTHORITY[""EPSG"",""9122""]],AXIS[""Latitude"",NORTH],AXIS[""Longitude"",EAST]]",False,,4340,False,Success
LST,LST_Day_2021_4.tif,E:\Geospatial\Precipitation Downscaling\Precipitation-Downscaling-Khulna\data\processed\rasters_aligned\monthly\LST\LST_Day_2021_4.tif,bilinear,"GEOGCS[""WGS 84"",DATUM[""World Geodetic System 1984"",SPHEROID[""WGS 84"",6378137,298.257223563]],PRIMEM[""Greenwich"",0],UNIT[""degree"",0.0174532925199433,AUTHORITY[""EPSG"",""9122""]],AXIS[""Latitude"",NORTH],AXIS[""Longitude"",EAST]]","GEOGCS[""WGS 84"",DATUM[""World Geodetic System 1984"",SPHEROID[""WGS 84"",6378137,298.257223563]],PRIMEM[""Greenwich"",0],UNIT[""degree"",0.0174532925199433,AUTHORITY[""EPSG"",""9122""]],AXIS[""Latitude"",NORTH],AXIS[""Longitude"",EAST]]",False,,4339,False,Success
LST,LST_Day_2021_5.tif,E:\Geospatial\Precipitation Downscaling\Precipitation-Downscaling-Khulna\data\processed\rasters_aligned\monthly\LST\LST_Day_2021_5.tif,bilinear,"GEOGCS[""WGS 84"",DATUM[""World Geodetic System 1984"",SPHEROID[""WGS 84"",6378137,298.257223563]],PRIMEM[""Greenwich"",0],UNIT[""degree"",0.0174532925199433,AUTHORITY[""EPSG"",""9122""]],AXIS[""Latitude"",NORTH],AXIS[""Longitude"",EAST]]","GEOGCS[""WGS 84"",DATUM[""World Geodetic System 1984"",SPHEROID[""WGS 84"",6378137,298.257223563]],PRIMEM[""Greenwich"",0],UNIT[""degree"",0.0174532925199433,AUTHORITY[""EPSG"",""9122""]],AXIS[""Latitude"",NORTH],AXIS[""Longitude"",EAST]]",False,,4340,False,Success
LST,LST_Day_2021_6.tif,E:\Geospatial\Precipitation Downscaling\Precipitation-Downscaling-Khulna\data\processed\rasters_aligned\monthly\LST\LST_Day_2021_6.tif,bilinear,"GEOGCS[""WGS 84"",DATUM[""World Geodetic System 1984"",SPHEROID[""WGS 84"",6378137,298.257223563]],PRIMEM[""Greenwich"",0],UNIT[""degree"",0.0174532925199433,AUTHORITY[""EPSG"",""9122""]],AXIS[""Latitude"",NORTH],AXIS[""Longitude"",EAST]]","GEOGCS[""WGS 84"",DATUM[""World Geodetic System 1984"",SPHEROID[""WGS 84"",6378137,298.257223563]],PRIMEM[""Greenwich"",0],UNIT[""degree"",0.0174532925199433,AUTHORITY[""EPSG"",""9122""]],AXIS[""Latitude"",NORTH],AXIS[""Longitude"",EAST]]",False,,3996,False,Success
LST,LST_Day_2021_7.tif,E:\Geospatial\Precipitation Downscaling\Precipitation-Downscaling-Khulna\data\processed\rasters_aligned\monthly\LST\LST_Day_2021_7.tif,bilinear,"GEOGCS[""WGS 84"",DATUM[""World Geodetic System 1984"",SPHEROID[""WGS 84"",6378137,298.257223563]],PRIMEM[""Greenwich"",0],UNIT[""degree"",0.0174532925199433,AUTHORITY[""EPSG"",""9122""]],AXIS[""Latitude"",NORTH],AXIS[""Longitude"",EAST]]","GEOGCS[""WGS 84"",DATUM[""World Geodetic System 1984"",SPHEROID[""WGS 84"",6378137,298.257223563]],PRIMEM[""Greenwich"",0],UNIT[""degree"",0.0174532925199433,AUTHORITY[""EPSG"",""9122""]],AXIS[""Latitude"",NORTH],AXIS[""Longitude"",EAST]]",False,,1140,False,Success
LST,LST_Day_2021_8.tif,E:\Geospatial\Precipitation Downscaling\Precipitation-Downscaling-Khulna\data\processed\rasters_aligned\monthly\LST\LST_Day_2021_8.tif,bilinear,"GEOGCS[""WGS 84"",DATUM[""World Geodetic System 1984"",SPHEROID[""WGS 84"",6378137,298.257223563]],PRIMEM[""Greenwich"",0],UNIT[""degree"",0.0174532925199433,AUTHORITY[""EPSG"",""9122""]],AXIS[""Latitude"",NORTH],AXIS[""Longitude"",EAST]]","GEOGCS[""WGS 84"",DATUM[""World Geodetic System 1984"",SPHEROID[""WGS 84"",6378137,298.257223563]],PRIMEM[""Greenwich"",0],UNIT[""degree"",0.0174532925199433,AUTHORITY[""EPSG"",""9122""]],AXIS[""Latitude"",NORTH],AXIS[""Longitude"",EAST]]",False,,2234,False,Success
LST,LST_Day_2021_9.tif,E:\Geospatial\Precipitation Downscaling\Precipitation-Downscaling-Khulna\data\processed\rasters_aligned\monthly\LST\LST_Day_2021_9.tif,bilinear,"GEOGCS[""WGS 84"",DATUM[""World Geodetic System 1984"",SPHEROID[""WGS 84"",6378137,298.257223563]],PRIMEM[""Greenwich"",0],UNIT[""degree"",0.0174532925199433,AUTHORITY[""EPSG"",""9122""]],AXIS[""Latitude"",NORTH],AXIS[""Longitude"",EAST]]","GEOGCS[""WGS 84"",DATUM[""World Geodetic System 1984"",SPHEROID[""WGS 84"",6378137,298.257223563]],PRIMEM[""Greenwich"",0],UNIT[""degree"",0.0174532925199433,AUTHORITY[""EPSG"",""9122""]],AXIS[""Latitude"",NORTH],AXIS[""Longitude"",EAST]]",False,,4329,False,Success
LST,LST_Day_2022_1.tif,E:\Geospatial\Precipitation Downscaling\Precipitation-Downscaling-Khulna\data\processed\rasters_aligned\monthly\LST\LST_Day_2022_1.tif,bilinear,"GEOGCS[""WGS 84"",DATUM[""World Geodetic System 1984"",SPHEROID[""WGS 84"",6378137,298.257223563]],PRIMEM[""Greenwich"",0],UNIT[""degree"",0.0174532925199433,AUTHORITY[""EPSG"",""9122""]],AXIS[""Latitude"",NORTH],AXIS[""Longitude"",EAST]]","GEOGCS[""WGS 84"",DATUM[""World Geodetic System 1984"",SPHEROID[""WGS 84"",6378137,298.257223563]],PRIMEM[""Greenwich"",0],UNIT[""degree"",0.0174532925199433,AUTHORITY[""EPSG"",""9122""]],AXIS[""Latitude"",NORTH],AXIS[""Longitude"",EAST]]",False,,4340,False,Success
LST,LST_Day_2022_10.tif,E:\Geospatial\Precipitation Downscaling\Precipitation-Downscaling-Khulna\data\processed\rasters_aligned\monthly\LST\LST_Day_2022_10.tif,bilinear,"GEOGCS[""WGS 84"",DATUM[""World Geodetic System 1984"",SPHEROID[""WGS 84"",6378137,298.257223563]],PRIMEM[""Greenwich"",0],UNIT[""degree"",0.0174532925199433,AUTHORITY[""EPSG"",""9122""]],AXIS[""Latitude"",NORTH],AXIS[""Longitude"",EAST]]","GEOGCS[""WGS 84"",DATUM[""World Geodetic System 1984"",SPHEROID[""WGS 84"",6378137,298.257223563]],PRIMEM[""Greenwich"",0],UNIT[""degree"",0.0174532925199433,AUTHORITY[""EPSG"",""9122""]],AXIS[""Latitude"",NORTH],AXIS[""Longitude"",EAST]]",False,,4340,False,Success
LST,LST_Day_2022_11.tif,E:\Geospatial\Precipitation Downscaling\Precipitation-Downscaling-Khulna\data\processed\rasters_aligned\monthly\LST\LST_Day_2022_11.tif,bilinear,"GEOGCS[""WGS 84"",DATUM[""World Geodetic System 1984"",SPHEROID[""WGS 84"",6378137,298.257223563]],PRIMEM[""Greenwich"",0],UNIT[""degree"",0.0174532925199433,AUTHORITY[""EPSG"",""9122""]],AXIS[""Latitude"",NORTH],AXIS[""Longitude"",EAST]]","GEOGCS[""WGS 84"",DATUM[""World Geodetic System 1984"",SPHEROID[""WGS 84"",6378137,298.257223563]],PRIMEM[""Greenwich"",0],UNIT[""degree"",0.0174532925199433,AUTHORITY[""EPSG"",""9122""]],AXIS[""Latitude"",NORTH],AXIS[""Longitude"",EAST]]",False,,4340,False,Success
LST,LST_Day_2022_12.tif,E:\Geospatial\Precipitation Downscaling\Precipitation-Downscaling-Khulna\data\processed\rasters_aligned\monthly\LST\LST_Day_2022_12.tif,bilinear,"GEOGCS[""WGS 84"",DATUM[""World Geodetic System 1984"",SPHEROID[""WGS 84"",6378137,298.257223563]],PRIMEM[""Greenwich"",0],UNIT[""degree"",0.0174532925199433,AUTHORITY[""EPSG"",""9122""]],AXIS[""Latitude"",NORTH],AXIS[""Longitude"",EAST]]","GEOGCS[""WGS 84"",DATUM[""World Geodetic System 1984"",SPHEROID[""WGS 84"",6378137,298.257223563]],PRIMEM[""Greenwich"",0],UNIT[""degree"",0.0174532925199433,AUTHORITY[""EPSG"",""9122""]],AXIS[""Latitude"",NORTH],AXIS[""Longitude"",EAST]]",False,,4340,False,Success
LST,LST_Day_2022_2.tif,E:\Geospatial\Precipitation Downscaling\Precipitation-Downscaling-Khulna\data\processed\rasters_aligned\monthly\LST\LST_Day_2022_2.tif,bilinear,"GEOGCS[""WGS 84"",DATUM[""World Geodetic System 1984"",SPHEROID[""WGS 84"",6378137,298.257223563]],PRIMEM[""Greenwich"",0],UNIT[""degree"",0.0174532925199433,AUTHORITY[""EPSG"",""9122""]],AXIS[""Latitude"",NORTH],AXIS[""Longitude"",EAST]]","GEOGCS[""WGS 84"",DATUM[""World Geodetic System 1984"",SPHEROID[""WGS 84"",6378137,298.257223563]],PRIMEM[""Greenwich"",0],UNIT[""degree"",0.0174532925199433,AUTHORITY[""EPSG"",""9122""]],AXIS[""Latitude"",NORTH],AXIS[""Longitude"",EAST]]",False,,4340,False,Success
LST,LST_Day_2022_3.tif,E:\Geospatial\Precipitation Downscaling\Precipitation-Downscaling-Khulna\data\processed\rasters_aligned\monthly\LST\LST_Day_2022_3.tif,bilinear,"GEOGCS[""WGS 84"",DATUM[""World Geodetic System 1984"",SPHEROID[""WGS 84"",6378137,298.257223563]],PRIMEM[""Greenwich"",0],UNIT[""degree"",0.0174532925199433,AUTHORITY[""EPSG"",""9122""]],AXIS[""Latitude"",NORTH],AXIS[""Longitude"",EAST]]","GEOGCS[""WGS 84"",DATUM[""World Geodetic System 1984"",SPHEROID[""WGS 84"",6378137,298.257223563]],PRIMEM[""Greenwich"",0],UNIT[""degree"",0.0174532925199433,AUTHORITY[""EPSG"",""9122""]],AXIS[""Latitude"",NORTH],AXIS[""Longitude"",EAST]]",False,,4340,False,Success
LST,LST_Day_2022_4.tif,E:\Geospatial\Precipitation Downscaling\Precipitation-Downscaling-Khulna\data\processed\rasters_aligned\monthly\LST\LST_Day_2022_4.tif,bilinear,"GEOGCS[""WGS 84"",DATUM[""World Geodetic System 1984"",SPHEROID[""WGS 84"",6378137,298.257223563]],PRIMEM[""Greenwich"",0],UNIT[""degree"",0.0174532925199433,AUTHORITY[""EPSG"",""9122""]],AXIS[""Latitude"",NORTH],AXIS[""Longitude"",EAST]]","GEOGCS[""WGS 84"",DATUM[""World Geodetic System 1984"",SPHEROID[""WGS 84"",6378137,298.257223563]],PRIMEM[""Greenwich"",0],UNIT[""degree"",0.0174532925199433,AUTHORITY[""EPSG"",""9122""]],AXIS[""Latitude"",NORTH],AXIS[""Longitude"",EAST]]",False,,4340,False,Success
LST,LST_Day_2022_5.tif,E:\Geospatial\Precipitation Downscaling\Precipitation-Downscaling-Khulna\data\processed\rasters_aligned\monthly\LST\LST_Day_2022_5.tif,bilinear,"GEOGCS[""WGS 84"",DATUM[""World Geodetic System 1984"",SPHEROID[""WGS 84"",6378137,298.257223563]],PRIMEM[""Greenwich"",0],UNIT[""degree"",0.0174532925199433,AUTHORITY[""EPSG"",""9122""]],AXIS[""Latitude"",NORTH],AXIS[""Longitude"",EAST]]","GEOGCS[""WGS 84"",DATUM[""World Geodetic System 1984"",SPHEROID[""WGS 84"",6378137,298.257223563]],PRIMEM[""Greenwich"",0],UNIT[""degree"",0.0174532925199433,AUTHORITY[""EPSG"",""9122""]],AXIS[""Latitude"",NORTH],AXIS[""Longitude"",EAST]]",False,,4340,False,Success
LST,LST_Day_2022_6.tif,E:\Geospatial\Precipitation Downscaling\Precipitation-Downscaling-Khulna\data\processed\rasters_aligned\monthly\LST\LST_Day_2022_6.tif,bilinear,"GEOGCS[""WGS 84"",DATUM[""World Geodetic System 1984"",SPHEROID[""WGS 84"",6378137,298.257223563]],PRIMEM[""Greenwich"",0],UNIT[""degree"",0.0174532925199433,AUTHORITY[""EPSG"",""9122""]],AXIS[""Latitude"",NORTH],AXIS[""Longitude"",EAST]]","GEOGCS[""WGS 84"",DATUM[""World Geodetic System 1984"",SPHEROID[""WGS 84"",6378137,298.257223563]],PRIMEM[""Greenwich"",0],UNIT[""degree"",0.0174532925199433,AUTHORITY[""EPSG"",""9122""]],AXIS[""Latitude"",NORTH],AXIS[""Longitude"",EAST]]",False,,1484,False,Success
LST,LST_Day_2022_7.tif,E:\Geospatial\Precipitation Downscaling\Precipitation-Downscaling-Khulna\data\processed\rasters_aligned\monthly\LST\LST_Day_2022_7.tif,bilinear,"GEOGCS[""WGS 84"",DATUM[""World Geodetic System 1984"",SPHEROID[""WGS 84"",6378137,298.257223563]],PRIMEM[""Greenwich"",0],UNIT[""degree"",0.0174532925199433,AUTHORITY[""EPSG"",""9122""]],AXIS[""Latitude"",NORTH],AXIS[""Longitude"",EAST]]","GEOGCS[""WGS 84"",DATUM[""World Geodetic System 1984"",SPHEROID[""WGS 84"",6378137,298.257223563]],PRIMEM[""Greenwich"",0],UNIT[""degree"",0.0174532925199433,AUTHORITY[""EPSG"",""9122""]],AXIS[""Latitude"",NORTH],AXIS[""Longitude"",EAST]]",False,,3506,False,Success
LST,LST_Day_2022_8.tif,E:\Geospatial\Precipitation Downscaling\Precipitation-Downscaling-Khulna\data\processed\rasters_aligned\monthly\LST\LST_Day_2022_8.tif,bilinear,"GEOGCS[""WGS 84"",DATUM[""World Geodetic System 1984"",SPHEROID[""WGS 84"",6378137,298.257223563]],PRIMEM[""Greenwich"",0],UNIT[""degree"",0.0174532925199433,AUTHORITY[""EPSG"",""9122""]],AXIS[""Latitude"",NORTH],AXIS[""Longitude"",EAST]]","GEOGCS[""WGS 84"",DATUM[""World Geodetic System 1984"",SPHEROID[""WGS 84"",6378137,298.257223563]],PRIMEM[""Greenwich"",0],UNIT[""degree"",0.0174532925199433,AUTHORITY[""EPSG"",""9122""]],AXIS[""Latitude"",NORTH],AXIS[""Longitude"",EAST]]",False,,3552,False,Success
LST,LST_Day_2022_9.tif,E:\Geospatial\Precipitation Downscaling\Precipitation-Downscaling-Khulna\data\processed\rasters_aligned\monthly\LST\LST_Day_2022_9.tif,bilinear,"GEOGCS[""WGS 84"",DATUM[""World Geodetic System 1984"",SPHEROID[""WGS 84"",6378137,298.257223563]],PRIMEM[""Greenwich"",0],UNIT[""degree"",0.0174532925199433,AUTHORITY[""EPSG"",""9122""]],AXIS[""Latitude"",NORTH],AXIS[""Longitude"",EAST]]","GEOGCS[""WGS 84"",DATUM[""World Geodetic System 1984"",SPHEROID[""WGS 84"",6378137,298.257223563]],PRIMEM[""Greenwich"",0],UNIT[""degree"",0.0174532925199433,AUTHORITY[""EPSG"",""9122""]],AXIS[""Latitude"",NORTH],AXIS[""Longitude"",EAST]]",False,,4300,False,Success
NDVI,NDVI_2017_1.tif,E:\Geospatial\Precipitation Downscaling\Precipitation-Downscaling-Khulna\data\processed\rasters_aligned\monthly\NDVI\NDVI_2017_1.tif,bilinear,"GEOGCS[""WGS 84"",DATUM[""World Geodetic System 1984"",SPHEROID[""WGS 84"",6378137,298.257223563]],PRIMEM[""Greenwich"",0],UNIT[""degree"",0.0174532925199433,AUTHORITY[""EPSG"",""9122""]],AXIS[""Latitude"",NORTH],AXIS[""Longitude"",EAST]]","GEOGCS[""WGS 84"",DATUM[""World Geodetic System 1984"",SPHEROID[""WGS 84"",6378137,298.257223563]],PRIMEM[""Greenwich"",0],UNIT[""degree"",0.0174532925199433,AUTHORITY[""EPSG"",""9122""]],AXIS[""Latitude"",NORTH],AXIS[""Longitude"",EAST]]",False,,4413,False,Success
NDVI,NDVI_2017_10.tif,E:\Geospatial\Precipitation Downscaling\Precipitation-Downscaling-Khulna\data\processed\rasters_aligned\monthly\NDVI\NDVI_2017_10.tif,bilinear,"GEOGCS[""WGS 84"",DATUM[""World Geodetic System 1984"",SPHEROID[""WGS 84"",6378137,298.257223563]],PRIMEM[""Greenwich"",0],UNIT[""degree"",0.0174532925199433,AUTHORITY[""EPSG"",""9122""]],AXIS[""Latitude"",NORTH],AXIS[""Longitude"",EAST]]","GEOGCS[""WGS 84"",DATUM[""World Geodetic System 1984"",SPHEROID[""WGS 84"",6378137,298.257223563]],PRIMEM[""Greenwich"",0],UNIT[""degree"",0.0174532925199433,AUTHORITY[""EPSG"",""9122""]],AXIS[""Latitude"",NORTH],AXIS[""Longitude"",EAST]]",False,,4423,False,Success
NDVI,NDVI_2017_11.tif,E:\Geospatial\Precipitation Downscaling\Precipitation-Downscaling-Khulna\data\processed\rasters_aligned\monthly\NDVI\NDVI_2017_11.tif,bilinear,"GEOGCS[""WGS 84"",DATUM[""World Geodetic System 1984"",SPHEROID[""WGS 84"",6378137,298.257223563]],PRIMEM[""Greenwich"",0],UNIT[""degree"",0.0174532925199433,AUTHORITY[""EPSG"",""9122""]],AXIS[""Latitude"",NORTH],AXIS[""Longitude"",EAST]]","GEOGCS[""WGS 84"",DATUM[""World Geodetic System 1984"",SPHEROID[""WGS 84"",6378137,298.257223563]],PRIMEM[""Greenwich"",0],UNIT[""degree"",0.0174532925199433,AUTHORITY[""EPSG"",""9122""]],AXIS[""Latitude"",NORTH],AXIS[""Longitude"",EAST]]",False,,4421,False,Success
NDVI,NDVI_2017_12.tif,E:\Geospatial\Precipitation Downscaling\Precipitation-Downscaling-Khulna\data\processed\rasters_aligned\monthly\NDVI\NDVI_2017_12.tif,bilinear,"GEOGCS[""WGS 84"",DATUM[""World Geodetic System 1984"",SPHEROID[""WGS 84"",6378137,298.257223563]],PRIMEM[""Greenwich"",0],UNIT[""degree"",0.0174532925199433,AUTHORITY[""EPSG"",""9122""]],AXIS[""Latitude"",NORTH],AXIS[""Longitude"",EAST]]","GEOGCS[""WGS 84"",DATUM[""World Geodetic System 1984"",SPHEROID[""WGS 84"",6378137,298.257223563]],PRIMEM[""Greenwich"",0],UNIT[""degree"",0.0174532925199433,AUTHORITY[""EPSG"",""9122""]],AXIS[""Latitude"",NORTH],AXIS[""Longitude"",EAST]]",False,,4431,False,Success
NDVI,NDVI_2017_2.tif,E:\Geospatial\Precipitation Downscaling\Precipitation-Downscaling-Khulna\data\processed\rasters_aligned\monthly\NDVI\NDVI_2017_2.tif,bilinear,"GEOGCS[""WGS 84"",DATUM[""World Geodetic System 1984"",SPHEROID[""WGS 84"",6378137,298.257223563]],PRIMEM[""Greenwich"",0],UNIT[""degree"",0.0174532925199433,AUTHORITY[""EPSG"",""9122""]],AXIS[""Latitude"",NORTH],AXIS[""Longitude"",EAST]]","GEOGCS[""WGS 84"",DATUM[""World Geodetic System 1984"",SPHEROID[""WGS 84"",6378137,298.257223563]],PRIMEM[""Greenwich"",0],UNIT[""degree"",0.0174532925199433,AUTHORITY[""EPSG"",""9122""]],AXIS[""Latitude"",NORTH],AXIS[""Longitude"",EAST]]",False,,4424,False,Success
NDVI,NDVI_2017_3.tif,E:\Geospatial\Precipitation Downscaling\Precipitation-Downscaling-Khulna\data\processed\rasters_aligned\monthly\NDVI\NDVI_2017_3.tif,bilinear,"GEOGCS[""WGS 84"",DATUM[""World Geodetic System 1984"",SPHEROID[""WGS 84"",6378137,298.257223563]],PRIMEM[""Greenwich"",0],UNIT[""degree"",0.0174532925199433,AUTHORITY[""EPSG"",""9122""]],AXIS[""Latitude"",NORTH],AXIS[""Longitude"",EAST]]","GEOGCS[""WGS 84"",DATUM[""World Geodetic System 1984"",SPHEROID[""WGS 84"",6378137,298.257223563]],PRIMEM[""Greenwich"",0],UNIT[""degree"",0.0174532925199433,AUTHORITY[""EPSG"",""9122""]],AXIS[""Latitude"",NORTH],AXIS[""Longitude"",EAST]]",False,,4427,False,Success
NDVI,NDVI_2017_4.tif,E:\Geospatial\Precipitation Downscaling\Precipitation-Downscaling-Khulna\data\processed\rasters_aligned\monthly\NDVI\NDVI_2017_4.tif,bilinear,"GEOGCS[""WGS 84"",DATUM[""World Geodetic System 1984"",SPHEROID[""WGS 84"",6378137,298.257223563]],PRIMEM[""Greenwich"",0],UNIT[""degree"",0.0174532925199433,AUTHORITY[""EPSG"",""9122""]],AXIS[""Latitude"",NORTH],AXIS[""Longitude"",EAST]]","GEOGCS[""WGS 84"",DATUM[""World Geodetic System 1984"",SPHEROID[""WGS 84"",6378137,298.257223563]],PRIMEM[""Greenwich"",0],UNIT[""degree"",0.0174532925199433,AUTHORITY[""EPSG"",""9122""]],AXIS[""Latitude"",NORTH],AXIS[""Longitude"",EAST]]",False,,4441,False,Success
NDVI,NDVI_2017_5.tif,E:\Geospatial\Precipitation Downscaling\Precipitation-Downscaling-Khulna\data\processed\rasters_aligned\monthly\NDVI\NDVI_2017_5.tif,bilinear,"GEOGCS[""WGS 84"",DATUM[""World Geodetic System 1984"",SPHEROID[""WGS 84"",6378137,298.257223563]],PRIMEM[""Greenwich"",0],UNIT[""degree"",0.0174532925199433,AUTHORITY[""EPSG"",""9122""]],AXIS[""Latitude"",NORTH],AXIS[""Longitude"",EAST]]","GEOGCS[""WGS 84"",DATUM[""World Geodetic System 1984"",SPHEROID[""WGS 84"",6378137,298.257223563]],PRIMEM[""Greenwich"",0],UNIT[""degree"",0.0174532925199433,AUTHORITY[""EPSG"",""9122""]],AXIS[""Latitude"",NORTH],AXIS[""Longitude"",EAST]]",False,,4437,False,Success
NDVI,NDVI_2017_6.tif,E:\Geospatial\Precipitation Downscaling\Precipitation-Downscaling-Khulna\data\processed\rasters_aligned\monthly\NDVI\NDVI_2017_6.tif,bilinear,"GEOGCS[""WGS 84"",DATUM[""World Geodetic System 1984"",SPHEROID[""WGS 84"",6378137,298.257223563]],PRIMEM[""Greenwich"",0],UNIT[""degree"",0.0174532925199433,AUTHORITY[""EPSG"",""9122""]],AXIS[""Latitude"",NORTH],AXIS[""Longitude"",EAST]]","GEOGCS[""WGS 84"",DATUM[""World Geodetic System 1984"",SPHEROID[""WGS 84"",6378137,298.257223563]],PRIMEM[""Greenwich"",0],UNIT[""degree"",0.0174532925199433,AUTHORITY[""EPSG"",""9122""]],AXIS[""Latitude"",NORTH],AXIS[""Longitude"",EAST]]",False,,4434,False,Success
NDVI,NDVI_2017_7.tif,E:\Geospatial\Precipitation Downscaling\Precipitation-Downscaling-Khulna\data\processed\rasters_aligned\monthly\NDVI\NDVI_2017_7.tif,bilinear,"GEOGCS[""WGS 84"",DATUM[""World Geodetic System 1984"",SPHEROID[""WGS 84"",6378137,298.257223563]],PRIMEM[""Greenwich"",0],UNIT[""degree"",0.0174532925199433,AUTHORITY[""EPSG"",""9122""]],AXIS[""Latitude"",NORTH],AXIS[""Longitude"",EAST]]","GEOGCS[""WGS 84"",DATUM[""World Geodetic System 1984"",SPHEROID[""WGS 84"",6378137,298.257223563]],PRIMEM[""Greenwich"",0],UNIT[""degree"",0.0174532925199433,AUTHORITY[""EPSG"",""9122""]],AXIS[""Latitude"",NORTH],AXIS[""Longitude"",EAST]]",False,,4441,False,Success
NDVI,NDVI_2017_8.tif,E:\Geospatial\Precipitation Downscaling\Precipitation-Downscaling-Khulna\data\processed\rasters_aligned\monthly\NDVI\NDVI_2017_8.tif,bilinear,"GEOGCS[""WGS 84"",DATUM[""World Geodetic System 1984"",SPHEROID[""WGS 84"",6378137,298.257223563]],PRIMEM[""Greenwich"",0],UNIT[""degree"",0.0174532925199433,AUTHORITY[""EPSG"",""9122""]],AXIS[""Latitude"",NORTH],AXIS[""Longitude"",EAST]]","GEOGCS[""WGS 84"",DATUM[""World Geodetic System 1984"",SPHEROID[""WGS 84"",6378137,298.257223563]],PRIMEM[""Greenwich"",0],UNIT[""degree"",0.0174532925199433,AUTHORITY[""EPSG"",""9122""]],AXIS[""Latitude"",NORTH],AXIS[""Longitude"",EAST]]",False,,4442,False,Success
NDVI,NDVI_2017_9.tif,E:\Geospatial\Precipitation Downscaling\Precipitation-Downscaling-Khulna\data\processed\rasters_aligned\monthly\NDVI\NDVI_2017_9.tif,bilinear,"GEOGCS[""WGS 84"",DATUM[""World Geodetic System 1984"",SPHEROID[""WGS 84"",6378137,298.257223563]],PRIMEM[""Greenwich"",0],UNIT[""degree"",0.0174532925199433,AUTHORITY[""EPSG"",""9122""]],AXIS[""Latitude"",NORTH],AXIS[""Longitude"",EAST]]","GEOGCS[""WGS 84"",DATUM[""World Geodetic System 1984"",SPHEROID[""WGS 84"",6378137,298.257223563]],PRIMEM[""Greenwich"",0],UNIT[""degree"",0.0174532925199433,AUTHORITY[""EPSG"",""9122""]],AXIS[""Latitude"",NORTH],AXIS[""Longitude"",EAST]]",False,,4435,False,Success
NDVI,NDVI_2018_1.tif,E:\Geospatial\Precipitation Downscaling\Precipitation-Downscaling-Khulna\data\processed\rasters_aligned\monthly\NDVI\NDVI_2018_1.tif,bilinear,"GEOGCS[""WGS 84"",DATUM[""World Geodetic System 1984"",SPHEROID[""WGS 84"",6378137,298.257223563]],PRIMEM[""Greenwich"",0],UNIT[""degree"",0.0174532925199433,AUTHORITY[""EPSG"",""9122""]],AXIS[""Latitude"",NORTH],AXIS[""Longitude"",EAST]]","GEOGCS[""WGS 84"",DATUM[""World Geodetic System 1984"",SPHEROID[""WGS 84"",6378137,298.257223563]],PRIMEM[""Greenwich"",0],UNIT[""degree"",0.0174532925199433,AUTHORITY[""EPSG"",""9122""]],AXIS[""Latitude"",NORTH],AXIS[""Longitude"",EAST]]",False,,4417,False,Success
NDVI,NDVI_2018_10.tif,E:\Geospatial\Precipitation Downscaling\Precipitation-Downscaling-Khulna\data\processed\rasters_aligned\monthly\NDVI\NDVI_2018_10.tif,bilinear,"GEOGCS[""WGS 84"",DATUM[""World Geodetic System 1984"",SPHEROID[""WGS 84"",6378137,298.257223563]],PRIMEM[""Greenwich"",0],UNIT[""degree"",0.0174532925199433,AUTHORITY[""EPSG"",""9122""]],AXIS[""Latitude"",NORTH],AXIS[""Longitude"",EAST]]","GEOGCS[""WGS 84"",DATUM[""World Geodetic System 1984"",SPHEROID[""WGS 84"",6378137,298.257223563]],PRIMEM[""Greenwich"",0],UNIT[""degree"",0.0174532925199433,AUTHORITY[""EPSG"",""9122""]],AXIS[""Latitude"",NORTH],AXIS[""Longitude"",EAST]]",False,,4417,False,Success
NDVI,NDVI_2018_11.tif,E:\Geospatial\Precipitation Downscaling\Precipitation-Downscaling-Khulna\data\processed\rasters_aligned\monthly\NDVI\NDVI_2018_11.tif,bilinear,"GEOGCS[""WGS 84"",DATUM[""World Geodetic System 1984"",SPHEROID[""WGS 84"",6378137,298.257223563]],PRIMEM[""Greenwich"",0],UNIT[""degree"",0.0174532925199433,AUTHORITY[""EPSG"",""9122""]],AXIS[""Latitude"",NORTH],AXIS[""Longitude"",EAST]]","GEOGCS[""WGS 84"",DATUM[""World Geodetic System 1984"",SPHEROID[""WGS 84"",6378137,298.257223563]],PRIMEM[""Greenwich"",0],UNIT[""degree"",0.0174532925199433,AUTHORITY[""EPSG"",""9122""]],AXIS[""Latitude"",NORTH],AXIS[""Longitude"",EAST]]",False,,4406,False,Success
NDVI,NDVI_2018_12.tif,E:\Geospatial\Precipitation Downscaling\Precipitation-Downscaling-Khulna\data\processed\rasters_aligned\monthly\NDVI\NDVI_2018_12.tif,bilinear,"GEOGCS[""WGS 84"",DATUM[""World Geodetic System 1984"",SPHEROID[""WGS 84"",6378137,298.257223563]],PRIMEM[""Greenwich"",0],UNIT[""degree"",0.0174532925199433,AUTHORITY[""EPSG"",""9122""]],AXIS[""Latitude"",NORTH],AXIS[""Longitude"",EAST]]","GEOGCS[""WGS 84"",DATUM[""World Geodetic System 1984"",SPHEROID[""WGS 84"",6378137,298.257223563]],PRIMEM[""Greenwich"",0],UNIT[""degree"",0.0174532925199433,AUTHORITY[""EPSG"",""9122""]],AXIS[""Latitude"",NORTH],AXIS[""Longitude"",EAST]]",False,,4426,False,Success
NDVI,NDVI_2018_2.tif,E:\Geospatial\Precipitation Downscaling\Precipitation-Downscaling-Khulna\data\processed\rasters_aligned\monthly\NDVI\NDVI_2018_2.tif,bilinear,"GEOGCS[""WGS 84"",DATUM[""World Geodetic System 1984"",SPHEROID[""WGS 84"",6378137,298.257223563]],PRIMEM[""Greenwich"",0],UNIT[""degree"",0.0174532925199433,AUTHORITY[""EPSG"",""9122""]],AXIS[""Latitude"",NORTH],AXIS[""Longitude"",EAST]]","GEOGCS[""WGS 84"",DATUM[""World Geodetic System 1984"",SPHEROID[""WGS 84"",6378137,298.257223563]],PRIMEM[""Greenwich"",0],UNIT[""degree"",0.0174532925199433,AUTHORITY[""EPSG"",""9122""]],AXIS[""Latitude"",NORTH],AXIS[""Longitude"",EAST]]",False,,4429,False,Success
NDVI,NDVI_2018_3.tif,E:\Geospatial\Precipitation Downscaling\Precipitation-Downscaling-Khulna\data\processed\rasters_aligned\monthly\NDVI\NDVI_2018_3.tif,bilinear,"GEOGCS[""WGS 84"",DATUM[""World Geodetic System 1984"",SPHEROID[""WGS 84"",6378137,298.257223563]],PRIMEM[""Greenwich"",0],UNIT[""degree"",0.0174532925199433,AUTHORITY[""EPSG"",""9122""]],AXIS[""Latitude"",NORTH],AXIS[""Longitude"",EAST]]","GEOGCS[""WGS 84"",DATUM[""World Geodetic System 1984"",SPHEROID[""WGS 84"",6378137,298.257223563]],PRIMEM[""Greenwich"",0],UNIT[""degree"",0.0174532925199433,AUTHORITY[""EPSG"",""9122""]],AXIS[""Latitude"",NORTH],AXIS[""Longitude"",EAST]]",False,,4442,False,Success
NDVI,NDVI_2018_4.tif,E:\Geospatial\Precipitation Downscaling\Precipitation-Downscaling-Khulna\data\processed\rasters_aligned\monthly\NDVI\NDVI_2018_4.tif,bilinear,"GEOGCS[""WGS 84"",DATUM[""World Geodetic System 1984"",SPHEROID[""WGS 84"",6378137,298.257223563]],PRIMEM[""Greenwich"",0],UNIT[""degree"",0.0174532925199433,AUTHORITY[""EPSG"",""9122""]],AXIS[""Latitude"",NORTH],AXIS[""Longitude"",EAST]]","GEOGCS[""WGS 84"",DATUM[""World Geodetic System 1984"",SPHEROID[""WGS 84"",6378137,298.257223563]],PRIMEM[""Greenwich"",0],UNIT[""degree"",0.0174532925199433,AUTHORITY[""EPSG"",""9122""]],AXIS[""Latitude"",NORTH],AXIS[""Longitude"",EAST]]",False,,4431,False,Success
NDVI,NDVI_2018_5.tif,E:\Geospatial\Precipitation Downscaling\Precipitation-Downscaling-Khulna\data\processed\rasters_aligned\monthly\NDVI\NDVI_2018_5.tif,bilinear,"GEOGCS[""WGS 84"",DATUM[""World Geodetic System 1984"",SPHEROID[""WGS 84"",6378137,298.257223563]],PRIMEM[""Greenwich"",0],UNIT[""degree"",0.0174532925199433,AUTHORITY[""EPSG"",""9122""]],AXIS[""Latitude"",NORTH],AXIS[""Longitude"",EAST]]","GEOGCS[""WGS 84"",DATUM[""World Geodetic System 1984"",SPHEROID[""WGS 84"",6378137,298.257223563]],PRIMEM[""Greenwich"",0],UNIT[""degree"",0.0174532925199433,AUTHORITY[""EPSG"",""9122""]],AXIS[""Latitude"",NORTH],AXIS[""Longitude"",EAST]]",False,,4437,False,Success
NDVI,NDVI_2018_6.tif,E:\Geospatial\Precipitation Downscaling\Precipitation-Downscaling-Khulna\data\processed\rasters_aligned\monthly\NDVI\NDVI_2018_6.tif,bilinear,"GEOGCS[""WGS 84"",DATUM[""World Geodetic System 1984"",SPHEROID[""WGS 84"",6378137,298.257223563]],PRIMEM[""Greenwich"",0],UNIT[""degree"",0.0174532925199433,AUTHORITY[""EPSG"",""9122""]],AXIS[""Latitude"",NORTH],AXIS[""Longitude"",EAST]]","GEOGCS[""WGS 84"",DATUM[""World Geodetic System 1984"",SPHEROID[""WGS 84"",6378137,298.257223563]],PRIMEM[""Greenwich"",0],UNIT[""degree"",0.0174532925199433,AUTHORITY[""EPSG"",""9122""]],AXIS[""Latitude"",NORTH],AXIS[""Longitude"",EAST]]",False,,4443,False,Success
NDVI,NDVI_2018_7.tif,E:\Geospatial\Precipitation Downscaling\Precipitation-Downscaling-Khulna\data\processed\rasters_aligned\monthly\NDVI\NDVI_2018_7.tif,bilinear,"GEOGCS[""WGS 84"",DATUM[""World Geodetic System 1984"",SPHEROID[""WGS 84"",6378137,298.257223563]],PRIMEM[""Greenwich"",0],UNIT[""degree"",0.0174532925199433,AUTHORITY[""EPSG"",""9122""]],AXIS[""Latitude"",NORTH],AXIS[""Longitude"",EAST]]","GEOGCS[""WGS 84"",DATUM[""World Geodetic System 1984"",SPHEROID[""WGS 84"",6378137,298.257223563]],PRIMEM[""Greenwich"",0],UNIT[""degree"",0.0174532925199433,AUTHORITY[""EPSG"",""9122""]],AXIS[""Latitude"",NORTH],AXIS[""Longitude"",EAST]]",False,,4438,False,Success
NDVI,NDVI_2018_8.tif,E:\Geospatial\Precipitation Downscaling\Precipitation-Downscaling-Khulna\data\processed\rasters_aligned\monthly\NDVI\NDVI_2018_8.tif,bilinear,"GEOGCS[""WGS 84"",DATUM[""World Geodetic System 1984"",SPHEROID[""WGS 84"",6378137,298.257223563]],PRIMEM[""Greenwich"",0],UNIT[""degree"",0.0174532925199433,AUTHORITY[""EPSG"",""9122""]],AXIS[""Latitude"",NORTH],AXIS[""Longitude"",EAST]]","GEOGCS[""WGS 84"",DATUM[""World Geodetic System 1984"",SPHEROID[""WGS 84"",6378137,298.257223563]],PRIMEM[""Greenwich"",0],UNIT[""degree"",0.0174532925199433,AUTHORITY[""EPSG"",""9122""]],AXIS[""Latitude"",NORTH],AXIS[""Longitude"",EAST]]",False,,4436,False,Success
NDVI,NDVI_2018_9.tif,E:\Geospatial\Precipitation Downscaling\Precipitation-Downscaling-Khulna\data\processed\rasters_aligned\monthly\NDVI\NDVI_2018_9.tif,bilinear,"GEOGCS[""WGS 84"",DATUM[""World Geodetic System 1984"",SPHEROID[""WGS 84"",6378137,298.257223563]],PRIMEM[""Greenwich"",0],UNIT[""degree"",0.0174532925199433,AUTHORITY[""EPSG"",""9122""]],AXIS[""Latitude"",NORTH],AXIS[""Longitude"",EAST]]","GEOGCS[""WGS 84"",DATUM[""World Geodetic System 1984"",SPHEROID[""WGS 84"",6378137,298.257223563]],PRIMEM[""Greenwich"",0],UNIT[""degree"",0.0174532925199433,AUTHORITY[""EPSG"",""9122""]],AXIS[""Latitude"",NORTH],AXIS[""Longitude"",EAST]]",False,,4435,False,Success
NDVI,NDVI_2019_1.tif,E:\Geospatial\Precipitation Downscaling\Precipitation-Downscaling-Khulna\data\processed\rasters_aligned\monthly\NDVI\NDVI_2019_1.tif,bilinear,"GEOGCS[""WGS 84"",DATUM[""World Geodetic System 1984"",SPHEROID[""WGS 84"",6378137,298.257223563]],PRIMEM[""Greenwich"",0],UNIT[""degree"",0.0174532925199433,AUTHORITY[""EPSG"",""9122""]],AXIS[""Latitude"",NORTH],AXIS[""Longitude"",EAST]]","GEOGCS[""WGS 84"",DATUM[""World Geodetic System 1984"",SPHEROID[""WGS 84"",6378137,298.257223563]],PRIMEM[""Greenwich"",0],UNIT[""degree"",0.0174532925199433,AUTHORITY[""EPSG"",""9122""]],AXIS[""Latitude"",NORTH],AXIS[""Longitude"",EAST]]",False,,4411,False,Success
NDVI,NDVI_2019_10.tif,E:\Geospatial\Precipitation Downscaling\Precipitation-Downscaling-Khulna\data\processed\rasters_aligned\monthly\NDVI\NDVI_2019_10.tif,bilinear,"GEOGCS[""WGS 84"",DATUM[""World Geodetic System 1984"",SPHEROID[""WGS 84"",6378137,298.257223563]],PRIMEM[""Greenwich"",0],UNIT[""degree"",0.0174532925199433,AUTHORITY[""EPSG"",""9122""]],AXIS[""Latitude"",NORTH],AXIS[""Longitude"",EAST]]","GEOGCS[""WGS 84"",DATUM[""World Geodetic System 1984"",SPHEROID[""WGS 84"",6378137,298.257223563]],PRIMEM[""Greenwich"",0],UNIT[""degree"",0.0174532925199433,AUTHORITY[""EPSG"",""9122""]],AXIS[""Latitude"",NORTH],AXIS[""Longitude"",EAST]]",False,,4416,False,Success
NDVI,NDVI_2019_11.tif,E:\Geospatial\Precipitation Downscaling\Precipitation-Downscaling-Khulna\data\processed\rasters_aligned\monthly\NDVI\NDVI_2019_11.tif,bilinear,"GEOGCS[""WGS 84"",DATUM[""World Geodetic System 1984"",SPHEROID[""WGS 84"",6378137,298.257223563]],PRIMEM[""Greenwich"",0],UNIT[""degree"",0.0174532925199433,AUTHORITY[""EPSG"",""9122""]],AXIS[""Latitude"",NORTH],AXIS[""Longitude"",EAST]]","GEOGCS[""WGS 84"",DATUM[""World Geodetic System 1984"",SPHEROID[""WGS 84"",6378137,298.257223563]],PRIMEM[""Greenwich"",0],UNIT[""degree"",0.0174532925199433,AUTHORITY[""EPSG"",""9122""]],AXIS[""Latitude"",NORTH],AXIS[""Longitude"",EAST]]",False,,4424,False,Success
NDVI,NDVI_2019_12.tif,E:\Geospatial\Precipitation Downscaling\Precipitation-Downscaling-Khulna\data\processed\rasters_aligned\monthly\NDVI\NDVI_2019_12.tif,bilinear,"GEOGCS[""WGS 84"",DATUM[""World Geodetic System 1984"",SPHEROID[""WGS 84"",6378137,298.257223563]],PRIMEM[""Greenwich"",0],UNIT[""degree"",0.0174532925199433,AUTHORITY[""EPSG"",""9122""]],AXIS[""Latitude"",NORTH],AXIS[""Longitude"",EAST]]","GEOGCS[""WGS 84"",DATUM[""World Geodetic System 1984"",SPHEROID[""WGS 84"",6378137,298.257223563]],PRIMEM[""Greenwich"",0],UNIT[""degree"",0.0174532925199433,AUTHORITY[""EPSG"",""9122""]],AXIS[""Latitude"",NORTH],AXIS[""Longitude"",EAST]]",False,,4439,False,Success
NDVI,NDVI_2019_2.tif,E:\Geospatial\Precipitation Downscaling\Precipitation-Downscaling-Khulna\data\processed\rasters_aligned\monthly\NDVI\NDVI_2019_2.tif,bilinear,"GEOGCS[""WGS 84"",DATUM[""World Geodetic System 1984"",SPHEROID[""WGS 84"",6378137,298.257223563]],PRIMEM[""Greenwich"",0],UNIT[""degree"",0.0174532925199433,AUTHORITY[""EPSG"",""9122""]],AXIS[""Latitude"",NORTH],AXIS[""Longitude"",EAST]]","GEOGCS[""WGS 84"",DATUM[""World Geodetic System 1984"",SPHEROID[""WGS 84"",6378137,298.257223563]],PRIMEM[""Greenwich"",0],UNIT[""degree"",0.0174532925199433,AUTHORITY[""EPSG"",""9122""]],AXIS[""Latitude"",NORTH],AXIS[""Longitude"",EAST]]",False,,4435,False,Success
NDVI,NDVI_2019_3.tif,E:\Geospatial\Precipitation Downscaling\Precipitation-Downscaling-Khulna\data\processed\rasters_aligned\monthly\NDVI\NDVI_2019_3.tif,bilinear,"GEOGCS[""WGS 84"",DATUM[""World Geodetic System 1984"",SPHEROID[""WGS 84"",6378137,298.257223563]],PRIMEM[""Greenwich"",0],UNIT[""degree"",0.0174532925199433,AUTHORITY[""EPSG"",""9122""]],AXIS[""Latitude"",NORTH],AXIS[""Longitude"",EAST]]","GEOGCS[""WGS 84"",DATUM[""World Geodetic System 1984"",SPHEROID[""WGS 84"",6378137,298.257223563]],PRIMEM[""Greenwich"",0],UNIT[""degree"",0.0174532925199433,AUTHORITY[""EPSG"",""9122""]],AXIS[""Latitude"",NORTH],AXIS[""Longitude"",EAST]]",False,,4447,False,Success
NDVI,NDVI_2019_4.tif,E:\Geospatial\Precipitation Downscaling\Precipitation-Downscaling-Khulna\data\processed\rasters_aligned\monthly\NDVI\NDVI_2019_4.tif,bilinear,"GEOGCS[""WGS 84"",DATUM[""World Geodetic System 1984"",SPHEROID[""WGS 84"",6378137,298.257223563]],PRIMEM[""Greenwich"",0],UNIT[""degree"",0.0174532925199433,AUTHORITY[""EPSG"",""9122""]],AXIS[""Latitude"",NORTH],AXIS[""Longitude"",EAST]]","GEOGCS[""WGS 84"",DATUM[""World Geodetic System 1984"",SPHEROID[""WGS 84"",6378137,298.257223563]],PRIMEM[""Greenwich"",0],UNIT[""degree"",0.0174532925199433,AUTHORITY[""EPSG"",""9122""]],AXIS[""Latitude"",NORTH],AXIS[""Longitude"",EAST]]",False,,4444,False,Success
NDVI,NDVI_2019_5.tif,E:\Geospatial\Precipitation Downscaling\Precipitation-Downscaling-Khulna\data\processed\rasters_aligned\monthly\NDVI\NDVI_2019_5.tif,bilinear,"GEOGCS[""WGS 84"",DATUM[""World Geodetic System 1984"",SPHEROID[""WGS 84"",6378137,298.257223563]],PRIMEM[""Greenwich"",0],UNIT[""degree"",0.0174532925199433,AUTHORITY[""EPSG"",""9122""]],AXIS[""Latitude"",NORTH],AXIS[""Longitude"",EAST]]","GEOGCS[""WGS 84"",DATUM[""World Geodetic System 1984"",SPHEROID[""WGS 84"",6378137,298.257223563]],PRIMEM[""Greenwich"",0],UNIT[""degree"",0.0174532925199433,AUTHORITY[""EPSG"",""9122""]],AXIS[""Latitude"",NORTH],AXIS[""Longitude"",EAST]]",False,,4437,False,Success
NDVI,NDVI_2019_6.tif,E:\Geospatial\Precipitation Downscaling\Precipitation-Downscaling-Khulna\data\processed\rasters_aligned\monthly\NDVI\NDVI_2019_6.tif,bilinear,"GEOGCS[""WGS 84"",DATUM[""World Geodetic System 1984"",SPHEROID[""WGS 84"",6378137,298.257223563]],PRIMEM[""Greenwich"",0],UNIT[""degree"",0.0174532925199433,AUTHORITY[""EPSG"",""9122""]],AXIS[""Latitude"",NORTH],AXIS[""Longitude"",EAST]]","GEOGCS[""WGS 84"",DATUM[""World Geodetic System 1984"",SPHEROID[""WGS 84"",6378137,298.257223563]],PRIMEM[""Greenwich"",0],UNIT[""degree"",0.0174532925199433,AUTHORITY[""EPSG"",""9122""]],AXIS[""Latitude"",NORTH],AXIS[""Longitude"",EAST]]",False,,4439,False,Success
NDVI,NDVI_2019_7.tif,E:\Geospatial\Precipitation Downscaling\Precipitation-Downscaling-Khulna\data\processed\rasters_aligned\monthly\NDVI\NDVI_2019_7.tif,bilinear,"GEOGCS[""WGS 84"",DATUM[""World Geodetic System 1984"",SPHEROID[""WGS 84"",6378137,298.257223563]],PRIMEM[""Greenwich"",0],UNIT[""degree"",0.0174532925199433,AUTHORITY[""EPSG"",""9122""]],AXIS[""Latitude"",NORTH],AXIS[""Longitude"",EAST]]","GEOGCS[""WGS 84"",DATUM[""World Geodetic System 1984"",SPHEROID[""WGS 84"",6378137,298.257223563]],PRIMEM[""Greenwich"",0],UNIT[""degree"",0.0174532925199433,AUTHORITY[""EPSG"",""9122""]],AXIS[""Latitude"",NORTH],AXIS[""Longitude"",EAST]]",False,,4441,False,Success
NDVI,NDVI_2019_8.tif,E:\Geospatial\Precipitation Downscaling\Precipitation-Downscaling-Khulna\data\processed\rasters_aligned\monthly\NDVI\NDVI_2019_8.tif,bilinear,"GEOGCS[""WGS 84"",DATUM[""World Geodetic System 1984"",SPHEROID[""WGS 84"",6378137,298.257223563]],PRIMEM[""Greenwich"",0],UNIT[""degree"",0.0174532925199433,AUTHORITY[""EPSG"",""9122""]],AXIS[""Latitude"",NORTH],AXIS[""Longitude"",EAST]]","GEOGCS[""WGS 84"",DATUM[""World Geodetic System 1984"",SPHEROID[""WGS 84"",6378137,298.257223563]],PRIMEM[""Greenwich"",0],UNIT[""degree"",0.0174532925199433,AUTHORITY[""EPSG"",""9122""]],AXIS[""Latitude"",NORTH],AXIS[""Longitude"",EAST]]",False,,4448,False,Success
NDVI,NDVI_2019_9.tif,E:\Geospatial\Precipitation Downscaling\Precipitation-Downscaling-Khulna\data\processed\rasters_aligned\monthly\NDVI\NDVI_2019_9.tif,bilinear,"GEOGCS[""WGS 84"",DATUM[""World Geodetic System 1984"",SPHEROID[""WGS 84"",6378137,298.257223563]],PRIMEM[""Greenwich"",0],UNIT[""degree"",0.0174532925199433,AUTHORITY[""EPSG"",""9122""]],AXIS[""Latitude"",NORTH],AXIS[""Longitude"",EAST]]","GEOGCS[""WGS 84"",DATUM[""World Geodetic System 1984"",SPHEROID[""WGS 84"",6378137,298.257223563]],PRIMEM[""Greenwich"",0],UNIT[""degree"",0.0174532925199433,AUTHORITY[""EPSG"",""9122""]],AXIS[""Latitude"",NORTH],AXIS[""Longitude"",EAST]]",False,,4450,False,Success
NDVI,NDVI_2020_1.tif,E:\Geospatial\Precipitation Downscaling\Precipitation-Downscaling-Khulna\data\processed\rasters_aligned\monthly\NDVI\NDVI_2020_1.tif,bilinear,"GEOGCS[""WGS 84"",DATUM[""World Geodetic System 1984"",SPHEROID[""WGS 84"",6378137,298.257223563]],PRIMEM[""Greenwich"",0],UNIT[""degree"",0.0174532925199433,AUTHORITY[""EPSG"",""9122""]],AXIS[""Latitude"",NORTH],AXIS[""Longitude"",EAST]]","GEOGCS[""WGS 84"",DATUM[""World Geodetic System 1984"",SPHEROID[""WGS 84"",6378137,298.257223563]],PRIMEM[""Greenwich"",0],UNIT[""degree"",0.0174532925199433,AUTHORITY[""EPSG"",""9122""]],AXIS[""Latitude"",NORTH],AXIS[""Longitude"",EAST]]",False,,4403,False,Success
NDVI,NDVI_2020_10.tif,E:\Geospatial\Precipitation Downscaling\Precipitation-Downscaling-Khulna\data\processed\rasters_aligned\monthly\NDVI\NDVI_2020_10.tif,bilinear,"GEOGCS[""WGS 84"",DATUM[""World Geodetic System 1984"",SPHEROID[""WGS 84"",6378137,298.257223563]],PRIMEM[""Greenwich"",0],UNIT[""degree"",0.0174532925199433,AUTHORITY[""EPSG"",""9122""]],AXIS[""Latitude"",NORTH],AXIS[""Longitude"",EAST]]","GEOGCS[""WGS 84"",DATUM[""World Geodetic System 1984"",SPHEROID[""WGS 84"",6378137,298.257223563]],PRIMEM[""Greenwich"",0],UNIT[""degree"",0.0174532925199433,AUTHORITY[""EPSG"",""9122""]],AXIS[""Latitude"",NORTH],AXIS[""Longitude"",EAST]]",False,,4440,False,Success
NDVI,NDVI_2020_11.tif,E:\Geospatial\Precipitation Downscaling\Precipitation-Downscaling-Khulna\data\processed\rasters_aligned\monthly\NDVI\NDVI_2020_11.tif,bilinear,"GEOGCS[""WGS 84"",DATUM[""World Geodetic System 1984"",SPHEROID[""WGS 84"",6378137,298.257223563]],PRIMEM[""Greenwich"",0],UNIT[""degree"",0.0174532925199433,AUTHORITY[""EPSG"",""9122""]],AXIS[""Latitude"",NORTH],AXIS[""Longitude"",EAST]]","GEOGCS[""WGS 84"",DATUM[""World Geodetic System 1984"",SPHEROID[""WGS 84"",6378137,298.257223563]],PRIMEM[""Greenwich"",0],UNIT[""degree"",0.0174532925199433,AUTHORITY[""EPSG"",""9122""]],AXIS[""Latitude"",NORTH],AXIS[""Longitude"",EAST]]",False,,4424,False,Success
NDVI,NDVI_2020_12.tif,E:\Geospatial\Precipitation Downscaling\Precipitation-Downscaling-Khulna\data\processed\rasters_aligned\monthly\NDVI\NDVI_2020_12.tif,bilinear,"GEOGCS[""WGS 84"",DATUM[""World Geodetic System 1984"",SPHEROID[""WGS 84"",6378137,298.257223563]],PRIMEM[""Greenwich"",0],UNIT[""degree"",0.0174532925199433,AUTHORITY[""EPSG"",""9122""]],AXIS[""Latitude"",NORTH],AXIS[""Longitude"",EAST]]","GEOGCS[""WGS 84"",DATUM[""World Geodetic System 1984"",SPHEROID[""WGS 84"",6378137,298.257223563]],PRIMEM[""Greenwich"",0],UNIT[""degree"",0.0174532925199433,AUTHORITY[""EPSG"",""9122""]],AXIS[""Latitude"",NORTH],AXIS[""Longitude"",EAST]]",False,,4430,False,Success
NDVI,NDVI_2020_2.tif,E:\Geospatial\Precipitation Downscaling\Precipitation-Downscaling-Khulna\data\processed\rasters_aligned\monthly\NDVI\NDVI_2020_2.tif,bilinear,"GEOGCS[""WGS 84"",DATUM[""World Geodetic System 1984"",SPHEROID[""WGS 84"",6378137,298.257223563]],PRIMEM[""Greenwich"",0],UNIT[""degree"",0.0174532925199433,AUTHORITY[""EPSG"",""9122""]],AXIS[""Latitude"",NORTH],AXIS[""Longitude"",EAST]]","GEOGCS[""WGS 84"",DATUM[""World Geodetic System 1984"",SPHEROID[""WGS 84"",6378137,298.257223563]],PRIMEM[""Greenwich"",0],UNIT[""degree"",0.0174532925199433,AUTHORITY[""EPSG"",""9122""]],AXIS[""Latitude"",NORTH],AXIS[""Longitude"",EAST]]",False,,4415,False,Success
NDVI,NDVI_2020_3.tif,E:\Geospatial\Precipitation Downscaling\Precipitation-Downscaling-Khulna\data\processed\rasters_aligned\monthly\NDVI\NDVI_2020_3.tif,bilinear,"GEOGCS[""WGS 84"",DATUM[""World Geodetic System 1984"",SPHEROID[""WGS 84"",6378137,298.257223563]],PRIMEM[""Greenwich"",0],UNIT[""degree"",0.0174532925199433,AUTHORITY[""EPSG"",""9122""]],AXIS[""Latitude"",NORTH],AXIS[""Longitude"",EAST]]","GEOGCS[""WGS 84"",DATUM[""World Geodetic System 1984"",SPHEROID[""WGS 84"",6378137,298.257223563]],PRIMEM[""Greenwich"",0],UNIT[""degree"",0.0174532925199433,AUTHORITY[""EPSG"",""9122""]],AXIS[""Latitude"",NORTH],AXIS[""Longitude"",EAST]]",False,,4444,False,Success
NDVI,NDVI_2020_4.tif,E:\Geospatial\Precipitation Downscaling\Precipitation-Downscaling-Khulna\data\processed\rasters_aligned\monthly\NDVI\NDVI_2020_4.tif,bilinear,"GEOGCS[""WGS 84"",DATUM[""World Geodetic System 1984"",SPHEROID[""WGS 84"",6378137,298.257223563]],PRIMEM[""Greenwich"",0],UNIT[""degree"",0.0174532925199433,AUTHORITY[""EPSG"",""9122""]],AXIS[""Latitude"",NORTH],AXIS[""Longitude"",EAST]]","GEOGCS[""WGS 84"",DATUM[""World Geodetic System 1984"",SPHEROID[""WGS 84"",6378137,298.257223563]],PRIMEM[""Greenwich"",0],UNIT[""degree"",0.0174532925199433,AUTHORITY[""EPSG"",""9122""]],AXIS[""Latitude"",NORTH],AXIS[""Longitude"",EAST]]",False,,4438,False,Success
NDVI,NDVI_2020_5.tif,E:\Geospatial\Precipitation Downscaling\Precipitation-Downscaling-Khulna\data\processed\rasters_aligned\monthly\NDVI\NDVI_2020_5.tif,bilinear,"GEOGCS[""WGS 84"",DATUM[""World Geodetic System 1984"",SPHEROID[""WGS 84"",6378137,298.257223563]],PRIMEM[""Greenwich"",0],UNIT[""degree"",0.0174532925199433,AUTHORITY[""EPSG"",""9122""]],AXIS[""Latitude"",NORTH],AXIS[""Longitude"",EAST]]","GEOGCS[""WGS 84"",DATUM[""World Geodetic System 1984"",SPHEROID[""WGS 84"",6378137,298.257223563]],PRIMEM[""Greenwich"",0],UNIT[""degree"",0.0174532925199433,AUTHORITY[""EPSG"",""9122""]],AXIS[""Latitude"",NORTH],AXIS[""Longitude"",EAST]]",False,,4438,False,Success
NDVI,NDVI_2020_6.tif,E:\Geospatial\Precipitation Downscaling\Precipitation-Downscaling-Khulna\data\processed\rasters_aligned\monthly\NDVI\NDVI_2020_6.tif,bilinear,"GEOGCS[""WGS 84"",DATUM[""World Geodetic System 1984"",SPHEROID[""WGS 84"",6378137,298.257223563]],PRIMEM[""Greenwich"",0],UNIT[""degree"",0.0174532925199433,AUTHORITY[""EPSG"",""9122""]],AXIS[""Latitude"",NORTH],AXIS[""Longitude"",EAST]]","GEOGCS[""WGS 84"",DATUM[""World Geodetic System 1984"",SPHEROID[""WGS 84"",6378137,298.257223563]],PRIMEM[""Greenwich"",0],UNIT[""degree"",0.0174532925199433,AUTHORITY[""EPSG"",""9122""]],AXIS[""Latitude"",NORTH],AXIS[""Longitude"",EAST]]",False,,4435,False,Success
NDVI,NDVI_2020_7.tif,E:\Geospatial\Precipitation Downscaling\Precipitation-Downscaling-Khulna\data\processed\rasters_aligned\monthly\NDVI\NDVI_2020_7.tif,bilinear,"GEOGCS[""WGS 84"",DATUM[""World Geodetic System 1984"",SPHEROID[""WGS 84"",6378137,298.257223563]],PRIMEM[""Greenwich"",0],UNIT[""degree"",0.0174532925199433,AUTHORITY[""EPSG"",""9122""]],AXIS[""Latitude"",NORTH],AXIS[""Longitude"",EAST]]","GEOGCS[""WGS 84"",DATUM[""World Geodetic System 1984"",SPHEROID[""WGS 84"",6378137,298.257223563]],PRIMEM[""Greenwich"",0],UNIT[""degree"",0.0174532925199433,AUTHORITY[""EPSG"",""9122""]],AXIS[""Latitude"",NORTH],AXIS[""Longitude"",EAST]]",False,,4437,False,Success
NDVI,NDVI_2020_8.tif,E:\Geospatial\Precipitation Downscaling\Precipitation-Downscaling-Khulna\data\processed\rasters_aligned\monthly\NDVI\NDVI_2020_8.tif,bilinear,"GEOGCS[""WGS 84"",DATUM[""World Geodetic System 1984"",SPHEROID[""WGS 84"",6378137,298.257223563]],PRIMEM[""Greenwich"",0],UNIT[""degree"",0.0174532925199433,AUTHORITY[""EPSG"",""9122""]],AXIS[""Latitude"",NORTH],AXIS[""Longitude"",EAST]]","GEOGCS[""WGS 84"",DATUM[""World Geodetic System 1984"",SPHEROID[""WGS 84"",6378137,298.257223563]],PRIMEM[""Greenwich"",0],UNIT[""degree"",0.0174532925199433,AUTHORITY[""EPSG"",""9122""]],AXIS[""Latitude"",NORTH],AXIS[""Longitude"",EAST]]",False,,4439,False,Success
NDVI,NDVI_2020_9.tif,E:\Geospatial\Precipitation Downscaling\Precipitation-Downscaling-Khulna\data\processed\rasters_aligned\monthly\NDVI\NDVI_2020_9.tif,bilinear,"GEOGCS[""WGS 84"",DATUM[""World Geodetic System 1984"",SPHEROID[""WGS 84"",6378137,298.257223563]],PRIMEM[""Greenwich"",0],UNIT[""degree"",0.0174532925199433,AUTHORITY[""EPSG"",""9122""]],AXIS[""Latitude"",NORTH],AXIS[""Longitude"",EAST]]","GEOGCS[""WGS 84"",DATUM[""World Geodetic System 1984"",SPHEROID[""WGS 84"",6378137,298.257223563]],PRIMEM[""Greenwich"",0],UNIT[""degree"",0.0174532925199433,AUTHORITY[""EPSG"",""9122""]],AXIS[""Latitude"",NORTH],AXIS[""Longitude"",EAST]]",False,,4437,False,Success
NDVI,NDVI_2021_1.tif,E:\Geospatial\Precipitation Downscaling\Precipitation-Downscaling-Khulna\data\processed\rasters_aligned\monthly\NDVI\NDVI_2021_1.tif,bilinear,"GEOGCS[""WGS 84"",DATUM[""World Geodetic System 1984"",SPHEROID[""WGS 84"",6378137,298.257223563]],PRIMEM[""Greenwich"",0],UNIT[""degree"",0.0174532925199433,AUTHORITY[""EPSG"",""9122""]],AXIS[""Latitude"",NORTH],AXIS[""Longitude"",EAST]]","GEOGCS[""WGS 84"",DATUM[""World Geodetic System 1984"",SPHEROID[""WGS 84"",6378137,298.257223563]],PRIMEM[""Greenwich"",0],UNIT[""degree"",0.0174532925199433,AUTHORITY[""EPSG"",""9122""]],AXIS[""Latitude"",NORTH],AXIS[""Longitude"",EAST]]",False,,4412,False,Success
NDVI,NDVI_2021_10.tif,E:\Geospatial\Precipitation Downscaling\Precipitation-Downscaling-Khulna\data\processed\rasters_aligned\monthly\NDVI\NDVI_2021_10.tif,bilinear,"GEOGCS[""WGS 84"",DATUM[""World Geodetic System 1984"",SPHEROID[""WGS 84"",6378137,298.257223563]],PRIMEM[""Greenwich"",0],UNIT[""degree"",0.0174532925199433,AUTHORITY[""EPSG"",""9122""]],AXIS[""Latitude"",NORTH],AXIS[""Longitude"",EAST]]","GEOGCS[""WGS 84"",DATUM[""World Geodetic System 1984"",SPHEROID[""WGS 84"",6378137,298.257223563]],PRIMEM[""Greenwich"",0],UNIT[""degree"",0.0174532925199433,AUTHORITY[""EPSG"",""9122""]],AXIS[""Latitude"",NORTH],AXIS[""Longitude"",EAST]]",False,,4420,False,Success
NDVI,NDVI_2021_11.tif,E:\Geospatial\Precipitation Downscaling\Precipitation-Downscaling-Khulna\data\processed\rasters_aligned\monthly\NDVI\NDVI_2021_11.tif,bilinear,"GEOGCS[""WGS 84"",DATUM[""World Geodetic System 1984"",SPHEROID[""WGS 84"",6378137,298.257223563]],PRIMEM[""Greenwich"",0],UNIT[""degree"",0.0174532925199433,AUTHORITY[""EPSG"",""9122""]],AXIS[""Latitude"",NORTH],AXIS[""Longitude"",EAST]]","GEOGCS[""WGS 84"",DATUM[""World Geodetic System 1984"",SPHEROID[""WGS 84"",6378137,298.257223563]],PRIMEM[""Greenwich"",0],UNIT[""degree"",0.0174532925199433,AUTHORITY[""EPSG"",""9122""]],AXIS[""Latitude"",NORTH],AXIS[""Longitude"",EAST]]",False,,4414,False,Success
NDVI,NDVI_2021_12.tif,E:\Geospatial\Precipitation Downscaling\Precipitation-Downscaling-Khulna\data\processed\rasters_aligned\monthly\NDVI\NDVI_2021_12.tif,bilinear,"GEOGCS[""WGS 84"",DATUM[""World Geodetic System 1984"",SPHEROID[""WGS 84"",6378137,298.257223563]],PRIMEM[""Greenwich"",0],UNIT[""degree"",0.0174532925199433,AUTHORITY[""EPSG"",""9122""]],AXIS[""Latitude"",NORTH],AXIS[""Longitude"",EAST]]","GEOGCS[""WGS 84"",DATUM[""World Geodetic System 1984"",SPHEROID[""WGS 84"",6378137,298.257223563]],PRIMEM[""Greenwich"",0],UNIT[""degree"",0.0174532925199433,AUTHORITY[""EPSG"",""9122""]],AXIS[""Latitude"",NORTH],AXIS[""Longitude"",EAST]]",False,,4426,False,Success
NDVI,NDVI_2021_2.tif,E:\Geospatial\Precipitation Downscaling\Precipitation-Downscaling-Khulna\data\processed\rasters_aligned\monthly\NDVI\NDVI_2021_2.tif,bilinear,"GEOGCS[""WGS 84"",DATUM[""World Geodetic System 1984"",SPHEROID[""WGS 84"",6378137,298.257223563]],PRIMEM[""Greenwich"",0],UNIT[""degree"",0.0174532925199433,AUTHORITY[""EPSG"",""9122""]],AXIS[""Latitude"",NORTH],AXIS[""Longitude"",EAST]]","GEOGCS[""WGS 84"",DATUM[""World Geodetic System 1984"",SPHEROID[""WGS 84"",6378137,298.257223563]],PRIMEM[""Greenwich"",0],UNIT[""degree"",0.0174532925199433,AUTHORITY[""EPSG"",""9122""]],AXIS[""Latitude"",NORTH],AXIS[""Longitude"",EAST]]",False,,4435,False,Success
NDVI,NDVI_2021_3.tif,E:\Geospatial\Precipitation Downscaling\Precipitation-Downscaling-Khulna\data\processed\rasters_aligned\monthly\NDVI\NDVI_2021_3.tif,bilinear,"GEOGCS[""WGS 84"",DATUM[""World Geodetic System 1984"",SPHEROID[""WGS 84"",6378137,298.257223563]],PRIMEM[""Greenwich"",0],UNIT[""degree"",0.0174532925199433,AUTHORITY[""EPSG"",""9122""]],AXIS[""Latitude"",NORTH],AXIS[""Longitude"",EAST]]","GEOGCS[""WGS 84"",DATUM[""World Geodetic System 1984"",SPHEROID[""WGS 84"",6378137,298.257223563]],PRIMEM[""Greenwich"",0],UNIT[""degree"",0.0174532925199433,AUTHORITY[""EPSG"",""9122""]],AXIS[""Latitude"",NORTH],AXIS[""Longitude"",EAST]]",False,,4433,False,Success
NDVI,NDVI_2021_4.tif,E:\Geospatial\Precipitation Downscaling\Precipitation-Downscaling-Khulna\data\processed\rasters_aligned\monthly\NDVI\NDVI_2021_4.tif,bilinear,"GEOGCS[""WGS 84"",DATUM[""World Geodetic System 1984"",SPHEROID[""WGS 84"",6378137,298.257223563]],PRIMEM[""Greenwich"",0],UNIT[""degree"",0.0174532925199433,AUTHORITY[""EPSG"",""9122""]],AXIS[""Latitude"",NORTH],AXIS[""Longitude"",EAST]]","GEOGCS[""WGS 84"",DATUM[""World Geodetic System 1984"",SPHEROID[""WGS 84"",6378137,298.257223563]],PRIMEM[""Greenwich"",0],UNIT[""degree"",0.0174532925199433,AUTHORITY[""EPSG"",""9122""]],AXIS[""Latitude"",NORTH],AXIS[""Longitude"",EAST]]",False,,4433,False,Success
NDVI,NDVI_2021_5.tif,E:\Geospatial\Precipitation Downscaling\Precipitation-Downscaling-Khulna\data\processed\rasters_aligned\monthly\NDVI\NDVI_2021_5.tif,bilinear,"GEOGCS[""WGS 84"",DATUM[""World Geodetic System 1984"",SPHEROID[""WGS 84"",6378137,298.257223563]],PRIMEM[""Greenwich"",0],UNIT[""degree"",0.0174532925199433,AUTHORITY[""EPSG"",""9122""]],AXIS[""Latitude"",NORTH],AXIS[""Longitude"",EAST]]","GEOGCS[""WGS 84"",DATUM[""World Geodetic System 1984"",SPHEROID[""WGS 84"",6378137,298.257223563]],PRIMEM[""Greenwich"",0],UNIT[""degree"",0.0174532925199433,AUTHORITY[""EPSG"",""9122""]],AXIS[""Latitude"",NORTH],AXIS[""Longitude"",EAST]]",False,,4430,False,Success
NDVI,NDVI_2021_6.tif,E:\Geospatial\Precipitation Downscaling\Precipitation-Downscaling-Khulna\data\processed\rasters_aligned\monthly\NDVI\NDVI_2021_6.tif,bilinear,"GEOGCS[""WGS 84"",DATUM[""World Geodetic System 1984"",SPHEROID[""WGS 84"",6378137,298.257223563]],PRIMEM[""Greenwich"",0],UNIT[""degree"",0.0174532925199433,AUTHORITY[""EPSG"",""9122""]],AXIS[""Latitude"",NORTH],AXIS[""Longitude"",EAST]]","GEOGCS[""WGS 84"",DATUM[""World Geodetic System 1984"",SPHEROID[""WGS 84"",6378137,298.257223563]],PRIMEM[""Greenwich"",0],UNIT[""degree"",0.0174532925199433,AUTHORITY[""EPSG"",""9122""]],AXIS[""Latitude"",NORTH],AXIS[""Longitude"",EAST]]",False,,4439,False,Success
NDVI,NDVI_2021_7.tif,E:\Geospatial\Precipitation Downscaling\Precipitation-Downscaling-Khulna\data\processed\rasters_aligned\monthly\NDVI\NDVI_2021_7.tif,bilinear,"GEOGCS[""WGS 84"",DATUM[""World Geodetic System 1984"",SPHEROID[""WGS 84"",6378137,298.257223563]],PRIMEM[""Greenwich"",0],UNIT[""degree"",0.0174532925199433,AUTHORITY[""EPSG"",""9122""]],AXIS[""Latitude"",NORTH],AXIS[""Longitude"",EAST]]","GEOGCS[""WGS 84"",DATUM[""World Geodetic System 1984"",SPHEROID[""WGS 84"",6378137,298.257223563]],PRIMEM[""Greenwich"",0],UNIT[""degree"",0.0174532925199433,AUTHORITY[""EPSG"",""9122""]],AXIS[""Latitude"",NORTH],AXIS[""Longitude"",EAST]]",False,,4438,False,Success
NDVI,NDVI_2021_8.tif,E:\Geospatial\Precipitation Downscaling\Precipitation-Downscaling-Khulna\data\processed\rasters_aligned\monthly\NDVI\NDVI_2021_8.tif,bilinear,"GEOGCS[""WGS 84"",DATUM[""World Geodetic System 1984"",SPHEROID[""WGS 84"",6378137,298.257223563]],PRIMEM[""Greenwich"",0],UNIT[""degree"",0.0174532925199433,AUTHORITY[""EPSG"",""9122""]],AXIS[""Latitude"",NORTH],AXIS[""Longitude"",EAST]]","GEOGCS[""WGS 84"",DATUM[""World Geodetic System 1984"",SPHEROID[""WGS 84"",6378137,298.257223563]],PRIMEM[""Greenwich"",0],UNIT[""degree"",0.0174532925199433,AUTHORITY[""EPSG"",""9122""]],AXIS[""Latitude"",NORTH],AXIS[""Longitude"",EAST]]",False,,4434,False,Success
NDVI,NDVI_2021_9.tif,E:\Geospatial\Precipitation Downscaling\Precipitation-Downscaling-Khulna\data\processed\rasters_aligned\monthly\NDVI\NDVI_2021_9.tif,bilinear,"GEOGCS[""WGS 84"",DATUM[""World Geodetic System 1984"",SPHEROID[""WGS 84"",6378137,298.257223563]],PRIMEM[""Greenwich"",0],UNIT[""degree"",0.0174532925199433,AUTHORITY[""EPSG"",""9122""]],AXIS[""Latitude"",NORTH],AXIS[""Longitude"",EAST]]","GEOGCS[""WGS 84"",DATUM[""World Geodetic System 1984"",SPHEROID[""WGS 84"",6378137,298.257223563]],PRIMEM[""Greenwich"",0],UNIT[""degree"",0.0174532925199433,AUTHORITY[""EPSG"",""9122""]],AXIS[""Latitude"",NORTH],AXIS[""Longitude"",EAST]]",False,,4429,False,Success
NDVI,NDVI_2022_1.tif,E:\Geospatial\Precipitation Downscaling\Precipitation-Downscaling-Khulna\data\processed\rasters_aligned\monthly\NDVI\NDVI_2022_1.tif,bilinear,"GEOGCS[""WGS 84"",DATUM[""World Geodetic System 1984"",SPHEROID[""WGS 84"",6378137,298.257223563]],PRIMEM[""Greenwich"",0],UNIT[""degree"",0.0174532925199433,AUTHORITY[""EPSG"",""9122""]],AXIS[""Latitude"",NORTH],AXIS[""Longitude"",EAST]]","GEOGCS[""WGS 84"",DATUM[""World Geodetic System 1984"",SPHEROID[""WGS 84"",6378137,298.257223563]],PRIMEM[""Greenwich"",0],UNIT[""degree"",0.0174532925199433,AUTHORITY[""EPSG"",""9122""]],AXIS[""Latitude"",NORTH],AXIS[""Longitude"",EAST]]",False,,4405,False,Success
NDVI,NDVI_2022_10.tif,E:\Geospatial\Precipitation Downscaling\Precipitation-Downscaling-Khulna\data\processed\rasters_aligned\monthly\NDVI\NDVI_2022_10.tif,bilinear,"GEOGCS[""WGS 84"",DATUM[""World Geodetic System 1984"",SPHEROID[""WGS 84"",6378137,298.257223563]],PRIMEM[""Greenwich"",0],UNIT[""degree"",0.0174532925199433,AUTHORITY[""EPSG"",""9122""]],AXIS[""Latitude"",NORTH],AXIS[""Longitude"",EAST]]","GEOGCS[""WGS 84"",DATUM[""World Geodetic System 1984"",SPHEROID[""WGS 84"",6378137,298.257223563]],PRIMEM[""Greenwich"",0],UNIT[""degree"",0.0174532925199433,AUTHORITY[""EPSG"",""9122""]],AXIS[""Latitude"",NORTH],AXIS[""Longitude"",EAST]]",False,,4402,False,Success
NDVI,NDVI_2022_11.tif,E:\Geospatial\Precipitation Downscaling\Precipitation-Downscaling-Khulna\data\processed\rasters_aligned\monthly\NDVI\NDVI_2022_11.tif,bilinear,"GEOGCS[""WGS 84"",DATUM[""World Geodetic System 1984"",SPHEROID[""WGS 84"",6378137,298.257223563]],PRIMEM[""Greenwich"",0],UNIT[""degree"",0.0174532925199433,AUTHORITY[""EPSG"",""9122""]],AXIS[""Latitude"",NORTH],AXIS[""Longitude"",EAST]]","GEOGCS[""WGS 84"",DATUM[""World Geodetic System 1984"",SPHEROID[""WGS 84"",6378137,298.257223563]],PRIMEM[""Greenwich"",0],UNIT[""degree"",0.0174532925199433,AUTHORITY[""EPSG"",""9122""]],AXIS[""Latitude"",NORTH],AXIS[""Longitude"",EAST]]",False,,4416,False,Success
NDVI,NDVI_2022_12.tif,E:\Geospatial\Precipitation Downscaling\Precipitation-Downscaling-Khulna\data\processed\rasters_aligned\monthly\NDVI\NDVI_2022_12.tif,bilinear,"GEOGCS[""WGS 84"",DATUM[""World Geodetic System 1984"",SPHEROID[""WGS 84"",6378137,298.257223563]],PRIMEM[""Greenwich"",0],UNIT[""degree"",0.0174532925199433,AUTHORITY[""EPSG"",""9122""]],AXIS[""Latitude"",NORTH],AXIS[""Longitude"",EAST]]","GEOGCS[""WGS 84"",DATUM[""World Geodetic System 1984"",SPHEROID[""WGS 84"",6378137,298.257223563]],PRIMEM[""Greenwich"",0],UNIT[""degree"",0.0174532925199433,AUTHORITY[""EPSG"",""9122""]],AXIS[""Latitude"",NORTH],AXIS[""Longitude"",EAST]]",False,,4426,False,Success
NDVI,NDVI_2022_2.tif,E:\Geospatial\Precipitation Downscaling\Precipitation-Downscaling-Khulna\data\processed\rasters_aligned\monthly\NDVI\NDVI_2022_2.tif,bilinear,"GEOGCS[""WGS 84"",DATUM[""World Geodetic System 1984"",SPHEROID[""WGS 84"",6378137,298.257223563]],PRIMEM[""Greenwich"",0],UNIT[""degree"",0.0174532925199433,AUTHORITY[""EPSG"",""9122""]],AXIS[""Latitude"",NORTH],AXIS[""Longitude"",EAST]]","GEOGCS[""WGS 84"",DATUM[""World Geodetic System 1984"",SPHEROID[""WGS 84"",6378137,298.257223563]],PRIMEM[""Greenwich"",0],UNIT[""degree"",0.0174532925199433,AUTHORITY[""EPSG"",""9122""]],AXIS[""Latitude"",NORTH],AXIS[""Longitude"",EAST]]",False,,4422,False,Success
NDVI,NDVI_2022_3.tif,E:\Geospatial\Precipitation Downscaling\Precipitation-Downscaling-Khulna\data\processed\rasters_aligned\monthly\NDVI\NDVI_2022_3.tif,bilinear,"GEOGCS[""WGS 84"",DATUM[""World Geodetic System 1984"",SPHEROID[""WGS 84"",6378137,298.257223563]],PRIMEM[""Greenwich"",0],UNIT[""degree"",0.0174532925199433,AUTHORITY[""EPSG"",""9122""]],AXIS[""Latitude"",NORTH],AXIS[""Longitude"",EAST]]","GEOGCS[""WGS 84"",DATUM[""World Geodetic System 1984"",SPHEROID[""WGS 84"",6378137,298.257223563]],PRIMEM[""Greenwich"",0],UNIT[""degree"",0.0174532925199433,AUTHORITY[""EPSG"",""9122""]],AXIS[""Latitude"",NORTH],AXIS[""Longitude"",EAST]]",False,,4423,False,Success
NDVI,NDVI_2022_4.tif,E:\Geospatial\Precipitation Downscaling\Precipitation-Downscaling-Khulna\data\processed\rasters_aligned\monthly\NDVI\NDVI_2022_4.tif,bilinear,"GEOGCS[""WGS 84"",DATUM[""World Geodetic System 1984"",SPHEROID[""WGS 84"",6378137,298.257223563]],PRIMEM[""Greenwich"",0],UNIT[""degree"",0.0174532925199433,AUTHORITY[""EPSG"",""9122""]],AXIS[""Latitude"",NORTH],AXIS[""Longitude"",EAST]]","GEOGCS[""WGS 84"",DATUM[""World Geodetic System 1984"",SPHEROID[""WGS 84"",6378137,298.257223563]],PRIMEM[""Greenwich"",0],UNIT[""degree"",0.0174532925199433,AUTHORITY[""EPSG"",""9122""]],AXIS[""Latitude"",NORTH],AXIS[""Longitude"",EAST]]",False,,4431,False,Success
NDVI,NDVI_2022_5.tif,E:\Geospatial\Precipitation Downscaling\Precipitation-Downscaling-Khulna\data\processed\rasters_aligned\monthly\NDVI\NDVI_2022_5.tif,bilinear,"GEOGCS[""WGS 84"",DATUM[""World Geodetic System 1984"",SPHEROID[""WGS 84"",6378137,298.257223563]],PRIMEM[""Greenwich"",0],UNIT[""degree"",0.0174532925199433,AUTHORITY[""EPSG"",""9122""]],AXIS[""Latitude"",NORTH],AXIS[""Longitude"",EAST]]","GEOGCS[""WGS 84"",DATUM[""World Geodetic System 1984"",SPHEROID[""WGS 84"",6378137,298.257223563]],PRIMEM[""Greenwich"",0],UNIT[""degree"",0.0174532925199433,AUTHORITY[""EPSG"",""9122""]],AXIS[""Latitude"",NORTH],AXIS[""Longitude"",EAST]]",False,,4448,False,Success
NDVI,NDVI_2022_6.tif,E:\Geospatial\Precipitation Downscaling\Precipitation-Downscaling-Khulna\data\processed\rasters_aligned\monthly\NDVI\NDVI_2022_6.tif,bilinear,"GEOGCS[""WGS 84"",DATUM[""World Geodetic System 1984"",SPHEROID[""WGS 84"",6378137,298.257223563]],PRIMEM[""Greenwich"",0],UNIT[""degree"",0.0174532925199433,AUTHORITY[""EPSG"",""9122""]],AXIS[""Latitude"",NORTH],AXIS[""Longitude"",EAST]]","GEOGCS[""WGS 84"",DATUM[""World Geodetic System 1984"",SPHEROID[""WGS 84"",6378137,298.257223563]],PRIMEM[""Greenwich"",0],UNIT[""degree"",0.0174532925199433,AUTHORITY[""EPSG"",""9122""]],AXIS[""Latitude"",NORTH],AXIS[""Longitude"",EAST]]",False,,4457,False,Success
NDVI,NDVI_2022_7.tif,E:\Geospatial\Precipitation Downscaling\Precipitation-Downscaling-Khulna\data\processed\rasters_aligned\monthly\NDVI\NDVI_2022_7.tif,bilinear,"GEOGCS[""WGS 84"",DATUM[""World Geodetic System 1984"",SPHEROID[""WGS 84"",6378137,298.257223563]],PRIMEM[""Greenwich"",0],UNIT[""degree"",0.0174532925199433,AUTHORITY[""EPSG"",""9122""]],AXIS[""Latitude"",NORTH],AXIS[""Longitude"",EAST]]","GEOGCS[""WGS 84"",DATUM[""World Geodetic System 1984"",SPHEROID[""WGS 84"",6378137,298.257223563]],PRIMEM[""Greenwich"",0],UNIT[""degree"",0.0174532925199433,AUTHORITY[""EPSG"",""9122""]],AXIS[""Latitude"",NORTH],AXIS[""Longitude"",EAST]]",False,,4436,False,Success
NDVI,NDVI_2022_8.tif,E:\Geospatial\Precipitation Downscaling\Precipitation-Downscaling-Khulna\data\processed\rasters_aligned\monthly\NDVI\NDVI_2022_8.tif,bilinear,"GEOGCS[""WGS 84"",DATUM[""World Geodetic System 1984"",SPHEROID[""WGS 84"",6378137,298.257223563]],PRIMEM[""Greenwich"",0],UNIT[""degree"",0.0174532925199433,AUTHORITY[""EPSG"",""9122""]],AXIS[""Latitude"",NORTH],AXIS[""Longitude"",EAST]]","GEOGCS[""WGS 84"",DATUM[""World Geodetic System 1984"",SPHEROID[""WGS 84"",6378137,298.257223563]],PRIMEM[""Greenwich"",0],UNIT[""degree"",0.0174532925199433,AUTHORITY[""EPSG"",""9122""]],AXIS[""Latitude"",NORTH],AXIS[""Longitude"",EAST]]",False,,4436,False,Success
NDVI,NDVI_2022_9.tif,E:\Geospatial\Precipitation Downscaling\Precipitation-Downscaling-Khulna\data\processed\rasters_aligned\monthly\NDVI\NDVI_2022_9.tif,bilinear,"GEOGCS[""WGS 84"",DATUM[""World Geodetic System 1984"",SPHEROID[""WGS 84"",6378137,298.257223563]],PRIMEM[""Greenwich"",0],UNIT[""degree"",0.0174532925199433,AUTHORITY[""EPSG"",""9122""]],AXIS[""Latitude"",NORTH],AXIS[""Longitude"",EAST]]","GEOGCS[""WGS 84"",DATUM[""World Geodetic System 1984"",SPHEROID[""WGS 84"",6378137,298.257223563]],PRIMEM[""Greenwich"",0],UNIT[""degree"",0.0174532925199433,AUTHORITY[""EPSG"",""9122""]],AXIS[""Latitude"",NORTH],AXIS[""Longitude"",EAST]]",False,,4424,False,Success
PDIR,2017_01.tif,E:\Geospatial\Precipitation Downscaling\Precipitation-Downscaling-Khulna\data\processed\rasters_aligned\monthly\PDIR\2017_01.tif,bilinear,"LOCAL_CS[""unnamed"",UNIT[""metre"",1,AUTHORITY[""EPSG"",""9001""]],AXIS[""Easting"",EAST],AXIS[""Northing"",NORTH]]","GEOGCS[""WGS 84"",DATUM[""World Geodetic System 1984"",SPHEROID[""WGS 84"",6378137,298.257223563]],PRIMEM[""Greenwich"",0],UNIT[""degree"",0.0174532925199433,AUTHORITY[""EPSG"",""9122""]],AXIS[""Latitude"",NORTH],AXIS[""Longitude"",EAST]]",True,-99.0,4589,False,Success
PDIR,2017_02.tif,E:\Geospatial\Precipitation Downscaling\Precipitation-Downscaling-Khulna\data\processed\rasters_aligned\monthly\PDIR\2017_02.tif,bilinear,"GEOGCS[""WGS 84"",DATUM[""World Geodetic System 1984"",SPHEROID[""WGS 84"",6378137,298.257223563]],PRIMEM[""Greenwich"",0],UNIT[""degree"",0.0174532925199433,AUTHORITY[""EPSG"",""9122""]],AXIS[""Latitude"",NORTH],AXIS[""Longitude"",EAST]]","GEOGCS[""WGS 84"",DATUM[""World Geodetic System 1984"",SPHEROID[""WGS 84"",6378137,298.257223563]],PRIMEM[""Greenwich"",0],UNIT[""degree"",0.0174532925199433,AUTHORITY[""EPSG"",""9122""]],AXIS[""Latitude"",NORTH],AXIS[""Longitude"",EAST]]",True,-99.0,4589,False,Success
PDIR,2017_03.tif,E:\Geospatial\Precipitation Downscaling\Precipitation-Downscaling-Khulna\data\processed\rasters_aligned\monthly\PDIR\2017_03.tif,bilinear,"GEOGCS[""WGS 84"",DATUM[""World Geodetic System 1984"",SPHEROID[""WGS 84"",6378137,298.257223563]],PRIMEM[""Greenwich"",0],UNIT[""degree"",0.0174532925199433,AUTHORITY[""EPSG"",""9122""]],AXIS[""Latitude"",NORTH],AXIS[""Longitude"",EAST]]","GEOGCS[""WGS 84"",DATUM[""World Geodetic System 1984"",SPHEROID[""WGS 84"",6378137,298.257223563]],PRIMEM[""Greenwich"",0],UNIT[""degree"",0.0174532925199433,AUTHORITY[""EPSG"",""9122""]],AXIS[""Latitude"",NORTH],AXIS[""Longitude"",EAST]]",True,-99.0,4589,False,Success
PDIR,2017_04.tif,E:\Geospatial\Precipitation Downscaling\Precipitation-Downscaling-Khulna\data\processed\rasters_aligned\monthly\PDIR\2017_04.tif,bilinear,"GEOGCS[""WGS 84"",DATUM[""World Geodetic System 1984"",SPHEROID[""WGS 84"",6378137,298.257223563]],PRIMEM[""Greenwich"",0],UNIT[""degree"",0.0174532925199433,AUTHORITY[""EPSG"",""9122""]],AXIS[""Latitude"",NORTH],AXIS[""Longitude"",EAST]]","GEOGCS[""WGS 84"",DATUM[""World Geodetic System 1984"",SPHEROID[""WGS 84"",6378137,298.257223563]],PRIMEM[""Greenwich"",0],UNIT[""degree"",0.0174532925199433,AUTHORITY[""EPSG"",""9122""]],AXIS[""Latitude"",NORTH],AXIS[""Longitude"",EAST]]",True,-99.0,4589,False,Success
PDIR,2017_05.tif,E:\Geospatial\Precipitation Downscaling\Precipitation-Downscaling-Khulna\data\processed\rasters_aligned\monthly\PDIR\2017_05.tif,bilinear,"GEOGCS[""WGS 84"",DATUM[""World Geodetic System 1984"",SPHEROID[""WGS 84"",6378137,298.257223563]],PRIMEM[""Greenwich"",0],UNIT[""degree"",0.0174532925199433,AUTHORITY[""EPSG"",""9122""]],AXIS[""Latitude"",NORTH],AXIS[""Longitude"",EAST]]","GEOGCS[""WGS 84"",DATUM[""World Geodetic System 1984"",SPHEROID[""WGS 84"",6378137,298.257223563]],PRIMEM[""Greenwich"",0],UNIT[""degree"",0.0174532925199433,AUTHORITY[""EPSG"",""9122""]],AXIS[""Latitude"",NORTH],AXIS[""Longitude"",EAST]]",True,-99.0,4589,False,Success
PDIR,2017_06.tif,E:\Geospatial\Precipitation Downscaling\Precipitation-Downscaling-Khulna\data\processed\rasters_aligned\monthly\PDIR\2017_06.tif,bilinear,"GEOGCS[""WGS 84"",DATUM[""World Geodetic System 1984"",SPHEROID[""WGS 84"",6378137,298.257223563]],PRIMEM[""Greenwich"",0],UNIT[""degree"",0.0174532925199433,AUTHORITY[""EPSG"",""9122""]],AXIS[""Latitude"",NORTH],AXIS[""Longitude"",EAST]]","GEOGCS[""WGS 84"",DATUM[""World Geodetic System 1984"",SPHEROID[""WGS 84"",6378137,298.257223563]],PRIMEM[""Greenwich"",0],UNIT[""degree"",0.0174532925199433,AUTHORITY[""EPSG"",""9122""]],AXIS[""Latitude"",NORTH],AXIS[""Longitude"",EAST]]",True,-99.0,4589,False,Success
PDIR,2017_07.tif,E:\Geospatial\Precipitation Downscaling\Precipitation-Downscaling-Khulna\data\processed\rasters_aligned\monthly\PDIR\2017_07.tif,bilinear,"GEOGCS[""WGS 84"",DATUM[""World Geodetic System 1984"",SPHEROID[""WGS 84"",6378137,298.257223563]],PRIMEM[""Greenwich"",0],UNIT[""degree"",0.0174532925199433,AUTHORITY[""EPSG"",""9122""]],AXIS[""Latitude"",NORTH],AXIS[""Longitude"",EAST]]","GEOGCS[""WGS 84"",DATUM[""World Geodetic System 1984"",SPHEROID[""WGS 84"",6378137,298.257223563]],PRIMEM[""Greenwich"",0],UNIT[""degree"",0.0174532925199433,AUTHORITY[""EPSG"",""9122""]],AXIS[""Latitude"",NORTH],AXIS[""Longitude"",EAST]]",True,-99.0,4589,False,Success
PDIR,2017_08.tif,E:\Geospatial\Precipitation Downscaling\Precipitation-Downscaling-Khulna\data\processed\rasters_aligned\monthly\PDIR\2017_08.tif,bilinear,"GEOGCS[""WGS 84"",DATUM[""World Geodetic System 1984"",SPHEROID[""WGS 84"",6378137,298.257223563]],PRIMEM[""Greenwich"",0],UNIT[""degree"",0.0174532925199433,AUTHORITY[""EPSG"",""9122""]],AXIS[""Latitude"",NORTH],AXIS[""Longitude"",EAST]]","GEOGCS[""WGS 84"",DATUM[""World Geodetic System 1984"",SPHEROID[""WGS 84"",6378137,298.257223563]],PRIMEM[""Greenwich"",0],UNIT[""degree"",0.0174532925199433,AUTHORITY[""EPSG"",""9122""]],AXIS[""Latitude"",NORTH],AXIS[""Longitude"",EAST]]",True,-99.0,4589,False,Success
PDIR,2017_09.tif,E:\Geospatial\Precipitation Downscaling\Precipitation-Downscaling-Khulna\data\processed\rasters_aligned\monthly\PDIR\2017_09.tif,bilinear,"GEOGCS[""WGS 84"",DATUM[""World Geodetic System 1984"",SPHEROID[""WGS 84"",6378137,298.257223563]],PRIMEM[""Greenwich"",0],UNIT[""degree"",0.0174532925199433,AUTHORITY[""EPSG"",""9122""]],AXIS[""Latitude"",NORTH],AXIS[""Longitude"",EAST]]","GEOGCS[""WGS 84"",DATUM[""World Geodetic System 1984"",SPHEROID[""WGS 84"",6378137,298.257223563]],PRIMEM[""Greenwich"",0],UNIT[""degree"",0.0174532925199433,AUTHORITY[""EPSG"",""9122""]],AXIS[""Latitude"",NORTH],AXIS[""Longitude"",EAST]]",True,-99.0,4589,False,Success
PDIR,2017_10.tif,E:\Geospatial\Precipitation Downscaling\Precipitation-Downscaling-Khulna\data\processed\rasters_aligned\monthly\PDIR\2017_10.tif,bilinear,"GEOGCS[""WGS 84"",DATUM[""World Geodetic System 1984"",SPHEROID[""WGS 84"",6378137,298.257223563]],PRIMEM[""Greenwich"",0],UNIT[""degree"",0.0174532925199433,AUTHORITY[""EPSG"",""9122""]],AXIS[""Latitude"",NORTH],AXIS[""Longitude"",EAST]]","GEOGCS[""WGS 84"",DATUM[""World Geodetic System 1984"",SPHEROID[""WGS 84"",6378137,298.257223563]],PRIMEM[""Greenwich"",0],UNIT[""degree"",0.0174532925199433,AUTHORITY[""EPSG"",""9122""]],AXIS[""Latitude"",NORTH],AXIS[""Longitude"",EAST]]",True,-99.0,4589,False,Success
PDIR,2017_11.tif,E:\Geospatial\Precipitation Downscaling\Precipitation-Downscaling-Khulna\data\processed\rasters_aligned\monthly\PDIR\2017_11.tif,bilinear,"GEOGCS[""WGS 84"",DATUM[""World Geodetic System 1984"",SPHEROID[""WGS 84"",6378137,298.257223563]],PRIMEM[""Greenwich"",0],UNIT[""degree"",0.0174532925199433,AUTHORITY[""EPSG"",""9122""]],AXIS[""Latitude"",NORTH],AXIS[""Longitude"",EAST]]","GEOGCS[""WGS 84"",DATUM[""World Geodetic System 1984"",SPHEROID[""WGS 84"",6378137,298.257223563]],PRIMEM[""Greenwich"",0],UNIT[""degree"",0.0174532925199433,AUTHORITY[""EPSG"",""9122""]],AXIS[""Latitude"",NORTH],AXIS[""Longitude"",EAST]]",True,-99.0,4589,False,Success
PDIR,2017_12.tif,E:\Geospatial\Precipitation Downscaling\Precipitation-Downscaling-Khulna\data\processed\rasters_aligned\monthly\PDIR\2017_12.tif,bilinear,"GEOGCS[""WGS 84"",DATUM[""World Geodetic System 1984"",SPHEROID[""WGS 84"",6378137,298.257223563]],PRIMEM[""Greenwich"",0],UNIT[""degree"",0.0174532925199433,AUTHORITY[""EPSG"",""9122""]],AXIS[""Latitude"",NORTH],AXIS[""Longitude"",EAST]]","GEOGCS[""WGS 84"",DATUM[""World Geodetic System 1984"",SPHEROID[""WGS 84"",6378137,298.257223563]],PRIMEM[""Greenwich"",0],UNIT[""degree"",0.0174532925199433,AUTHORITY[""EPSG"",""9122""]],AXIS[""Latitude"",NORTH],AXIS[""Longitude"",EAST]]",True,-99.0,4589,False,Success
PDIR,2018_01.tif,E:\Geospatial\Precipitation Downscaling\Precipitation-Downscaling-Khulna\data\processed\rasters_aligned\monthly\PDIR\2018_01.tif,bilinear,"GEOGCS[""WGS 84"",DATUM[""World Geodetic System 1984"",SPHEROID[""WGS 84"",6378137,298.257223563]],PRIMEM[""Greenwich"",0],UNIT[""degree"",0.0174532925199433,AUTHORITY[""EPSG"",""9122""]],AXIS[""Latitude"",NORTH],AXIS[""Longitude"",EAST]]","GEOGCS[""WGS 84"",DATUM[""World Geodetic System 1984"",SPHEROID[""WGS 84"",6378137,298.257223563]],PRIMEM[""Greenwich"",0],UNIT[""degree"",0.0174532925199433,AUTHORITY[""EPSG"",""9122""]],AXIS[""Latitude"",NORTH],AXIS[""Longitude"",EAST]]",True,-99.0,4589,False,Success
PDIR,2018_02.tif,E:\Geospatial\Precipitation Downscaling\Precipitation-Downscaling-Khulna\data\processed\rasters_aligned\monthly\PDIR\2018_02.tif,bilinear,"GEOGCS[""WGS 84"",DATUM[""World Geodetic System 1984"",SPHEROID[""WGS 84"",6378137,298.257223563]],PRIMEM[""Greenwich"",0],UNIT[""degree"",0.0174532925199433,AUTHORITY[""EPSG"",""9122""]],AXIS[""Latitude"",NORTH],AXIS[""Longitude"",EAST]]","GEOGCS[""WGS 84"",DATUM[""World Geodetic System 1984"",SPHEROID[""WGS 84"",6378137,298.257223563]],PRIMEM[""Greenwich"",0],UNIT[""degree"",0.0174532925199433,AUTHORITY[""EPSG"",""9122""]],AXIS[""Latitude"",NORTH],AXIS[""Longitude"",EAST]]",True,-99.0,4589,False,Success
PDIR,2018_03.tif,E:\Geospatial\Precipitation Downscaling\Precipitation-Downscaling-Khulna\data\processed\rasters_aligned\monthly\PDIR\2018_03.tif,bilinear,"GEOGCS[""WGS 84"",DATUM[""World Geodetic System 1984"",SPHEROID[""WGS 84"",6378137,298.257223563]],PRIMEM[""Greenwich"",0],UNIT[""degree"",0.0174532925199433,AUTHORITY[""EPSG"",""9122""]],AXIS[""Latitude"",NORTH],AXIS[""Longitude"",EAST]]","GEOGCS[""WGS 84"",DATUM[""World Geodetic System 1984"",SPHEROID[""WGS 84"",6378137,298.257223563]],PRIMEM[""Greenwich"",0],UNIT[""degree"",0.0174532925199433,AUTHORITY[""EPSG"",""9122""]],AXIS[""Latitude"",NORTH],AXIS[""Longitude"",EAST]]",True,-99.0,4589,False,Success
PDIR,2018_04.tif,E:\Geospatial\Precipitation Downscaling\Precipitation-Downscaling-Khulna\data\processed\rasters_aligned\monthly\PDIR\2018_04.tif,bilinear,"GEOGCS[""WGS 84"",DATUM[""World Geodetic System 1984"",SPHEROID[""WGS 84"",6378137,298.257223563]],PRIMEM[""Greenwich"",0],UNIT[""degree"",0.0174532925199433,AUTHORITY[""EPSG"",""9122""]],AXIS[""Latitude"",NORTH],AXIS[""Longitude"",EAST]]","GEOGCS[""WGS 84"",DATUM[""World Geodetic System 1984"",SPHEROID[""WGS 84"",6378137,298.257223563]],PRIMEM[""Greenwich"",0],UNIT[""degree"",0.0174532925199433,AUTHORITY[""EPSG"",""9122""]],AXIS[""Latitude"",NORTH],AXIS[""Longitude"",EAST]]",True,-99.0,4589,False,Success
PDIR,2018_05.tif,E:\Geospatial\Precipitation Downscaling\Precipitation-Downscaling-Khulna\data\processed\rasters_aligned\monthly\PDIR\2018_05.tif,bilinear,"GEOGCS[""WGS 84"",DATUM[""World Geodetic System 1984"",SPHEROID[""WGS 84"",6378137,298.257223563]],PRIMEM[""Greenwich"",0],UNIT[""degree"",0.0174532925199433,AUTHORITY[""EPSG"",""9122""]],AXIS[""Latitude"",NORTH],AXIS[""Longitude"",EAST]]","GEOGCS[""WGS 84"",DATUM[""World Geodetic System 1984"",SPHEROID[""WGS 84"",6378137,298.257223563]],PRIMEM[""Greenwich"",0],UNIT[""degree"",0.0174532925199433,AUTHORITY[""EPSG"",""9122""]],AXIS[""Latitude"",NORTH],AXIS[""Longitude"",EAST]]",True,-99.0,4589,False,Success
PDIR,2018_06.tif,E:\Geospatial\Precipitation Downscaling\Precipitation-Downscaling-Khulna\data\processed\rasters_aligned\monthly\PDIR\2018_06.tif,bilinear,"GEOGCS[""WGS 84"",DATUM[""World Geodetic System 1984"",SPHEROID[""WGS 84"",6378137,298.257223563]],PRIMEM[""Greenwich"",0],UNIT[""degree"",0.0174532925199433,AUTHORITY[""EPSG"",""9122""]],AXIS[""Latitude"",NORTH],AXIS[""Longitude"",EAST]]","GEOGCS[""WGS 84"",DATUM[""World Geodetic System 1984"",SPHEROID[""WGS 84"",6378137,298.257223563]],PRIMEM[""Greenwich"",0],UNIT[""degree"",0.0174532925199433,AUTHORITY[""EPSG"",""9122""]],AXIS[""Latitude"",NORTH],AXIS[""Longitude"",EAST]]",True,-99.0,4589,False,Success
PDIR,2018_07.tif,E:\Geospatial\Precipitation Downscaling\Precipitation-Downscaling-Khulna\data\processed\rasters_aligned\monthly\PDIR\2018_07.tif,bilinear,"GEOGCS[""WGS 84"",DATUM[""World Geodetic System 1984"",SPHEROID[""WGS 84"",6378137,298.257223563]],PRIMEM[""Greenwich"",0],UNIT[""degree"",0.0174532925199433,AUTHORITY[""EPSG"",""9122""]],AXIS[""Latitude"",NORTH],AXIS[""Longitude"",EAST]]","GEOGCS[""WGS 84"",DATUM[""World Geodetic System 1984"",SPHEROID[""WGS 84"",6378137,298.257223563]],PRIMEM[""Greenwich"",0],UNIT[""degree"",0.0174532925199433,AUTHORITY[""EPSG"",""9122""]],AXIS[""Latitude"",NORTH],AXIS[""Longitude"",EAST]]",True,-99.0,4589,False,Success
PDIR,2018_08.tif,E:\Geospatial\Precipitation Downscaling\Precipitation-Downscaling-Khulna\data\processed\rasters_aligned\monthly\PDIR\2018_08.tif,bilinear,"GEOGCS[""WGS 84"",DATUM[""World Geodetic System 1984"",SPHEROID[""WGS 84"",6378137,298.257223563]],PRIMEM[""Greenwich"",0],UNIT[""degree"",0.0174532925199433,AUTHORITY[""EPSG"",""9122""]],AXIS[""Latitude"",NORTH],AXIS[""Longitude"",EAST]]","GEOGCS[""WGS 84"",DATUM[""World Geodetic System 1984"",SPHEROID[""WGS 84"",6378137,298.257223563]],PRIMEM[""Greenwich"",0],UNIT[""degree"",0.0174532925199433,AUTHORITY[""EPSG"",""9122""]],AXIS[""Latitude"",NORTH],AXIS[""Longitude"",EAST]]",True,-99.0,4589,False,Success
PDIR,2018_09.tif,E:\Geospatial\Precipitation Downscaling\Precipitation-Downscaling-Khulna\data\processed\rasters_aligned\monthly\PDIR\2018_09.tif,bilinear,"GEOGCS[""WGS 84"",DATUM[""World Geodetic System 1984"",SPHEROID[""WGS 84"",6378137,298.257223563]],PRIMEM[""Greenwich"",0],UNIT[""degree"",0.0174532925199433,AUTHORITY[""EPSG"",""9122""]],AXIS[""Latitude"",NORTH],AXIS[""Longitude"",EAST]]","GEOGCS[""WGS 84"",DATUM[""World Geodetic System 1984"",SPHEROID[""WGS 84"",6378137,298.257223563]],PRIMEM[""Greenwich"",0],UNIT[""degree"",0.0174532925199433,AUTHORITY[""EPSG"",""9122""]],AXIS[""Latitude"",NORTH],AXIS[""Longitude"",EAST]]",True,-99.0,4589,False,Success
PDIR,2018_10.tif,E:\Geospatial\Precipitation Downscaling\Precipitation-Downscaling-Khulna\data\processed\rasters_aligned\monthly\PDIR\2018_10.tif,bilinear,"GEOGCS[""WGS 84"",DATUM[""World Geodetic System 1984"",SPHEROID[""WGS 84"",6378137,298.257223563]],PRIMEM[""Greenwich"",0],UNIT[""degree"",0.0174532925199433,AUTHORITY[""EPSG"",""9122""]],AXIS[""Latitude"",NORTH],AXIS[""Longitude"",EAST]]","GEOGCS[""WGS 84"",DATUM[""World Geodetic System 1984"",SPHEROID[""WGS 84"",6378137,298.257223563]],PRIMEM[""Greenwich"",0],UNIT[""degree"",0.0174532925199433,AUTHORITY[""EPSG"",""9122""]],AXIS[""Latitude"",NORTH],AXIS[""Longitude"",EAST]]",True,-99.0,4589,False,Success
PDIR,2018_11.tif,E:\Geospatial\Precipitation Downscaling\Precipitation-Downscaling-Khulna\data\processed\rasters_aligned\monthly\PDIR\2018_11.tif,bilinear,"GEOGCS[""WGS 84"",DATUM[""World Geodetic System 1984"",SPHEROID[""WGS 84"",6378137,298.257223563]],PRIMEM[""Greenwich"",0],UNIT[""degree"",0.0174532925199433,AUTHORITY[""EPSG"",""9122""]],AXIS[""Latitude"",NORTH],AXIS[""Longitude"",EAST]]","GEOGCS[""WGS 84"",DATUM[""World Geodetic System 1984"",SPHEROID[""WGS 84"",6378137,298.257223563]],PRIMEM[""Greenwich"",0],UNIT[""degree"",0.0174532925199433,AUTHORITY[""EPSG"",""9122""]],AXIS[""Latitude"",NORTH],AXIS[""Longitude"",EAST]]",True,-99.0,4589,False,Success
PDIR,2018_12.tif,E:\Geospatial\Precipitation Downscaling\Precipitation-Downscaling-Khulna\data\processed\rasters_aligned\monthly\PDIR\2018_12.tif,bilinear,"GEOGCS[""WGS 84"",DATUM[""World Geodetic System 1984"",SPHEROID[""WGS 84"",6378137,298.257223563]],PRIMEM[""Greenwich"",0],UNIT[""degree"",0.0174532925199433,AUTHORITY[""EPSG"",""9122""]],AXIS[""Latitude"",NORTH],AXIS[""Longitude"",EAST]]","GEOGCS[""WGS 84"",DATUM[""World Geodetic System 1984"",SPHEROID[""WGS 84"",6378137,298.257223563]],PRIMEM[""Greenwich"",0],UNIT[""degree"",0.0174532925199433,AUTHORITY[""EPSG"",""9122""]],AXIS[""Latitude"",NORTH],AXIS[""Longitude"",EAST]]",True,-99.0,4589,False,Success
PDIR,2019_01.tif,E:\Geospatial\Precipitation Downscaling\Precipitation-Downscaling-Khulna\data\processed\rasters_aligned\monthly\PDIR\2019_01.tif,bilinear,"GEOGCS[""WGS 84"",DATUM[""World Geodetic System 1984"",SPHEROID[""WGS 84"",6378137,298.257223563]],PRIMEM[""Greenwich"",0],UNIT[""degree"",0.0174532925199433,AUTHORITY[""EPSG"",""9122""]],AXIS[""Latitude"",NORTH],AXIS[""Longitude"",EAST]]","GEOGCS[""WGS 84"",DATUM[""World Geodetic System 1984"",SPHEROID[""WGS 84"",6378137,298.257223563]],PRIMEM[""Greenwich"",0],UNIT[""degree"",0.0174532925199433,AUTHORITY[""EPSG"",""9122""]],AXIS[""Latitude"",NORTH],AXIS[""Longitude"",EAST]]",True,-99.0,4589,False,Success
PDIR,2019_02.tif,E:\Geospatial\Precipitation Downscaling\Precipitation-Downscaling-Khulna\data\processed\rasters_aligned\monthly\PDIR\2019_02.tif,bilinear,"GEOGCS[""WGS 84"",DATUM[""World Geodetic System 1984"",SPHEROID[""WGS 84"",6378137,298.257223563]],PRIMEM[""Greenwich"",0],UNIT[""degree"",0.0174532925199433,AUTHORITY[""EPSG"",""9122""]],AXIS[""Latitude"",NORTH],AXIS[""Longitude"",EAST]]","GEOGCS[""WGS 84"",DATUM[""World Geodetic System 1984"",SPHEROID[""WGS 84"",6378137,298.257223563]],PRIMEM[""Greenwich"",0],UNIT[""degree"",0.0174532925199433,AUTHORITY[""EPSG"",""9122""]],AXIS[""Latitude"",NORTH],AXIS[""Longitude"",EAST]]",True,-99.0,4589,False,Success
PDIR,2019_03.tif,E:\Geospatial\Precipitation Downscaling\Precipitation-Downscaling-Khulna\data\processed\rasters_aligned\monthly\PDIR\2019_03.tif,bilinear,"GEOGCS[""WGS 84"",DATUM[""World Geodetic System 1984"",SPHEROID[""WGS 84"",6378137,298.257223563]],PRIMEM[""Greenwich"",0],UNIT[""degree"",0.0174532925199433,AUTHORITY[""EPSG"",""9122""]],AXIS[""Latitude"",NORTH],AXIS[""Longitude"",EAST]]","GEOGCS[""WGS 84"",DATUM[""World Geodetic System 1984"",SPHEROID[""WGS 84"",6378137,298.257223563]],PRIMEM[""Greenwich"",0],UNIT[""degree"",0.0174532925199433,AUTHORITY[""EPSG"",""9122""]],AXIS[""Latitude"",NORTH],AXIS[""Longitude"",EAST]]",True,-99.0,4589,False,Success
PDIR,2019_04.tif,E:\Geospatial\Precipitation Downscaling\Precipitation-Downscaling-Khulna\data\processed\rasters_aligned\monthly\PDIR\2019_04.tif,bilinear,"GEOGCS[""WGS 84"",DATUM[""World Geodetic System 1984"",SPHEROID[""WGS 84"",6378137,298.257223563]],PRIMEM[""Greenwich"",0],UNIT[""degree"",0.0174532925199433,AUTHORITY[""EPSG"",""9122""]],AXIS[""Latitude"",NORTH],AXIS[""Longitude"",EAST]]","GEOGCS[""WGS 84"",DATUM[""World Geodetic System 1984"",SPHEROID[""WGS 84"",6378137,298.257223563]],PRIMEM[""Greenwich"",0],UNIT[""degree"",0.0174532925199433,AUTHORITY[""EPSG"",""9122""]],AXIS[""Latitude"",NORTH],AXIS[""Longitude"",EAST]]",True,-99.0,4589,False,Success
PDIR,2019_05.tif,E:\Geospatial\Precipitation Downscaling\Precipitation-Downscaling-Khulna\data\processed\rasters_aligned\monthly\PDIR\2019_05.tif,bilinear,"GEOGCS[""WGS 84"",DATUM[""World Geodetic System 1984"",SPHEROID[""WGS 84"",6378137,298.257223563]],PRIMEM[""Greenwich"",0],UNIT[""degree"",0.0174532925199433,AUTHORITY[""EPSG"",""9122""]],AXIS[""Latitude"",NORTH],AXIS[""Longitude"",EAST]]","GEOGCS[""WGS 84"",DATUM[""World Geodetic System 1984"",SPHEROID[""WGS 84"",6378137,298.257223563]],PRIMEM[""Greenwich"",0],UNIT[""degree"",0.0174532925199433,AUTHORITY[""EPSG"",""9122""]],AXIS[""Latitude"",NORTH],AXIS[""Longitude"",EAST]]",True,-99.0,4589,False,Success
PDIR,2019_06.tif,E:\Geospatial\Precipitation Downscaling\Precipitation-Downscaling-Khulna\data\processed\rasters_aligned\monthly\PDIR\2019_06.tif,bilinear,"GEOGCS[""WGS 84"",DATUM[""World Geodetic System 1984"",SPHEROID[""WGS 84"",6378137,298.257223563]],PRIMEM[""Greenwich"",0],UNIT[""degree"",0.0174532925199433,AUTHORITY[""EPSG"",""9122""]],AXIS[""Latitude"",NORTH],AXIS[""Longitude"",EAST]]","GEOGCS[""WGS 84"",DATUM[""World Geodetic System 1984"",SPHEROID[""WGS 84"",6378137,298.257223563]],PRIMEM[""Greenwich"",0],UNIT[""degree"",0.0174532925199433,AUTHORITY[""EPSG"",""9122""]],AXIS[""Latitude"",NORTH],AXIS[""Longitude"",EAST]]",True,-99.0,4589,False,Success
PDIR,2019_07.tif,E:\Geospatial\Precipitation Downscaling\Precipitation-Downscaling-Khulna\data\processed\rasters_aligned\monthly\PDIR\2019_07.tif,bilinear,"GEOGCS[""WGS 84"",DATUM[""World Geodetic System 1984"",SPHEROID[""WGS 84"",6378137,298.257223563]],PRIMEM[""Greenwich"",0],UNIT[""degree"",0.0174532925199433,AUTHORITY[""EPSG"",""9122""]],AXIS[""Latitude"",NORTH],AXIS[""Longitude"",EAST]]","GEOGCS[""WGS 84"",DATUM[""World Geodetic System 1984"",SPHEROID[""WGS 84"",6378137,298.257223563]],PRIMEM[""Greenwich"",0],UNIT[""degree"",0.0174532925199433,AUTHORITY[""EPSG"",""9122""]],AXIS[""Latitude"",NORTH],AXIS[""Longitude"",EAST]]",True,-99.0,4589,False,Success
PDIR,2019_08.tif,E:\Geospatial\Precipitation Downscaling\Precipitation-Downscaling-Khulna\data\processed\rasters_aligned\monthly\PDIR\2019_08.tif,bilinear,"GEOGCS[""WGS 84"",DATUM[""World Geodetic System 1984"",SPHEROID[""WGS 84"",6378137,298.257223563]],PRIMEM[""Greenwich"",0],UNIT[""degree"",0.0174532925199433,AUTHORITY[""EPSG"",""9122""]],AXIS[""Latitude"",NORTH],AXIS[""Longitude"",EAST]]","GEOGCS[""WGS 84"",DATUM[""World Geodetic System 1984"",SPHEROID[""WGS 84"",6378137,298.257223563]],PRIMEM[""Greenwich"",0],UNIT[""degree"",0.0174532925199433,AUTHORITY[""EPSG"",""9122""]],AXIS[""Latitude"",NORTH],AXIS[""Longitude"",EAST]]",True,-99.0,4589,False,Success
PDIR,2019_09.tif,E:\Geospatial\Precipitation Downscaling\Precipitation-Downscaling-Khulna\data\processed\rasters_aligned\monthly\PDIR\2019_09.tif,bilinear,"GEOGCS[""WGS 84"",DATUM[""World Geodetic System 1984"",SPHEROID[""WGS 84"",6378137,298.257223563]],PRIMEM[""Greenwich"",0],UNIT[""degree"",0.0174532925199433,AUTHORITY[""EPSG"",""9122""]],AXIS[""Latitude"",NORTH],AXIS[""Longitude"",EAST]]","GEOGCS[""WGS 84"",DATUM[""World Geodetic System 1984"",SPHEROID[""WGS 84"",6378137,298.257223563]],PRIMEM[""Greenwich"",0],UNIT[""degree"",0.0174532925199433,AUTHORITY[""EPSG"",""9122""]],AXIS[""Latitude"",NORTH],AXIS[""Longitude"",EAST]]",True,-99.0,4589,False,Success
PDIR,2019_10.tif,E:\Geospatial\Precipitation Downscaling\Precipitation-Downscaling-Khulna\data\processed\rasters_aligned\monthly\PDIR\2019_10.tif,bilinear,"GEOGCS[""WGS 84"",DATUM[""World Geodetic System 1984"",SPHEROID[""WGS 84"",6378137,298.257223563]],PRIMEM[""Greenwich"",0],UNIT[""degree"",0.0174532925199433,AUTHORITY[""EPSG"",""9122""]],AXIS[""Latitude"",NORTH],AXIS[""Longitude"",EAST]]","GEOGCS[""WGS 84"",DATUM[""World Geodetic System 1984"",SPHEROID[""WGS 84"",6378137,298.257223563]],PRIMEM[""Greenwich"",0],UNIT[""degree"",0.0174532925199433,AUTHORITY[""EPSG"",""9122""]],AXIS[""Latitude"",NORTH],AXIS[""Longitude"",EAST]]",True,-99.0,4589,False,Success
PDIR,2019_11.tif,E:\Geospatial\Precipitation Downscaling\Precipitation-Downscaling-Khulna\data\processed\rasters_aligned\monthly\PDIR\2019_11.tif,bilinear,"GEOGCS[""WGS 84"",DATUM[""World Geodetic System 1984"",SPHEROID[""WGS 84"",6378137,298.257223563]],PRIMEM[""Greenwich"",0],UNIT[""degree"",0.0174532925199433,AUTHORITY[""EPSG"",""9122""]],AXIS[""Latitude"",NORTH],AXIS[""Longitude"",EAST]]","GEOGCS[""WGS 84"",DATUM[""World Geodetic System 1984"",SPHEROID[""WGS 84"",6378137,298.257223563]],PRIMEM[""Greenwich"",0],UNIT[""degree"",0.0174532925199433,AUTHORITY[""EPSG"",""9122""]],AXIS[""Latitude"",NORTH],AXIS[""Longitude"",EAST]]",True,-99.0,4589,False,Success
PDIR,2019_12.tif,E:\Geospatial\Precipitation Downscaling\Precipitation-Downscaling-Khulna\data\processed\rasters_aligned\monthly\PDIR\2019_12.tif,bilinear,"GEOGCS[""WGS 84"",DATUM[""World Geodetic System 1984"",SPHEROID[""WGS 84"",6378137,298.257223563]],PRIMEM[""Greenwich"",0],UNIT[""degree"",0.0174532925199433,AUTHORITY[""EPSG"",""9122""]],AXIS[""Latitude"",NORTH],AXIS[""Longitude"",EAST]]","GEOGCS[""WGS 84"",DATUM[""World Geodetic System 1984"",SPHEROID[""WGS 84"",6378137,298.257223563]],PRIMEM[""Greenwich"",0],UNIT[""degree"",0.0174532925199433,AUTHORITY[""EPSG"",""9122""]],AXIS[""Latitude"",NORTH],AXIS[""Longitude"",EAST]]",True,-99.0,4589,False,Success
PDIR,2020_01.tif,E:\Geospatial\Precipitation Downscaling\Precipitation-Downscaling-Khulna\data\processed\rasters_aligned\monthly\PDIR\2020_01.tif,bilinear,"GEOGCS[""WGS 84"",DATUM[""World Geodetic System 1984"",SPHEROID[""WGS 84"",6378137,298.257223563]],PRIMEM[""Greenwich"",0],UNIT[""degree"",0.0174532925199433,AUTHORITY[""EPSG"",""9122""]],AXIS[""Latitude"",NORTH],AXIS[""Longitude"",EAST]]","GEOGCS[""WGS 84"",DATUM[""World Geodetic System 1984"",SPHEROID[""WGS 84"",6378137,298.257223563]],PRIMEM[""Greenwich"",0],UNIT[""degree"",0.0174532925199433,AUTHORITY[""EPSG"",""9122""]],AXIS[""Latitude"",NORTH],AXIS[""Longitude"",EAST]]",True,-99.0,4589,False,Success
PDIR,2020_02.tif,E:\Geospatial\Precipitation Downscaling\Precipitation-Downscaling-Khulna\data\processed\rasters_aligned\monthly\PDIR\2020_02.tif,bilinear,"GEOGCS[""WGS 84"",DATUM[""World Geodetic System 1984"",SPHEROID[""WGS 84"",6378137,298.257223563]],PRIMEM[""Greenwich"",0],UNIT[""degree"",0.0174532925199433,AUTHORITY[""EPSG"",""9122""]],AXIS[""Latitude"",NORTH],AXIS[""Longitude"",EAST]]","GEOGCS[""WGS 84"",DATUM[""World Geodetic System 1984"",SPHEROID[""WGS 84"",6378137,298.257223563]],PRIMEM[""Greenwich"",0],UNIT[""degree"",0.0174532925199433,AUTHORITY[""EPSG"",""9122""]],AXIS[""Latitude"",NORTH],AXIS[""Longitude"",EAST]]",True,-99.0,4589,False,Success
PDIR,2020_03.tif,E:\Geospatial\Precipitation Downscaling\Precipitation-Downscaling-Khulna\data\processed\rasters_aligned\monthly\PDIR\2020_03.tif,bilinear,"GEOGCS[""WGS 84"",DATUM[""World Geodetic System 1984"",SPHEROID[""WGS 84"",6378137,298.257223563]],PRIMEM[""Greenwich"",0],UNIT[""degree"",0.0174532925199433,AUTHORITY[""EPSG"",""9122""]],AXIS[""Latitude"",NORTH],AXIS[""Longitude"",EAST]]","GEOGCS[""WGS 84"",DATUM[""World Geodetic System 1984"",SPHEROID[""WGS 84"",6378137,298.257223563]],PRIMEM[""Greenwich"",0],UNIT[""degree"",0.0174532925199433,AUTHORITY[""EPSG"",""9122""]],AXIS[""Latitude"",NORTH],AXIS[""Longitude"",EAST]]",True,-99.0,4589,False,Success
PDIR,2020_04.tif,E:\Geospatial\Precipitation Downscaling\Precipitation-Downscaling-Khulna\data\processed\rasters_aligned\monthly\PDIR\2020_04.tif,bilinear,"GEOGCS[""WGS 84"",DATUM[""World Geodetic System 1984"",SPHEROID[""WGS 84"",6378137,298.257223563]],PRIMEM[""Greenwich"",0],UNIT[""degree"",0.0174532925199433,AUTHORITY[""EPSG"",""9122""]],AXIS[""Latitude"",NORTH],AXIS[""Longitude"",EAST]]","GEOGCS[""WGS 84"",DATUM[""World Geodetic System 1984"",SPHEROID[""WGS 84"",6378137,298.257223563]],PRIMEM[""Greenwich"",0],UNIT[""degree"",0.0174532925199433,AUTHORITY[""EPSG"",""9122""]],AXIS[""Latitude"",NORTH],AXIS[""Longitude"",EAST]]",True,-99.0,4589,False,Success
PDIR,2020_05.tif,E:\Geospatial\Precipitation Downscaling\Precipitation-Downscaling-Khulna\data\processed\rasters_aligned\monthly\PDIR\2020_05.tif,bilinear,"GEOGCS[""WGS 84"",DATUM[""World Geodetic System 1984"",SPHEROID[""WGS 84"",6378137,298.257223563]],PRIMEM[""Greenwich"",0],UNIT[""degree"",0.0174532925199433,AUTHORITY[""EPSG"",""9122""]],AXIS[""Latitude"",NORTH],AXIS[""Longitude"",EAST]]","GEOGCS[""WGS 84"",DATUM[""World Geodetic System 1984"",SPHEROID[""WGS 84"",6378137,298.257223563]],PRIMEM[""Greenwich"",0],UNIT[""degree"",0.0174532925199433,AUTHORITY[""EPSG"",""9122""]],AXIS[""Latitude"",NORTH],AXIS[""Longitude"",EAST]]",True,-99.0,4589,False,Success
PDIR,2020_06.tif,E:\Geospatial\Precipitation Downscaling\Precipitation-Downscaling-Khulna\data\processed\rasters_aligned\monthly\PDIR\2020_06.tif,bilinear,"GEOGCS[""WGS 84"",DATUM[""World Geodetic System 1984"",SPHEROID[""WGS 84"",6378137,298.257223563]],PRIMEM[""Greenwich"",0],UNIT[""degree"",0.0174532925199433,AUTHORITY[""EPSG"",""9122""]],AXIS[""Latitude"",NORTH],AXIS[""Longitude"",EAST]]","GEOGCS[""WGS 84"",DATUM[""World Geodetic System 1984"",SPHEROID[""WGS 84"",6378137,298.257223563]],PRIMEM[""Greenwich"",0],UNIT[""degree"",0.0174532925199433,AUTHORITY[""EPSG"",""9122""]],AXIS[""Latitude"",NORTH],AXIS[""Longitude"",EAST]]",True,-99.0,4589,False,Success
PDIR,2020_07.tif,E:\Geospatial\Precipitation Downscaling\Precipitation-Downscaling-Khulna\data\processed\rasters_aligned\monthly\PDIR\2020_07.tif,bilinear,"GEOGCS[""WGS 84"",DATUM[""World Geodetic System 1984"",SPHEROID[""WGS 84"",6378137,298.257223563]],PRIMEM[""Greenwich"",0],UNIT[""degree"",0.0174532925199433,AUTHORITY[""EPSG"",""9122""]],AXIS[""Latitude"",NORTH],AXIS[""Longitude"",EAST]]","GEOGCS[""WGS 84"",DATUM[""World Geodetic System 1984"",SPHEROID[""WGS 84"",6378137,298.257223563]],PRIMEM[""Greenwich"",0],UNIT[""degree"",0.0174532925199433,AUTHORITY[""EPSG"",""9122""]],AXIS[""Latitude"",NORTH],AXIS[""Longitude"",EAST]]",True,-99.0,4589,False,Success
PDIR,2020_08.tif,E:\Geospatial\Precipitation Downscaling\Precipitation-Downscaling-Khulna\data\processed\rasters_aligned\monthly\PDIR\2020_08.tif,bilinear,"GEOGCS[""WGS 84"",DATUM[""World Geodetic System 1984"",SPHEROID[""WGS 84"",6378137,298.257223563]],PRIMEM[""Greenwich"",0],UNIT[""degree"",0.0174532925199433,AUTHORITY[""EPSG"",""9122""]],AXIS[""Latitude"",NORTH],AXIS[""Longitude"",EAST]]","GEOGCS[""WGS 84"",DATUM[""World Geodetic System 1984"",SPHEROID[""WGS 84"",6378137,298.257223563]],PRIMEM[""Greenwich"",0],UNIT[""degree"",0.0174532925199433,AUTHORITY[""EPSG"",""9122""]],AXIS[""Latitude"",NORTH],AXIS[""Longitude"",EAST]]",True,-99.0,4589,False,Success
PDIR,2020_09.tif,E:\Geospatial\Precipitation Downscaling\Precipitation-Downscaling-Khulna\data\processed\rasters_aligned\monthly\PDIR\2020_09.tif,bilinear,"GEOGCS[""WGS 84"",DATUM[""World Geodetic System 1984"",SPHEROID[""WGS 84"",6378137,298.257223563]],PRIMEM[""Greenwich"",0],UNIT[""degree"",0.0174532925199433,AUTHORITY[""EPSG"",""9122""]],AXIS[""Latitude"",NORTH],AXIS[""Longitude"",EAST]]","GEOGCS[""WGS 84"",DATUM[""World Geodetic System 1984"",SPHEROID[""WGS 84"",6378137,298.257223563]],PRIMEM[""Greenwich"",0],UNIT[""degree"",0.0174532925199433,AUTHORITY[""EPSG"",""9122""]],AXIS[""Latitude"",NORTH],AXIS[""Longitude"",EAST]]",True,-99.0,4589,False,Success
PDIR,2020_10.tif,E:\Geospatial\Precipitation Downscaling\Precipitation-Downscaling-Khulna\data\processed\rasters_aligned\monthly\PDIR\2020_10.tif,bilinear,"GEOGCS[""WGS 84"",DATUM[""World Geodetic System 1984"",SPHEROID[""WGS 84"",6378137,298.257223563]],PRIMEM[""Greenwich"",0],UNIT[""degree"",0.0174532925199433,AUTHORITY[""EPSG"",""9122""]],AXIS[""Latitude"",NORTH],AXIS[""Longitude"",EAST]]","GEOGCS[""WGS 84"",DATUM[""World Geodetic System 1984"",SPHEROID[""WGS 84"",6378137,298.257223563]],PRIMEM[""Greenwich"",0],UNIT[""degree"",0.0174532925199433,AUTHORITY[""EPSG"",""9122""]],AXIS[""Latitude"",NORTH],AXIS[""Longitude"",EAST]]",True,-99.0,4589,False,Success
PDIR,2020_11.tif,E:\Geospatial\Precipitation Downscaling\Precipitation-Downscaling-Khulna\data\processed\rasters_aligned\monthly\PDIR\2020_11.tif,bilinear,"GEOGCS[""WGS 84"",DATUM[""World Geodetic System 1984"",SPHEROID[""WGS 84"",6378137,298.257223563]],PRIMEM[""Greenwich"",0],UNIT[""degree"",0.0174532925199433,AUTHORITY[""EPSG"",""9122""]],AXIS[""Latitude"",NORTH],AXIS[""Longitude"",EAST]]","GEOGCS[""WGS 84"",DATUM[""World Geodetic System 1984"",SPHEROID[""WGS 84"",6378137,298.257223563]],PRIMEM[""Greenwich"",0],UNIT[""degree"",0.0174532925199433,AUTHORITY[""EPSG"",""9122""]],AXIS[""Latitude"",NORTH],AXIS[""Longitude"",EAST]]",True,-99.0,4589,False,Success
PDIR,2020_12.tif,E:\Geospatial\Precipitation Downscaling\Precipitation-Downscaling-Khulna\data\processed\rasters_aligned\monthly\PDIR\2020_12.tif,bilinear,"GEOGCS[""WGS 84"",DATUM[""World Geodetic System 1984"",SPHEROID[""WGS 84"",6378137,298.257223563]],PRIMEM[""Greenwich"",0],UNIT[""degree"",0.0174532925199433,AUTHORITY[""EPSG"",""9122""]],AXIS[""Latitude"",NORTH],AXIS[""Longitude"",EAST]]","GEOGCS[""WGS 84"",DATUM[""World Geodetic System 1984"",SPHEROID[""WGS 84"",6378137,298.257223563]],PRIMEM[""Greenwich"",0],UNIT[""degree"",0.0174532925199433,AUTHORITY[""EPSG"",""9122""]],AXIS[""Latitude"",NORTH],AXIS[""Longitude"",EAST]]",True,-99.0,4589,False,Success
PDIR,2021_01.tif,E:\Geospatial\Precipitation Downscaling\Precipitation-Downscaling-Khulna\data\processed\rasters_aligned\monthly\PDIR\2021_01.tif,bilinear,"GEOGCS[""WGS 84"",DATUM[""World Geodetic System 1984"",SPHEROID[""WGS 84"",6378137,298.257223563]],PRIMEM[""Greenwich"",0],UNIT[""degree"",0.0174532925199433,AUTHORITY[""EPSG"",""9122""]],AXIS[""Latitude"",NORTH],AXIS[""Longitude"",EAST]]","GEOGCS[""WGS 84"",DATUM[""World Geodetic System 1984"",SPHEROID[""WGS 84"",6378137,298.257223563]],PRIMEM[""Greenwich"",0],UNIT[""degree"",0.0174532925199433,AUTHORITY[""EPSG"",""9122""]],AXIS[""Latitude"",NORTH],AXIS[""Longitude"",EAST]]",True,-99.0,4589,False,Success
PDIR,2021_02.tif,E:\Geospatial\Precipitation Downscaling\Precipitation-Downscaling-Khulna\data\processed\rasters_aligned\monthly\PDIR\2021_02.tif,bilinear,"GEOGCS[""WGS 84"",DATUM[""World Geodetic System 1984"",SPHEROID[""WGS 84"",6378137,298.257223563]],PRIMEM[""Greenwich"",0],UNIT[""degree"",0.0174532925199433,AUTHORITY[""EPSG"",""9122""]],AXIS[""Latitude"",NORTH],AXIS[""Longitude"",EAST]]","GEOGCS[""WGS 84"",DATUM[""World Geodetic System 1984"",SPHEROID[""WGS 84"",6378137,298.257223563]],PRIMEM[""Greenwich"",0],UNIT[""degree"",0.0174532925199433,AUTHORITY[""EPSG"",""9122""]],AXIS[""Latitude"",NORTH],AXIS[""Longitude"",EAST]]",True,-99.0,4589,False,Success
PDIR,2021_03.tif,E:\Geospatial\Precipitation Downscaling\Precipitation-Downscaling-Khulna\data\processed\rasters_aligned\monthly\PDIR\2021_03.tif,bilinear,"GEOGCS[""WGS 84"",DATUM[""World Geodetic System 1984"",SPHEROID[""WGS 84"",6378137,298.257223563]],PRIMEM[""Greenwich"",0],UNIT[""degree"",0.0174532925199433,AUTHORITY[""EPSG"",""9122""]],AXIS[""Latitude"",NORTH],AXIS[""Longitude"",EAST]]","GEOGCS[""WGS 84"",DATUM[""World Geodetic System 1984"",SPHEROID[""WGS 84"",6378137,298.257223563]],PRIMEM[""Greenwich"",0],UNIT[""degree"",0.0174532925199433,AUTHORITY[""EPSG"",""9122""]],AXIS[""Latitude"",NORTH],AXIS[""Longitude"",EAST]]",True,-99.0,4589,False,Success
PDIR,2021_04.tif,E:\Geospatial\Precipitation Downscaling\Precipitation-Downscaling-Khulna\data\processed\rasters_aligned\monthly\PDIR\2021_04.tif,bilinear,"GEOGCS[""WGS 84"",DATUM[""World Geodetic System 1984"",SPHEROID[""WGS 84"",6378137,298.257223563]],PRIMEM[""Greenwich"",0],UNIT[""degree"",0.0174532925199433,AUTHORITY[""EPSG"",""9122""]],AXIS[""Latitude"",NORTH],AXIS[""Longitude"",EAST]]","GEOGCS[""WGS 84"",DATUM[""World Geodetic System 1984"",SPHEROID[""WGS 84"",6378137,298.257223563]],PRIMEM[""Greenwich"",0],UNIT[""degree"",0.0174532925199433,AUTHORITY[""EPSG"",""9122""]],AXIS[""Latitude"",NORTH],AXIS[""Longitude"",EAST]]",True,-99.0,4589,False,Success
PDIR,2021_05.tif,E:\Geospatial\Precipitation Downscaling\Precipitation-Downscaling-Khulna\data\processed\rasters_aligned\monthly\PDIR\2021_05.tif,bilinear,"GEOGCS[""WGS 84"",DATUM[""World Geodetic System 1984"",SPHEROID[""WGS 84"",6378137,298.257223563]],PRIMEM[""Greenwich"",0],UNIT[""degree"",0.0174532925199433,AUTHORITY[""EPSG"",""9122""]],AXIS[""Latitude"",NORTH],AXIS[""Longitude"",EAST]]","GEOGCS[""WGS 84"",DATUM[""World Geodetic System 1984"",SPHEROID[""WGS 84"",6378137,298.257223563]],PRIMEM[""Greenwich"",0],UNIT[""degree"",0.0174532925199433,AUTHORITY[""EPSG"",""9122""]],AXIS[""Latitude"",NORTH],AXIS[""Longitude"",EAST]]",True,-99.0,4589,False,Success
PDIR,2021_06.tif,E:\Geospatial\Precipitation Downscaling\Precipitation-Downscaling-Khulna\data\processed\rasters_aligned\monthly\PDIR\2021_06.tif,bilinear,"GEOGCS[""WGS 84"",DATUM[""World Geodetic System 1984"",SPHEROID[""WGS 84"",6378137,298.257223563]],PRIMEM[""Greenwich"",0],UNIT[""degree"",0.0174532925199433,AUTHORITY[""EPSG"",""9122""]],AXIS[""Latitude"",NORTH],AXIS[""Longitude"",EAST]]","GEOGCS[""WGS 84"",DATUM[""World Geodetic System 1984"",SPHEROID[""WGS 84"",6378137,298.257223563]],PRIMEM[""Greenwich"",0],UNIT[""degree"",0.0174532925199433,AUTHORITY[""EPSG"",""9122""]],AXIS[""Latitude"",NORTH],AXIS[""Longitude"",EAST]]",True,-99.0,4589,False,Success
PDIR,2021_07.tif,E:\Geospatial\Precipitation Downscaling\Precipitation-Downscaling-Khulna\data\processed\rasters_aligned\monthly\PDIR\2021_07.tif,bilinear,"GEOGCS[""WGS 84"",DATUM[""World Geodetic System 1984"",SPHEROID[""WGS 84"",6378137,298.257223563]],PRIMEM[""Greenwich"",0],UNIT[""degree"",0.0174532925199433,AUTHORITY[""EPSG"",""9122""]],AXIS[""Latitude"",NORTH],AXIS[""Longitude"",EAST]]","GEOGCS[""WGS 84"",DATUM[""World Geodetic System 1984"",SPHEROID[""WGS 84"",6378137,298.257223563]],PRIMEM[""Greenwich"",0],UNIT[""degree"",0.0174532925199433,AUTHORITY[""EPSG"",""9122""]],AXIS[""Latitude"",NORTH],AXIS[""Longitude"",EAST]]",True,-99.0,4589,False,Success
PDIR,2021_08.tif,E:\Geospatial\Precipitation Downscaling\Precipitation-Downscaling-Khulna\data\processed\rasters_aligned\monthly\PDIR\2021_08.tif,bilinear,"GEOGCS[""WGS 84"",DATUM[""World Geodetic System 1984"",SPHEROID[""WGS 84"",6378137,298.257223563]],PRIMEM[""Greenwich"",0],UNIT[""degree"",0.0174532925199433,AUTHORITY[""EPSG"",""9122""]],AXIS[""Latitude"",NORTH],AXIS[""Longitude"",EAST]]","GEOGCS[""WGS 84"",DATUM[""World Geodetic System 1984"",SPHEROID[""WGS 84"",6378137,298.257223563]],PRIMEM[""Greenwich"",0],UNIT[""degree"",0.0174532925199433,AUTHORITY[""EPSG"",""9122""]],AXIS[""Latitude"",NORTH],AXIS[""Longitude"",EAST]]",True,-99.0,4589,False,Success
PDIR,2021_09.tif,E:\Geospatial\Precipitation Downscaling\Precipitation-Downscaling-Khulna\data\processed\rasters_aligned\monthly\PDIR\2021_09.tif,bilinear,"GEOGCS[""WGS 84"",DATUM[""World Geodetic System 1984"",SPHEROID[""WGS 84"",6378137,298.257223563]],PRIMEM[""Greenwich"",0],UNIT[""degree"",0.0174532925199433,AUTHORITY[""EPSG"",""9122""]],AXIS[""Latitude"",NORTH],AXIS[""Longitude"",EAST]]","GEOGCS[""WGS 84"",DATUM[""World Geodetic System 1984"",SPHEROID[""WGS 84"",6378137,298.257223563]],PRIMEM[""Greenwich"",0],UNIT[""degree"",0.0174532925199433,AUTHORITY[""EPSG"",""9122""]],AXIS[""Latitude"",NORTH],AXIS[""Longitude"",EAST]]",True,-99.0,4589,False,Success
PDIR,2021_10.tif,E:\Geospatial\Precipitation Downscaling\Precipitation-Downscaling-Khulna\data\processed\rasters_aligned\monthly\PDIR\2021_10.tif,bilinear,"GEOGCS[""WGS 84"",DATUM[""World Geodetic System 1984"",SPHEROID[""WGS 84"",6378137,298.257223563]],PRIMEM[""Greenwich"",0],UNIT[""degree"",0.0174532925199433,AUTHORITY[""EPSG"",""9122""]],AXIS[""Latitude"",NORTH],AXIS[""Longitude"",EAST]]","GEOGCS[""WGS 84"",DATUM[""World Geodetic System 1984"",SPHEROID[""WGS 84"",6378137,298.257223563]],PRIMEM[""Greenwich"",0],UNIT[""degree"",0.0174532925199433,AUTHORITY[""EPSG"",""9122""]],AXIS[""Latitude"",NORTH],AXIS[""Longitude"",EAST]]",True,-99.0,4589,False,Success
PDIR,2021_11.tif,E:\Geospatial\Precipitation Downscaling\Precipitation-Downscaling-Khulna\data\processed\rasters_aligned\monthly\PDIR\2021_11.tif,bilinear,"GEOGCS[""WGS 84"",DATUM[""World Geodetic System 1984"",SPHEROID[""WGS 84"",6378137,298.257223563]],PRIMEM[""Greenwich"",0],UNIT[""degree"",0.0174532925199433,AUTHORITY[""EPSG"",""9122""]],AXIS[""Latitude"",NORTH],AXIS[""Longitude"",EAST]]","GEOGCS[""WGS 84"",DATUM[""World Geodetic System 1984"",SPHEROID[""WGS 84"",6378137,298.257223563]],PRIMEM[""Greenwich"",0],UNIT[""degree"",0.0174532925199433,AUTHORITY[""EPSG"",""9122""]],AXIS[""Latitude"",NORTH],AXIS[""Longitude"",EAST]]",True,-99.0,4589,False,Success
PDIR,2021_12.tif,E:\Geospatial\Precipitation Downscaling\Precipitation-Downscaling-Khulna\data\processed\rasters_aligned\monthly\PDIR\2021_12.tif,bilinear,"GEOGCS[""WGS 84"",DATUM[""World Geodetic System 1984"",SPHEROID[""WGS 84"",6378137,298.257223563]],PRIMEM[""Greenwich"",0],UNIT[""degree"",0.0174532925199433,AUTHORITY[""EPSG"",""9122""]],AXIS[""Latitude"",NORTH],AXIS[""Longitude"",EAST]]","GEOGCS[""WGS 84"",DATUM[""World Geodetic System 1984"",SPHEROID[""WGS 84"",6378137,298.257223563]],PRIMEM[""Greenwich"",0],UNIT[""degree"",0.0174532925199433,AUTHORITY[""EPSG"",""9122""]],AXIS[""Latitude"",NORTH],AXIS[""Longitude"",EAST]]",True,-99.0,4589,False,Success
PDIR,2022_01.tif,E:\Geospatial\Precipitation Downscaling\Precipitation-Downscaling-Khulna\data\processed\rasters_aligned\monthly\PDIR\2022_01.tif,bilinear,"GEOGCS[""WGS 84"",DATUM[""World Geodetic System 1984"",SPHEROID[""WGS 84"",6378137,298.257223563]],PRIMEM[""Greenwich"",0],UNIT[""degree"",0.0174532925199433,AUTHORITY[""EPSG"",""9122""]],AXIS[""Latitude"",NORTH],AXIS[""Longitude"",EAST]]","GEOGCS[""WGS 84"",DATUM[""World Geodetic System 1984"",SPHEROID[""WGS 84"",6378137,298.257223563]],PRIMEM[""Greenwich"",0],UNIT[""degree"",0.0174532925199433,AUTHORITY[""EPSG"",""9122""]],AXIS[""Latitude"",NORTH],AXIS[""Longitude"",EAST]]",True,-99.0,4589,False,Success
PDIR,2022_02.tif,E:\Geospatial\Precipitation Downscaling\Precipitation-Downscaling-Khulna\data\processed\rasters_aligned\monthly\PDIR\2022_02.tif,bilinear,"GEOGCS[""WGS 84"",DATUM[""World Geodetic System 1984"",SPHEROID[""WGS 84"",6378137,298.257223563]],PRIMEM[""Greenwich"",0],UNIT[""degree"",0.0174532925199433,AUTHORITY[""EPSG"",""9122""]],AXIS[""Latitude"",NORTH],AXIS[""Longitude"",EAST]]","GEOGCS[""WGS 84"",DATUM[""World Geodetic System 1984"",SPHEROID[""WGS 84"",6378137,298.257223563]],PRIMEM[""Greenwich"",0],UNIT[""degree"",0.0174532925199433,AUTHORITY[""EPSG"",""9122""]],AXIS[""Latitude"",NORTH],AXIS[""Longitude"",EAST]]",True,-99.0,4589,False,Success
PDIR,2022_03.tif,E:\Geospatial\Precipitation Downscaling\Precipitation-Downscaling-Khulna\data\processed\rasters_aligned\monthly\PDIR\2022_03.tif,bilinear,"GEOGCS[""WGS 84"",DATUM[""World Geodetic System 1984"",SPHEROID[""WGS 84"",6378137,298.257223563]],PRIMEM[""Greenwich"",0],UNIT[""degree"",0.0174532925199433,AUTHORITY[""EPSG"",""9122""]],AXIS[""Latitude"",NORTH],AXIS[""Longitude"",EAST]]","GEOGCS[""WGS 84"",DATUM[""World Geodetic System 1984"",SPHEROID[""WGS 84"",6378137,298.257223563]],PRIMEM[""Greenwich"",0],UNIT[""degree"",0.0174532925199433,AUTHORITY[""EPSG"",""9122""]],AXIS[""Latitude"",NORTH],AXIS[""Longitude"",EAST]]",True,-99.0,4589,False,Success
PDIR,2022_04.tif,E:\Geospatial\Precipitation Downscaling\Precipitation-Downscaling-Khulna\data\processed\rasters_aligned\monthly\PDIR\2022_04.tif,bilinear,"GEOGCS[""WGS 84"",DATUM[""World Geodetic System 1984"",SPHEROID[""WGS 84"",6378137,298.257223563]],PRIMEM[""Greenwich"",0],UNIT[""degree"",0.0174532925199433,AUTHORITY[""EPSG"",""9122""]],AXIS[""Latitude"",NORTH],AXIS[""Longitude"",EAST]]","GEOGCS[""WGS 84"",DATUM[""World Geodetic System 1984"",SPHEROID[""WGS 84"",6378137,298.257223563]],PRIMEM[""Greenwich"",0],UNIT[""degree"",0.0174532925199433,AUTHORITY[""EPSG"",""9122""]],AXIS[""Latitude"",NORTH],AXIS[""Longitude"",EAST]]",True,-99.0,4589,False,Success
PDIR,2022_05.tif,E:\Geospatial\Precipitation Downscaling\Precipitation-Downscaling-Khulna\data\processed\rasters_aligned\monthly\PDIR\2022_05.tif,bilinear,"GEOGCS[""WGS 84"",DATUM[""World Geodetic System 1984"",SPHEROID[""WGS 84"",6378137,298.257223563]],PRIMEM[""Greenwich"",0],UNIT[""degree"",0.0174532925199433,AUTHORITY[""EPSG"",""9122""]],AXIS[""Latitude"",NORTH],AXIS[""Longitude"",EAST]]","GEOGCS[""WGS 84"",DATUM[""World Geodetic System 1984"",SPHEROID[""WGS 84"",6378137,298.257223563]],PRIMEM[""Greenwich"",0],UNIT[""degree"",0.0174532925199433,AUTHORITY[""EPSG"",""9122""]],AXIS[""Latitude"",NORTH],AXIS[""Longitude"",EAST]]",True,-99.0,4589,False,Success
PDIR,2022_06.tif,E:\Geospatial\Precipitation Downscaling\Precipitation-Downscaling-Khulna\data\processed\rasters_aligned\monthly\PDIR\2022_06.tif,bilinear,"GEOGCS[""WGS 84"",DATUM[""World Geodetic System 1984"",SPHEROID[""WGS 84"",6378137,298.257223563]],PRIMEM[""Greenwich"",0],UNIT[""degree"",0.0174532925199433,AUTHORITY[""EPSG"",""9122""]],AXIS[""Latitude"",NORTH],AXIS[""Longitude"",EAST]]","GEOGCS[""WGS 84"",DATUM[""World Geodetic System 1984"",SPHEROID[""WGS 84"",6378137,298.257223563]],PRIMEM[""Greenwich"",0],UNIT[""degree"",0.0174532925199433,AUTHORITY[""EPSG"",""9122""]],AXIS[""Latitude"",NORTH],AXIS[""Longitude"",EAST]]",True,-99.0,4589,False,Success
PDIR,2022_07.tif,E:\Geospatial\Precipitation Downscaling\Precipitation-Downscaling-Khulna\data\processed\rasters_aligned\monthly\PDIR\2022_07.tif,bilinear,"GEOGCS[""WGS 84"",DATUM[""World Geodetic System 1984"",SPHEROID[""WGS 84"",6378137,298.257223563]],PRIMEM[""Greenwich"",0],UNIT[""degree"",0.0174532925199433,AUTHORITY[""EPSG"",""9122""]],AXIS[""Latitude"",NORTH],AXIS[""Longitude"",EAST]]","GEOGCS[""WGS 84"",DATUM[""World Geodetic System 1984"",SPHEROID[""WGS 84"",6378137,298.257223563]],PRIMEM[""Greenwich"",0],UNIT[""degree"",0.0174532925199433,AUTHORITY[""EPSG"",""9122""]],AXIS[""Latitude"",NORTH],AXIS[""Longitude"",EAST]]",True,-99.0,4589,False,Success
PDIR,2022_08.tif,E:\Geospatial\Precipitation Downscaling\Precipitation-Downscaling-Khulna\data\processed\rasters_aligned\monthly\PDIR\2022_08.tif,bilinear,"GEOGCS[""WGS 84"",DATUM[""World Geodetic System 1984"",SPHEROID[""WGS 84"",6378137,298.257223563]],PRIMEM[""Greenwich"",0],UNIT[""degree"",0.0174532925199433,AUTHORITY[""EPSG"",""9122""]],AXIS[""Latitude"",NORTH],AXIS[""Longitude"",EAST]]","GEOGCS[""WGS 84"",DATUM[""World Geodetic System 1984"",SPHEROID[""WGS 84"",6378137,298.257223563]],PRIMEM[""Greenwich"",0],UNIT[""degree"",0.0174532925199433,AUTHORITY[""EPSG"",""9122""]],AXIS[""Latitude"",NORTH],AXIS[""Longitude"",EAST]]",True,-99.0,4589,False,Success
PDIR,2022_09.tif,E:\Geospatial\Precipitation Downscaling\Precipitation-Downscaling-Khulna\data\processed\rasters_aligned\monthly\PDIR\2022_09.tif,bilinear,"GEOGCS[""WGS 84"",DATUM[""World Geodetic System 1984"",SPHEROID[""WGS 84"",6378137,298.257223563]],PRIMEM[""Greenwich"",0],UNIT[""degree"",0.0174532925199433,AUTHORITY[""EPSG"",""9122""]],AXIS[""Latitude"",NORTH],AXIS[""Longitude"",EAST]]","GEOGCS[""WGS 84"",DATUM[""World Geodetic System 1984"",SPHEROID[""WGS 84"",6378137,298.257223563]],PRIMEM[""Greenwich"",0],UNIT[""degree"",0.0174532925199433,AUTHORITY[""EPSG"",""9122""]],AXIS[""Latitude"",NORTH],AXIS[""Longitude"",EAST]]",True,-99.0,4589,False,Success
PDIR,2022_10.tif,E:\Geospatial\Precipitation Downscaling\Precipitation-Downscaling-Khulna\data\processed\rasters_aligned\monthly\PDIR\2022_10.tif,bilinear,"GEOGCS[""WGS 84"",DATUM[""World Geodetic System 1984"",SPHEROID[""WGS 84"",6378137,298.257223563]],PRIMEM[""Greenwich"",0],UNIT[""degree"",0.0174532925199433,AUTHORITY[""EPSG"",""9122""]],AXIS[""Latitude"",NORTH],AXIS[""Longitude"",EAST]]","GEOGCS[""WGS 84"",DATUM[""World Geodetic System 1984"",SPHEROID[""WGS 84"",6378137,298.257223563]],PRIMEM[""Greenwich"",0],UNIT[""degree"",0.0174532925199433,AUTHORITY[""EPSG"",""9122""]],AXIS[""Latitude"",NORTH],AXIS[""Longitude"",EAST]]",True,-99.0,4589,False,Success
PDIR,2022_11.tif,E:\Geospatial\Precipitation Downscaling\Precipitation-Downscaling-Khulna\data\processed\rasters_aligned\monthly\PDIR\2022_11.tif,bilinear,"GEOGCS[""WGS 84"",DATUM[""World Geodetic System 1984"",SPHEROID[""WGS 84"",6378137,298.257223563]],PRIMEM[""Greenwich"",0],UNIT[""degree"",0.0174532925199433,AUTHORITY[""EPSG"",""9122""]],AXIS[""Latitude"",NORTH],AXIS[""Longitude"",EAST]]","GEOGCS[""WGS 84"",DATUM[""World Geodetic System 1984"",SPHEROID[""WGS 84"",6378137,298.257223563]],PRIMEM[""Greenwich"",0],UNIT[""degree"",0.0174532925199433,AUTHORITY[""EPSG"",""9122""]],AXIS[""Latitude"",NORTH],AXIS[""Longitude"",EAST]]",True,-99.0,4589,False,Success
PDIR,2022_12.tif,E:\Geospatial\Precipitation Downscaling\Precipitation-Downscaling-Khulna\data\processed\rasters_aligned\monthly\PDIR\2022_12.tif,bilinear,"GEOGCS[""WGS 84"",DATUM[""World Geodetic System 1984"",SPHEROID[""WGS 84"",6378137,298.257223563]],PRIMEM[""Greenwich"",0],UNIT[""degree"",0.0174532925199433,AUTHORITY[""EPSG"",""9122""]],AXIS[""Latitude"",NORTH],AXIS[""Longitude"",EAST]]","GEOGCS[""WGS 84"",DATUM[""World Geodetic System 1984"",SPHEROID[""WGS 84"",6378137,298.257223563]],PRIMEM[""Greenwich"",0],UNIT[""degree"",0.0174532925199433,AUTHORITY[""EPSG"",""9122""]],AXIS[""Latitude"",NORTH],AXIS[""Longitude"",EAST]]",True,-99.0,4589,False,Success
PERSIANN,2017_01.tif,E:\Geospatial\Precipitation Downscaling\Precipitation-Downscaling-Khulna\data\processed\rasters_aligned\monthly\PERSIANN\2017_01.tif,bilinear,"GEOGCS[""WGS 84"",DATUM[""World Geodetic System 1984"",SPHEROID[""WGS 84"",6378137,298.257223563]],PRIMEM[""Greenwich"",0],UNIT[""degree"",0.0174532925199433,AUTHORITY[""EPSG"",""9122""]],AXIS[""Latitude"",NORTH],AXIS[""Longitude"",EAST]]","GEOGCS[""WGS 84"",DATUM[""World Geodetic System 1984"",SPHEROID[""WGS 84"",6378137,298.257223563]],PRIMEM[""Greenwich"",0],UNIT[""degree"",0.0174532925199433,AUTHORITY[""EPSG"",""9122""]],AXIS[""Latitude"",NORTH],AXIS[""Longitude"",EAST]]",False,-99.0,3576,False,Success
PERSIANN,2017_02.tif,E:\Geospatial\Precipitation Downscaling\Precipitation-Downscaling-Khulna\data\processed\rasters_aligned\monthly\PERSIANN\2017_02.tif,bilinear,"GEOGCS[""WGS 84"",DATUM[""World Geodetic System 1984"",SPHEROID[""WGS 84"",6378137,298.257223563]],PRIMEM[""Greenwich"",0],UNIT[""degree"",0.0174532925199433,AUTHORITY[""EPSG"",""9122""]],AXIS[""Latitude"",NORTH],AXIS[""Longitude"",EAST]]","GEOGCS[""WGS 84"",DATUM[""World Geodetic System 1984"",SPHEROID[""WGS 84"",6378137,298.257223563]],PRIMEM[""Greenwich"",0],UNIT[""degree"",0.0174532925199433,AUTHORITY[""EPSG"",""9122""]],AXIS[""Latitude"",NORTH],AXIS[""Longitude"",EAST]]",False,-99.0,3576,False,Success
PERSIANN,2017_03.tif,E:\Geospatial\Precipitation Downscaling\Precipitation-Downscaling-Khulna\data\processed\rasters_aligned\monthly\PERSIANN\2017_03.tif,bilinear,"GEOGCS[""WGS 84"",DATUM[""World Geodetic System 1984"",SPHEROID[""WGS 84"",6378137,298.257223563]],PRIMEM[""Greenwich"",0],UNIT[""degree"",0.0174532925199433,AUTHORITY[""EPSG"",""9122""]],AXIS[""Latitude"",NORTH],AXIS[""Longitude"",EAST]]","GEOGCS[""WGS 84"",DATUM[""World Geodetic System 1984"",SPHEROID[""WGS 84"",6378137,298.257223563]],PRIMEM[""Greenwich"",0],UNIT[""degree"",0.0174532925199433,AUTHORITY[""EPSG"",""9122""]],AXIS[""Latitude"",NORTH],AXIS[""Longitude"",EAST]]",False,-99.0,3576,False,Success
PERSIANN,2017_04.tif,E:\Geospatial\Precipitation Downscaling\Precipitation-Downscaling-Khulna\data\processed\rasters_aligned\monthly\PERSIANN\2017_04.tif,bilinear,"GEOGCS[""WGS 84"",DATUM[""World Geodetic System 1984"",SPHEROID[""WGS 84"",6378137,298.257223563]],PRIMEM[""Greenwich"",0],UNIT[""degree"",0.0174532925199433,AUTHORITY[""EPSG"",""9122""]],AXIS[""Latitude"",NORTH],AXIS[""Longitude"",EAST]]","GEOGCS[""WGS 84"",DATUM[""World Geodetic System 1984"",SPHEROID[""WGS 84"",6378137,298.257223563]],PRIMEM[""Greenwich"",0],UNIT[""degree"",0.0174532925199433,AUTHORITY[""EPSG"",""9122""]],AXIS[""Latitude"",NORTH],AXIS[""Longitude"",EAST]]",False,-99.0,3576,False,Success
PERSIANN,2017_05.tif,E:\Geospatial\Precipitation Downscaling\Precipitation-Downscaling-Khulna\data\processed\rasters_aligned\monthly\PERSIANN\2017_05.tif,bilinear,"GEOGCS[""WGS 84"",DATUM[""World Geodetic System 1984"",SPHEROID[""WGS 84"",6378137,298.257223563]],PRIMEM[""Greenwich"",0],UNIT[""degree"",0.0174532925199433,AUTHORITY[""EPSG"",""9122""]],AXIS[""Latitude"",NORTH],AXIS[""Longitude"",EAST]]","GEOGCS[""WGS 84"",DATUM[""World Geodetic System 1984"",SPHEROID[""WGS 84"",6378137,298.257223563]],PRIMEM[""Greenwich"",0],UNIT[""degree"",0.0174532925199433,AUTHORITY[""EPSG"",""9122""]],AXIS[""Latitude"",NORTH],AXIS[""Longitude"",EAST]]",False,-99.0,3576,False,Success
PERSIANN,2017_06.tif,E:\Geospatial\Precipitation Downscaling\Precipitation-Downscaling-Khulna\data\processed\rasters_aligned\monthly\PERSIANN\2017_06.tif,bilinear,"GEOGCS[""WGS 84"",DATUM[""World Geodetic System 1984"",SPHEROID[""WGS 84"",6378137,298.257223563]],PRIMEM[""Greenwich"",0],UNIT[""degree"",0.0174532925199433,AUTHORITY[""EPSG"",""9122""]],AXIS[""Latitude"",NORTH],AXIS[""Longitude"",EAST]]","GEOGCS[""WGS 84"",DATUM[""World Geodetic System 1984"",SPHEROID[""WGS 84"",6378137,298.257223563]],PRIMEM[""Greenwich"",0],UNIT[""degree"",0.0174532925199433,AUTHORITY[""EPSG"",""9122""]],AXIS[""Latitude"",NORTH],AXIS[""Longitude"",EAST]]",False,-99.0,3576,False,Success
PERSIANN,2017_07.tif,E:\Geospatial\Precipitation Downscaling\Precipitation-Downscaling-Khulna\data\processed\rasters_aligned\monthly\PERSIANN\2017_07.tif,bilinear,"GEOGCS[""WGS 84"",DATUM[""World Geodetic System 1984"",SPHEROID[""WGS 84"",6378137,298.257223563]],PRIMEM[""Greenwich"",0],UNIT[""degree"",0.0174532925199433,AUTHORITY[""EPSG"",""9122""]],AXIS[""Latitude"",NORTH],AXIS[""Longitude"",EAST]]","GEOGCS[""WGS 84"",DATUM[""World Geodetic System 1984"",SPHEROID[""WGS 84"",6378137,298.257223563]],PRIMEM[""Greenwich"",0],UNIT[""degree"",0.0174532925199433,AUTHORITY[""EPSG"",""9122""]],AXIS[""Latitude"",NORTH],AXIS[""Longitude"",EAST]]",False,-99.0,3576,False,Success
PERSIANN,2017_08.tif,E:\Geospatial\Precipitation Downscaling\Precipitation-Downscaling-Khulna\data\processed\rasters_aligned\monthly\PERSIANN\2017_08.tif,bilinear,"GEOGCS[""WGS 84"",DATUM[""World Geodetic System 1984"",SPHEROID[""WGS 84"",6378137,298.257223563]],PRIMEM[""Greenwich"",0],UNIT[""degree"",0.0174532925199433,AUTHORITY[""EPSG"",""9122""]],AXIS[""Latitude"",NORTH],AXIS[""Longitude"",EAST]]","GEOGCS[""WGS 84"",DATUM[""World Geodetic System 1984"",SPHEROID[""WGS 84"",6378137,298.257223563]],PRIMEM[""Greenwich"",0],UNIT[""degree"",0.0174532925199433,AUTHORITY[""EPSG"",""9122""]],AXIS[""Latitude"",NORTH],AXIS[""Longitude"",EAST]]",False,-99.0,3576,False,Success
PERSIANN,2017_09.tif,E:\Geospatial\Precipitation Downscaling\Precipitation-Downscaling-Khulna\data\processed\rasters_aligned\monthly\PERSIANN\2017_09.tif,bilinear,"GEOGCS[""WGS 84"",DATUM[""World Geodetic System 1984"",SPHEROID[""WGS 84"",6378137,298.257223563]],PRIMEM[""Greenwich"",0],UNIT[""degree"",0.0174532925199433,AUTHORITY[""EPSG"",""9122""]],AXIS[""Latitude"",NORTH],AXIS[""Longitude"",EAST]]","GEOGCS[""WGS 84"",DATUM[""World Geodetic System 1984"",SPHEROID[""WGS 84"",6378137,298.257223563]],PRIMEM[""Greenwich"",0],UNIT[""degree"",0.0174532925199433,AUTHORITY[""EPSG"",""9122""]],AXIS[""Latitude"",NORTH],AXIS[""Longitude"",EAST]]",False,-99.0,3576,False,Success
PERSIANN,2017_10.tif,E:\Geospatial\Precipitation Downscaling\Precipitation-Downscaling-Khulna\data\processed\rasters_aligned\monthly\PERSIANN\2017_10.tif,bilinear,"GEOGCS[""WGS 84"",DATUM[""World Geodetic System 1984"",SPHEROID[""WGS 84"",6378137,298.257223563]],PRIMEM[""Greenwich"",0],UNIT[""degree"",0.0174532925199433,AUTHORITY[""EPSG"",""9122""]],AXIS[""Latitude"",NORTH],AXIS[""Longitude"",EAST]]","GEOGCS[""WGS 84"",DATUM[""World Geodetic System 1984"",SPHEROID[""WGS 84"",6378137,298.257223563]],PRIMEM[""Greenwich"",0],UNIT[""degree"",0.0174532925199433,AUTHORITY[""EPSG"",""9122""]],AXIS[""Latitude"",NORTH],AXIS[""Longitude"",EAST]]",False,-99.0,3576,False,Success
PERSIANN,2017_11.tif,E:\Geospatial\Precipitation Downscaling\Precipitation-Downscaling-Khulna\data\processed\rasters_aligned\monthly\PERSIANN\2017_11.tif,bilinear,"GEOGCS[""WGS 84"",DATUM[""World Geodetic System 1984"",SPHEROID[""WGS 84"",6378137,298.257223563]],PRIMEM[""Greenwich"",0],UNIT[""degree"",0.0174532925199433,AUTHORITY[""EPSG"",""9122""]],AXIS[""Latitude"",NORTH],AXIS[""Longitude"",EAST]]","GEOGCS[""WGS 84"",DATUM[""World Geodetic System 1984"",SPHEROID[""WGS 84"",6378137,298.257223563]],PRIMEM[""Greenwich"",0],UNIT[""degree"",0.0174532925199433,AUTHORITY[""EPSG"",""9122""]],AXIS[""Latitude"",NORTH],AXIS[""Longitude"",EAST]]",False,-99.0,3576,False,Success
PERSIANN,2017_12.tif,E:\Geospatial\Precipitation Downscaling\Precipitation-Downscaling-Khulna\data\processed\rasters_aligned\monthly\PERSIANN\2017_12.tif,bilinear,"GEOGCS[""WGS 84"",DATUM[""World Geodetic System 1984"",SPHEROID[""WGS 84"",6378137,298.257223563]],PRIMEM[""Greenwich"",0],UNIT[""degree"",0.0174532925199433,AUTHORITY[""EPSG"",""9122""]],AXIS[""Latitude"",NORTH],AXIS[""Longitude"",EAST]]","GEOGCS[""WGS 84"",DATUM[""World Geodetic System 1984"",SPHEROID[""WGS 84"",6378137,298.257223563]],PRIMEM[""Greenwich"",0],UNIT[""degree"",0.0174532925199433,AUTHORITY[""EPSG"",""9122""]],AXIS[""Latitude"",NORTH],AXIS[""Longitude"",EAST]]",False,-99.0,3576,False,Success
PERSIANN,2018_01.tif,E:\Geospatial\Precipitation Downscaling\Precipitation-Downscaling-Khulna\data\processed\rasters_aligned\monthly\PERSIANN\2018_01.tif,bilinear,"GEOGCS[""WGS 84"",DATUM[""World Geodetic System 1984"",SPHEROID[""WGS 84"",6378137,298.257223563]],PRIMEM[""Greenwich"",0],UNIT[""degree"",0.0174532925199433,AUTHORITY[""EPSG"",""9122""]],AXIS[""Latitude"",NORTH],AXIS[""Longitude"",EAST]]","GEOGCS[""WGS 84"",DATUM[""World Geodetic System 1984"",SPHEROID[""WGS 84"",6378137,298.257223563]],PRIMEM[""Greenwich"",0],UNIT[""degree"",0.0174532925199433,AUTHORITY[""EPSG"",""9122""]],AXIS[""Latitude"",NORTH],AXIS[""Longitude"",EAST]]",False,-99.0,3576,False,Success
PERSIANN,2018_02.tif,E:\Geospatial\Precipitation Downscaling\Precipitation-Downscaling-Khulna\data\processed\rasters_aligned\monthly\PERSIANN\2018_02.tif,bilinear,"GEOGCS[""WGS 84"",DATUM[""World Geodetic System 1984"",SPHEROID[""WGS 84"",6378137,298.257223563]],PRIMEM[""Greenwich"",0],UNIT[""degree"",0.0174532925199433,AUTHORITY[""EPSG"",""9122""]],AXIS[""Latitude"",NORTH],AXIS[""Longitude"",EAST]]","GEOGCS[""WGS 84"",DATUM[""World Geodetic System 1984"",SPHEROID[""WGS 84"",6378137,298.257223563]],PRIMEM[""Greenwich"",0],UNIT[""degree"",0.0174532925199433,AUTHORITY[""EPSG"",""9122""]],AXIS[""Latitude"",NORTH],AXIS[""Longitude"",EAST]]",False,-99.0,3576,False,Success
PERSIANN,2018_03.tif,E:\Geospatial\Precipitation Downscaling\Precipitation-Downscaling-Khulna\data\processed\rasters_aligned\monthly\PERSIANN\2018_03.tif,bilinear,"GEOGCS[""WGS 84"",DATUM[""World Geodetic System 1984"",SPHEROID[""WGS 84"",6378137,298.257223563]],PRIMEM[""Greenwich"",0],UNIT[""degree"",0.0174532925199433,AUTHORITY[""EPSG"",""9122""]],AXIS[""Latitude"",NORTH],AXIS[""Longitude"",EAST]]","GEOGCS[""WGS 84"",DATUM[""World Geodetic System 1984"",SPHEROID[""WGS 84"",6378137,298.257223563]],PRIMEM[""Greenwich"",0],UNIT[""degree"",0.0174532925199433,AUTHORITY[""EPSG"",""9122""]],AXIS[""Latitude"",NORTH],AXIS[""Longitude"",EAST]]",False,-99.0,3576,False,Success
PERSIANN,2018_04.tif,E:\Geospatial\Precipitation Downscaling\Precipitation-Downscaling-Khulna\data\processed\rasters_aligned\monthly\PERSIANN\2018_04.tif,bilinear,"GEOGCS[""WGS 84"",DATUM[""World Geodetic System 1984"",SPHEROID[""WGS 84"",6378137,298.257223563]],PRIMEM[""Greenwich"",0],UNIT[""degree"",0.0174532925199433,AUTHORITY[""EPSG"",""9122""]],AXIS[""Latitude"",NORTH],AXIS[""Longitude"",EAST]]","GEOGCS[""WGS 84"",DATUM[""World Geodetic System 1984"",SPHEROID[""WGS 84"",6378137,298.257223563]],PRIMEM[""Greenwich"",0],UNIT[""degree"",0.0174532925199433,AUTHORITY[""EPSG"",""9122""]],AXIS[""Latitude"",NORTH],AXIS[""Longitude"",EAST]]",False,-99.0,3576,False,Success
PERSIANN,2018_05.tif,E:\Geospatial\Precipitation Downscaling\Precipitation-Downscaling-Khulna\data\processed\rasters_aligned\monthly\PERSIANN\2018_05.tif,bilinear,"GEOGCS[""WGS 84"",DATUM[""World Geodetic System 1984"",SPHEROID[""WGS 84"",6378137,298.257223563]],PRIMEM[""Greenwich"",0],UNIT[""degree"",0.0174532925199433,AUTHORITY[""EPSG"",""9122""]],AXIS[""Latitude"",NORTH],AXIS[""Longitude"",EAST]]","GEOGCS[""WGS 84"",DATUM[""World Geodetic System 1984"",SPHEROID[""WGS 84"",6378137,298.257223563]],PRIMEM[""Greenwich"",0],UNIT[""degree"",0.0174532925199433,AUTHORITY[""EPSG"",""9122""]],AXIS[""Latitude"",NORTH],AXIS[""Longitude"",EAST]]",False,-99.0,3576,False,Success
PERSIANN,2018_06.tif,E:\Geospatial\Precipitation Downscaling\Precipitation-Downscaling-Khulna\data\processed\rasters_aligned\monthly\PERSIANN\2018_06.tif,bilinear,"GEOGCS[""WGS 84"",DATUM[""World Geodetic System 1984"",SPHEROID[""WGS 84"",6378137,298.257223563]],PRIMEM[""Greenwich"",0],UNIT[""degree"",0.0174532925199433,AUTHORITY[""EPSG"",""9122""]],AXIS[""Latitude"",NORTH],AXIS[""Longitude"",EAST]]","GEOGCS[""WGS 84"",DATUM[""World Geodetic System 1984"",SPHEROID[""WGS 84"",6378137,298.257223563]],PRIMEM[""Greenwich"",0],UNIT[""degree"",0.0174532925199433,AUTHORITY[""EPSG"",""9122""]],AXIS[""Latitude"",NORTH],AXIS[""Longitude"",EAST]]",False,-99.0,3576,False,Success
PERSIANN,2018_07.tif,E:\Geospatial\Precipitation Downscaling\Precipitation-Downscaling-Khulna\data\processed\rasters_aligned\monthly\PERSIANN\2018_07.tif,bilinear,"GEOGCS[""WGS 84"",DATUM[""World Geodetic System 1984"",SPHEROID[""WGS 84"",6378137,298.257223563]],PRIMEM[""Greenwich"",0],UNIT[""degree"",0.0174532925199433,AUTHORITY[""EPSG"",""9122""]],AXIS[""Latitude"",NORTH],AXIS[""Longitude"",EAST]]","GEOGCS[""WGS 84"",DATUM[""World Geodetic System 1984"",SPHEROID[""WGS 84"",6378137,298.257223563]],PRIMEM[""Greenwich"",0],UNIT[""degree"",0.0174532925199433,AUTHORITY[""EPSG"",""9122""]],AXIS[""Latitude"",NORTH],AXIS[""Longitude"",EAST]]",False,-99.0,3576,False,Success
PERSIANN,2018_08.tif,E:\Geospatial\Precipitation Downscaling\Precipitation-Downscaling-Khulna\data\processed\rasters_aligned\monthly\PERSIANN\2018_08.tif,bilinear,"GEOGCS[""WGS 84"",DATUM[""World Geodetic System 1984"",SPHEROID[""WGS 84"",6378137,298.257223563]],PRIMEM[""Greenwich"",0],UNIT[""degree"",0.0174532925199433,AUTHORITY[""EPSG"",""9122""]],AXIS[""Latitude"",NORTH],AXIS[""Longitude"",EAST]]","GEOGCS[""WGS 84"",DATUM[""World Geodetic System 1984"",SPHEROID[""WGS 84"",6378137,298.257223563]],PRIMEM[""Greenwich"",0],UNIT[""degree"",0.0174532925199433,AUTHORITY[""EPSG"",""9122""]],AXIS[""Latitude"",NORTH],AXIS[""Longitude"",EAST]]",False,-99.0,3576,False,Success
PERSIANN,2018_09.tif,E:\Geospatial\Precipitation Downscaling\Precipitation-Downscaling-Khulna\data\processed\rasters_aligned\monthly\PERSIANN\2018_09.tif,bilinear,"GEOGCS[""WGS 84"",DATUM[""World Geodetic System 1984"",SPHEROID[""WGS 84"",6378137,298.257223563]],PRIMEM[""Greenwich"",0],UNIT[""degree"",0.0174532925199433,AUTHORITY[""EPSG"",""9122""]],AXIS[""Latitude"",NORTH],AXIS[""Longitude"",EAST]]","GEOGCS[""WGS 84"",DATUM[""World Geodetic System 1984"",SPHEROID[""WGS 84"",6378137,298.257223563]],PRIMEM[""Greenwich"",0],UNIT[""degree"",0.0174532925199433,AUTHORITY[""EPSG"",""9122""]],AXIS[""Latitude"",NORTH],AXIS[""Longitude"",EAST]]",False,-99.0,3576,False,Success
PERSIANN,2018_10.tif,E:\Geospatial\Precipitation Downscaling\Precipitation-Downscaling-Khulna\data\processed\rasters_aligned\monthly\PERSIANN\2018_10.tif,bilinear,"GEOGCS[""WGS 84"",DATUM[""World Geodetic System 1984"",SPHEROID[""WGS 84"",6378137,298.257223563]],PRIMEM[""Greenwich"",0],UNIT[""degree"",0.0174532925199433,AUTHORITY[""EPSG"",""9122""]],AXIS[""Latitude"",NORTH],AXIS[""Longitude"",EAST]]","GEOGCS[""WGS 84"",DATUM[""World Geodetic System 1984"",SPHEROID[""WGS 84"",6378137,298.257223563]],PRIMEM[""Greenwich"",0],UNIT[""degree"",0.0174532925199433,AUTHORITY[""EPSG"",""9122""]],AXIS[""Latitude"",NORTH],AXIS[""Longitude"",EAST]]",False,-99.0,3576,False,Success
PERSIANN,2018_11.tif,E:\Geospatial\Precipitation Downscaling\Precipitation-Downscaling-Khulna\data\processed\rasters_aligned\monthly\PERSIANN\2018_11.tif,bilinear,"GEOGCS[""WGS 84"",DATUM[""World Geodetic System 1984"",SPHEROID[""WGS 84"",6378137,298.257223563]],PRIMEM[""Greenwich"",0],UNIT[""degree"",0.0174532925199433,AUTHORITY[""EPSG"",""9122""]],AXIS[""Latitude"",NORTH],AXIS[""Longitude"",EAST]]","GEOGCS[""WGS 84"",DATUM[""World Geodetic System 1984"",SPHEROID[""WGS 84"",6378137,298.257223563]],PRIMEM[""Greenwich"",0],UNIT[""degree"",0.0174532925199433,AUTHORITY[""EPSG"",""9122""]],AXIS[""Latitude"",NORTH],AXIS[""Longitude"",EAST]]",False,-99.0,3576,False,Success
PERSIANN,2018_12.tif,E:\Geospatial\Precipitation Downscaling\Precipitation-Downscaling-Khulna\data\processed\rasters_aligned\monthly\PERSIANN\2018_12.tif,bilinear,"GEOGCS[""WGS 84"",DATUM[""World Geodetic System 1984"",SPHEROID[""WGS 84"",6378137,298.257223563]],PRIMEM[""Greenwich"",0],UNIT[""degree"",0.0174532925199433,AUTHORITY[""EPSG"",""9122""]],AXIS[""Latitude"",NORTH],AXIS[""Longitude"",EAST]]","GEOGCS[""WGS 84"",DATUM[""World Geodetic System 1984"",SPHEROID[""WGS 84"",6378137,298.257223563]],PRIMEM[""Greenwich"",0],UNIT[""degree"",0.0174532925199433,AUTHORITY[""EPSG"",""9122""]],AXIS[""Latitude"",NORTH],AXIS[""Longitude"",EAST]]",False,-99.0,3576,False,Success
PERSIANN,2019_01.tif,E:\Geospatial\Precipitation Downscaling\Precipitation-Downscaling-Khulna\data\processed\rasters_aligned\monthly\PERSIANN\2019_01.tif,bilinear,"GEOGCS[""WGS 84"",DATUM[""World Geodetic System 1984"",SPHEROID[""WGS 84"",6378137,298.257223563]],PRIMEM[""Greenwich"",0],UNIT[""degree"",0.0174532925199433,AUTHORITY[""EPSG"",""9122""]],AXIS[""Latitude"",NORTH],AXIS[""Longitude"",EAST]]","GEOGCS[""WGS 84"",DATUM[""World Geodetic System 1984"",SPHEROID[""WGS 84"",6378137,298.257223563]],PRIMEM[""Greenwich"",0],UNIT[""degree"",0.0174532925199433,AUTHORITY[""EPSG"",""9122""]],AXIS[""Latitude"",NORTH],AXIS[""Longitude"",EAST]]",False,-99.0,3576,False,Success
PERSIANN,2019_02.tif,E:\Geospatial\Precipitation Downscaling\Precipitation-Downscaling-Khulna\data\processed\rasters_aligned\monthly\PERSIANN\2019_02.tif,bilinear,"GEOGCS[""WGS 84"",DATUM[""World Geodetic System 1984"",SPHEROID[""WGS 84"",6378137,298.257223563]],PRIMEM[""Greenwich"",0],UNIT[""degree"",0.0174532925199433,AUTHORITY[""EPSG"",""9122""]],AXIS[""Latitude"",NORTH],AXIS[""Longitude"",EAST]]","GEOGCS[""WGS 84"",DATUM[""World Geodetic System 1984"",SPHEROID[""WGS 84"",6378137,298.257223563]],PRIMEM[""Greenwich"",0],UNIT[""degree"",0.0174532925199433,AUTHORITY[""EPSG"",""9122""]],AXIS[""Latitude"",NORTH],AXIS[""Longitude"",EAST]]",False,-99.0,3576,False,Success
PERSIANN,2019_03.tif,E:\Geospatial\Precipitation Downscaling\Precipitation-Downscaling-Khulna\data\processed\rasters_aligned\monthly\PERSIANN\2019_03.tif,bilinear,"GEOGCS[""WGS 84"",DATUM[""World Geodetic System 1984"",SPHEROID[""WGS 84"",6378137,298.257223563]],PRIMEM[""Greenwich"",0],UNIT[""degree"",0.0174532925199433,AUTHORITY[""EPSG"",""9122""]],AXIS[""Latitude"",NORTH],AXIS[""Longitude"",EAST]]","GEOGCS[""WGS 84"",DATUM[""World Geodetic System 1984"",SPHEROID[""WGS 84"",6378137,298.257223563]],PRIMEM[""Greenwich"",0],UNIT[""degree"",0.0174532925199433,AUTHORITY[""EPSG"",""9122""]],AXIS[""Latitude"",NORTH],AXIS[""Longitude"",EAST]]",False,-99.0,3576,False,Success
PERSIANN,2019_04.tif,E:\Geospatial\Precipitation Downscaling\Precipitation-Downscaling-Khulna\data\processed\rasters_aligned\monthly\PERSIANN\2019_04.tif,bilinear,"GEOGCS[""WGS 84"",DATUM[""World Geodetic System 1984"",SPHEROID[""WGS 84"",6378137,298.257223563]],PRIMEM[""Greenwich"",0],UNIT[""degree"",0.0174532925199433,AUTHORITY[""EPSG"",""9122""]],AXIS[""Latitude"",NORTH],AXIS[""Longitude"",EAST]]","GEOGCS[""WGS 84"",DATUM[""World Geodetic System 1984"",SPHEROID[""WGS 84"",6378137,298.257223563]],PRIMEM[""Greenwich"",0],UNIT[""degree"",0.0174532925199433,AUTHORITY[""EPSG"",""9122""]],AXIS[""Latitude"",NORTH],AXIS[""Longitude"",EAST]]",False,-99.0,3576,False,Success
PERSIANN,2019_05.tif,E:\Geospatial\Precipitation Downscaling\Precipitation-Downscaling-Khulna\data\processed\rasters_aligned\monthly\PERSIANN\2019_05.tif,bilinear,"GEOGCS[""WGS 84"",DATUM[""World Geodetic System 1984"",SPHEROID[""WGS 84"",6378137,298.257223563]],PRIMEM[""Greenwich"",0],UNIT[""degree"",0.0174532925199433,AUTHORITY[""EPSG"",""9122""]],AXIS[""Latitude"",NORTH],AXIS[""Longitude"",EAST]]","GEOGCS[""WGS 84"",DATUM[""World Geodetic System 1984"",SPHEROID[""WGS 84"",6378137,298.257223563]],PRIMEM[""Greenwich"",0],UNIT[""degree"",0.0174532925199433,AUTHORITY[""EPSG"",""9122""]],AXIS[""Latitude"",NORTH],AXIS[""Longitude"",EAST]]",False,-99.0,3576,False,Success
PERSIANN,2019_06.tif,E:\Geospatial\Precipitation Downscaling\Precipitation-Downscaling-Khulna\data\processed\rasters_aligned\monthly\PERSIANN\2019_06.tif,bilinear,"GEOGCS[""WGS 84"",DATUM[""World Geodetic System 1984"",SPHEROID[""WGS 84"",6378137,298.257223563]],PRIMEM[""Greenwich"",0],UNIT[""degree"",0.0174532925199433,AUTHORITY[""EPSG"",""9122""]],AXIS[""Latitude"",NORTH],AXIS[""Longitude"",EAST]]","GEOGCS[""WGS 84"",DATUM[""World Geodetic System 1984"",SPHEROID[""WGS 84"",6378137,298.257223563]],PRIMEM[""Greenwich"",0],UNIT[""degree"",0.0174532925199433,AUTHORITY[""EPSG"",""9122""]],AXIS[""Latitude"",NORTH],AXIS[""Longitude"",EAST]]",False,-99.0,3576,False,Success
PERSIANN,2019_07.tif,E:\Geospatial\Precipitation Downscaling\Precipitation-Downscaling-Khulna\data\processed\rasters_aligned\monthly\PERSIANN\2019_07.tif,bilinear,"GEOGCS[""WGS 84"",DATUM[""World Geodetic System 1984"",SPHEROID[""WGS 84"",6378137,298.257223563]],PRIMEM[""Greenwich"",0],UNIT[""degree"",0.0174532925199433,AUTHORITY[""EPSG"",""9122""]],AXIS[""Latitude"",NORTH],AXIS[""Longitude"",EAST]]","GEOGCS[""WGS 84"",DATUM[""World Geodetic System 1984"",SPHEROID[""WGS 84"",6378137,298.257223563]],PRIMEM[""Greenwich"",0],UNIT[""degree"",0.0174532925199433,AUTHORITY[""EPSG"",""9122""]],AXIS[""Latitude"",NORTH],AXIS[""Longitude"",EAST]]",False,-99.0,3576,False,Success
PERSIANN,2019_08.tif,E:\Geospatial\Precipitation Downscaling\Precipitation-Downscaling-Khulna\data\processed\rasters_aligned\monthly\PERSIANN\2019_08.tif,bilinear,"GEOGCS[""WGS 84"",DATUM[""World Geodetic System 1984"",SPHEROID[""WGS 84"",6378137,298.257223563]],PRIMEM[""Greenwich"",0],UNIT[""degree"",0.0174532925199433,AUTHORITY[""EPSG"",""9122""]],AXIS[""Latitude"",NORTH],AXIS[""Longitude"",EAST]]","GEOGCS[""WGS 84"",DATUM[""World Geodetic System 1984"",SPHEROID[""WGS 84"",6378137,298.257223563]],PRIMEM[""Greenwich"",0],UNIT[""degree"",0.0174532925199433,AUTHORITY[""EPSG"",""9122""]],AXIS[""Latitude"",NORTH],AXIS[""Longitude"",EAST]]",False,-99.0,3576,False,Success
PERSIANN,2019_09.tif,E:\Geospatial\Precipitation Downscaling\Precipitation-Downscaling-Khulna\data\processed\rasters_aligned\monthly\PERSIANN\2019_09.tif,bilinear,"GEOGCS[""WGS 84"",DATUM[""World Geodetic System 1984"",SPHEROID[""WGS 84"",6378137,298.257223563]],PRIMEM[""Greenwich"",0],UNIT[""degree"",0.0174532925199433,AUTHORITY[""EPSG"",""9122""]],AXIS[""Latitude"",NORTH],AXIS[""Longitude"",EAST]]","GEOGCS[""WGS 84"",DATUM[""World Geodetic System 1984"",SPHEROID[""WGS 84"",6378137,298.257223563]],PRIMEM[""Greenwich"",0],UNIT[""degree"",0.0174532925199433,AUTHORITY[""EPSG"",""9122""]],AXIS[""Latitude"",NORTH],AXIS[""Longitude"",EAST]]",False,-99.0,3576,False,Success
PERSIANN,2019_10.tif,E:\Geospatial\Precipitation Downscaling\Precipitation-Downscaling-Khulna\data\processed\rasters_aligned\monthly\PERSIANN\2019_10.tif,bilinear,"GEOGCS[""WGS 84"",DATUM[""World Geodetic System 1984"",SPHEROID[""WGS 84"",6378137,298.257223563]],PRIMEM[""Greenwich"",0],UNIT[""degree"",0.0174532925199433,AUTHORITY[""EPSG"",""9122""]],AXIS[""Latitude"",NORTH],AXIS[""Longitude"",EAST]]","GEOGCS[""WGS 84"",DATUM[""World Geodetic System 1984"",SPHEROID[""WGS 84"",6378137,298.257223563]],PRIMEM[""Greenwich"",0],UNIT[""degree"",0.0174532925199433,AUTHORITY[""EPSG"",""9122""]],AXIS[""Latitude"",NORTH],AXIS[""Longitude"",EAST]]",False,-99.0,3576,False,Success
PERSIANN,2019_11.tif,E:\Geospatial\Precipitation Downscaling\Precipitation-Downscaling-Khulna\data\processed\rasters_aligned\monthly\PERSIANN\2019_11.tif,bilinear,"GEOGCS[""WGS 84"",DATUM[""World Geodetic System 1984"",SPHEROID[""WGS 84"",6378137,298.257223563]],PRIMEM[""Greenwich"",0],UNIT[""degree"",0.0174532925199433,AUTHORITY[""EPSG"",""9122""]],AXIS[""Latitude"",NORTH],AXIS[""Longitude"",EAST]]","GEOGCS[""WGS 84"",DATUM[""World Geodetic System 1984"",SPHEROID[""WGS 84"",6378137,298.257223563]],PRIMEM[""Greenwich"",0],UNIT[""degree"",0.0174532925199433,AUTHORITY[""EPSG"",""9122""]],AXIS[""Latitude"",NORTH],AXIS[""Longitude"",EAST]]",False,-99.0,3576,False,Success
PERSIANN,2019_12.tif,E:\Geospatial\Precipitation Downscaling\Precipitation-Downscaling-Khulna\data\processed\rasters_aligned\monthly\PERSIANN\2019_12.tif,bilinear,"GEOGCS[""WGS 84"",DATUM[""World Geodetic System 1984"",SPHEROID[""WGS 84"",6378137,298.257223563]],PRIMEM[""Greenwich"",0],UNIT[""degree"",0.0174532925199433,AUTHORITY[""EPSG"",""9122""]],AXIS[""Latitude"",NORTH],AXIS[""Longitude"",EAST]]","GEOGCS[""WGS 84"",DATUM[""World Geodetic System 1984"",SPHEROID[""WGS 84"",6378137,298.257223563]],PRIMEM[""Greenwich"",0],UNIT[""degree"",0.0174532925199433,AUTHORITY[""EPSG"",""9122""]],AXIS[""Latitude"",NORTH],AXIS[""Longitude"",EAST]]",False,-99.0,3576,False,Success
PERSIANN,2020_01.tif,E:\Geospatial\Precipitation Downscaling\Precipitation-Downscaling-Khulna\data\processed\rasters_aligned\monthly\PERSIANN\2020_01.tif,bilinear,"GEOGCS[""WGS 84"",DATUM[""World Geodetic System 1984"",SPHEROID[""WGS 84"",6378137,298.257223563]],PRIMEM[""Greenwich"",0],UNIT[""degree"",0.0174532925199433,AUTHORITY[""EPSG"",""9122""]],AXIS[""Latitude"",NORTH],AXIS[""Longitude"",EAST]]","GEOGCS[""WGS 84"",DATUM[""World Geodetic System 1984"",SPHEROID[""WGS 84"",6378137,298.257223563]],PRIMEM[""Greenwich"",0],UNIT[""degree"",0.0174532925199433,AUTHORITY[""EPSG"",""9122""]],AXIS[""Latitude"",NORTH],AXIS[""Longitude"",EAST]]",False,-99.0,3576,False,Success
PERSIANN,2020_02.tif,E:\Geospatial\Precipitation Downscaling\Precipitation-Downscaling-Khulna\data\processed\rasters_aligned\monthly\PERSIANN\2020_02.tif,bilinear,"GEOGCS[""WGS 84"",DATUM[""World Geodetic System 1984"",SPHEROID[""WGS 84"",6378137,298.257223563]],PRIMEM[""Greenwich"",0],UNIT[""degree"",0.0174532925199433,AUTHORITY[""EPSG"",""9122""]],AXIS[""Latitude"",NORTH],AXIS[""Longitude"",EAST]]","GEOGCS[""WGS 84"",DATUM[""World Geodetic System 1984"",SPHEROID[""WGS 84"",6378137,298.257223563]],PRIMEM[""Greenwich"",0],UNIT[""degree"",0.0174532925199433,AUTHORITY[""EPSG"",""9122""]],AXIS[""Latitude"",NORTH],AXIS[""Longitude"",EAST]]",False,-99.0,3576,False,Success
PERSIANN,2020_03.tif,E:\Geospatial\Precipitation Downscaling\Precipitation-Downscaling-Khulna\data\processed\rasters_aligned\monthly\PERSIANN\2020_03.tif,bilinear,"GEOGCS[""WGS 84"",DATUM[""World Geodetic System 1984"",SPHEROID[""WGS 84"",6378137,298.257223563]],PRIMEM[""Greenwich"",0],UNIT[""degree"",0.0174532925199433,AUTHORITY[""EPSG"",""9122""]],AXIS[""Latitude"",NORTH],AXIS[""Longitude"",EAST]]","GEOGCS[""WGS 84"",DATUM[""World Geodetic System 1984"",SPHEROID[""WGS 84"",6378137,298.257223563]],PRIMEM[""Greenwich"",0],UNIT[""degree"",0.0174532925199433,AUTHORITY[""EPSG"",""9122""]],AXIS[""Latitude"",NORTH],AXIS[""Longitude"",EAST]]",False,-99.0,3576,False,Success
PERSIANN,2020_04.tif,E:\Geospatial\Precipitation Downscaling\Precipitation-Downscaling-Khulna\data\processed\rasters_aligned\monthly\PERSIANN\2020_04.tif,bilinear,"GEOGCS[""WGS 84"",DATUM[""World Geodetic System 1984"",SPHEROID[""WGS 84"",6378137,298.257223563]],PRIMEM[""Greenwich"",0],UNIT[""degree"",0.0174532925199433,AUTHORITY[""EPSG"",""9122""]],AXIS[""Latitude"",NORTH],AXIS[""Longitude"",EAST]]","GEOGCS[""WGS 84"",DATUM[""World Geodetic System 1984"",SPHEROID[""WGS 84"",6378137,298.257223563]],PRIMEM[""Greenwich"",0],UNIT[""degree"",0.0174532925199433,AUTHORITY[""EPSG"",""9122""]],AXIS[""Latitude"",NORTH],AXIS[""Longitude"",EAST]]",False,-99.0,3576,False,Success
PERSIANN,2020_05.tif,E:\Geospatial\Precipitation Downscaling\Precipitation-Downscaling-Khulna\data\processed\rasters_aligned\monthly\PERSIANN\2020_05.tif,bilinear,"GEOGCS[""WGS 84"",DATUM[""World Geodetic System 1984"",SPHEROID[""WGS 84"",6378137,298.257223563]],PRIMEM[""Greenwich"",0],UNIT[""degree"",0.0174532925199433,AUTHORITY[""EPSG"",""9122""]],AXIS[""Latitude"",NORTH],AXIS[""Longitude"",EAST]]","GEOGCS[""WGS 84"",DATUM[""World Geodetic System 1984"",SPHEROID[""WGS 84"",6378137,298.257223563]],PRIMEM[""Greenwich"",0],UNIT[""degree"",0.0174532925199433,AUTHORITY[""EPSG"",""9122""]],AXIS[""Latitude"",NORTH],AXIS[""Longitude"",EAST]]",False,-99.0,3576,False,Success
PERSIANN,2020_06.tif,E:\Geospatial\Precipitation Downscaling\Precipitation-Downscaling-Khulna\data\processed\rasters_aligned\monthly\PERSIANN\2020_06.tif,bilinear,"GEOGCS[""WGS 84"",DATUM[""World Geodetic System 1984"",SPHEROID[""WGS 84"",6378137,298.257223563]],PRIMEM[""Greenwich"",0],UNIT[""degree"",0.0174532925199433,AUTHORITY[""EPSG"",""9122""]],AXIS[""Latitude"",NORTH],AXIS[""Longitude"",EAST]]","GEOGCS[""WGS 84"",DATUM[""World Geodetic System 1984"",SPHEROID[""WGS 84"",6378137,298.257223563]],PRIMEM[""Greenwich"",0],UNIT[""degree"",0.0174532925199433,AUTHORITY[""EPSG"",""9122""]],AXIS[""Latitude"",NORTH],AXIS[""Longitude"",EAST]]",False,-99.0,3576,False,Success
PERSIANN,2020_07.tif,E:\Geospatial\Precipitation Downscaling\Precipitation-Downscaling-Khulna\data\processed\rasters_aligned\monthly\PERSIANN\2020_07.tif,bilinear,"GEOGCS[""WGS 84"",DATUM[""World Geodetic System 1984"",SPHEROID[""WGS 84"",6378137,298.257223563]],PRIMEM[""Greenwich"",0],UNIT[""degree"",0.0174532925199433,AUTHORITY[""EPSG"",""9122""]],AXIS[""Latitude"",NORTH],AXIS[""Longitude"",EAST]]","GEOGCS[""WGS 84"",DATUM[""World Geodetic System 1984"",SPHEROID[""WGS 84"",6378137,298.257223563]],PRIMEM[""Greenwich"",0],UNIT[""degree"",0.0174532925199433,AUTHORITY[""EPSG"",""9122""]],AXIS[""Latitude"",NORTH],AXIS[""Longitude"",EAST]]",False,-99.0,3576,False,Success
PERSIANN,2020_08.tif,E:\Geospatial\Precipitation Downscaling\Precipitation-Downscaling-Khulna\data\processed\rasters_aligned\monthly\PERSIANN\2020_08.tif,bilinear,"GEOGCS[""WGS 84"",DATUM[""World Geodetic System 1984"",SPHEROID[""WGS 84"",6378137,298.257223563]],PRIMEM[""Greenwich"",0],UNIT[""degree"",0.0174532925199433,AUTHORITY[""EPSG"",""9122""]],AXIS[""Latitude"",NORTH],AXIS[""Longitude"",EAST]]","GEOGCS[""WGS 84"",DATUM[""World Geodetic System 1984"",SPHEROID[""WGS 84"",6378137,298.257223563]],PRIMEM[""Greenwich"",0],UNIT[""degree"",0.0174532925199433,AUTHORITY[""EPSG"",""9122""]],AXIS[""Latitude"",NORTH],AXIS[""Longitude"",EAST]]",False,-99.0,3576,False,Success
PERSIANN,2020_09.tif,E:\Geospatial\Precipitation Downscaling\Precipitation-Downscaling-Khulna\data\processed\rasters_aligned\monthly\PERSIANN\2020_09.tif,bilinear,"GEOGCS[""WGS 84"",DATUM[""World Geodetic System 1984"",SPHEROID[""WGS 84"",6378137,298.257223563]],PRIMEM[""Greenwich"",0],UNIT[""degree"",0.0174532925199433,AUTHORITY[""EPSG"",""9122""]],AXIS[""Latitude"",NORTH],AXIS[""Longitude"",EAST]]","GEOGCS[""WGS 84"",DATUM[""World Geodetic System 1984"",SPHEROID[""WGS 84"",6378137,298.257223563]],PRIMEM[""Greenwich"",0],UNIT[""degree"",0.0174532925199433,AUTHORITY[""EPSG"",""9122""]],AXIS[""Latitude"",NORTH],AXIS[""Longitude"",EAST]]",False,-99.0,3576,False,Success
PERSIANN,2020_10.tif,E:\Geospatial\Precipitation Downscaling\Precipitation-Downscaling-Khulna\data\processed\rasters_aligned\monthly\PERSIANN\2020_10.tif,bilinear,"GEOGCS[""WGS 84"",DATUM[""World Geodetic System 1984"",SPHEROID[""WGS 84"",6378137,298.257223563]],PRIMEM[""Greenwich"",0],UNIT[""degree"",0.0174532925199433,AUTHORITY[""EPSG"",""9122""]],AXIS[""Latitude"",NORTH],AXIS[""Longitude"",EAST]]","GEOGCS[""WGS 84"",DATUM[""World Geodetic System 1984"",SPHEROID[""WGS 84"",6378137,298.257223563]],PRIMEM[""Greenwich"",0],UNIT[""degree"",0.0174532925199433,AUTHORITY[""EPSG"",""9122""]],AXIS[""Latitude"",NORTH],AXIS[""Longitude"",EAST]]",False,-99.0,3576,False,Success
PERSIANN,2020_11.tif,E:\Geospatial\Precipitation Downscaling\Precipitation-Downscaling-Khulna\data\processed\rasters_aligned\monthly\PERSIANN\2020_11.tif,bilinear,"GEOGCS[""WGS 84"",DATUM[""World Geodetic System 1984"",SPHEROID[""WGS 84"",6378137,298.257223563]],PRIMEM[""Greenwich"",0],UNIT[""degree"",0.0174532925199433,AUTHORITY[""EPSG"",""9122""]],AXIS[""Latitude"",NORTH],AXIS[""Longitude"",EAST]]","GEOGCS[""WGS 84"",DATUM[""World Geodetic System 1984"",SPHEROID[""WGS 84"",6378137,298.257223563]],PRIMEM[""Greenwich"",0],UNIT[""degree"",0.0174532925199433,AUTHORITY[""EPSG"",""9122""]],AXIS[""Latitude"",NORTH],AXIS[""Longitude"",EAST]]",False,-99.0,3576,False,Success
PERSIANN,2020_12.tif,E:\Geospatial\Precipitation Downscaling\Precipitation-Downscaling-Khulna\data\processed\rasters_aligned\monthly\PERSIANN\2020_12.tif,bilinear,"GEOGCS[""WGS 84"",DATUM[""World Geodetic System 1984"",SPHEROID[""WGS 84"",6378137,298.257223563]],PRIMEM[""Greenwich"",0],UNIT[""degree"",0.0174532925199433,AUTHORITY[""EPSG"",""9122""]],AXIS[""Latitude"",NORTH],AXIS[""Longitude"",EAST]]","GEOGCS[""WGS 84"",DATUM[""World Geodetic System 1984"",SPHEROID[""WGS 84"",6378137,298.257223563]],PRIMEM[""Greenwich"",0],UNIT[""degree"",0.0174532925199433,AUTHORITY[""EPSG"",""9122""]],AXIS[""Latitude"",NORTH],AXIS[""Longitude"",EAST]]",False,-99.0,3576,False,Success
PERSIANN,2021_01.tif,E:\Geospatial\Precipitation Downscaling\Precipitation-Downscaling-Khulna\data\processed\rasters_aligned\monthly\PERSIANN\2021_01.tif,bilinear,"GEOGCS[""WGS 84"",DATUM[""World Geodetic System 1984"",SPHEROID[""WGS 84"",6378137,298.257223563]],PRIMEM[""Greenwich"",0],UNIT[""degree"",0.0174532925199433,AUTHORITY[""EPSG"",""9122""]],AXIS[""Latitude"",NORTH],AXIS[""Longitude"",EAST]]","GEOGCS[""WGS 84"",DATUM[""World Geodetic System 1984"",SPHEROID[""WGS 84"",6378137,298.257223563]],PRIMEM[""Greenwich"",0],UNIT[""degree"",0.0174532925199433,AUTHORITY[""EPSG"",""9122""]],AXIS[""Latitude"",NORTH],AXIS[""Longitude"",EAST]]",False,-99.0,3576,False,Success
PERSIANN,2021_02.tif,E:\Geospatial\Precipitation Downscaling\Precipitation-Downscaling-Khulna\data\processed\rasters_aligned\monthly\PERSIANN\2021_02.tif,bilinear,"GEOGCS[""WGS 84"",DATUM[""World Geodetic System 1984"",SPHEROID[""WGS 84"",6378137,298.257223563]],PRIMEM[""Greenwich"",0],UNIT[""degree"",0.0174532925199433,AUTHORITY[""EPSG"",""9122""]],AXIS[""Latitude"",NORTH],AXIS[""Longitude"",EAST]]","GEOGCS[""WGS 84"",DATUM[""World Geodetic System 1984"",SPHEROID[""WGS 84"",6378137,298.257223563]],PRIMEM[""Greenwich"",0],UNIT[""degree"",0.0174532925199433,AUTHORITY[""EPSG"",""9122""]],AXIS[""Latitude"",NORTH],AXIS[""Longitude"",EAST]]",False,-99.0,3576,False,Success
PERSIANN,2021_03.tif,E:\Geospatial\Precipitation Downscaling\Precipitation-Downscaling-Khulna\data\processed\rasters_aligned\monthly\PERSIANN\2021_03.tif,bilinear,"GEOGCS[""WGS 84"",DATUM[""World Geodetic System 1984"",SPHEROID[""WGS 84"",6378137,298.257223563]],PRIMEM[""Greenwich"",0],UNIT[""degree"",0.0174532925199433,AUTHORITY[""EPSG"",""9122""]],AXIS[""Latitude"",NORTH],AXIS[""Longitude"",EAST]]","GEOGCS[""WGS 84"",DATUM[""World Geodetic System 1984"",SPHEROID[""WGS 84"",6378137,298.257223563]],PRIMEM[""Greenwich"",0],UNIT[""degree"",0.0174532925199433,AUTHORITY[""EPSG"",""9122""]],AXIS[""Latitude"",NORTH],AXIS[""Longitude"",EAST]]",False,-99.0,3576,False,Success
PERSIANN,2021_04.tif,E:\Geospatial\Precipitation Downscaling\Precipitation-Downscaling-Khulna\data\processed\rasters_aligned\monthly\PERSIANN\2021_04.tif,bilinear,"GEOGCS[""WGS 84"",DATUM[""World Geodetic System 1984"",SPHEROID[""WGS 84"",6378137,298.257223563]],PRIMEM[""Greenwich"",0],UNIT[""degree"",0.0174532925199433,AUTHORITY[""EPSG"",""9122""]],AXIS[""Latitude"",NORTH],AXIS[""Longitude"",EAST]]","GEOGCS[""WGS 84"",DATUM[""World Geodetic System 1984"",SPHEROID[""WGS 84"",6378137,298.257223563]],PRIMEM[""Greenwich"",0],UNIT[""degree"",0.0174532925199433,AUTHORITY[""EPSG"",""9122""]],AXIS[""Latitude"",NORTH],AXIS[""Longitude"",EAST]]",False,-99.0,3576,False,Success
PERSIANN,2021_05.tif,E:\Geospatial\Precipitation Downscaling\Precipitation-Downscaling-Khulna\data\processed\rasters_aligned\monthly\PERSIANN\2021_05.tif,bilinear,"GEOGCS[""WGS 84"",DATUM[""World Geodetic System 1984"",SPHEROID[""WGS 84"",6378137,298.257223563]],PRIMEM[""Greenwich"",0],UNIT[""degree"",0.0174532925199433,AUTHORITY[""EPSG"",""9122""]],AXIS[""Latitude"",NORTH],AXIS[""Longitude"",EAST]]","GEOGCS[""WGS 84"",DATUM[""World Geodetic System 1984"",SPHEROID[""WGS 84"",6378137,298.257223563]],PRIMEM[""Greenwich"",0],UNIT[""degree"",0.0174532925199433,AUTHORITY[""EPSG"",""9122""]],AXIS[""Latitude"",NORTH],AXIS[""Longitude"",EAST]]",False,-99.0,3576,False,Success
PERSIANN,2021_06.tif,E:\Geospatial\Precipitation Downscaling\Precipitation-Downscaling-Khulna\data\processed\rasters_aligned\monthly\PERSIANN\2021_06.tif,bilinear,"GEOGCS[""WGS 84"",DATUM[""World Geodetic System 1984"",SPHEROID[""WGS 84"",6378137,298.257223563]],PRIMEM[""Greenwich"",0],UNIT[""degree"",0.0174532925199433,AUTHORITY[""EPSG"",""9122""]],AXIS[""Latitude"",NORTH],AXIS[""Longitude"",EAST]]","GEOGCS[""WGS 84"",DATUM[""World Geodetic System 1984"",SPHEROID[""WGS 84"",6378137,298.257223563]],PRIMEM[""Greenwich"",0],UNIT[""degree"",0.0174532925199433,AUTHORITY[""EPSG"",""9122""]],AXIS[""Latitude"",NORTH],AXIS[""Longitude"",EAST]]",False,-99.0,3576,False,Success
PERSIANN,2021_07.tif,E:\Geospatial\Precipitation Downscaling\Precipitation-Downscaling-Khulna\data\processed\rasters_aligned\monthly\PERSIANN\2021_07.tif,bilinear,"GEOGCS[""WGS 84"",DATUM[""World Geodetic System 1984"",SPHEROID[""WGS 84"",6378137,298.257223563]],PRIMEM[""Greenwich"",0],UNIT[""degree"",0.0174532925199433,AUTHORITY[""EPSG"",""9122""]],AXIS[""Latitude"",NORTH],AXIS[""Longitude"",EAST]]","GEOGCS[""WGS 84"",DATUM[""World Geodetic System 1984"",SPHEROID[""WGS 84"",6378137,298.257223563]],PRIMEM[""Greenwich"",0],UNIT[""degree"",0.0174532925199433,AUTHORITY[""EPSG"",""9122""]],AXIS[""Latitude"",NORTH],AXIS[""Longitude"",EAST]]",False,-99.0,3576,False,Success
PERSIANN,2021_08.tif,E:\Geospatial\Precipitation Downscaling\Precipitation-Downscaling-Khulna\data\processed\rasters_aligned\monthly\PERSIANN\2021_08.tif,bilinear,"GEOGCS[""WGS 84"",DATUM[""World Geodetic System 1984"",SPHEROID[""WGS 84"",6378137,298.257223563]],PRIMEM[""Greenwich"",0],UNIT[""degree"",0.0174532925199433,AUTHORITY[""EPSG"",""9122""]],AXIS[""Latitude"",NORTH],AXIS[""Longitude"",EAST]]","GEOGCS[""WGS 84"",DATUM[""World Geodetic System 1984"",SPHEROID[""WGS 84"",6378137,298.257223563]],PRIMEM[""Greenwich"",0],UNIT[""degree"",0.0174532925199433,AUTHORITY[""EPSG"",""9122""]],AXIS[""Latitude"",NORTH],AXIS[""Longitude"",EAST]]",False,-99.0,3576,False,Success
PERSIANN,2021_09.tif,E:\Geospatial\Precipitation Downscaling\Precipitation-Downscaling-Khulna\data\processed\rasters_aligned\monthly\PERSIANN\2021_09.tif,bilinear,"GEOGCS[""WGS 84"",DATUM[""World Geodetic System 1984"",SPHEROID[""WGS 84"",6378137,298.257223563]],PRIMEM[""Greenwich"",0],UNIT[""degree"",0.0174532925199433,AUTHORITY[""EPSG"",""9122""]],AXIS[""Latitude"",NORTH],AXIS[""Longitude"",EAST]]","GEOGCS[""WGS 84"",DATUM[""World Geodetic System 1984"",SPHEROID[""WGS 84"",6378137,298.257223563]],PRIMEM[""Greenwich"",0],UNIT[""degree"",0.0174532925199433,AUTHORITY[""EPSG"",""9122""]],AXIS[""Latitude"",NORTH],AXIS[""Longitude"",EAST]]",False,-99.0,3576,False,Success
PERSIANN,2021_10.tif,E:\Geospatial\Precipitation Downscaling\Precipitation-Downscaling-Khulna\data\processed\rasters_aligned\monthly\PERSIANN\2021_10.tif,bilinear,"GEOGCS[""WGS 84"",DATUM[""World Geodetic System 1984"",SPHEROID[""WGS 84"",6378137,298.257223563]],PRIMEM[""Greenwich"",0],UNIT[""degree"",0.0174532925199433,AUTHORITY[""EPSG"",""9122""]],AXIS[""Latitude"",NORTH],AXIS[""Longitude"",EAST]]","GEOGCS[""WGS 84"",DATUM[""World Geodetic System 1984"",SPHEROID[""WGS 84"",6378137,298.257223563]],PRIMEM[""Greenwich"",0],UNIT[""degree"",0.0174532925199433,AUTHORITY[""EPSG"",""9122""]],AXIS[""Latitude"",NORTH],AXIS[""Longitude"",EAST]]",False,-99.0,3576,False,Success
PERSIANN,2021_11.tif,E:\Geospatial\Precipitation Downscaling\Precipitation-Downscaling-Khulna\data\processed\rasters_aligned\monthly\PERSIANN\2021_11.tif,bilinear,"GEOGCS[""WGS 84"",DATUM[""World Geodetic System 1984"",SPHEROID[""WGS 84"",6378137,298.257223563]],PRIMEM[""Greenwich"",0],UNIT[""degree"",0.0174532925199433,AUTHORITY[""EPSG"",""9122""]],AXIS[""Latitude"",NORTH],AXIS[""Longitude"",EAST]]","GEOGCS[""WGS 84"",DATUM[""World Geodetic System 1984"",SPHEROID[""WGS 84"",6378137,298.257223563]],PRIMEM[""Greenwich"",0],UNIT[""degree"",0.0174532925199433,AUTHORITY[""EPSG"",""9122""]],AXIS[""Latitude"",NORTH],AXIS[""Longitude"",EAST]]",False,-99.0,3576,False,Success
PERSIANN,2021_12.tif,E:\Geospatial\Precipitation Downscaling\Precipitation-Downscaling-Khulna\data\processed\rasters_aligned\monthly\PERSIANN\2021_12.tif,bilinear,"GEOGCS[""WGS 84"",DATUM[""World Geodetic System 1984"",SPHEROID[""WGS 84"",6378137,298.257223563]],PRIMEM[""Greenwich"",0],UNIT[""degree"",0.0174532925199433,AUTHORITY[""EPSG"",""9122""]],AXIS[""Latitude"",NORTH],AXIS[""Longitude"",EAST]]","GEOGCS[""WGS 84"",DATUM[""World Geodetic System 1984"",SPHEROID[""WGS 84"",6378137,298.257223563]],PRIMEM[""Greenwich"",0],UNIT[""degree"",0.0174532925199433,AUTHORITY[""EPSG"",""9122""]],AXIS[""Latitude"",NORTH],AXIS[""Longitude"",EAST]]",False,-99.0,3576,False,Success
PERSIANN,2022_01.tif,E:\Geospatial\Precipitation Downscaling\Precipitation-Downscaling-Khulna\data\processed\rasters_aligned\monthly\PERSIANN\2022_01.tif,bilinear,"GEOGCS[""WGS 84"",DATUM[""World Geodetic System 1984"",SPHEROID[""WGS 84"",6378137,298.257223563]],PRIMEM[""Greenwich"",0],UNIT[""degree"",0.0174532925199433,AUTHORITY[""EPSG"",""9122""]],AXIS[""Latitude"",NORTH],AXIS[""Longitude"",EAST]]","GEOGCS[""WGS 84"",DATUM[""World Geodetic System 1984"",SPHEROID[""WGS 84"",6378137,298.257223563]],PRIMEM[""Greenwich"",0],UNIT[""degree"",0.0174532925199433,AUTHORITY[""EPSG"",""9122""]],AXIS[""Latitude"",NORTH],AXIS[""Longitude"",EAST]]",False,-99.0,3576,False,Success
PERSIANN,2022_02.tif,E:\Geospatial\Precipitation Downscaling\Precipitation-Downscaling-Khulna\data\processed\rasters_aligned\monthly\PERSIANN\2022_02.tif,bilinear,"GEOGCS[""WGS 84"",DATUM[""World Geodetic System 1984"",SPHEROID[""WGS 84"",6378137,298.257223563]],PRIMEM[""Greenwich"",0],UNIT[""degree"",0.0174532925199433,AUTHORITY[""EPSG"",""9122""]],AXIS[""Latitude"",NORTH],AXIS[""Longitude"",EAST]]","GEOGCS[""WGS 84"",DATUM[""World Geodetic System 1984"",SPHEROID[""WGS 84"",6378137,298.257223563]],PRIMEM[""Greenwich"",0],UNIT[""degree"",0.0174532925199433,AUTHORITY[""EPSG"",""9122""]],AXIS[""Latitude"",NORTH],AXIS[""Longitude"",EAST]]",False,-99.0,3576,False,Success
PERSIANN,2022_03.tif,E:\Geospatial\Precipitation Downscaling\Precipitation-Downscaling-Khulna\data\processed\rasters_aligned\monthly\PERSIANN\2022_03.tif,bilinear,"GEOGCS[""WGS 84"",DATUM[""World Geodetic System 1984"",SPHEROID[""WGS 84"",6378137,298.257223563]],PRIMEM[""Greenwich"",0],UNIT[""degree"",0.0174532925199433,AUTHORITY[""EPSG"",""9122""]],AXIS[""Latitude"",NORTH],AXIS[""Longitude"",EAST]]","GEOGCS[""WGS 84"",DATUM[""World Geodetic System 1984"",SPHEROID[""WGS 84"",6378137,298.257223563]],PRIMEM[""Greenwich"",0],UNIT[""degree"",0.0174532925199433,AUTHORITY[""EPSG"",""9122""]],AXIS[""Latitude"",NORTH],AXIS[""Longitude"",EAST]]",False,-99.0,3576,False,Success
PERSIANN,2022_04.tif,E:\Geospatial\Precipitation Downscaling\Precipitation-Downscaling-Khulna\data\processed\rasters_aligned\monthly\PERSIANN\2022_04.tif,bilinear,"GEOGCS[""WGS 84"",DATUM[""World Geodetic System 1984"",SPHEROID[""WGS 84"",6378137,298.257223563]],PRIMEM[""Greenwich"",0],UNIT[""degree"",0.0174532925199433,AUTHORITY[""EPSG"",""9122""]],AXIS[""Latitude"",NORTH],AXIS[""Longitude"",EAST]]","GEOGCS[""WGS 84"",DATUM[""World Geodetic System 1984"",SPHEROID[""WGS 84"",6378137,298.257223563]],PRIMEM[""Greenwich"",0],UNIT[""degree"",0.0174532925199433,AUTHORITY[""EPSG"",""9122""]],AXIS[""Latitude"",NORTH],AXIS[""Longitude"",EAST]]",False,-99.0,3576,False,Success
PERSIANN,2022_05.tif,E:\Geospatial\Precipitation Downscaling\Precipitation-Downscaling-Khulna\data\processed\rasters_aligned\monthly\PERSIANN\2022_05.tif,bilinear,"GEOGCS[""WGS 84"",DATUM[""World Geodetic System 1984"",SPHEROID[""WGS 84"",6378137,298.257223563]],PRIMEM[""Greenwich"",0],UNIT[""degree"",0.0174532925199433,AUTHORITY[""EPSG"",""9122""]],AXIS[""Latitude"",NORTH],AXIS[""Longitude"",EAST]]","GEOGCS[""WGS 84"",DATUM[""World Geodetic System 1984"",SPHEROID[""WGS 84"",6378137,298.257223563]],PRIMEM[""Greenwich"",0],UNIT[""degree"",0.0174532925199433,AUTHORITY[""EPSG"",""9122""]],AXIS[""Latitude"",NORTH],AXIS[""Longitude"",EAST]]",False,-99.0,3576,False,Success
PERSIANN,2022_06.tif,E:\Geospatial\Precipitation Downscaling\Precipitation-Downscaling-Khulna\data\processed\rasters_aligned\monthly\PERSIANN\2022_06.tif,bilinear,"GEOGCS[""WGS 84"",DATUM[""World Geodetic System 1984"",SPHEROID[""WGS 84"",6378137,298.257223563]],PRIMEM[""Greenwich"",0],UNIT[""degree"",0.0174532925199433,AUTHORITY[""EPSG"",""9122""]],AXIS[""Latitude"",NORTH],AXIS[""Longitude"",EAST]]","GEOGCS[""WGS 84"",DATUM[""World Geodetic System 1984"",SPHEROID[""WGS 84"",6378137,298.257223563]],PRIMEM[""Greenwich"",0],UNIT[""degree"",0.0174532925199433,AUTHORITY[""EPSG"",""9122""]],AXIS[""Latitude"",NORTH],AXIS[""Longitude"",EAST]]",False,-99.0,3576,False,Success
PERSIANN,2022_07.tif,E:\Geospatial\Precipitation Downscaling\Precipitation-Downscaling-Khulna\data\processed\rasters_aligned\monthly\PERSIANN\2022_07.tif,bilinear,"GEOGCS[""WGS 84"",DATUM[""World Geodetic System 1984"",SPHEROID[""WGS 84"",6378137,298.257223563]],PRIMEM[""Greenwich"",0],UNIT[""degree"",0.0174532925199433,AUTHORITY[""EPSG"",""9122""]],AXIS[""Latitude"",NORTH],AXIS[""Longitude"",EAST]]","GEOGCS[""WGS 84"",DATUM[""World Geodetic System 1984"",SPHEROID[""WGS 84"",6378137,298.257223563]],PRIMEM[""Greenwich"",0],UNIT[""degree"",0.0174532925199433,AUTHORITY[""EPSG"",""9122""]],AXIS[""Latitude"",NORTH],AXIS[""Longitude"",EAST]]",False,-99.0,3576,False,Success
PERSIANN,2022_08.tif,E:\Geospatial\Precipitation Downscaling\Precipitation-Downscaling-Khulna\data\processed\rasters_aligned\monthly\PERSIANN\2022_08.tif,bilinear,"GEOGCS[""WGS 84"",DATUM[""World Geodetic System 1984"",SPHEROID[""WGS 84"",6378137,298.257223563]],PRIMEM[""Greenwich"",0],UNIT[""degree"",0.0174532925199433,AUTHORITY[""EPSG"",""9122""]],AXIS[""Latitude"",NORTH],AXIS[""Longitude"",EAST]]","GEOGCS[""WGS 84"",DATUM[""World Geodetic System 1984"",SPHEROID[""WGS 84"",6378137,298.257223563]],PRIMEM[""Greenwich"",0],UNIT[""degree"",0.0174532925199433,AUTHORITY[""EPSG"",""9122""]],AXIS[""Latitude"",NORTH],AXIS[""Longitude"",EAST]]",False,-99.0,3576,False,Success
PERSIANN,2022_09.tif,E:\Geospatial\Precipitation Downscaling\Precipitation-Downscaling-Khulna\data\processed\rasters_aligned\monthly\PERSIANN\2022_09.tif,bilinear,"GEOGCS[""WGS 84"",DATUM[""World Geodetic System 1984"",SPHEROID[""WGS 84"",6378137,298.257223563]],PRIMEM[""Greenwich"",0],UNIT[""degree"",0.0174532925199433,AUTHORITY[""EPSG"",""9122""]],AXIS[""Latitude"",NORTH],AXIS[""Longitude"",EAST]]","GEOGCS[""WGS 84"",DATUM[""World Geodetic System 1984"",SPHEROID[""WGS 84"",6378137,298.257223563]],PRIMEM[""Greenwich"",0],UNIT[""degree"",0.0174532925199433,AUTHORITY[""EPSG"",""9122""]],AXIS[""Latitude"",NORTH],AXIS[""Longitude"",EAST]]",False,-99.0,3576,False,Success
PERSIANN,2022_10.tif,E:\Geospatial\Precipitation Downscaling\Precipitation-Downscaling-Khulna\data\processed\rasters_aligned\monthly\PERSIANN\2022_10.tif,bilinear,"GEOGCS[""WGS 84"",DATUM[""World Geodetic System 1984"",SPHEROID[""WGS 84"",6378137,298.257223563]],PRIMEM[""Greenwich"",0],UNIT[""degree"",0.0174532925199433,AUTHORITY[""EPSG"",""9122""]],AXIS[""Latitude"",NORTH],AXIS[""Longitude"",EAST]]","GEOGCS[""WGS 84"",DATUM[""World Geodetic System 1984"",SPHEROID[""WGS 84"",6378137,298.257223563]],PRIMEM[""Greenwich"",0],UNIT[""degree"",0.0174532925199433,AUTHORITY[""EPSG"",""9122""]],AXIS[""Latitude"",NORTH],AXIS[""Longitude"",EAST]]",False,-99.0,3576,False,Success
PERSIANN,2022_11.tif,E:\Geospatial\Precipitation Downscaling\Precipitation-Downscaling-Khulna\data\processed\rasters_aligned\monthly\PERSIANN\2022_11.tif,bilinear,"GEOGCS[""WGS 84"",DATUM[""World Geodetic System 1984"",SPHEROID[""WGS 84"",6378137,298.257223563]],PRIMEM[""Greenwich"",0],UNIT[""degree"",0.0174532925199433,AUTHORITY[""EPSG"",""9122""]],AXIS[""Latitude"",NORTH],AXIS[""Longitude"",EAST]]","GEOGCS[""WGS 84"",DATUM[""World Geodetic System 1984"",SPHEROID[""WGS 84"",6378137,298.257223563]],PRIMEM[""Greenwich"",0],UNIT[""degree"",0.0174532925199433,AUTHORITY[""EPSG"",""9122""]],AXIS[""Latitude"",NORTH],AXIS[""Longitude"",EAST]]",False,-99.0,3576,False,Success
PERSIANN,2022_12.tif,E:\Geospatial\Precipitation Downscaling\Precipitation-Downscaling-Khulna\data\processed\rasters_aligned\monthly\PERSIANN\2022_12.tif,bilinear,"GEOGCS[""WGS 84"",DATUM[""World Geodetic System 1984"",SPHEROID[""WGS 84"",6378137,298.257223563]],PRIMEM[""Greenwich"",0],UNIT[""degree"",0.0174532925199433,AUTHORITY[""EPSG"",""9122""]],AXIS[""Latitude"",NORTH],AXIS[""Longitude"",EAST]]","GEOGCS[""WGS 84"",DATUM[""World Geodetic System 1984"",SPHEROID[""WGS 84"",6378137,298.257223563]],PRIMEM[""Greenwich"",0],UNIT[""degree"",0.0174532925199433,AUTHORITY[""EPSG"",""9122""]],AXIS[""Latitude"",NORTH],AXIS[""Longitude"",EAST]]",False,-99.0,3576,False,Success
