Year,Month,Month_ID,Band_Number,Band_Name,Source_File,Minimum,Maximum,Mean,Valid_Pixels,Total_Pixels,NoData_Pixels
2017,1,2017_01,1,CCS,E:\Geospatial\Precipitation Downscaling\Precipitation-Downscaling-Khulna\data\processed\rasters_aligned\monthly\CCS\2017_01.tif,0.0,2.7586379051208496,0.3830708861351013,4589,8909,4320
2017,1,2017_01,2,CDR,E:\Geospatial\Precipitation Downscaling\Precipitation-Downscaling-Khulna\data\processed\rasters_aligned\monthly\CDR\2017_01.tif,0.0,6.653239727020264,4.54103422164917,3576,8909,5333
2017,1,2017_01,3,CHIRPS,E:\Geospatial\Precipitation Downscaling\Precipitation-Downscaling-Khulna\data\processed\rasters_aligned\monthly\CHIRPS\2017_01.tif,2.6258790493011475,8.59769344329834,5.43703031539917,4732,8909,4177
2017,1,2017_01,4,ERA5,E:\Geospatial\Precipitation Downscaling\Precipitation-Downscaling-Khulna\data\processed\rasters_aligned\monthly\ERA5\2017_01.tif,0.02279118075966835,0.44060683250427246,0.23400209844112396,4833,8909,4076
2017,1,2017_01,5,GSMaP_Gauge,E:\Geospatial\Precipitation Downscaling\Precipitation-Downscaling-Khulna\data\processed\rasters_aligned\monthly\GSMaP_Gauge\2017_01.tif,0.0,0.12063635140657425,0.001499373116530478,4837,8909,4072
2017,1,2017_01,6,GSMaP_MVK,E:\Geospatial\Precipitation Downscaling\Precipitation-Downscaling-Khulna\data\processed\rasters_aligned\monthly\GSMaP_MVK\2017_01.tif,0.22905704379081726,10.557074546813965,3.4422621726989746,4837,8909,4072
2017,1,2017_01,7,IMERG,E:\Geospatial\Precipitation Downscaling\Precipitation-Downscaling-Khulna\data\processed\rasters_aligned\monthly\IMERG\2017_01.tif,0.0,0.0010000000474974513,0.00029944159905426204,4837,8909,4072
2017,1,2017_01,8,LST,E:\Geospatial\Precipitation Downscaling\Precipitation-Downscaling-Khulna\data\processed\rasters_aligned\monthly\LST\LST_Day_2017_1.tif,20.594999313354492,26.24333381652832,22.334518432617188,4340,8909,4569
2017,1,2017_01,9,NDVI,E:\Geospatial\Precipitation Downscaling\Precipitation-Downscaling-Khulna\data\processed\rasters_aligned\monthly\NDVI\NDVI_2017_1.tif,-0.19130000472068787,0.9294999837875366,0.4605327844619751,4413,8909,4496
2017,1,2017_01,10,PDIR,E:\Geospatial\Precipitation Downscaling\Precipitation-Downscaling-Khulna\data\processed\rasters_aligned\monthly\PDIR\2017_01.tif,1.0,40.166934967041016,12.15381145477295,4589,8909,4320
2017,1,2017_01,11,PERSIANN,E:\Geospatial\Precipitation Downscaling\Precipitation-Downscaling-Khulna\data\processed\rasters_aligned\monthly\PERSIANN\2017_01.tif,0.0,0.4000000059604645,0.061065662652254105,3576,8909,5333
2017,1,2017_01,12,Distance_Sea_meter,E:\Geospatial\Precipitation Downscaling\Precipitation-Downscaling-Khulna\data\processed\rasters_aligned\static\Distance_Sea_meter.tif,0.0,77480.6640625,24497.150390625,4837,8909,4072
2017,1,2017_01,13,Land_Aspect_Degree_30m,E:\Geospatial\Precipitation Downscaling\Precipitation-Downscaling-Khulna\data\processed\rasters_aligned\static\Land_Aspect_Degree_30m.tif,0.0,174.62100219726562,115.75617980957031,4837,8909,4072
2017,1,2017_01,14,Land_Khulna_SRTM_DEM,E:\Geospatial\Precipitation Downscaling\Precipitation-Downscaling-Khulna\data\processed\rasters_aligned\static\Land_Khulna_SRTM_DEM.tif,0.0,14.246426582336426,4.841400623321533,4837,8909,4072
2017,1,2017_01,15,Land_Slope_Degree_30m,E:\Geospatial\Precipitation Downscaling\Precipitation-Downscaling-Khulna\data\processed\rasters_aligned\static\Land_Slope_Degree_30m.tif,0.0,3.7204315662384033,1.5288087129592896,4827,8909,4082
2017,2,2017_02,1,CCS,E:\Geospatial\Precipitation Downscaling\Precipitation-Downscaling-Khulna\data\processed\rasters_aligned\monthly\CCS\2017_02.tif,0.0,0.0,0.0,4589,8909,4320
2017,2,2017_02,2,CDR,E:\Geospatial\Precipitation Downscaling\Precipitation-Downscaling-Khulna\data\processed\rasters_aligned\monthly\CDR\2017_02.tif,0.0,0.0,0.0,3576,8909,5333
2017,2,2017_02,3,CHIRPS,E:\Geospatial\Precipitation Downscaling\Precipitation-Downscaling-Khulna\data\processed\rasters_aligned\monthly\CHIRPS\2017_02.tif,4.688296794891357,13.233772277832031,7.5673136711120605,4732,8909,4177
2017,2,2017_02,4,ERA5,E:\Geospatial\Precipitation Downscaling\Precipitation-Downscaling-Khulna\data\processed\rasters_aligned\monthly\ERA5\2017_02.tif,1.2334469556808472,3.703460454940796,2.6033546924591064,4833,8909,4076
2017,2,2017_02,5,GSMaP_Gauge,E:\Geospatial\Precipitation Downscaling\Precipitation-Downscaling-Khulna\data\processed\rasters_aligned\monthly\GSMaP_Gauge\2017_02.tif,0.0,1.193910002708435,0.31162795424461365,4837,8909,4072
2017,2,2017_02,6,GSMaP_MVK,E:\Geospatial\Precipitation Downscaling\Precipitation-Downscaling-Khulna\data\processed\rasters_aligned\monthly\GSMaP_MVK\2017_02.tif,0.0,9.49915885925293,0.9171358346939087,4837,8909,4072
2017,2,2017_02,7,IMERG,E:\Geospatial\Precipitation Downscaling\Precipitation-Downscaling-Khulna\data\processed\rasters_aligned\monthly\IMERG\2017_02.tif,4.5695378503296524e-05,0.007649880368262529,0.002311795949935913,4837,8909,4072
2017,2,2017_02,8,LST,E:\Geospatial\Precipitation Downscaling\Precipitation-Downscaling-Khulna\data\processed\rasters_aligned\monthly\LST\LST_Day_2017_2.tif,22.6299991607666,31.274999618530273,25.755783081054688,4340,8909,4569
2017,2,2017_02,9,NDVI,E:\Geospatial\Precipitation Downscaling\Precipitation-Downscaling-Khulna\data\processed\rasters_aligned\monthly\NDVI\NDVI_2017_2.tif,-0.18950000405311584,0.9739000201225281,0.4868352711200714,4424,8909,4485
2017,2,2017_02,10,PDIR,E:\Geospatial\Precipitation Downscaling\Precipitation-Downscaling-Khulna\data\processed\rasters_aligned\monthly\PDIR\2017_02.tif,0.0,0.0,0.0,4589,8909,4320
2017,2,2017_02,11,PERSIANN,E:\Geospatial\Precipitation Downscaling\Precipitation-Downscaling-Khulna\data\processed\rasters_aligned\monthly\PERSIANN\2017_02.tif,0.0,0.0,0.0,3576,8909,5333
2017,2,2017_02,12,Distance_Sea_meter,E:\Geospatial\Precipitation Downscaling\Precipitation-Downscaling-Khulna\data\processed\rasters_aligned\static\Distance_Sea_meter.tif,0.0,77480.6640625,24497.150390625,4837,8909,4072
2017,2,2017_02,13,Land_Aspect_Degree_30m,E:\Geospatial\Precipitation Downscaling\Precipitation-Downscaling-Khulna\data\processed\rasters_aligned\static\Land_Aspect_Degree_30m.tif,0.0,174.62100219726562,115.75617980957031,4837,8909,4072
2017,2,2017_02,14,Land_Khulna_SRTM_DEM,E:\Geospatial\Precipitation Downscaling\Precipitation-Downscaling-Khulna\data\processed\rasters_aligned\static\Land_Khulna_SRTM_DEM.tif,0.0,14.246426582336426,4.841400623321533,4837,8909,4072
2017,2,2017_02,15,Land_Slope_Degree_30m,E:\Geospatial\Precipitation Downscaling\Precipitation-Downscaling-Khulna\data\processed\rasters_aligned\static\Land_Slope_Degree_30m.tif,0.0,3.7204315662384033,1.5288087129592896,4827,8909,4082
2017,3,2017_03,1,CCS,E:\Geospatial\Precipitation Downscaling\Precipitation-Downscaling-Khulna\data\processed\rasters_aligned\monthly\CCS\2017_03.tif,0.0,26.0,4.29898738861084,4589,8909,4320
2017,3,2017_03,2,CDR,E:\Geospatial\Precipitation Downscaling\Precipitation-Downscaling-Khulna\data\processed\rasters_aligned\monthly\CDR\2017_03.tif,25.04560089111328,98.51673126220703,59.55436325073242,3576,8909,5333
2017,3,2017_03,3,CHIRPS,E:\Geospatial\Precipitation Downscaling\Precipitation-Downscaling-Khulna\data\processed\rasters_aligned\monthly\CHIRPS\2017_03.tif,29.42816734313965,73.6789321899414,48.23086166381836,4732,8909,4177
2017,3,2017_03,4,ERA5,E:\Geospatial\Precipitation Downscaling\Precipitation-Downscaling-Khulna\data\processed\rasters_aligned\monthly\ERA5\2017_03.tif,89.69852447509766,158.61163330078125,119.71016693115234,4833,8909,4076
2017,3,2017_03,5,GSMaP_Gauge,E:\Geospatial\Precipitation Downscaling\Precipitation-Downscaling-Khulna\data\processed\rasters_aligned\monthly\GSMaP_Gauge\2017_03.tif,91.1524887084961,217.29368591308594,122.58423614501953,4837,8909,4072
2017,3,2017_03,6,GSMaP_MVK,E:\Geospatial\Precipitation Downscaling\Precipitation-Downscaling-Khulna\data\processed\rasters_aligned\monthly\GSMaP_MVK\2017_03.tif,27.449180603027344,201.88893127441406,83.13603973388672,4837,8909,4072
2017,3,2017_03,7,IMERG,E:\Geospatial\Precipitation Downscaling\Precipitation-Downscaling-Khulna\data\processed\rasters_aligned\monthly\IMERG\2017_03.tif,0.06353707611560822,0.11973587423563004,0.10381308943033218,4837,8909,4072
2017,3,2017_03,8,LST,E:\Geospatial\Precipitation Downscaling\Precipitation-Downscaling-Khulna\data\processed\rasters_aligned\monthly\LST\LST_Day_2017_3.tif,24.174999237060547,32.95500183105469,27.24488067626953,4339,8909,4570
2017,3,2017_03,9,NDVI,E:\Geospatial\Precipitation Downscaling\Precipitation-Downscaling-Khulna\data\processed\rasters_aligned\monthly\NDVI\NDVI_2017_3.tif,-0.1981000006198883,0.8892999887466431,0.5077717304229736,4427,8909,4482
2017,3,2017_03,10,PDIR,E:\Geospatial\Precipitation Downscaling\Precipitation-Downscaling-Khulna\data\processed\rasters_aligned\monthly\PDIR\2017_03.tif,7.0,41.84634780883789,20.86114501953125,4589,8909,4320
2017,3,2017_03,11,PERSIANN,E:\Geospatial\Precipitation Downscaling\Precipitation-Downscaling-Khulna\data\processed\rasters_aligned\monthly\PERSIANN\2017_03.tif,3.5199999809265137,9.84000015258789,6.914950370788574,3576,8909,5333
2017,3,2017_03,12,Distance_Sea_meter,E:\Geospatial\Precipitation Downscaling\Precipitation-Downscaling-Khulna\data\processed\rasters_aligned\static\Distance_Sea_meter.tif,0.0,77480.6640625,24497.150390625,4837,8909,4072
2017,3,2017_03,13,Land_Aspect_Degree_30m,E:\Geospatial\Precipitation Downscaling\Precipitation-Downscaling-Khulna\data\processed\rasters_aligned\static\Land_Aspect_Degree_30m.tif,0.0,174.62100219726562,115.75617980957031,4837,8909,4072
2017,3,2017_03,14,Land_Khulna_SRTM_DEM,E:\Geospatial\Precipitation Downscaling\Precipitation-Downscaling-Khulna\data\processed\rasters_aligned\static\Land_Khulna_SRTM_DEM.tif,0.0,14.246426582336426,4.841400623321533,4837,8909,4072
2017,3,2017_03,15,Land_Slope_Degree_30m,E:\Geospatial\Precipitation Downscaling\Precipitation-Downscaling-Khulna\data\processed\rasters_aligned\static\Land_Slope_Degree_30m.tif,0.0,3.7204315662384033,1.5288087129592896,4827,8909,4082
2017,4,2017_04,1,CCS,E:\Geospatial\Precipitation Downscaling\Precipitation-Downscaling-Khulna\data\processed\rasters_aligned\monthly\CCS\2017_04.tif,18.209766387939453,113.0,41.626155853271484,4589,8909,4320
2017,4,2017_04,2,CDR,E:\Geospatial\Precipitation Downscaling\Precipitation-Downscaling-Khulna\data\processed\rasters_aligned\monthly\CDR\2017_04.tif,60.38075256347656,126.25376892089844,87.27025604248047,3576,8909,5333
2017,4,2017_04,3,CHIRPS,E:\Geospatial\Precipitation Downscaling\Precipitation-Downscaling-Khulna\data\processed\rasters_aligned\monthly\CHIRPS\2017_04.tif,43.047149658203125,141.3492889404297,85.6075210571289,4732,8909,4177
2017,4,2017_04,4,ERA5,E:\Geospatial\Precipitation Downscaling\Precipitation-Downscaling-Khulna\data\processed\rasters_aligned\monthly\ERA5\2017_04.tif,39.36683654785156,121.46083068847656,65.67403411865234,4833,8909,4076
2017,4,2017_04,5,GSMaP_Gauge,E:\Geospatial\Precipitation Downscaling\Precipitation-Downscaling-Khulna\data\processed\rasters_aligned\monthly\GSMaP_Gauge\2017_04.tif,44.280879974365234,262.2991027832031,106.94822692871094,4837,8909,4072
2017,4,2017_04,6,GSMaP_MVK,E:\Geospatial\Precipitation Downscaling\Precipitation-Downscaling-Khulna\data\processed\rasters_aligned\monthly\GSMaP_MVK\2017_04.tif,78.98611450195312,610.3036499023438,228.52403259277344,4837,8909,4072
2017,4,2017_04,7,IMERG,E:\Geospatial\Precipitation Downscaling\Precipitation-Downscaling-Khulna\data\processed\rasters_aligned\monthly\IMERG\2017_04.tif,0.05604543909430504,0.23302893340587616,0.12238127738237381,4837,8909,4072
2017,4,2017_04,8,LST,E:\Geospatial\Precipitation Downscaling\Precipitation-Downscaling-Khulna\data\processed\rasters_aligned\monthly\LST\LST_Day_2017_4.tif,26.016666412353516,34.44333267211914,29.458662033081055,4339,8909,4570
2017,4,2017_04,9,NDVI,E:\Geospatial\Precipitation Downscaling\Precipitation-Downscaling-Khulna\data\processed\rasters_aligned\monthly\NDVI\NDVI_2017_4.tif,-0.1762000024318695,0.8758999705314636,0.47100910544395447,4441,8909,4468
2017,4,2017_04,10,PDIR,E:\Geospatial\Precipitation Downscaling\Precipitation-Downscaling-Khulna\data\processed\rasters_aligned\monthly\PDIR\2017_04.tif,49.39055633544922,219.48489379882812,101.17084503173828,4589,8909,4320
2017,4,2017_04,11,PERSIANN,E:\Geospatial\Precipitation Downscaling\Precipitation-Downscaling-Khulna\data\processed\rasters_aligned\monthly\PERSIANN\2017_04.tif,82.53157806396484,115.81194305419922,103.61624145507812,3576,8909,5333
2017,4,2017_04,12,Distance_Sea_meter,E:\Geospatial\Precipitation Downscaling\Precipitation-Downscaling-Khulna\data\processed\rasters_aligned\static\Distance_Sea_meter.tif,0.0,77480.6640625,24497.150390625,4837,8909,4072
2017,4,2017_04,13,Land_Aspect_Degree_30m,E:\Geospatial\Precipitation Downscaling\Precipitation-Downscaling-Khulna\data\processed\rasters_aligned\static\Land_Aspect_Degree_30m.tif,0.0,174.62100219726562,115.75617980957031,4837,8909,4072
2017,4,2017_04,14,Land_Khulna_SRTM_DEM,E:\Geospatial\Precipitation Downscaling\Precipitation-Downscaling-Khulna\data\processed\rasters_aligned\static\Land_Khulna_SRTM_DEM.tif,0.0,14.246426582336426,4.841400623321533,4837,8909,4072
2017,4,2017_04,15,Land_Slope_Degree_30m,E:\Geospatial\Precipitation Downscaling\Precipitation-Downscaling-Khulna\data\processed\rasters_aligned\static\Land_Slope_Degree_30m.tif,0.0,3.7204315662384033,1.5288087129592896,4827,8909,4082
2017,5,2017_05,1,CCS,E:\Geospatial\Precipitation Downscaling\Precipitation-Downscaling-Khulna\data\processed\rasters_aligned\monthly\CCS\2017_05.tif,15.327483177185059,112.0,52.3730354309082,4589,8909,4320
2017,5,2017_05,2,CDR,E:\Geospatial\Precipitation Downscaling\Precipitation-Downscaling-Khulna\data\processed\rasters_aligned\monthly\CDR\2017_05.tif,92.47953033447266,132.60556030273438,110.16543579101562,3576,8909,5333
2017,5,2017_05,3,CHIRPS,E:\Geospatial\Precipitation Downscaling\Precipitation-Downscaling-Khulna\data\processed\rasters_aligned\monthly\CHIRPS\2017_05.tif,78.00945281982422,210.5597686767578,129.9807891845703,4732,8909,4177
2017,5,2017_05,4,ERA5,E:\Geospatial\Precipitation Downscaling\Precipitation-Downscaling-Khulna\data\processed\rasters_aligned\monthly\ERA5\2017_05.tif,37.997276306152344,119.67023468017578,83.50116729736328,4833,8909,4076
2017,5,2017_05,5,GSMaP_Gauge,E:\Geospatial\Precipitation Downscaling\Precipitation-Downscaling-Khulna\data\processed\rasters_aligned\monthly\GSMaP_Gauge\2017_05.tif,61.08903884887695,223.5955047607422,133.8943634033203,4837,8909,4072
2017,5,2017_05,6,GSMaP_MVK,E:\Geospatial\Precipitation Downscaling\Precipitation-Downscaling-Khulna\data\processed\rasters_aligned\monthly\GSMaP_MVK\2017_05.tif,52.42268371582031,273.1259460449219,115.575927734375,4837,8909,4072
2017,5,2017_05,7,IMERG,E:\Geospatial\Precipitation Downscaling\Precipitation-Downscaling-Khulna\data\processed\rasters_aligned\monthly\IMERG\2017_05.tif,0.06327343732118607,0.20895779132843018,0.14641855657100677,4837,8909,4072
2017,5,2017_05,8,LST,E:\Geospatial\Precipitation Downscaling\Precipitation-Downscaling-Khulna\data\processed\rasters_aligned\monthly\LST\LST_Day_2017_5.tif,26.799999237060547,35.755001068115234,30.348764419555664,4340,8909,4569
2017,5,2017_05,9,NDVI,E:\Geospatial\Precipitation Downscaling\Precipitation-Downscaling-Khulna\data\processed\rasters_aligned\monthly\NDVI\NDVI_2017_5.tif,-0.17880000174045563,0.8715000152587891,0.4397844672203064,4437,8909,4472
2017,5,2017_05,10,PDIR,E:\Geospatial\Precipitation Downscaling\Precipitation-Downscaling-Khulna\data\processed\rasters_aligned\monthly\PDIR\2017_05.tif,63.627845764160156,193.26283264160156,128.38999938964844,4589,8909,4320
2017,5,2017_05,11,PERSIANN,E:\Geospatial\Precipitation Downscaling\Precipitation-Downscaling-Khulna\data\processed\rasters_aligned\monthly\PERSIANN\2017_05.tif,72.05000305175781,154.4199981689453,111.94641876220703,3576,8909,5333
2017,5,2017_05,12,Distance_Sea_meter,E:\Geospatial\Precipitation Downscaling\Precipitation-Downscaling-Khulna\data\processed\rasters_aligned\static\Distance_Sea_meter.tif,0.0,77480.6640625,24497.150390625,4837,8909,4072
2017,5,2017_05,13,Land_Aspect_Degree_30m,E:\Geospatial\Precipitation Downscaling\Precipitation-Downscaling-Khulna\data\processed\rasters_aligned\static\Land_Aspect_Degree_30m.tif,0.0,174.62100219726562,115.75617980957031,4837,8909,4072
2017,5,2017_05,14,Land_Khulna_SRTM_DEM,E:\Geospatial\Precipitation Downscaling\Precipitation-Downscaling-Khulna\data\processed\rasters_aligned\static\Land_Khulna_SRTM_DEM.tif,0.0,14.246426582336426,4.841400623321533,4837,8909,4072
2017,5,2017_05,15,Land_Slope_Degree_30m,E:\Geospatial\Precipitation Downscaling\Precipitation-Downscaling-Khulna\data\processed\rasters_aligned\static\Land_Slope_Degree_30m.tif,0.0,3.7204315662384033,1.5288087129592896,4827,8909,4082
2017,6,2017_06,1,CCS,E:\Geospatial\Precipitation Downscaling\Precipitation-Downscaling-Khulna\data\processed\rasters_aligned\monthly\CCS\2017_06.tif,456.3154296875,832.0,582.2024536132812,4589,8909,4320
2017,6,2017_06,2,CDR,E:\Geospatial\Precipitation Downscaling\Precipitation-Downscaling-Khulna\data\processed\rasters_aligned\monthly\CDR\2017_06.tif,367.0568542480469,448.7100524902344,407.0315246582031,3576,8909,5333
2017,6,2017_06,3,CHIRPS,E:\Geospatial\Precipitation Downscaling\Precipitation-Downscaling-Khulna\data\processed\rasters_aligned\monthly\CHIRPS\2017_06.tif,222.99159240722656,379.34967041015625,320.4008483886719,4732,8909,4177
2017,6,2017_06,4,ERA5,E:\Geospatial\Precipitation Downscaling\Precipitation-Downscaling-Khulna\data\processed\rasters_aligned\monthly\ERA5\2017_06.tif,309.6016845703125,577.3491821289062,380.7800598144531,4833,8909,4076
2017,6,2017_06,5,GSMaP_Gauge,E:\Geospatial\Precipitation Downscaling\Precipitation-Downscaling-Khulna\data\processed\rasters_aligned\monthly\GSMaP_Gauge\2017_06.tif,292.38385009765625,488.83453369140625,366.6820373535156,4837,8909,4072
2017,6,2017_06,6,GSMaP_MVK,E:\Geospatial\Precipitation Downscaling\Precipitation-Downscaling-Khulna\data\processed\rasters_aligned\monthly\GSMaP_MVK\2017_06.tif,279.09283447265625,1013.9373779296875,507.1585693359375,4837,8909,4072
2017,6,2017_06,7,IMERG,E:\Geospatial\Precipitation Downscaling\Precipitation-Downscaling-Khulna\data\processed\rasters_aligned\monthly\IMERG\2017_06.tif,0.4309355914592743,0.5767956972122192,0.5032489895820618,4837,8909,4072
2017,6,2017_06,8,LST,E:\Geospatial\Precipitation Downscaling\Precipitation-Downscaling-Khulna\data\processed\rasters_aligned\monthly\LST\LST_Day_2017_6.tif,17.610000610351562,33.09000015258789,28.933805465698242,4090,8909,4819
2017,6,2017_06,9,NDVI,E:\Geospatial\Precipitation Downscaling\Precipitation-Downscaling-Khulna\data\processed\rasters_aligned\monthly\NDVI\NDVI_2017_6.tif,-0.1996999979019165,0.8794000148773193,0.44021090865135193,4434,8909,4475
2017,6,2017_06,10,PDIR,E:\Geospatial\Precipitation Downscaling\Precipitation-Downscaling-Khulna\data\processed\rasters_aligned\monthly\PDIR\2017_06.tif,751.35791015625,1199.9759521484375,939.632080078125,4589,8909,4320
2017,6,2017_06,11,PERSIANN,E:\Geospatial\Precipitation Downscaling\Precipitation-Downscaling-Khulna\data\processed\rasters_aligned\monthly\PERSIANN\2017_06.tif,439.010009765625,652.4500122070312,532.1409301757812,3576,8909,5333
2017,6,2017_06,12,Distance_Sea_meter,E:\Geospatial\Precipitation Downscaling\Precipitation-Downscaling-Khulna\data\processed\rasters_aligned\static\Distance_Sea_meter.tif,0.0,77480.6640625,24497.150390625,4837,8909,4072
2017,6,2017_06,13,Land_Aspect_Degree_30m,E:\Geospatial\Precipitation Downscaling\Precipitation-Downscaling-Khulna\data\processed\rasters_aligned\static\Land_Aspect_Degree_30m.tif,0.0,174.62100219726562,115.75617980957031,4837,8909,4072
2017,6,2017_06,14,Land_Khulna_SRTM_DEM,E:\Geospatial\Precipitation Downscaling\Precipitation-Downscaling-Khulna\data\processed\rasters_aligned\static\Land_Khulna_SRTM_DEM.tif,0.0,14.246426582336426,4.841400623321533,4837,8909,4072
2017,6,2017_06,15,Land_Slope_Degree_30m,E:\Geospatial\Precipitation Downscaling\Precipitation-Downscaling-Khulna\data\processed\rasters_aligned\static\Land_Slope_Degree_30m.tif,0.0,3.7204315662384033,1.5288087129592896,4827,8909,4082
2017,7,2017_07,1,CCS,E:\Geospatial\Precipitation Downscaling\Precipitation-Downscaling-Khulna\data\processed\rasters_aligned\monthly\CCS\2017_07.tif,411.63970947265625,918.607666015625,562.4567260742188,4589,8909,4320
2017,7,2017_07,2,CDR,E:\Geospatial\Precipitation Downscaling\Precipitation-Downscaling-Khulna\data\processed\rasters_aligned\monthly\CDR\2017_07.tif,518.2024536132812,628.2353515625,562.8707885742188,3576,8909,5333
2017,7,2017_07,3,CHIRPS,E:\Geospatial\Precipitation Downscaling\Precipitation-Downscaling-Khulna\data\processed\rasters_aligned\monthly\CHIRPS\2017_07.tif,579.940185546875,738.2266235351562,648.0670776367188,4732,8909,4177
2017,7,2017_07,4,ERA5,E:\Geospatial\Precipitation Downscaling\Precipitation-Downscaling-Khulna\data\processed\rasters_aligned\monthly\ERA5\2017_07.tif,425.4041442871094,666.6768798828125,511.5938415527344,4833,8909,4076
2017,7,2017_07,5,GSMaP_Gauge,E:\Geospatial\Precipitation Downscaling\Precipitation-Downscaling-Khulna\data\processed\rasters_aligned\monthly\GSMaP_Gauge\2017_07.tif,900.6065063476562,1438.2271728515625,1099.450927734375,4837,8909,4072
2017,7,2017_07,6,GSMaP_MVK,E:\Geospatial\Precipitation Downscaling\Precipitation-Downscaling-Khulna\data\processed\rasters_aligned\monthly\GSMaP_MVK\2017_07.tif,370.33251953125,1165.697998046875,569.2872924804688,4837,8909,4072
2017,7,2017_07,7,IMERG,E:\Geospatial\Precipitation Downscaling\Precipitation-Downscaling-Khulna\data\processed\rasters_aligned\monthly\IMERG\2017_07.tif,0.7637637853622437,1.2608064413070679,0.9057682752609253,4837,8909,4072
2017,7,2017_07,8,LST,E:\Geospatial\Precipitation Downscaling\Precipitation-Downscaling-Khulna\data\processed\rasters_aligned\monthly\LST\LST_Day_2017_7.tif,9.3100004196167,31.350000381469727,26.67207145690918,927,8909,7982
2017,7,2017_07,9,NDVI,E:\Geospatial\Precipitation Downscaling\Precipitation-Downscaling-Khulna\data\processed\rasters_aligned\monthly\NDVI\NDVI_2017_7.tif,-0.18629999458789825,0.9024999737739563,0.36255890130996704,4441,8909,4468
2017,7,2017_07,10,PDIR,E:\Geospatial\Precipitation Downscaling\Precipitation-Downscaling-Khulna\data\processed\rasters_aligned\monthly\PDIR\2017_07.tif,520.0,1498.8865966796875,755.9556274414062,4589,8909,4320
2017,7,2017_07,11,PERSIANN,E:\Geospatial\Precipitation Downscaling\Precipitation-Downscaling-Khulna\data\processed\rasters_aligned\monthly\PERSIANN\2017_07.tif,378.8299865722656,646.760009765625,456.29559326171875,3576,8909,5333
2017,7,2017_07,12,Distance_Sea_meter,E:\Geospatial\Precipitation Downscaling\Precipitation-Downscaling-Khulna\data\processed\rasters_aligned\static\Distance_Sea_meter.tif,0.0,77480.6640625,24497.150390625,4837,8909,4072
2017,7,2017_07,13,Land_Aspect_Degree_30m,E:\Geospatial\Precipitation Downscaling\Precipitation-Downscaling-Khulna\data\processed\rasters_aligned\static\Land_Aspect_Degree_30m.tif,0.0,174.62100219726562,115.75617980957031,4837,8909,4072
2017,7,2017_07,14,Land_Khulna_SRTM_DEM,E:\Geospatial\Precipitation Downscaling\Precipitation-Downscaling-Khulna\data\processed\rasters_aligned\static\Land_Khulna_SRTM_DEM.tif,0.0,14.246426582336426,4.841400623321533,4837,8909,4072
2017,7,2017_07,15,Land_Slope_Degree_30m,E:\Geospatial\Precipitation Downscaling\Precipitation-Downscaling-Khulna\data\processed\rasters_aligned\static\Land_Slope_Degree_30m.tif,0.0,3.7204315662384033,1.5288087129592896,4827,8909,4082
2017,8,2017_08,1,CCS,E:\Geospatial\Precipitation Downscaling\Precipitation-Downscaling-Khulna\data\processed\rasters_aligned\monthly\CCS\2017_08.tif,210.55899047851562,464.2841491699219,323.66766357421875,4589,8909,4320
2017,8,2017_08,2,CDR,E:\Geospatial\Precipitation Downscaling\Precipitation-Downscaling-Khulna\data\processed\rasters_aligned\monthly\CDR\2017_08.tif,393.091552734375,460.5876770019531,424.6960144042969,3576,8909,5333
2017,8,2017_08,3,CHIRPS,E:\Geospatial\Precipitation Downscaling\Precipitation-Downscaling-Khulna\data\processed\rasters_aligned\monthly\CHIRPS\2017_08.tif,305.5333251953125,483.29022216796875,382.5789794921875,4732,8909,4177
2017,8,2017_08,4,ERA5,E:\Geospatial\Precipitation Downscaling\Precipitation-Downscaling-Khulna\data\processed\rasters_aligned\monthly\ERA5\2017_08.tif,341.5232849121094,448.3536682128906,380.4035339355469,4833,8909,4076
2017,8,2017_08,5,GSMaP_Gauge,E:\Geospatial\Precipitation Downscaling\Precipitation-Downscaling-Khulna\data\processed\rasters_aligned\monthly\GSMaP_Gauge\2017_08.tif,359.3465576171875,650.8546752929688,487.3128967285156,4837,8909,4072
2017,8,2017_08,6,GSMaP_MVK,E:\Geospatial\Precipitation Downscaling\Precipitation-Downscaling-Khulna\data\processed\rasters_aligned\monthly\GSMaP_MVK\2017_08.tif,219.24710083007812,263.0636901855469,235.04588317871094,438,8909,8471
2017,8,2017_08,7,IMERG,E:\Geospatial\Precipitation Downscaling\Precipitation-Downscaling-Khulna\data\processed\rasters_aligned\monthly\IMERG\2017_08.tif,0.3646881580352783,0.4864344894886017,0.4442339837551117,4837,8909,4072
2017,8,2017_08,8,LST,E:\Geospatial\Precipitation Downscaling\Precipitation-Downscaling-Khulna\data\processed\rasters_aligned\monthly\LST\LST_Day_2017_8.tif,11.770000457763672,33.75,28.52053451538086,2696,8909,6213
2017,8,2017_08,9,NDVI,E:\Geospatial\Precipitation Downscaling\Precipitation-Downscaling-Khulna\data\processed\rasters_aligned\monthly\NDVI\NDVI_2017_8.tif,-0.1979999989271164,0.9340999722480774,0.469638854265213,4442,8909,4467
2017,8,2017_08,10,PDIR,E:\Geospatial\Precipitation Downscaling\Precipitation-Downscaling-Khulna\data\processed\rasters_aligned\monthly\PDIR\2017_08.tif,406.0,656.521240234375,509.9686279296875,4589,8909,4320
2017,8,2017_08,11,PERSIANN,E:\Geospatial\Precipitation Downscaling\Precipitation-Downscaling-Khulna\data\processed\rasters_aligned\monthly\PERSIANN\2017_08.tif,217.75999450683594,256.4700012207031,239.404052734375,3576,8909,5333
2017,8,2017_08,12,Distance_Sea_meter,E:\Geospatial\Precipitation Downscaling\Precipitation-Downscaling-Khulna\data\processed\rasters_aligned\static\Distance_Sea_meter.tif,0.0,77480.6640625,24497.150390625,4837,8909,4072
2017,8,2017_08,13,Land_Aspect_Degree_30m,E:\Geospatial\Precipitation Downscaling\Precipitation-Downscaling-Khulna\data\processed\rasters_aligned\static\Land_Aspect_Degree_30m.tif,0.0,174.62100219726562,115.75617980957031,4837,8909,4072
2017,8,2017_08,14,Land_Khulna_SRTM_DEM,E:\Geospatial\Precipitation Downscaling\Precipitation-Downscaling-Khulna\data\processed\rasters_aligned\static\Land_Khulna_SRTM_DEM.tif,0.0,14.246426582336426,4.841400623321533,4837,8909,4072
2017,8,2017_08,15,Land_Slope_Degree_30m,E:\Geospatial\Precipitation Downscaling\Precipitation-Downscaling-Khulna\data\processed\rasters_aligned\static\Land_Slope_Degree_30m.tif,0.0,3.7204315662384033,1.5288087129592896,4827,8909,4082
2017,9,2017_09,1,CCS,E:\Geospatial\Precipitation Downscaling\Precipitation-Downscaling-Khulna\data\processed\rasters_aligned\monthly\CCS\2017_09.tif,226.0,464.23248291015625,338.23529052734375,4589,8909,4320
2017,9,2017_09,2,CDR,E:\Geospatial\Precipitation Downscaling\Precipitation-Downscaling-Khulna\data\processed\rasters_aligned\monthly\CDR\2017_09.tif,275.9269104003906,430.5779113769531,331.6514892578125,3576,8909,5333
2017,9,2017_09,3,CHIRPS,E:\Geospatial\Precipitation Downscaling\Precipitation-Downscaling-Khulna\data\processed\rasters_aligned\monthly\CHIRPS\2017_09.tif,167.9282989501953,307.42645263671875,233.0807342529297,4732,8909,4177
2017,9,2017_09,4,ERA5,E:\Geospatial\Precipitation Downscaling\Precipitation-Downscaling-Khulna\data\processed\rasters_aligned\monthly\ERA5\2017_09.tif,244.09678649902344,302.3046875,265.9311828613281,4833,8909,4076
2017,9,2017_09,5,GSMaP_Gauge,E:\Geospatial\Precipitation Downscaling\Precipitation-Downscaling-Khulna\data\processed\rasters_aligned\monthly\GSMaP_Gauge\2017_09.tif,233.13706970214844,746.140869140625,374.52117919921875,4837,8909,4072
2017,9,2017_09,6,GSMaP_MVK,E:\Geospatial\Precipitation Downscaling\Precipitation-Downscaling-Khulna\data\processed\rasters_aligned\monthly\GSMaP_MVK\2017_09.tif,158.94776916503906,381.1165771484375,263.9632263183594,4837,8909,4072
2017,9,2017_09,7,IMERG,E:\Geospatial\Precipitation Downscaling\Precipitation-Downscaling-Khulna\data\processed\rasters_aligned\monthly\IMERG\2017_09.tif,0.304472953081131,0.4064490497112274,0.3418649733066559,4837,8909,4072
2017,9,2017_09,8,LST,E:\Geospatial\Precipitation Downscaling\Precipitation-Downscaling-Khulna\data\processed\rasters_aligned\monthly\LST\LST_Day_2017_9.tif,18.06999969482422,38.45000076293945,28.826148986816406,4319,8909,4590
2017,9,2017_09,9,NDVI,E:\Geospatial\Precipitation Downscaling\Precipitation-Downscaling-Khulna\data\processed\rasters_aligned\monthly\NDVI\NDVI_2017_9.tif,-0.17509999871253967,0.9409000277519226,0.5923994183540344,4435,8909,4474
2017,9,2017_09,10,PDIR,E:\Geospatial\Precipitation Downscaling\Precipitation-Downscaling-Khulna\data\processed\rasters_aligned\monthly\PDIR\2017_09.tif,330.0,890.9305419921875,596.8035278320312,4589,8909,4320
2017,9,2017_09,11,PERSIANN,E:\Geospatial\Precipitation Downscaling\Precipitation-Downscaling-Khulna\data\processed\rasters_aligned\monthly\PERSIANN\2017_09.tif,240.77999877929688,296.010009765625,268.8377380371094,3576,8909,5333
2017,9,2017_09,12,Distance_Sea_meter,E:\Geospatial\Precipitation Downscaling\Precipitation-Downscaling-Khulna\data\processed\rasters_aligned\static\Distance_Sea_meter.tif,0.0,77480.6640625,24497.150390625,4837,8909,4072
2017,9,2017_09,13,Land_Aspect_Degree_30m,E:\Geospatial\Precipitation Downscaling\Precipitation-Downscaling-Khulna\data\processed\rasters_aligned\static\Land_Aspect_Degree_30m.tif,0.0,174.62100219726562,115.75617980957031,4837,8909,4072
2017,9,2017_09,14,Land_Khulna_SRTM_DEM,E:\Geospatial\Precipitation Downscaling\Precipitation-Downscaling-Khulna\data\processed\rasters_aligned\static\Land_Khulna_SRTM_DEM.tif,0.0,14.246426582336426,4.841400623321533,4837,8909,4072
2017,9,2017_09,15,Land_Slope_Degree_30m,E:\Geospatial\Precipitation Downscaling\Precipitation-Downscaling-Khulna\data\processed\rasters_aligned\static\Land_Slope_Degree_30m.tif,0.0,3.7204315662384033,1.5288087129592896,4827,8909,4082
2017,10,2017_10,1,CCS,E:\Geospatial\Precipitation Downscaling\Precipitation-Downscaling-Khulna\data\processed\rasters_aligned\monthly\CCS\2017_10.tif,136.8195343017578,532.0,277.99127197265625,4589,8909,4320
2017,10,2017_10,2,CDR,E:\Geospatial\Precipitation Downscaling\Precipitation-Downscaling-Khulna\data\processed\rasters_aligned\monthly\CDR\2017_10.tif,257.7383728027344,390.2572021484375,309.50091552734375,3576,8909,5333
2017,10,2017_10,3,CHIRPS,E:\Geospatial\Precipitation Downscaling\Precipitation-Downscaling-Khulna\data\processed\rasters_aligned\monthly\CHIRPS\2017_10.tif,316.8362731933594,525.6132202148438,437.00750732421875,4732,8909,4177
2017,10,2017_10,4,ERA5,E:\Geospatial\Precipitation Downscaling\Precipitation-Downscaling-Khulna\data\processed\rasters_aligned\monthly\ERA5\2017_10.tif,217.44488525390625,406.30596923828125,238.44004821777344,4833,8909,4076
2017,10,2017_10,5,GSMaP_Gauge,E:\Geospatial\Precipitation Downscaling\Precipitation-Downscaling-Khulna\data\processed\rasters_aligned\monthly\GSMaP_Gauge\2017_10.tif,543.266357421875,1154.0328369140625,673.6973266601562,4837,8909,4072
2017,10,2017_10,6,GSMaP_MVK,E:\Geospatial\Precipitation Downscaling\Precipitation-Downscaling-Khulna\data\processed\rasters_aligned\monthly\GSMaP_MVK\2017_10.tif,265.09375,652.4466552734375,398.48077392578125,4837,8909,4072
2017,10,2017_10,7,IMERG,E:\Geospatial\Precipitation Downscaling\Precipitation-Downscaling-Khulna\data\processed\rasters_aligned\monthly\IMERG\2017_10.tif,0.4756380617618561,0.7738329172134399,0.5442574620246887,4837,8909,4072
2017,10,2017_10,8,LST,E:\Geospatial\Precipitation Downscaling\Precipitation-Downscaling-Khulna\data\processed\rasters_aligned\monthly\LST\LST_Day_2017_10.tif,25.520000457763672,32.0966682434082,27.69636344909668,4340,8909,4569
2017,10,2017_10,9,NDVI,E:\Geospatial\Precipitation Downscaling\Precipitation-Downscaling-Khulna\data\processed\rasters_aligned\monthly\NDVI\NDVI_2017_10.tif,-0.20000000298023224,0.8823999762535095,0.5949923396110535,4423,8909,4486
2017,10,2017_10,10,PDIR,E:\Geospatial\Precipitation Downscaling\Precipitation-Downscaling-Khulna\data\processed\rasters_aligned\monthly\PDIR\2017_10.tif,199.49990844726562,1072.99267578125,500.7432556152344,4589,8909,4320
2017,10,2017_10,11,PERSIANN,E:\Geospatial\Precipitation Downscaling\Precipitation-Downscaling-Khulna\data\processed\rasters_aligned\monthly\PERSIANN\2017_10.tif,153.0399932861328,335.55999755859375,223.6668701171875,3576,8909,5333
2017,10,2017_10,12,Distance_Sea_meter,E:\Geospatial\Precipitation Downscaling\Precipitation-Downscaling-Khulna\data\processed\rasters_aligned\static\Distance_Sea_meter.tif,0.0,77480.6640625,24497.150390625,4837,8909,4072
2017,10,2017_10,13,Land_Aspect_Degree_30m,E:\Geospatial\Precipitation Downscaling\Precipitation-Downscaling-Khulna\data\processed\rasters_aligned\static\Land_Aspect_Degree_30m.tif,0.0,174.62100219726562,115.75617980957031,4837,8909,4072
2017,10,2017_10,14,Land_Khulna_SRTM_DEM,E:\Geospatial\Precipitation Downscaling\Precipitation-Downscaling-Khulna\data\processed\rasters_aligned\static\Land_Khulna_SRTM_DEM.tif,0.0,14.246426582336426,4.841400623321533,4837,8909,4072
2017,10,2017_10,15,Land_Slope_Degree_30m,E:\Geospatial\Precipitation Downscaling\Precipitation-Downscaling-Khulna\data\processed\rasters_aligned\static\Land_Slope_Degree_30m.tif,0.0,3.7204315662384033,1.5288087129592896,4827,8909,4082
2017,11,2017_11,1,CCS,E:\Geospatial\Precipitation Downscaling\Precipitation-Downscaling-Khulna\data\processed\rasters_aligned\monthly\CCS\2017_11.tif,28.292278289794922,82.47013092041016,50.331214904785156,4589,8909,4320
2017,11,2017_11,2,CDR,E:\Geospatial\Precipitation Downscaling\Precipitation-Downscaling-Khulna\data\processed\rasters_aligned\monthly\CDR\2017_11.tif,20.85188102722168,25.409523010253906,23.20511245727539,3576,8909,5333
2017,11,2017_11,3,CHIRPS,E:\Geospatial\Precipitation Downscaling\Precipitation-Downscaling-Khulna\data\processed\rasters_aligned\monthly\CHIRPS\2017_11.tif,20.114364624023438,54.29548645019531,37.11113739013672,4732,8909,4177
2017,11,2017_11,4,ERA5,E:\Geospatial\Precipitation Downscaling\Precipitation-Downscaling-Khulna\data\processed\rasters_aligned\monthly\ERA5\2017_11.tif,32.71519470214844,121.94482421875,67.95167541503906,4833,8909,4076
2017,11,2017_11,5,GSMaP_Gauge,E:\Geospatial\Precipitation Downscaling\Precipitation-Downscaling-Khulna\data\processed\rasters_aligned\monthly\GSMaP_Gauge\2017_11.tif,33.53788375854492,44.09576416015625,39.58543014526367,4837,8909,4072
2017,11,2017_11,6,GSMaP_MVK,E:\Geospatial\Precipitation Downscaling\Precipitation-Downscaling-Khulna\data\processed\rasters_aligned\monthly\GSMaP_MVK\2017_11.tif,78.6648178100586,138.27464294433594,99.24602508544922,4837,8909,4072
2017,11,2017_11,7,IMERG,E:\Geospatial\Precipitation Downscaling\Precipitation-Downscaling-Khulna\data\processed\rasters_aligned\monthly\IMERG\2017_11.tif,0.03402138128876686,0.11256550252437592,0.04085808992385864,4837,8909,4072
2017,11,2017_11,8,LST,E:\Geospatial\Precipitation Downscaling\Precipitation-Downscaling-Khulna\data\processed\rasters_aligned\monthly\LST\LST_Day_2017_11.tif,24.53499984741211,30.34000015258789,25.81561851501465,4340,8909,4569
2017,11,2017_11,9,NDVI,E:\Geospatial\Precipitation Downscaling\Precipitation-Downscaling-Khulna\data\processed\rasters_aligned\monthly\NDVI\NDVI_2017_11.tif,-0.1981000006198883,0.8810999989509583,0.5796132683753967,4421,8909,4488
2017,11,2017_11,10,PDIR,E:\Geospatial\Precipitation Downscaling\Precipitation-Downscaling-Khulna\data\processed\rasters_aligned\monthly\PDIR\2017_11.tif,33.0,98.68187713623047,54.773311614990234,4589,8909,4320
2017,11,2017_11,11,PERSIANN,E:\Geospatial\Precipitation Downscaling\Precipitation-Downscaling-Khulna\data\processed\rasters_aligned\monthly\PERSIANN\2017_11.tif,57.599998474121094,73.91999816894531,64.7388916015625,3576,8909,5333
2017,11,2017_11,12,Distance_Sea_meter,E:\Geospatial\Precipitation Downscaling\Precipitation-Downscaling-Khulna\data\processed\rasters_aligned\static\Distance_Sea_meter.tif,0.0,77480.6640625,24497.150390625,4837,8909,4072
2017,11,2017_11,13,Land_Aspect_Degree_30m,E:\Geospatial\Precipitation Downscaling\Precipitation-Downscaling-Khulna\data\processed\rasters_aligned\static\Land_Aspect_Degree_30m.tif,0.0,174.62100219726562,115.75617980957031,4837,8909,4072
2017,11,2017_11,14,Land_Khulna_SRTM_DEM,E:\Geospatial\Precipitation Downscaling\Precipitation-Downscaling-Khulna\data\processed\rasters_aligned\static\Land_Khulna_SRTM_DEM.tif,0.0,14.246426582336426,4.841400623321533,4837,8909,4072
2017,11,2017_11,15,Land_Slope_Degree_30m,E:\Geospatial\Precipitation Downscaling\Precipitation-Downscaling-Khulna\data\processed\rasters_aligned\static\Land_Slope_Degree_30m.tif,0.0,3.7204315662384033,1.5288087129592896,4827,8909,4082
2017,12,2017_12,1,CCS,E:\Geospatial\Precipitation Downscaling\Precipitation-Downscaling-Khulna\data\processed\rasters_aligned\monthly\CCS\2017_12.tif,1.0,70.78370666503906,23.48100471496582,4589,8909,4320
2017,12,2017_12,2,CDR,E:\Geospatial\Precipitation Downscaling\Precipitation-Downscaling-Khulna\data\processed\rasters_aligned\monthly\CDR\2017_12.tif,53.17607498168945,70.30933380126953,61.58205032348633,3576,8909,5333
2017,12,2017_12,3,CHIRPS,E:\Geospatial\Precipitation Downscaling\Precipitation-Downscaling-Khulna\data\processed\rasters_aligned\monthly\CHIRPS\2017_12.tif,11.346577644348145,45.57003402709961,22.835599899291992,4732,8909,4177
2017,12,2017_12,4,ERA5,E:\Geospatial\Precipitation Downscaling\Precipitation-Downscaling-Khulna\data\processed\rasters_aligned\monthly\ERA5\2017_12.tif,68.6605224609375,95.51313018798828,81.27448272705078,4833,8909,4076
2017,12,2017_12,5,GSMaP_Gauge,E:\Geospatial\Precipitation Downscaling\Precipitation-Downscaling-Khulna\data\processed\rasters_aligned\monthly\GSMaP_Gauge\2017_12.tif,83.71464538574219,108.57176971435547,96.75497436523438,4837,8909,4072
2017,12,2017_12,6,GSMaP_MVK,E:\Geospatial\Precipitation Downscaling\Precipitation-Downscaling-Khulna\data\processed\rasters_aligned\monthly\GSMaP_MVK\2017_12.tif,101.74725341796875,525.0759887695312,209.63302612304688,4837,8909,4072
2017,12,2017_12,7,IMERG,E:\Geospatial\Precipitation Downscaling\Precipitation-Downscaling-Khulna\data\processed\rasters_aligned\monthly\IMERG\2017_12.tif,0.05948581174015999,0.18217428028583527,0.0851389691233635,4837,8909,4072
2017,12,2017_12,8,LST,E:\Geospatial\Precipitation Downscaling\Precipitation-Downscaling-Khulna\data\processed\rasters_aligned\monthly\LST\LST_Day_2017_12.tif,21.625,26.565000534057617,23.19035530090332,4340,8909,4569
2017,12,2017_12,9,NDVI,E:\Geospatial\Precipitation Downscaling\Precipitation-Downscaling-Khulna\data\processed\rasters_aligned\monthly\NDVI\NDVI_2017_12.tif,-0.1996999979019165,0.8978999853134155,0.5304531455039978,4431,8909,4478
2017,12,2017_12,10,PDIR,E:\Geospatial\Precipitation Downscaling\Precipitation-Downscaling-Khulna\data\processed\rasters_aligned\monthly\PDIR\2017_12.tif,1.363875389099121,278.0,98.16265106201172,4589,8909,4320
2017,12,2017_12,11,PERSIANN,E:\Geospatial\Precipitation Downscaling\Precipitation-Downscaling-Khulna\data\processed\rasters_aligned\monthly\PERSIANN\2017_12.tif,20.549999237060547,114.5,55.15614700317383,3576,8909,5333
2017,12,2017_12,12,Distance_Sea_meter,E:\Geospatial\Precipitation Downscaling\Precipitation-Downscaling-Khulna\data\processed\rasters_aligned\static\Distance_Sea_meter.tif,0.0,77480.6640625,24497.150390625,4837,8909,4072
2017,12,2017_12,13,Land_Aspect_Degree_30m,E:\Geospatial\Precipitation Downscaling\Precipitation-Downscaling-Khulna\data\processed\rasters_aligned\static\Land_Aspect_Degree_30m.tif,0.0,174.62100219726562,115.75617980957031,4837,8909,4072
2017,12,2017_12,14,Land_Khulna_SRTM_DEM,E:\Geospatial\Precipitation Downscaling\Precipitation-Downscaling-Khulna\data\processed\rasters_aligned\static\Land_Khulna_SRTM_DEM.tif,0.0,14.246426582336426,4.841400623321533,4837,8909,4072
2017,12,2017_12,15,Land_Slope_Degree_30m,E:\Geospatial\Precipitation Downscaling\Precipitation-Downscaling-Khulna\data\processed\rasters_aligned\static\Land_Slope_Degree_30m.tif,0.0,3.7204315662384033,1.5288087129592896,4827,8909,4082
2018,1,2018_01,1,CCS,E:\Geospatial\Precipitation Downscaling\Precipitation-Downscaling-Khulna\data\processed\rasters_aligned\monthly\CCS\2018_01.tif,1.0,21.0,5.5708465576171875,4589,8909,4320
2018,1,2018_01,2,CDR,E:\Geospatial\Precipitation Downscaling\Precipitation-Downscaling-Khulna\data\processed\rasters_aligned\monthly\CDR\2018_01.tif,5.215754985809326,10.399051666259766,8.493677139282227,3576,8909,5333
2018,1,2018_01,3,CHIRPS,E:\Geospatial\Precipitation Downscaling\Precipitation-Downscaling-Khulna\data\processed\rasters_aligned\monthly\CHIRPS\2018_01.tif,4.111791133880615,11.479135513305664,7.463408946990967,4732,8909,4177
2018,1,2018_01,4,ERA5,E:\Geospatial\Precipitation Downscaling\Precipitation-Downscaling-Khulna\data\processed\rasters_aligned\monthly\ERA5\2018_01.tif,0.001257723430171609,1.9285078048706055,0.24415799975395203,4833,8909,4076
2018,1,2018_01,5,GSMaP_Gauge,E:\Geospatial\Precipitation Downscaling\Precipitation-Downscaling-Khulna\data\processed\rasters_aligned\monthly\GSMaP_Gauge\2018_01.tif,0.0,2.018324136734009,0.045383796095848083,4837,8909,4072
2018,1,2018_01,6,GSMaP_MVK,E:\Geospatial\Precipitation Downscaling\Precipitation-Downscaling-Khulna\data\processed\rasters_aligned\monthly\GSMaP_MVK\2018_01.tif,0.0,51.3303337097168,13.798724174499512,4837,8909,4072
2018,1,2018_01,7,IMERG,E:\Geospatial\Precipitation Downscaling\Precipitation-Downscaling-Khulna\data\processed\rasters_aligned\monthly\IMERG\2018_01.tif,0.0,0.004864681977778673,0.0001808168599382043,4837,8909,4072
2018,1,2018_01,8,LST,E:\Geospatial\Precipitation Downscaling\Precipitation-Downscaling-Khulna\data\processed\rasters_aligned\monthly\LST\LST_Day_2018_1.tif,19.325000762939453,24.39666748046875,20.931779861450195,4340,8909,4569
2018,1,2018_01,9,NDVI,E:\Geospatial\Precipitation Downscaling\Precipitation-Downscaling-Khulna\data\processed\rasters_aligned\monthly\NDVI\NDVI_2018_1.tif,-0.1996999979019165,0.8603000044822693,0.44666939973831177,4417,8909,4492
2018,1,2018_01,10,PDIR,E:\Geospatial\Precipitation Downscaling\Precipitation-Downscaling-Khulna\data\processed\rasters_aligned\monthly\PDIR\2018_01.tif,2.0,38.57147216796875,13.028197288513184,4589,8909,4320
2018,1,2018_01,11,PERSIANN,E:\Geospatial\Precipitation Downscaling\Precipitation-Downscaling-Khulna\data\processed\rasters_aligned\monthly\PERSIANN\2018_01.tif,17.979999542236328,39.04999923706055,27.895278930664062,3576,8909,5333
2018,1,2018_01,12,Distance_Sea_meter,E:\Geospatial\Precipitation Downscaling\Precipitation-Downscaling-Khulna\data\processed\rasters_aligned\static\Distance_Sea_meter.tif,0.0,77480.6640625,24497.150390625,4837,8909,4072
2018,1,2018_01,13,Land_Aspect_Degree_30m,E:\Geospatial\Precipitation Downscaling\Precipitation-Downscaling-Khulna\data\processed\rasters_aligned\static\Land_Aspect_Degree_30m.tif,0.0,174.62100219726562,115.75617980957031,4837,8909,4072
2018,1,2018_01,14,Land_Khulna_SRTM_DEM,E:\Geospatial\Precipitation Downscaling\Precipitation-Downscaling-Khulna\data\processed\rasters_aligned\static\Land_Khulna_SRTM_DEM.tif,0.0,14.246426582336426,4.841400623321533,4837,8909,4072
2018,1,2018_01,15,Land_Slope_Degree_30m,E:\Geospatial\Precipitation Downscaling\Precipitation-Downscaling-Khulna\data\processed\rasters_aligned\static\Land_Slope_Degree_30m.tif,0.0,3.7204315662384033,1.5288087129592896,4827,8909,4082
2018,2,2018_02,1,CCS,E:\Geospatial\Precipitation Downscaling\Precipitation-Downscaling-Khulna\data\processed\rasters_aligned\monthly\CCS\2018_02.tif,1.0,26.407001495361328,7.66085958480835,4589,8909,4320
2018,2,2018_02,2,CDR,E:\Geospatial\Precipitation Downscaling\Precipitation-Downscaling-Khulna\data\processed\rasters_aligned\monthly\CDR\2018_02.tif,4.303679466247559,7.665883541107178,6.3614678382873535,3576,8909,5333
2018,2,2018_02,3,CHIRPS,E:\Geospatial\Precipitation Downscaling\Precipitation-Downscaling-Khulna\data\processed\rasters_aligned\monthly\CHIRPS\2018_02.tif,7.751290321350098,21.022287368774414,16.954303741455078,4732,8909,4177
2018,2,2018_02,4,ERA5,E:\Geospatial\Precipitation Downscaling\Precipitation-Downscaling-Khulna\data\processed\rasters_aligned\monthly\ERA5\2018_02.tif,0.09853672981262207,2.4528839588165283,1.0331107378005981,4833,8909,4076
2018,2,2018_02,5,GSMaP_Gauge,E:\Geospatial\Precipitation Downscaling\Precipitation-Downscaling-Khulna\data\processed\rasters_aligned\monthly\GSMaP_Gauge\2018_02.tif,0.0,7.341581344604492,2.1007602214813232,4837,8909,4072
2018,2,2018_02,6,GSMaP_MVK,E:\Geospatial\Precipitation Downscaling\Precipitation-Downscaling-Khulna\data\processed\rasters_aligned\monthly\GSMaP_MVK\2018_02.tif,0.01182745210826397,9.540292739868164,5.038141250610352,4837,8909,4072
2018,2,2018_02,7,IMERG,E:\Geospatial\Precipitation Downscaling\Precipitation-Downscaling-Khulna\data\processed\rasters_aligned\monthly\IMERG\2018_02.tif,0.0010000000474974513,0.00596963707357645,0.0024909893982112408,4837,8909,4072
2018,2,2018_02,8,LST,E:\Geospatial\Precipitation Downscaling\Precipitation-Downscaling-Khulna\data\processed\rasters_aligned\monthly\LST\LST_Day_2018_2.tif,22.395000457763672,30.260000228881836,25.769407272338867,4340,8909,4569
2018,2,2018_02,9,NDVI,E:\Geospatial\Precipitation Downscaling\Precipitation-Downscaling-Khulna\data\processed\rasters_aligned\monthly\NDVI\NDVI_2018_2.tif,-0.19869999587535858,0.8603000044822693,0.4454735815525055,4429,8909,4480
2018,2,2018_02,10,PDIR,E:\Geospatial\Precipitation Downscaling\Precipitation-Downscaling-Khulna\data\processed\rasters_aligned\monthly\PDIR\2018_02.tif,11.576640129089355,87.19256591796875,43.22885513305664,4589,8909,4320
2018,2,2018_02,11,PERSIANN,E:\Geospatial\Precipitation Downscaling\Precipitation-Downscaling-Khulna\data\processed\rasters_aligned\monthly\PERSIANN\2018_02.tif,0.5825842022895813,3.490000009536743,1.9871129989624023,3576,8909,5333
2018,2,2018_02,12,Distance_Sea_meter,E:\Geospatial\Precipitation Downscaling\Precipitation-Downscaling-Khulna\data\processed\rasters_aligned\static\Distance_Sea_meter.tif,0.0,77480.6640625,24497.150390625,4837,8909,4072
2018,2,2018_02,13,Land_Aspect_Degree_30m,E:\Geospatial\Precipitation Downscaling\Precipitation-Downscaling-Khulna\data\processed\rasters_aligned\static\Land_Aspect_Degree_30m.tif,0.0,174.62100219726562,115.75617980957031,4837,8909,4072
2018,2,2018_02,14,Land_Khulna_SRTM_DEM,E:\Geospatial\Precipitation Downscaling\Precipitation-Downscaling-Khulna\data\processed\rasters_aligned\static\Land_Khulna_SRTM_DEM.tif,0.0,14.246426582336426,4.841400623321533,4837,8909,4072
2018,2,2018_02,15,Land_Slope_Degree_30m,E:\Geospatial\Precipitation Downscaling\Precipitation-Downscaling-Khulna\data\processed\rasters_aligned\static\Land_Slope_Degree_30m.tif,0.0,3.7204315662384033,1.5288087129592896,4827,8909,4082
2018,3,2018_03,1,CCS,E:\Geospatial\Precipitation Downscaling\Precipitation-Downscaling-Khulna\data\processed\rasters_aligned\monthly\CCS\2018_03.tif,7.010608196258545,52.0,22.305736541748047,4589,8909,4320
2018,3,2018_03,2,CDR,E:\Geospatial\Precipitation Downscaling\Precipitation-Downscaling-Khulna\data\processed\rasters_aligned\monthly\CDR\2018_03.tif,14.16258716583252,23.891395568847656,17.220947265625,3576,8909,5333
2018,3,2018_03,3,CHIRPS,E:\Geospatial\Precipitation Downscaling\Precipitation-Downscaling-Khulna\data\processed\rasters_aligned\monthly\CHIRPS\2018_03.tif,10.408161163330078,23.493694305419922,20.72256851196289,4732,8909,4177
2018,3,2018_03,4,ERA5,E:\Geospatial\Precipitation Downscaling\Precipitation-Downscaling-Khulna\data\processed\rasters_aligned\monthly\ERA5\2018_03.tif,2.7259342670440674,27.48262596130371,19.170549392700195,4833,8909,4076
2018,3,2018_03,5,GSMaP_Gauge,E:\Geospatial\Precipitation Downscaling\Precipitation-Downscaling-Khulna\data\processed\rasters_aligned\monthly\GSMaP_Gauge\2018_03.tif,1.3377423286437988,6.1602959632873535,2.9138660430908203,4837,8909,4072
2018,3,2018_03,6,GSMaP_MVK,E:\Geospatial\Precipitation Downscaling\Precipitation-Downscaling-Khulna\data\processed\rasters_aligned\monthly\GSMaP_MVK\2018_03.tif,2.2215452194213867,18.562742233276367,12.769181251525879,4837,8909,4072
2018,3,2018_03,7,IMERG,E:\Geospatial\Precipitation Downscaling\Precipitation-Downscaling-Khulna\data\processed\rasters_aligned\monthly\IMERG\2018_03.tif,0.0030589227098971605,0.06260789930820465,0.00836582388728857,4837,8909,4072
2018,3,2018_03,8,LST,E:\Geospatial\Precipitation Downscaling\Precipitation-Downscaling-Khulna\data\processed\rasters_aligned\monthly\LST\LST_Day_2018_3.tif,25.434999465942383,34.96500015258789,28.767656326293945,4340,8909,4569
2018,3,2018_03,9,NDVI,E:\Geospatial\Precipitation Downscaling\Precipitation-Downscaling-Khulna\data\processed\rasters_aligned\monthly\NDVI\NDVI_2018_3.tif,-0.19760000705718994,0.9898999929428101,0.4891011714935303,4442,8909,4467
2018,3,2018_03,10,PDIR,E:\Geospatial\Precipitation Downscaling\Precipitation-Downscaling-Khulna\data\processed\rasters_aligned\monthly\PDIR\2018_03.tif,23.367338180541992,131.367431640625,67.52992248535156,4589,8909,4320
2018,3,2018_03,11,PERSIANN,E:\Geospatial\Precipitation Downscaling\Precipitation-Downscaling-Khulna\data\processed\rasters_aligned\monthly\PERSIANN\2018_03.tif,38.25,98.51467895507812,69.18844604492188,3576,8909,5333
2018,3,2018_03,12,Distance_Sea_meter,E:\Geospatial\Precipitation Downscaling\Precipitation-Downscaling-Khulna\data\processed\rasters_aligned\static\Distance_Sea_meter.tif,0.0,77480.6640625,24497.150390625,4837,8909,4072
2018,3,2018_03,13,Land_Aspect_Degree_30m,E:\Geospatial\Precipitation Downscaling\Precipitation-Downscaling-Khulna\data\processed\rasters_aligned\static\Land_Aspect_Degree_30m.tif,0.0,174.62100219726562,115.75617980957031,4837,8909,4072
2018,3,2018_03,14,Land_Khulna_SRTM_DEM,E:\Geospatial\Precipitation Downscaling\Precipitation-Downscaling-Khulna\data\processed\rasters_aligned\static\Land_Khulna_SRTM_DEM.tif,0.0,14.246426582336426,4.841400623321533,4837,8909,4072
2018,3,2018_03,15,Land_Slope_Degree_30m,E:\Geospatial\Precipitation Downscaling\Precipitation-Downscaling-Khulna\data\processed\rasters_aligned\static\Land_Slope_Degree_30m.tif,0.0,3.7204315662384033,1.5288087129592896,4827,8909,4082
2018,4,2018_04,1,CCS,E:\Geospatial\Precipitation Downscaling\Precipitation-Downscaling-Khulna\data\processed\rasters_aligned\monthly\CCS\2018_04.tif,27.0,147.11192321777344,71.6021728515625,4589,8909,4320
2018,4,2018_04,2,CDR,E:\Geospatial\Precipitation Downscaling\Precipitation-Downscaling-Khulna\data\processed\rasters_aligned\monthly\CDR\2018_04.tif,138.00131225585938,190.59873962402344,171.78775024414062,3576,8909,5333
2018,4,2018_04,3,CHIRPS,E:\Geospatial\Precipitation Downscaling\Precipitation-Downscaling-Khulna\data\processed\rasters_aligned\monthly\CHIRPS\2018_04.tif,44.7592887878418,139.26162719726562,108.86609649658203,4732,8909,4177
2018,4,2018_04,4,ERA5,E:\Geospatial\Precipitation Downscaling\Precipitation-Downscaling-Khulna\data\processed\rasters_aligned\monthly\ERA5\2018_04.tif,35.38956069946289,166.93211364746094,105.35111236572266,4833,8909,4076
2018,4,2018_04,5,GSMaP_Gauge,E:\Geospatial\Precipitation Downscaling\Precipitation-Downscaling-Khulna\data\processed\rasters_aligned\monthly\GSMaP_Gauge\2018_04.tif,42.39654541015625,208.82957458496094,95.5798110961914,4837,8909,4072
2018,4,2018_04,6,GSMaP_MVK,E:\Geospatial\Precipitation Downscaling\Precipitation-Downscaling-Khulna\data\processed\rasters_aligned\monthly\GSMaP_MVK\2018_04.tif,21.494840621948242,483.16156005859375,204.6760711669922,4837,8909,4072
2018,4,2018_04,7,IMERG,E:\Geospatial\Precipitation Downscaling\Precipitation-Downscaling-Khulna\data\processed\rasters_aligned\monthly\IMERG\2018_04.tif,0.08245094865560532,0.22053559124469757,0.13620227575302124,4837,8909,4072
2018,4,2018_04,8,LST,E:\Geospatial\Precipitation Downscaling\Precipitation-Downscaling-Khulna\data\processed\rasters_aligned\monthly\LST\LST_Day_2018_4.tif,23.93666648864746,36.130001068115234,28.705297470092773,4340,8909,4569
2018,4,2018_04,9,NDVI,E:\Geospatial\Precipitation Downscaling\Precipitation-Downscaling-Khulna\data\processed\rasters_aligned\monthly\NDVI\NDVI_2018_4.tif,-0.19850000739097595,0.9524999856948853,0.5025430917739868,4431,8909,4478
2018,4,2018_04,10,PDIR,E:\Geospatial\Precipitation Downscaling\Precipitation-Downscaling-Khulna\data\processed\rasters_aligned\monthly\PDIR\2018_04.tif,115.0,321.1774597167969,213.62017822265625,4589,8909,4320
2018,4,2018_04,11,PERSIANN,E:\Geospatial\Precipitation Downscaling\Precipitation-Downscaling-Khulna\data\processed\rasters_aligned\monthly\PERSIANN\2018_04.tif,121.37999725341797,218.94000244140625,178.96531677246094,3576,8909,5333
2018,4,2018_04,12,Distance_Sea_meter,E:\Geospatial\Precipitation Downscaling\Precipitation-Downscaling-Khulna\data\processed\rasters_aligned\static\Distance_Sea_meter.tif,0.0,77480.6640625,24497.150390625,4837,8909,4072
2018,4,2018_04,13,Land_Aspect_Degree_30m,E:\Geospatial\Precipitation Downscaling\Precipitation-Downscaling-Khulna\data\processed\rasters_aligned\static\Land_Aspect_Degree_30m.tif,0.0,174.62100219726562,115.75617980957031,4837,8909,4072
2018,4,2018_04,14,Land_Khulna_SRTM_DEM,E:\Geospatial\Precipitation Downscaling\Precipitation-Downscaling-Khulna\data\processed\rasters_aligned\static\Land_Khulna_SRTM_DEM.tif,0.0,14.246426582336426,4.841400623321533,4837,8909,4072
2018,4,2018_04,15,Land_Slope_Degree_30m,E:\Geospatial\Precipitation Downscaling\Precipitation-Downscaling-Khulna\data\processed\rasters_aligned\static\Land_Slope_Degree_30m.tif,0.0,3.7204315662384033,1.5288087129592896,4827,8909,4082
2018,5,2018_05,1,CCS,E:\Geospatial\Precipitation Downscaling\Precipitation-Downscaling-Khulna\data\processed\rasters_aligned\monthly\CCS\2018_05.tif,44.14402770996094,187.0,81.15834045410156,4589,8909,4320
2018,5,2018_05,2,CDR,E:\Geospatial\Precipitation Downscaling\Precipitation-Downscaling-Khulna\data\processed\rasters_aligned\monthly\CDR\2018_05.tif,208.4732666015625,327.6285095214844,237.07334899902344,3576,8909,5333
2018,5,2018_05,3,CHIRPS,E:\Geospatial\Precipitation Downscaling\Precipitation-Downscaling-Khulna\data\processed\rasters_aligned\monthly\CHIRPS\2018_05.tif,97.45803833007812,267.1036682128906,162.59629821777344,4732,8909,4177
2018,5,2018_05,4,ERA5,E:\Geospatial\Precipitation Downscaling\Precipitation-Downscaling-Khulna\data\processed\rasters_aligned\monthly\ERA5\2018_05.tif,147.18515014648438,338.98956298828125,254.46646118164062,4833,8909,4076
2018,5,2018_05,5,GSMaP_Gauge,E:\Geospatial\Precipitation Downscaling\Precipitation-Downscaling-Khulna\data\processed\rasters_aligned\monthly\GSMaP_Gauge\2018_05.tif,120.5058822631836,334.4205627441406,218.61106872558594,4837,8909,4072
2018,5,2018_05,6,GSMaP_MVK,E:\Geospatial\Precipitation Downscaling\Precipitation-Downscaling-Khulna\data\processed\rasters_aligned\monthly\GSMaP_MVK\2018_05.tif,152.26296997070312,703.801513671875,270.2571716308594,4837,8909,4072
2018,5,2018_05,7,IMERG,E:\Geospatial\Precipitation Downscaling\Precipitation-Downscaling-Khulna\data\processed\rasters_aligned\monthly\IMERG\2018_05.tif,0.13395379483699799,0.3551133871078491,0.280392050743103,4837,8909,4072
2018,5,2018_05,8,LST,E:\Geospatial\Precipitation Downscaling\Precipitation-Downscaling-Khulna\data\processed\rasters_aligned\monthly\LST\LST_Day_2018_5.tif,22.979999542236328,33.20000076293945,27.758705139160156,4340,8909,4569
2018,5,2018_05,9,NDVI,E:\Geospatial\Precipitation Downscaling\Precipitation-Downscaling-Khulna\data\processed\rasters_aligned\monthly\NDVI\NDVI_2018_5.tif,-0.16259999573230743,0.963100016117096,0.4432321786880493,4437,8909,4472
2018,5,2018_05,10,PDIR,E:\Geospatial\Precipitation Downscaling\Precipitation-Downscaling-Khulna\data\processed\rasters_aligned\monthly\PDIR\2018_05.tif,109.9063720703125,265.0,171.29861450195312,4589,8909,4320
2018,5,2018_05,11,PERSIANN,E:\Geospatial\Precipitation Downscaling\Precipitation-Downscaling-Khulna\data\processed\rasters_aligned\monthly\PERSIANN\2018_05.tif,103.9000015258789,224.1699981689453,154.87510681152344,3576,8909,5333
2018,5,2018_05,12,Distance_Sea_meter,E:\Geospatial\Precipitation Downscaling\Precipitation-Downscaling-Khulna\data\processed\rasters_aligned\static\Distance_Sea_meter.tif,0.0,77480.6640625,24497.150390625,4837,8909,4072
2018,5,2018_05,13,Land_Aspect_Degree_30m,E:\Geospatial\Precipitation Downscaling\Precipitation-Downscaling-Khulna\data\processed\rasters_aligned\static\Land_Aspect_Degree_30m.tif,0.0,174.62100219726562,115.75617980957031,4837,8909,4072
2018,5,2018_05,14,Land_Khulna_SRTM_DEM,E:\Geospatial\Precipitation Downscaling\Precipitation-Downscaling-Khulna\data\processed\rasters_aligned\static\Land_Khulna_SRTM_DEM.tif,0.0,14.246426582336426,4.841400623321533,4837,8909,4072
2018,5,2018_05,15,Land_Slope_Degree_30m,E:\Geospatial\Precipitation Downscaling\Precipitation-Downscaling-Khulna\data\processed\rasters_aligned\static\Land_Slope_Degree_30m.tif,0.0,3.7204315662384033,1.5288087129592896,4827,8909,4082
2018,6,2018_06,1,CCS,E:\Geospatial\Precipitation Downscaling\Precipitation-Downscaling-Khulna\data\processed\rasters_aligned\monthly\CCS\2018_06.tif,277.05548095703125,989.0655517578125,580.5474243164062,4589,8909,4320
2018,6,2018_06,2,CDR,E:\Geospatial\Precipitation Downscaling\Precipitation-Downscaling-Khulna\data\processed\rasters_aligned\monthly\CDR\2018_06.tif,315.3420104980469,508.12579345703125,405.047607421875,3576,8909,5333
2018,6,2018_06,3,CHIRPS,E:\Geospatial\Precipitation Downscaling\Precipitation-Downscaling-Khulna\data\processed\rasters_aligned\monthly\CHIRPS\2018_06.tif,223.28463745117188,372.2680969238281,313.0505676269531,4732,8909,4177
2018,6,2018_06,4,ERA5,E:\Geospatial\Precipitation Downscaling\Precipitation-Downscaling-Khulna\data\processed\rasters_aligned\monthly\ERA5\2018_06.tif,304.28057861328125,402.1947021484375,340.0272216796875,4833,8909,4076
2018,6,2018_06,5,GSMaP_Gauge,E:\Geospatial\Precipitation Downscaling\Precipitation-Downscaling-Khulna\data\processed\rasters_aligned\monthly\GSMaP_Gauge\2018_06.tif,298.1116638183594,899.0247192382812,514.0917358398438,4837,8909,4072
2018,6,2018_06,6,GSMaP_MVK,E:\Geospatial\Precipitation Downscaling\Precipitation-Downscaling-Khulna\data\processed\rasters_aligned\monthly\GSMaP_MVK\2018_06.tif,215.67709350585938,1018.4607543945312,540.1553955078125,4837,8909,4072
2018,6,2018_06,7,IMERG,E:\Geospatial\Precipitation Downscaling\Precipitation-Downscaling-Khulna\data\processed\rasters_aligned\monthly\IMERG\2018_06.tif,0.35196664929389954,1.043616771697998,0.5434285998344421,4837,8909,4072
2018,6,2018_06,8,LST,E:\Geospatial\Precipitation Downscaling\Precipitation-Downscaling-Khulna\data\processed\rasters_aligned\monthly\LST\LST_Day_2018_6.tif,15.010000228881836,35.849998474121094,27.87070083618164,3127,8909,5782
2018,6,2018_06,9,NDVI,E:\Geospatial\Precipitation Downscaling\Precipitation-Downscaling-Khulna\data\processed\rasters_aligned\monthly\NDVI\NDVI_2018_6.tif,-0.19419999420642853,0.9860000014305115,0.4353531301021576,4443,8909,4466
2018,6,2018_06,10,PDIR,E:\Geospatial\Precipitation Downscaling\Precipitation-Downscaling-Khulna\data\processed\rasters_aligned\monthly\PDIR\2018_06.tif,280.0,1672.0277099609375,793.7255859375,4589,8909,4320
2018,6,2018_06,11,PERSIANN,E:\Geospatial\Precipitation Downscaling\Precipitation-Downscaling-Khulna\data\processed\rasters_aligned\monthly\PERSIANN\2018_06.tif,295.3900146484375,586.0,431.1855163574219,3576,8909,5333
2018,6,2018_06,12,Distance_Sea_meter,E:\Geospatial\Precipitation Downscaling\Precipitation-Downscaling-Khulna\data\processed\rasters_aligned\static\Distance_Sea_meter.tif,0.0,77480.6640625,24497.150390625,4837,8909,4072
2018,6,2018_06,13,Land_Aspect_Degree_30m,E:\Geospatial\Precipitation Downscaling\Precipitation-Downscaling-Khulna\data\processed\rasters_aligned\static\Land_Aspect_Degree_30m.tif,0.0,174.62100219726562,115.75617980957031,4837,8909,4072
2018,6,2018_06,14,Land_Khulna_SRTM_DEM,E:\Geospatial\Precipitation Downscaling\Precipitation-Downscaling-Khulna\data\processed\rasters_aligned\static\Land_Khulna_SRTM_DEM.tif,0.0,14.246426582336426,4.841400623321533,4837,8909,4072
2018,6,2018_06,15,Land_Slope_Degree_30m,E:\Geospatial\Precipitation Downscaling\Precipitation-Downscaling-Khulna\data\processed\rasters_aligned\static\Land_Slope_Degree_30m.tif,0.0,3.7204315662384033,1.5288087129592896,4827,8909,4082
2018,7,2018_07,1,CCS,E:\Geospatial\Precipitation Downscaling\Precipitation-Downscaling-Khulna\data\processed\rasters_aligned\monthly\CCS\2018_07.tif,254.66806030273438,680.7874145507812,409.1579284667969,4589,8909,4320
2018,7,2018_07,2,CDR,E:\Geospatial\Precipitation Downscaling\Precipitation-Downscaling-Khulna\data\processed\rasters_aligned\monthly\CDR\2018_07.tif,374.46124267578125,539.1082763671875,431.606689453125,3576,8909,5333
2018,7,2018_07,3,CHIRPS,E:\Geospatial\Precipitation Downscaling\Precipitation-Downscaling-Khulna\data\processed\rasters_aligned\monthly\CHIRPS\2018_07.tif,291.9433288574219,437.1215515136719,380.54693603515625,4732,8909,4177
2018,7,2018_07,4,ERA5,E:\Geospatial\Precipitation Downscaling\Precipitation-Downscaling-Khulna\data\processed\rasters_aligned\monthly\ERA5\2018_07.tif,343.80694580078125,476.7213439941406,380.78173828125,4833,8909,4076
2018,7,2018_07,5,GSMaP_Gauge,E:\Geospatial\Precipitation Downscaling\Precipitation-Downscaling-Khulna\data\processed\rasters_aligned\monthly\GSMaP_Gauge\2018_07.tif,423.67742919921875,1108.02685546875,629.0646362304688,4837,8909,4072
2018,7,2018_07,6,GSMaP_MVK,E:\Geospatial\Precipitation Downscaling\Precipitation-Downscaling-Khulna\data\processed\rasters_aligned\monthly\GSMaP_MVK\2018_07.tif,141.87081909179688,759.399169921875,345.63714599609375,4837,8909,4072
2018,7,2018_07,7,IMERG,E:\Geospatial\Precipitation Downscaling\Precipitation-Downscaling-Khulna\data\processed\rasters_aligned\monthly\IMERG\2018_07.tif,0.5261821746826172,1.0563608407974243,0.6468367576599121,4837,8909,4072
2018,7,2018_07,8,LST,E:\Geospatial\Precipitation Downscaling\Precipitation-Downscaling-Khulna\data\processed\rasters_aligned\monthly\LST\LST_Day_2018_7.tif,11.930000305175781,35.369998931884766,28.68197250366211,3033,8909,5876
2018,7,2018_07,9,NDVI,E:\Geospatial\Precipitation Downscaling\Precipitation-Downscaling-Khulna\data\processed\rasters_aligned\monthly\NDVI\NDVI_2018_7.tif,-0.19020000100135803,0.9860000014305115,0.4824230968952179,4438,8909,4471
2018,7,2018_07,10,PDIR,E:\Geospatial\Precipitation Downscaling\Precipitation-Downscaling-Khulna\data\processed\rasters_aligned\monthly\PDIR\2018_07.tif,307.0,1091.705078125,565.048828125,4589,8909,4320
2018,7,2018_07,11,PERSIANN,E:\Geospatial\Precipitation Downscaling\Precipitation-Downscaling-Khulna\data\processed\rasters_aligned\monthly\PERSIANN\2018_07.tif,233.02000427246094,482.8900146484375,316.998046875,3576,8909,5333
2018,7,2018_07,12,Distance_Sea_meter,E:\Geospatial\Precipitation Downscaling\Precipitation-Downscaling-Khulna\data\processed\rasters_aligned\static\Distance_Sea_meter.tif,0.0,77480.6640625,24497.150390625,4837,8909,4072
2018,7,2018_07,13,Land_Aspect_Degree_30m,E:\Geospatial\Precipitation Downscaling\Precipitation-Downscaling-Khulna\data\processed\rasters_aligned\static\Land_Aspect_Degree_30m.tif,0.0,174.62100219726562,115.75617980957031,4837,8909,4072
2018,7,2018_07,14,Land_Khulna_SRTM_DEM,E:\Geospatial\Precipitation Downscaling\Precipitation-Downscaling-Khulna\data\processed\rasters_aligned\static\Land_Khulna_SRTM_DEM.tif,0.0,14.246426582336426,4.841400623321533,4837,8909,4072
2018,7,2018_07,15,Land_Slope_Degree_30m,E:\Geospatial\Precipitation Downscaling\Precipitation-Downscaling-Khulna\data\processed\rasters_aligned\static\Land_Slope_Degree_30m.tif,0.0,3.7204315662384033,1.5288087129592896,4827,8909,4082
2018,8,2018_08,1,CCS,E:\Geospatial\Precipitation Downscaling\Precipitation-Downscaling-Khulna\data\processed\rasters_aligned\monthly\CCS\2018_08.tif,141.0,511.2614440917969,245.38978576660156,4589,8909,4320
2018,8,2018_08,2,CDR,E:\Geospatial\Precipitation Downscaling\Precipitation-Downscaling-Khulna\data\processed\rasters_aligned\monthly\CDR\2018_08.tif,207.8057403564453,266.5373229980469,240.37594604492188,3576,8909,5333
2018,8,2018_08,3,CHIRPS,E:\Geospatial\Precipitation Downscaling\Precipitation-Downscaling-Khulna\data\processed\rasters_aligned\monthly\CHIRPS\2018_08.tif,115.71258544921875,234.73973083496094,197.96209716796875,4732,8909,4177
2018,8,2018_08,4,ERA5,E:\Geospatial\Precipitation Downscaling\Precipitation-Downscaling-Khulna\data\processed\rasters_aligned\monthly\ERA5\2018_08.tif,191.42185974121094,374.0935363769531,266.3870849609375,4833,8909,4076
2018,8,2018_08,5,GSMaP_Gauge,E:\Geospatial\Precipitation Downscaling\Precipitation-Downscaling-Khulna\data\processed\rasters_aligned\monthly\GSMaP_Gauge\2018_08.tif,188.80377197265625,363.5505676269531,264.7149658203125,4837,8909,4072
2018,8,2018_08,6,GSMaP_MVK,E:\Geospatial\Precipitation Downscaling\Precipitation-Downscaling-Khulna\data\processed\rasters_aligned\monthly\GSMaP_MVK\2018_08.tif,89.90235137939453,105.73127746582031,98.11981201171875,438,8909,8471
2018,8,2018_08,7,IMERG,E:\Geospatial\Precipitation Downscaling\Precipitation-Downscaling-Khulna\data\processed\rasters_aligned\monthly\IMERG\2018_08.tif,0.23716549575328827,0.3496611416339874,0.30812060832977295,4837,8909,4072
2018,8,2018_08,8,LST,E:\Geospatial\Precipitation Downscaling\Precipitation-Downscaling-Khulna\data\processed\rasters_aligned\monthly\LST\LST_Day_2018_8.tif,11.09000015258789,31.8700008392334,27.05681800842285,2832,8909,6077
2018,8,2018_08,9,NDVI,E:\Geospatial\Precipitation Downscaling\Precipitation-Downscaling-Khulna\data\processed\rasters_aligned\monthly\NDVI\NDVI_2018_8.tif,-0.18000000715255737,0.9671000242233276,0.4743409752845764,4436,8909,4473
2018,8,2018_08,10,PDIR,E:\Geospatial\Precipitation Downscaling\Precipitation-Downscaling-Khulna\data\processed\rasters_aligned\monthly\PDIR\2018_08.tif,334.0,708.318603515625,477.7934265136719,4589,8909,4320
2018,8,2018_08,11,PERSIANN,E:\Geospatial\Precipitation Downscaling\Precipitation-Downscaling-Khulna\data\processed\rasters_aligned\monthly\PERSIANN\2018_08.tif,167.9499969482422,225.61000061035156,193.82862854003906,3576,8909,5333
2018,8,2018_08,12,Distance_Sea_meter,E:\Geospatial\Precipitation Downscaling\Precipitation-Downscaling-Khulna\data\processed\rasters_aligned\static\Distance_Sea_meter.tif,0.0,77480.6640625,24497.150390625,4837,8909,4072
2018,8,2018_08,13,Land_Aspect_Degree_30m,E:\Geospatial\Precipitation Downscaling\Precipitation-Downscaling-Khulna\data\processed\rasters_aligned\static\Land_Aspect_Degree_30m.tif,0.0,174.62100219726562,115.75617980957031,4837,8909,4072
2018,8,2018_08,14,Land_Khulna_SRTM_DEM,E:\Geospatial\Precipitation Downscaling\Precipitation-Downscaling-Khulna\data\processed\rasters_aligned\static\Land_Khulna_SRTM_DEM.tif,0.0,14.246426582336426,4.841400623321533,4837,8909,4072
2018,8,2018_08,15,Land_Slope_Degree_30m,E:\Geospatial\Precipitation Downscaling\Precipitation-Downscaling-Khulna\data\processed\rasters_aligned\static\Land_Slope_Degree_30m.tif,0.0,3.7204315662384033,1.5288087129592896,4827,8909,4082
2018,9,2018_09,1,CCS,E:\Geospatial\Precipitation Downscaling\Precipitation-Downscaling-Khulna\data\processed\rasters_aligned\monthly\CCS\2018_09.tif,83.24618530273438,604.5914916992188,239.71881103515625,4589,8909,4320
2018,9,2018_09,2,CDR,E:\Geospatial\Precipitation Downscaling\Precipitation-Downscaling-Khulna\data\processed\rasters_aligned\monthly\CDR\2018_09.tif,164.2504425048828,269.5693054199219,203.92401123046875,3576,8909,5333
2018,9,2018_09,3,CHIRPS,E:\Geospatial\Precipitation Downscaling\Precipitation-Downscaling-Khulna\data\processed\rasters_aligned\monthly\CHIRPS\2018_09.tif,120.31668090820312,258.0293884277344,171.39093017578125,4732,8909,4177
2018,9,2018_09,4,ERA5,E:\Geospatial\Precipitation Downscaling\Precipitation-Downscaling-Khulna\data\processed\rasters_aligned\monthly\ERA5\2018_09.tif,149.5247039794922,287.8160095214844,190.23287963867188,4833,8909,4076
2018,9,2018_09,5,GSMaP_Gauge,E:\Geospatial\Precipitation Downscaling\Precipitation-Downscaling-Khulna\data\processed\rasters_aligned\monthly\GSMaP_Gauge\2018_09.tif,128.83352661132812,376.81591796875,228.60797119140625,4837,8909,4072
2018,9,2018_09,6,GSMaP_MVK,E:\Geospatial\Precipitation Downscaling\Precipitation-Downscaling-Khulna\data\processed\rasters_aligned\monthly\GSMaP_MVK\2018_09.tif,72.30326843261719,322.56695556640625,151.24581909179688,4837,8909,4072
2018,9,2018_09,7,IMERG,E:\Geospatial\Precipitation Downscaling\Precipitation-Downscaling-Khulna\data\processed\rasters_aligned\monthly\IMERG\2018_09.tif,0.17518822848796844,0.3716115355491638,0.2229815274477005,4837,8909,4072
2018,9,2018_09,8,LST,E:\Geospatial\Precipitation Downscaling\Precipitation-Downscaling-Khulna\data\processed\rasters_aligned\monthly\LST\LST_Day_2018_9.tif,24.924999237060547,36.04999923706055,29.559635162353516,4340,8909,4569
2018,9,2018_09,9,NDVI,E:\Geospatial\Precipitation Downscaling\Precipitation-Downscaling-Khulna\data\processed\rasters_aligned\monthly\NDVI\NDVI_2018_9.tif,-0.1965000033378601,0.9294999837875366,0.5711739659309387,4435,8909,4474
2018,9,2018_09,10,PDIR,E:\Geospatial\Precipitation Downscaling\Precipitation-Downscaling-Khulna\data\processed\rasters_aligned\monthly\PDIR\2018_09.tif,190.69491577148438,638.5740356445312,374.6794128417969,4589,8909,4320
2018,9,2018_09,11,PERSIANN,E:\Geospatial\Precipitation Downscaling\Precipitation-Downscaling-Khulna\data\processed\rasters_aligned\monthly\PERSIANN\2018_09.tif,89.5775375366211,180.64999389648438,128.48609924316406,3576,8909,5333
2018,9,2018_09,12,Distance_Sea_meter,E:\Geospatial\Precipitation Downscaling\Precipitation-Downscaling-Khulna\data\processed\rasters_aligned\static\Distance_Sea_meter.tif,0.0,77480.6640625,24497.150390625,4837,8909,4072
2018,9,2018_09,13,Land_Aspect_Degree_30m,E:\Geospatial\Precipitation Downscaling\Precipitation-Downscaling-Khulna\data\processed\rasters_aligned\static\Land_Aspect_Degree_30m.tif,0.0,174.62100219726562,115.75617980957031,4837,8909,4072
2018,9,2018_09,14,Land_Khulna_SRTM_DEM,E:\Geospatial\Precipitation Downscaling\Precipitation-Downscaling-Khulna\data\processed\rasters_aligned\static\Land_Khulna_SRTM_DEM.tif,0.0,14.246426582336426,4.841400623321533,4837,8909,4072
2018,9,2018_09,15,Land_Slope_Degree_30m,E:\Geospatial\Precipitation Downscaling\Precipitation-Downscaling-Khulna\data\processed\rasters_aligned\static\Land_Slope_Degree_30m.tif,0.0,3.7204315662384033,1.5288087129592896,4827,8909,4082
2018,10,2018_10,1,CCS,E:\Geospatial\Precipitation Downscaling\Precipitation-Downscaling-Khulna\data\processed\rasters_aligned\monthly\CCS\2018_10.tif,41.57271194458008,385.3706970214844,166.83181762695312,4589,8909,4320
2018,10,2018_10,2,CDR,E:\Geospatial\Precipitation Downscaling\Precipitation-Downscaling-Khulna\data\processed\rasters_aligned\monthly\CDR\2018_10.tif,121.21884155273438,189.71759033203125,152.12684631347656,3576,8909,5333
2018,10,2018_10,3,CHIRPS,E:\Geospatial\Precipitation Downscaling\Precipitation-Downscaling-Khulna\data\processed\rasters_aligned\monthly\CHIRPS\2018_10.tif,66.76170349121094,112.21849060058594,88.62773132324219,4732,8909,4177
2018,10,2018_10,4,ERA5,E:\Geospatial\Precipitation Downscaling\Precipitation-Downscaling-Khulna\data\processed\rasters_aligned\monthly\ERA5\2018_10.tif,105.91641998291016,472.2596130371094,182.6430206298828,4833,8909,4076
2018,10,2018_10,5,GSMaP_Gauge,E:\Geospatial\Precipitation Downscaling\Precipitation-Downscaling-Khulna\data\processed\rasters_aligned\monthly\GSMaP_Gauge\2018_10.tif,57.79318618774414,210.8202362060547,114.55918884277344,4837,8909,4072
2018,10,2018_10,6,GSMaP_MVK,E:\Geospatial\Precipitation Downscaling\Precipitation-Downscaling-Khulna\data\processed\rasters_aligned\monthly\GSMaP_MVK\2018_10.tif,86.3441390991211,355.9244384765625,208.16893005371094,4837,8909,4072
2018,10,2018_10,7,IMERG,E:\Geospatial\Precipitation Downscaling\Precipitation-Downscaling-Khulna\data\processed\rasters_aligned\monthly\IMERG\2018_10.tif,0.11879308521747589,0.4209975600242615,0.1717384159564972,4837,8909,4072
2018,10,2018_10,8,LST,E:\Geospatial\Precipitation Downscaling\Precipitation-Downscaling-Khulna\data\processed\rasters_aligned\monthly\LST\LST_Day_2018_10.tif,24.8700008392334,33.21666717529297,27.959991455078125,4340,8909,4569
2018,10,2018_10,9,NDVI,E:\Geospatial\Precipitation Downscaling\Precipitation-Downscaling-Khulna\data\processed\rasters_aligned\monthly\NDVI\NDVI_2018_10.tif,-0.19709999859333038,0.8791999816894531,0.5681566596031189,4417,8909,4492
2018,10,2018_10,10,PDIR,E:\Geospatial\Precipitation Downscaling\Precipitation-Downscaling-Khulna\data\processed\rasters_aligned\monthly\PDIR\2018_10.tif,68.17090606689453,298.4351806640625,168.78150939941406,4589,8909,4320
2018,10,2018_10,11,PERSIANN,E:\Geospatial\Precipitation Downscaling\Precipitation-Downscaling-Khulna\data\processed\rasters_aligned\monthly\PERSIANN\2018_10.tif,76.75,193.3300018310547,124.20307159423828,3576,8909,5333
2018,10,2018_10,12,Distance_Sea_meter,E:\Geospatial\Precipitation Downscaling\Precipitation-Downscaling-Khulna\data\processed\rasters_aligned\static\Distance_Sea_meter.tif,0.0,77480.6640625,24497.150390625,4837,8909,4072
2018,10,2018_10,13,Land_Aspect_Degree_30m,E:\Geospatial\Precipitation Downscaling\Precipitation-Downscaling-Khulna\data\processed\rasters_aligned\static\Land_Aspect_Degree_30m.tif,0.0,174.62100219726562,115.75617980957031,4837,8909,4072
2018,10,2018_10,14,Land_Khulna_SRTM_DEM,E:\Geospatial\Precipitation Downscaling\Precipitation-Downscaling-Khulna\data\processed\rasters_aligned\static\Land_Khulna_SRTM_DEM.tif,0.0,14.246426582336426,4.841400623321533,4837,8909,4072
2018,10,2018_10,15,Land_Slope_Degree_30m,E:\Geospatial\Precipitation Downscaling\Precipitation-Downscaling-Khulna\data\processed\rasters_aligned\static\Land_Slope_Degree_30m.tif,0.0,3.7204315662384033,1.5288087129592896,4827,8909,4082
2018,11,2018_11,1,CCS,E:\Geospatial\Precipitation Downscaling\Precipitation-Downscaling-Khulna\data\processed\rasters_aligned\monthly\CCS\2018_11.tif,0.0,24.48619270324707,1.5662972927093506,4589,8909,4320
2018,11,2018_11,2,CDR,E:\Geospatial\Precipitation Downscaling\Precipitation-Downscaling-Khulna\data\processed\rasters_aligned\monthly\CDR\2018_11.tif,1.864890456199646,4.2556233406066895,2.6378800868988037,3576,8909,5333
2018,11,2018_11,3,CHIRPS,E:\Geospatial\Precipitation Downscaling\Precipitation-Downscaling-Khulna\data\processed\rasters_aligned\monthly\CHIRPS\2018_11.tif,4.146738529205322,9.98143196105957,6.372655391693115,4732,8909,4177
2018,11,2018_11,4,ERA5,E:\Geospatial\Precipitation Downscaling\Precipitation-Downscaling-Khulna\data\processed\rasters_aligned\monthly\ERA5\2018_11.tif,3.837925434112549,5.569657325744629,4.51146125793457,4833,8909,4076
2018,11,2018_11,5,GSMaP_Gauge,E:\Geospatial\Precipitation Downscaling\Precipitation-Downscaling-Khulna\data\processed\rasters_aligned\monthly\GSMaP_Gauge\2018_11.tif,0.05639819800853729,5.9736504554748535,1.3741377592086792,4837,8909,4072
2018,11,2018_11,6,GSMaP_MVK,E:\Geospatial\Precipitation Downscaling\Precipitation-Downscaling-Khulna\data\processed\rasters_aligned\monthly\GSMaP_MVK\2018_11.tif,0.0,14.0198392868042,1.981737494468689,4837,8909,4072
2018,11,2018_11,7,IMERG,E:\Geospatial\Precipitation Downscaling\Precipitation-Downscaling-Khulna\data\processed\rasters_aligned\monthly\IMERG\2018_11.tif,0.0015994717832654715,0.00616690656170249,0.003253144444897771,4837,8909,4072
2018,11,2018_11,8,LST,E:\Geospatial\Precipitation Downscaling\Precipitation-Downscaling-Khulna\data\processed\rasters_aligned\monthly\LST\LST_Day_2018_11.tif,24.420000076293945,30.075000762939453,25.99144172668457,4340,8909,4569
2018,11,2018_11,9,NDVI,E:\Geospatial\Precipitation Downscaling\Precipitation-Downscaling-Khulna\data\processed\rasters_aligned\monthly\NDVI\NDVI_2018_11.tif,-0.19679999351501465,0.8794000148773193,0.562442421913147,4406,8909,4503
2018,11,2018_11,10,PDIR,E:\Geospatial\Precipitation Downscaling\Precipitation-Downscaling-Khulna\data\processed\rasters_aligned\monthly\PDIR\2018_11.tif,0.0,25.332523345947266,5.24160623550415,4589,8909,4320
2018,11,2018_11,11,PERSIANN,E:\Geospatial\Precipitation Downscaling\Precipitation-Downscaling-Khulna\data\processed\rasters_aligned\monthly\PERSIANN\2018_11.tif,0.0,0.7400000095367432,0.23153464496135712,3576,8909,5333
2018,11,2018_11,12,Distance_Sea_meter,E:\Geospatial\Precipitation Downscaling\Precipitation-Downscaling-Khulna\data\processed\rasters_aligned\static\Distance_Sea_meter.tif,0.0,77480.6640625,24497.150390625,4837,8909,4072
2018,11,2018_11,13,Land_Aspect_Degree_30m,E:\Geospatial\Precipitation Downscaling\Precipitation-Downscaling-Khulna\data\processed\rasters_aligned\static\Land_Aspect_Degree_30m.tif,0.0,174.62100219726562,115.75617980957031,4837,8909,4072
2018,11,2018_11,14,Land_Khulna_SRTM_DEM,E:\Geospatial\Precipitation Downscaling\Precipitation-Downscaling-Khulna\data\processed\rasters_aligned\static\Land_Khulna_SRTM_DEM.tif,0.0,14.246426582336426,4.841400623321533,4837,8909,4072
2018,11,2018_11,15,Land_Slope_Degree_30m,E:\Geospatial\Precipitation Downscaling\Precipitation-Downscaling-Khulna\data\processed\rasters_aligned\static\Land_Slope_Degree_30m.tif,0.0,3.7204315662384033,1.5288087129592896,4827,8909,4082
2018,12,2018_12,1,CCS,E:\Geospatial\Precipitation Downscaling\Precipitation-Downscaling-Khulna\data\processed\rasters_aligned\monthly\CCS\2018_12.tif,0.0,12.0,1.154463529586792,4589,8909,4320
2018,12,2018_12,2,CDR,E:\Geospatial\Precipitation Downscaling\Precipitation-Downscaling-Khulna\data\processed\rasters_aligned\monthly\CDR\2018_12.tif,8.691933631896973,17.313602447509766,12.451238632202148,3576,8909,5333
2018,12,2018_12,3,CHIRPS,E:\Geospatial\Precipitation Downscaling\Precipitation-Downscaling-Khulna\data\processed\rasters_aligned\monthly\CHIRPS\2018_12.tif,2.2117414474487305,9.068941116333008,4.903233051300049,4732,8909,4177
2018,12,2018_12,4,ERA5,E:\Geospatial\Precipitation Downscaling\Precipitation-Downscaling-Khulna\data\processed\rasters_aligned\monthly\ERA5\2018_12.tif,6.276134014129639,30.599384307861328,14.601067543029785,4833,8909,4076
2018,12,2018_12,5,GSMaP_Gauge,E:\Geospatial\Precipitation Downscaling\Precipitation-Downscaling-Khulna\data\processed\rasters_aligned\monthly\GSMaP_Gauge\2018_12.tif,8.806044578552246,27.661771774291992,16.449138641357422,4837,8909,4072
2018,12,2018_12,6,GSMaP_MVK,E:\Geospatial\Precipitation Downscaling\Precipitation-Downscaling-Khulna\data\processed\rasters_aligned\monthly\GSMaP_MVK\2018_12.tif,10.473652839660645,32.496070861816406,23.082643508911133,4837,8909,4072
2018,12,2018_12,7,IMERG,E:\Geospatial\Precipitation Downscaling\Precipitation-Downscaling-Khulna\data\processed\rasters_aligned\monthly\IMERG\2018_12.tif,0.0090849744156003,0.021278060972690582,0.014645406045019627,4837,8909,4072
2018,12,2018_12,8,LST,E:\Geospatial\Precipitation Downscaling\Precipitation-Downscaling-Khulna\data\processed\rasters_aligned\monthly\LST\LST_Day_2018_12.tif,20.584999084472656,26.204999923706055,22.44594955444336,4340,8909,4569
2018,12,2018_12,9,NDVI,E:\Geospatial\Precipitation Downscaling\Precipitation-Downscaling-Khulna\data\processed\rasters_aligned\monthly\NDVI\NDVI_2018_12.tif,-0.1965000033378601,0.836899995803833,0.5079184174537659,4426,8909,4483
2018,12,2018_12,10,PDIR,E:\Geospatial\Precipitation Downscaling\Precipitation-Downscaling-Khulna\data\processed\rasters_aligned\monthly\PDIR\2018_12.tif,2.0,26.661258697509766,12.799908638000488,4589,8909,4320
2018,12,2018_12,11,PERSIANN,E:\Geospatial\Precipitation Downscaling\Precipitation-Downscaling-Khulna\data\processed\rasters_aligned\monthly\PERSIANN\2018_12.tif,0.17000000178813934,0.6299999952316284,0.3141929507255554,3576,8909,5333
2018,12,2018_12,12,Distance_Sea_meter,E:\Geospatial\Precipitation Downscaling\Precipitation-Downscaling-Khulna\data\processed\rasters_aligned\static\Distance_Sea_meter.tif,0.0,77480.6640625,24497.150390625,4837,8909,4072
2018,12,2018_12,13,Land_Aspect_Degree_30m,E:\Geospatial\Precipitation Downscaling\Precipitation-Downscaling-Khulna\data\processed\rasters_aligned\static\Land_Aspect_Degree_30m.tif,0.0,174.62100219726562,115.75617980957031,4837,8909,4072
2018,12,2018_12,14,Land_Khulna_SRTM_DEM,E:\Geospatial\Precipitation Downscaling\Precipitation-Downscaling-Khulna\data\processed\rasters_aligned\static\Land_Khulna_SRTM_DEM.tif,0.0,14.246426582336426,4.841400623321533,4837,8909,4072
2018,12,2018_12,15,Land_Slope_Degree_30m,E:\Geospatial\Precipitation Downscaling\Precipitation-Downscaling-Khulna\data\processed\rasters_aligned\static\Land_Slope_Degree_30m.tif,0.0,3.7204315662384033,1.5288087129592896,4827,8909,4082
2019,1,2019_01,1,CCS,E:\Geospatial\Precipitation Downscaling\Precipitation-Downscaling-Khulna\data\processed\rasters_aligned\monthly\CCS\2019_01.tif,0.0,0.0,0.0,4589,8909,4320
2019,1,2019_01,2,CDR,E:\Geospatial\Precipitation Downscaling\Precipitation-Downscaling-Khulna\data\processed\rasters_aligned\monthly\CDR\2019_01.tif,0.0,0.8307256698608398,0.1632097214460373,3576,8909,5333
2019,1,2019_01,3,CHIRPS,E:\Geospatial\Precipitation Downscaling\Precipitation-Downscaling-Khulna\data\processed\rasters_aligned\monthly\CHIRPS\2019_01.tif,2.80505108833313,8.857927322387695,5.604067325592041,4732,8909,4177
2019,1,2019_01,4,ERA5,E:\Geospatial\Precipitation Downscaling\Precipitation-Downscaling-Khulna\data\processed\rasters_aligned\monthly\ERA5\2019_01.tif,0.0009750709868967533,0.7172301411628723,0.23575392365455627,4833,8909,4076
2019,1,2019_01,5,GSMaP_Gauge,E:\Geospatial\Precipitation Downscaling\Precipitation-Downscaling-Khulna\data\processed\rasters_aligned\monthly\GSMaP_Gauge\2019_01.tif,0.0,0.0,0.0,4837,8909,4072
2019,1,2019_01,6,GSMaP_MVK,E:\Geospatial\Precipitation Downscaling\Precipitation-Downscaling-Khulna\data\processed\rasters_aligned\monthly\GSMaP_MVK\2019_01.tif,0.0,6.079616069793701,0.5533846616744995,4837,8909,4072
2019,1,2019_01,7,IMERG,E:\Geospatial\Precipitation Downscaling\Precipitation-Downscaling-Khulna\data\processed\rasters_aligned\monthly\IMERG\2019_01.tif,0.0,0.006919540464878082,0.002655959688127041,4837,8909,4072
2019,1,2019_01,8,LST,E:\Geospatial\Precipitation Downscaling\Precipitation-Downscaling-Khulna\data\processed\rasters_aligned\monthly\LST\LST_Day_2019_1.tif,20.59000015258789,25.959999084472656,22.562849044799805,4340,8909,4569
2019,1,2019_01,9,NDVI,E:\Geospatial\Precipitation Downscaling\Precipitation-Downscaling-Khulna\data\processed\rasters_aligned\monthly\NDVI\NDVI_2019_1.tif,-0.1987999975681305,0.907800018787384,0.4425329267978668,4411,8909,4498
2019,1,2019_01,10,PDIR,E:\Geospatial\Precipitation Downscaling\Precipitation-Downscaling-Khulna\data\processed\rasters_aligned\monthly\PDIR\2019_01.tif,0.0,35.01593017578125,10.871935844421387,4589,8909,4320
2019,1,2019_01,11,PERSIANN,E:\Geospatial\Precipitation Downscaling\Precipitation-Downscaling-Khulna\data\processed\rasters_aligned\monthly\PERSIANN\2019_01.tif,0.0,0.0,0.0,3576,8909,5333
2019,1,2019_01,12,Distance_Sea_meter,E:\Geospatial\Precipitation Downscaling\Precipitation-Downscaling-Khulna\data\processed\rasters_aligned\static\Distance_Sea_meter.tif,0.0,77480.6640625,24497.150390625,4837,8909,4072
2019,1,2019_01,13,Land_Aspect_Degree_30m,E:\Geospatial\Precipitation Downscaling\Precipitation-Downscaling-Khulna\data\processed\rasters_aligned\static\Land_Aspect_Degree_30m.tif,0.0,174.62100219726562,115.75617980957031,4837,8909,4072
2019,1,2019_01,14,Land_Khulna_SRTM_DEM,E:\Geospatial\Precipitation Downscaling\Precipitation-Downscaling-Khulna\data\processed\rasters_aligned\static\Land_Khulna_SRTM_DEM.tif,0.0,14.246426582336426,4.841400623321533,4837,8909,4072
2019,1,2019_01,15,Land_Slope_Degree_30m,E:\Geospatial\Precipitation Downscaling\Precipitation-Downscaling-Khulna\data\processed\rasters_aligned\static\Land_Slope_Degree_30m.tif,0.0,3.7204315662384033,1.5288087129592896,4827,8909,4082
2019,2,2019_02,1,CCS,E:\Geospatial\Precipitation Downscaling\Precipitation-Downscaling-Khulna\data\processed\rasters_aligned\monthly\CCS\2019_02.tif,1.0,72.0,13.46636962890625,4589,8909,4320
2019,2,2019_02,2,CDR,E:\Geospatial\Precipitation Downscaling\Precipitation-Downscaling-Khulna\data\processed\rasters_aligned\monthly\CDR\2019_02.tif,73.22183990478516,151.4083251953125,110.90586853027344,3576,8909,5333
2019,2,2019_02,3,CHIRPS,E:\Geospatial\Precipitation Downscaling\Precipitation-Downscaling-Khulna\data\processed\rasters_aligned\monthly\CHIRPS\2019_02.tif,33.12152862548828,84.14381408691406,57.44806671142578,4732,8909,4177
2019,2,2019_02,4,ERA5,E:\Geospatial\Precipitation Downscaling\Precipitation-Downscaling-Khulna\data\processed\rasters_aligned\monthly\ERA5\2019_02.tif,18.26287841796875,56.18573760986328,43.975074768066406,4833,8909,4076
2019,2,2019_02,5,GSMaP_Gauge,E:\Geospatial\Precipitation Downscaling\Precipitation-Downscaling-Khulna\data\processed\rasters_aligned\monthly\GSMaP_Gauge\2019_02.tif,96.97099304199219,172.87527465820312,138.48167419433594,4837,8909,4072
2019,2,2019_02,6,GSMaP_MVK,E:\Geospatial\Precipitation Downscaling\Precipitation-Downscaling-Khulna\data\processed\rasters_aligned\monthly\GSMaP_MVK\2019_02.tif,28.190027236938477,344.9051208496094,139.03770446777344,4837,8909,4072
2019,2,2019_02,7,IMERG,E:\Geospatial\Precipitation Downscaling\Precipitation-Downscaling-Khulna\data\processed\rasters_aligned\monthly\IMERG\2019_02.tif,0.08171234279870987,0.1729445606470108,0.1428496241569519,4837,8909,4072
2019,2,2019_02,8,LST,E:\Geospatial\Precipitation Downscaling\Precipitation-Downscaling-Khulna\data\processed\rasters_aligned\monthly\LST\LST_Day_2019_2.tif,21.575000762939453,28.940000534057617,24.50161361694336,4340,8909,4569
2019,2,2019_02,9,NDVI,E:\Geospatial\Precipitation Downscaling\Precipitation-Downscaling-Khulna\data\processed\rasters_aligned\monthly\NDVI\NDVI_2019_2.tif,-0.1995999962091446,0.8589000105857849,0.4525914788246155,4435,8909,4474
2019,2,2019_02,10,PDIR,E:\Geospatial\Precipitation Downscaling\Precipitation-Downscaling-Khulna\data\processed\rasters_aligned\monthly\PDIR\2019_02.tif,15.265100479125977,105.92389678955078,43.055301666259766,4589,8909,4320
2019,2,2019_02,11,PERSIANN,E:\Geospatial\Precipitation Downscaling\Precipitation-Downscaling-Khulna\data\processed\rasters_aligned\monthly\PERSIANN\2019_02.tif,35.880001068115234,119.89078521728516,85.99940490722656,3576,8909,5333
2019,2,2019_02,12,Distance_Sea_meter,E:\Geospatial\Precipitation Downscaling\Precipitation-Downscaling-Khulna\data\processed\rasters_aligned\static\Distance_Sea_meter.tif,0.0,77480.6640625,24497.150390625,4837,8909,4072
2019,2,2019_02,13,Land_Aspect_Degree_30m,E:\Geospatial\Precipitation Downscaling\Precipitation-Downscaling-Khulna\data\processed\rasters_aligned\static\Land_Aspect_Degree_30m.tif,0.0,174.62100219726562,115.75617980957031,4837,8909,4072
2019,2,2019_02,14,Land_Khulna_SRTM_DEM,E:\Geospatial\Precipitation Downscaling\Precipitation-Downscaling-Khulna\data\processed\rasters_aligned\static\Land_Khulna_SRTM_DEM.tif,0.0,14.246426582336426,4.841400623321533,4837,8909,4072
2019,2,2019_02,15,Land_Slope_Degree_30m,E:\Geospatial\Precipitation Downscaling\Precipitation-Downscaling-Khulna\data\processed\rasters_aligned\static\Land_Slope_Degree_30m.tif,0.0,3.7204315662384033,1.5288087129592896,4827,8909,4082
2019,3,2019_03,1,CCS,E:\Geospatial\Precipitation Downscaling\Precipitation-Downscaling-Khulna\data\processed\rasters_aligned\monthly\CCS\2019_03.tif,0.0,45.0,16.595775604248047,4589,8909,4320
2019,3,2019_03,2,CDR,E:\Geospatial\Precipitation Downscaling\Precipitation-Downscaling-Khulna\data\processed\rasters_aligned\monthly\CDR\2019_03.tif,47.8048210144043,90.04749298095703,76.5555419921875,3576,8909,5333
2019,3,2019_03,3,CHIRPS,E:\Geospatial\Precipitation Downscaling\Precipitation-Downscaling-Khulna\data\processed\rasters_aligned\monthly\CHIRPS\2019_03.tif,14.536946296691895,89.63783264160156,56.906410217285156,4732,8909,4177
2019,3,2019_03,4,ERA5,E:\Geospatial\Precipitation Downscaling\Precipitation-Downscaling-Khulna\data\processed\rasters_aligned\monthly\ERA5\2019_03.tif,38.53797912597656,59.81404113769531,51.26468276977539,4833,8909,4076
2019,3,2019_03,5,GSMaP_Gauge,E:\Geospatial\Precipitation Downscaling\Precipitation-Downscaling-Khulna\data\processed\rasters_aligned\monthly\GSMaP_Gauge\2019_03.tif,47.93714904785156,90.088623046875,65.82218170166016,4837,8909,4072
2019,3,2019_03,6,GSMaP_MVK,E:\Geospatial\Precipitation Downscaling\Precipitation-Downscaling-Khulna\data\processed\rasters_aligned\monthly\GSMaP_MVK\2019_03.tif,2.37965989112854,426.7391052246094,145.89797973632812,4837,8909,4072
2019,3,2019_03,7,IMERG,E:\Geospatial\Precipitation Downscaling\Precipitation-Downscaling-Khulna\data\processed\rasters_aligned\monthly\IMERG\2019_03.tif,0.0208223145455122,0.107759989798069,0.07701142877340317,4837,8909,4072
2019,3,2019_03,8,LST,E:\Geospatial\Precipitation Downscaling\Precipitation-Downscaling-Khulna\data\processed\rasters_aligned\monthly\LST\LST_Day_2019_3.tif,24.7549991607666,31.7549991607666,27.54481315612793,4340,8909,4569
2019,3,2019_03,9,NDVI,E:\Geospatial\Precipitation Downscaling\Precipitation-Downscaling-Khulna\data\processed\rasters_aligned\monthly\NDVI\NDVI_2019_3.tif,-0.1932000070810318,0.9517999887466431,0.4863956570625305,4447,8909,4462
2019,3,2019_03,10,PDIR,E:\Geospatial\Precipitation Downscaling\Precipitation-Downscaling-Khulna\data\processed\rasters_aligned\monthly\PDIR\2019_03.tif,2.2172024250030518,103.68440246582031,53.0402717590332,4589,8909,4320
2019,3,2019_03,11,PERSIANN,E:\Geospatial\Precipitation Downscaling\Precipitation-Downscaling-Khulna\data\processed\rasters_aligned\monthly\PERSIANN\2019_03.tif,33.52000045776367,92.05000305175781,59.04336929321289,3576,8909,5333
2019,3,2019_03,12,Distance_Sea_meter,E:\Geospatial\Precipitation Downscaling\Precipitation-Downscaling-Khulna\data\processed\rasters_aligned\static\Distance_Sea_meter.tif,0.0,77480.6640625,24497.150390625,4837,8909,4072
2019,3,2019_03,13,Land_Aspect_Degree_30m,E:\Geospatial\Precipitation Downscaling\Precipitation-Downscaling-Khulna\data\processed\rasters_aligned\static\Land_Aspect_Degree_30m.tif,0.0,174.62100219726562,115.75617980957031,4837,8909,4072
2019,3,2019_03,14,Land_Khulna_SRTM_DEM,E:\Geospatial\Precipitation Downscaling\Precipitation-Downscaling-Khulna\data\processed\rasters_aligned\static\Land_Khulna_SRTM_DEM.tif,0.0,14.246426582336426,4.841400623321533,4837,8909,4072
2019,3,2019_03,15,Land_Slope_Degree_30m,E:\Geospatial\Precipitation Downscaling\Precipitation-Downscaling-Khulna\data\processed\rasters_aligned\static\Land_Slope_Degree_30m.tif,0.0,3.7204315662384033,1.5288087129592896,4827,8909,4082
2019,4,2019_04,1,CCS,E:\Geospatial\Precipitation Downscaling\Precipitation-Downscaling-Khulna\data\processed\rasters_aligned\monthly\CCS\2019_04.tif,17.010601043701172,82.92799377441406,29.51952362060547,4589,8909,4320
2019,4,2019_04,2,CDR,E:\Geospatial\Precipitation Downscaling\Precipitation-Downscaling-Khulna\data\processed\rasters_aligned\monthly\CDR\2019_04.tif,76.96776580810547,156.0102996826172,101.08723449707031,3576,8909,5333
2019,4,2019_04,3,CHIRPS,E:\Geospatial\Precipitation Downscaling\Precipitation-Downscaling-Khulna\data\processed\rasters_aligned\monthly\CHIRPS\2019_04.tif,39.211700439453125,132.65628051757812,97.12850189208984,4732,8909,4177
2019,4,2019_04,4,ERA5,E:\Geospatial\Precipitation Downscaling\Precipitation-Downscaling-Khulna\data\processed\rasters_aligned\monthly\ERA5\2019_04.tif,28.762357711791992,151.01559448242188,86.72119140625,4833,8909,4076
2019,4,2019_04,5,GSMaP_Gauge,E:\Geospatial\Precipitation Downscaling\Precipitation-Downscaling-Khulna\data\processed\rasters_aligned\monthly\GSMaP_Gauge\2019_04.tif,72.61715698242188,138.84048461914062,92.73552703857422,4837,8909,4072
2019,4,2019_04,6,GSMaP_MVK,E:\Geospatial\Precipitation Downscaling\Precipitation-Downscaling-Khulna\data\processed\rasters_aligned\monthly\GSMaP_MVK\2019_04.tif,161.3959197998047,509.7120666503906,272.402099609375,4837,8909,4072
2019,4,2019_04,7,IMERG,E:\Geospatial\Precipitation Downscaling\Precipitation-Downscaling-Khulna\data\processed\rasters_aligned\monthly\IMERG\2019_04.tif,0.04939825460314751,0.17956770956516266,0.12848351895809174,4837,8909,4072
2019,4,2019_04,8,LST,E:\Geospatial\Precipitation Downscaling\Precipitation-Downscaling-Khulna\data\processed\rasters_aligned\monthly\LST\LST_Day_2019_4.tif,26.763334274291992,34.43000030517578,29.7685604095459,4340,8909,4569
2019,4,2019_04,9,NDVI,E:\Geospatial\Precipitation Downscaling\Precipitation-Downscaling-Khulna\data\processed\rasters_aligned\monthly\NDVI\NDVI_2019_4.tif,-0.1987999975681305,0.8655999898910522,0.48408910632133484,4444,8909,4465
2019,4,2019_04,10,PDIR,E:\Geospatial\Precipitation Downscaling\Precipitation-Downscaling-Khulna\data\processed\rasters_aligned\monthly\PDIR\2019_04.tif,44.0,141.0,77.0653305053711,4589,8909,4320
2019,4,2019_04,11,PERSIANN,E:\Geospatial\Precipitation Downscaling\Precipitation-Downscaling-Khulna\data\processed\rasters_aligned\monthly\PERSIANN\2019_04.tif,137.74000549316406,283.3599853515625,184.89076232910156,3576,8909,5333
2019,4,2019_04,12,Distance_Sea_meter,E:\Geospatial\Precipitation Downscaling\Precipitation-Downscaling-Khulna\data\processed\rasters_aligned\static\Distance_Sea_meter.tif,0.0,77480.6640625,24497.150390625,4837,8909,4072
2019,4,2019_04,13,Land_Aspect_Degree_30m,E:\Geospatial\Precipitation Downscaling\Precipitation-Downscaling-Khulna\data\processed\rasters_aligned\static\Land_Aspect_Degree_30m.tif,0.0,174.62100219726562,115.75617980957031,4837,8909,4072
2019,4,2019_04,14,Land_Khulna_SRTM_DEM,E:\Geospatial\Precipitation Downscaling\Precipitation-Downscaling-Khulna\data\processed\rasters_aligned\static\Land_Khulna_SRTM_DEM.tif,0.0,14.246426582336426,4.841400623321533,4837,8909,4072
2019,4,2019_04,15,Land_Slope_Degree_30m,E:\Geospatial\Precipitation Downscaling\Precipitation-Downscaling-Khulna\data\processed\rasters_aligned\static\Land_Slope_Degree_30m.tif,0.0,3.7204315662384033,1.5288087129592896,4827,8909,4082
2019,5,2019_05,1,CCS,E:\Geospatial\Precipitation Downscaling\Precipitation-Downscaling-Khulna\data\processed\rasters_aligned\monthly\CCS\2019_05.tif,71.89949798583984,155.0,99.9509048461914,4589,8909,4320
2019,5,2019_05,2,CDR,E:\Geospatial\Precipitation Downscaling\Precipitation-Downscaling-Khulna\data\processed\rasters_aligned\monthly\CDR\2019_05.tif,123.52265167236328,193.84681701660156,158.72315979003906,3576,8909,5333
2019,5,2019_05,3,CHIRPS,E:\Geospatial\Precipitation Downscaling\Precipitation-Downscaling-Khulna\data\processed\rasters_aligned\monthly\CHIRPS\2019_05.tif,85.50934600830078,205.71839904785156,141.48651123046875,4732,8909,4177
2019,5,2019_05,4,ERA5,E:\Geospatial\Precipitation Downscaling\Precipitation-Downscaling-Khulna\data\processed\rasters_aligned\monthly\ERA5\2019_05.tif,52.53297424316406,131.11097717285156,78.09325408935547,4833,8909,4076
2019,5,2019_05,5,GSMaP_Gauge,E:\Geospatial\Precipitation Downscaling\Precipitation-Downscaling-Khulna\data\processed\rasters_aligned\monthly\GSMaP_Gauge\2019_05.tif,85.42947387695312,327.0963134765625,161.16566467285156,4837,8909,4072
2019,5,2019_05,6,GSMaP_MVK,E:\Geospatial\Precipitation Downscaling\Precipitation-Downscaling-Khulna\data\processed\rasters_aligned\monthly\GSMaP_MVK\2019_05.tif,96.10730743408203,243.82583618164062,162.392822265625,4837,8909,4072
2019,5,2019_05,7,IMERG,E:\Geospatial\Precipitation Downscaling\Precipitation-Downscaling-Khulna\data\processed\rasters_aligned\monthly\IMERG\2019_05.tif,0.14447693526744843,0.2079089730978012,0.18553046882152557,4837,8909,4072
2019,5,2019_05,8,LST,E:\Geospatial\Precipitation Downscaling\Precipitation-Downscaling-Khulna\data\processed\rasters_aligned\monthly\LST\LST_Day_2019_5.tif,26.299999237060547,34.516666412353516,29.819814682006836,4340,8909,4569
2019,5,2019_05,9,NDVI,E:\Geospatial\Precipitation Downscaling\Precipitation-Downscaling-Khulna\data\processed\rasters_aligned\monthly\NDVI\NDVI_2019_5.tif,-0.1914999932050705,0.9513999819755554,0.4387781620025635,4437,8909,4472
2019,5,2019_05,10,PDIR,E:\Geospatial\Precipitation Downscaling\Precipitation-Downscaling-Khulna\data\processed\rasters_aligned\monthly\PDIR\2019_05.tif,116.0,210.9254150390625,159.7868194580078,4589,8909,4320
2019,5,2019_05,11,PERSIANN,E:\Geospatial\Precipitation Downscaling\Precipitation-Downscaling-Khulna\data\processed\rasters_aligned\monthly\PERSIANN\2019_05.tif,157.20199584960938,248.5,176.86138916015625,3576,8909,5333
2019,5,2019_05,12,Distance_Sea_meter,E:\Geospatial\Precipitation Downscaling\Precipitation-Downscaling-Khulna\data\processed\rasters_aligned\static\Distance_Sea_meter.tif,0.0,77480.6640625,24497.150390625,4837,8909,4072
2019,5,2019_05,13,Land_Aspect_Degree_30m,E:\Geospatial\Precipitation Downscaling\Precipitation-Downscaling-Khulna\data\processed\rasters_aligned\static\Land_Aspect_Degree_30m.tif,0.0,174.62100219726562,115.75617980957031,4837,8909,4072
2019,5,2019_05,14,Land_Khulna_SRTM_DEM,E:\Geospatial\Precipitation Downscaling\Precipitation-Downscaling-Khulna\data\processed\rasters_aligned\static\Land_Khulna_SRTM_DEM.tif,0.0,14.246426582336426,4.841400623321533,4837,8909,4072
2019,5,2019_05,15,Land_Slope_Degree_30m,E:\Geospatial\Precipitation Downscaling\Precipitation-Downscaling-Khulna\data\processed\rasters_aligned\static\Land_Slope_Degree_30m.tif,0.0,3.7204315662384033,1.5288087129592896,4827,8909,4082
2019,6,2019_06,1,CCS,E:\Geospatial\Precipitation Downscaling\Precipitation-Downscaling-Khulna\data\processed\rasters_aligned\monthly\CCS\2019_06.tif,102.13790130615234,425.0,228.0984344482422,4589,8909,4320
2019,6,2019_06,2,CDR,E:\Geospatial\Precipitation Downscaling\Precipitation-Downscaling-Khulna\data\processed\rasters_aligned\monthly\CDR\2019_06.tif,187.08767700195312,273.9593811035156,224.2327423095703,3576,8909,5333
2019,6,2019_06,3,CHIRPS,E:\Geospatial\Precipitation Downscaling\Precipitation-Downscaling-Khulna\data\processed\rasters_aligned\monthly\CHIRPS\2019_06.tif,156.8362579345703,250.64735412597656,212.5869140625,4732,8909,4177
2019,6,2019_06,4,ERA5,E:\Geospatial\Precipitation Downscaling\Precipitation-Downscaling-Khulna\data\processed\rasters_aligned\monthly\ERA5\2019_06.tif,210.06431579589844,313.0801086425781,242.08030700683594,4833,8909,4076
2019,6,2019_06,5,GSMaP_Gauge,E:\Geospatial\Precipitation Downscaling\Precipitation-Downscaling-Khulna\data\processed\rasters_aligned\monthly\GSMaP_Gauge\2019_06.tif,150.7855987548828,620.262451171875,280.9927062988281,4837,8909,4072
2019,6,2019_06,6,GSMaP_MVK,E:\Geospatial\Precipitation Downscaling\Precipitation-Downscaling-Khulna\data\processed\rasters_aligned\monthly\GSMaP_MVK\2019_06.tif,122.08248901367188,514.73486328125,249.6934356689453,4837,8909,4072
2019,6,2019_06,7,IMERG,E:\Geospatial\Precipitation Downscaling\Precipitation-Downscaling-Khulna\data\processed\rasters_aligned\monthly\IMERG\2019_06.tif,0.25054025650024414,0.3926596939563751,0.315796822309494,4837,8909,4072
2019,6,2019_06,8,LST,E:\Geospatial\Precipitation Downscaling\Precipitation-Downscaling-Khulna\data\processed\rasters_aligned\monthly\LST\LST_Day_2019_6.tif,23.530000686645508,34.869998931884766,28.67918586730957,4270,8909,4639
2019,6,2019_06,9,NDVI,E:\Geospatial\Precipitation Downscaling\Precipitation-Downscaling-Khulna\data\processed\rasters_aligned\monthly\NDVI\NDVI_2019_6.tif,-0.19050000607967377,0.9207000136375427,0.49128836393356323,4439,8909,4470
2019,6,2019_06,10,PDIR,E:\Geospatial\Precipitation Downscaling\Precipitation-Downscaling-Khulna\data\processed\rasters_aligned\monthly\PDIR\2019_06.tif,206.3048858642578,575.03125,342.3959045410156,4589,8909,4320
2019,6,2019_06,11,PERSIANN,E:\Geospatial\Precipitation Downscaling\Precipitation-Downscaling-Khulna\data\processed\rasters_aligned\monthly\PERSIANN\2019_06.tif,196.16000366210938,615.8569946289062,465.9450378417969,3576,8909,5333
2019,6,2019_06,12,Distance_Sea_meter,E:\Geospatial\Precipitation Downscaling\Precipitation-Downscaling-Khulna\data\processed\rasters_aligned\static\Distance_Sea_meter.tif,0.0,77480.6640625,24497.150390625,4837,8909,4072
2019,6,2019_06,13,Land_Aspect_Degree_30m,E:\Geospatial\Precipitation Downscaling\Precipitation-Downscaling-Khulna\data\processed\rasters_aligned\static\Land_Aspect_Degree_30m.tif,0.0,174.62100219726562,115.75617980957031,4837,8909,4072
2019,6,2019_06,14,Land_Khulna_SRTM_DEM,E:\Geospatial\Precipitation Downscaling\Precipitation-Downscaling-Khulna\data\processed\rasters_aligned\static\Land_Khulna_SRTM_DEM.tif,0.0,14.246426582336426,4.841400623321533,4837,8909,4072
2019,6,2019_06,15,Land_Slope_Degree_30m,E:\Geospatial\Precipitation Downscaling\Precipitation-Downscaling-Khulna\data\processed\rasters_aligned\static\Land_Slope_Degree_30m.tif,0.0,3.7204315662384033,1.5288087129592896,4827,8909,4082
2019,7,2019_07,1,CCS,E:\Geospatial\Precipitation Downscaling\Precipitation-Downscaling-Khulna\data\processed\rasters_aligned\monthly\CCS\2019_07.tif,257.3809509277344,620.0,365.5057067871094,4589,8909,4320
2019,7,2019_07,2,CDR,E:\Geospatial\Precipitation Downscaling\Precipitation-Downscaling-Khulna\data\processed\rasters_aligned\monthly\CDR\2019_07.tif,402.35894775390625,462.9841003417969,443.0293273925781,3576,8909,5333
2019,7,2019_07,3,CHIRPS,E:\Geospatial\Precipitation Downscaling\Precipitation-Downscaling-Khulna\data\processed\rasters_aligned\monthly\CHIRPS\2019_07.tif,332.1948547363281,572.64453125,410.04412841796875,4732,8909,4177
2019,7,2019_07,4,ERA5,E:\Geospatial\Precipitation Downscaling\Precipitation-Downscaling-Khulna\data\processed\rasters_aligned\monthly\ERA5\2019_07.tif,233.75962829589844,528.6636352539062,283.79449462890625,4833,8909,4076
2019,7,2019_07,5,GSMaP_Gauge,E:\Geospatial\Precipitation Downscaling\Precipitation-Downscaling-Khulna\data\processed\rasters_aligned\monthly\GSMaP_Gauge\2019_07.tif,264.1964111328125,881.5140380859375,466.4684753417969,4837,8909,4072
2019,7,2019_07,6,GSMaP_MVK,E:\Geospatial\Precipitation Downscaling\Precipitation-Downscaling-Khulna\data\processed\rasters_aligned\monthly\GSMaP_MVK\2019_07.tif,165.30752563476562,404.2496337890625,241.21310424804688,4837,8909,4072
2019,7,2019_07,7,IMERG,E:\Geospatial\Precipitation Downscaling\Precipitation-Downscaling-Khulna\data\processed\rasters_aligned\monthly\IMERG\2019_07.tif,0.3668311536312103,0.6384579539299011,0.4617823362350464,4837,8909,4072
2019,7,2019_07,8,LST,E:\Geospatial\Precipitation Downscaling\Precipitation-Downscaling-Khulna\data\processed\rasters_aligned\monthly\LST\LST_Day_2019_7.tif,21.709999084472656,37.11000061035156,30.079248428344727,4122,8909,4787
2019,7,2019_07,9,NDVI,E:\Geospatial\Precipitation Downscaling\Precipitation-Downscaling-Khulna\data\processed\rasters_aligned\monthly\NDVI\NDVI_2019_7.tif,-0.188400000333786,0.916100025177002,0.4687900245189667,4441,8909,4468
2019,7,2019_07,10,PDIR,E:\Geospatial\Precipitation Downscaling\Precipitation-Downscaling-Khulna\data\processed\rasters_aligned\monthly\PDIR\2019_07.tif,383.04620361328125,701.0,485.9530944824219,4589,8909,4320
2019,7,2019_07,11,PERSIANN,E:\Geospatial\Precipitation Downscaling\Precipitation-Downscaling-Khulna\data\processed\rasters_aligned\monthly\PERSIANN\2019_07.tif,323.6600036621094,457.6099853515625,395.7433166503906,3576,8909,5333
2019,7,2019_07,12,Distance_Sea_meter,E:\Geospatial\Precipitation Downscaling\Precipitation-Downscaling-Khulna\data\processed\rasters_aligned\static\Distance_Sea_meter.tif,0.0,77480.6640625,24497.150390625,4837,8909,4072
2019,7,2019_07,13,Land_Aspect_Degree_30m,E:\Geospatial\Precipitation Downscaling\Precipitation-Downscaling-Khulna\data\processed\rasters_aligned\static\Land_Aspect_Degree_30m.tif,0.0,174.62100219726562,115.75617980957031,4837,8909,4072
2019,7,2019_07,14,Land_Khulna_SRTM_DEM,E:\Geospatial\Precipitation Downscaling\Precipitation-Downscaling-Khulna\data\processed\rasters_aligned\static\Land_Khulna_SRTM_DEM.tif,0.0,14.246426582336426,4.841400623321533,4837,8909,4072
2019,7,2019_07,15,Land_Slope_Degree_30m,E:\Geospatial\Precipitation Downscaling\Precipitation-Downscaling-Khulna\data\processed\rasters_aligned\static\Land_Slope_Degree_30m.tif,0.0,3.7204315662384033,1.5288087129592896,4827,8909,4082
2019,8,2019_08,1,CCS,E:\Geospatial\Precipitation Downscaling\Precipitation-Downscaling-Khulna\data\processed\rasters_aligned\monthly\CCS\2019_08.tif,207.0,405.9403991699219,290.4091491699219,4589,8909,4320
2019,8,2019_08,2,CDR,E:\Geospatial\Precipitation Downscaling\Precipitation-Downscaling-Khulna\data\processed\rasters_aligned\monthly\CDR\2019_08.tif,304.240966796875,395.6412658691406,341.1973876953125,3576,8909,5333
2019,8,2019_08,3,CHIRPS,E:\Geospatial\Precipitation Downscaling\Precipitation-Downscaling-Khulna\data\processed\rasters_aligned\monthly\CHIRPS\2019_08.tif,246.96682739257812,371.5616149902344,317.1482849121094,4732,8909,4177
2019,8,2019_08,4,ERA5,E:\Geospatial\Precipitation Downscaling\Precipitation-Downscaling-Khulna\data\processed\rasters_aligned\monthly\ERA5\2019_08.tif,279.0025939941406,392.212890625,329.0986633300781,4833,8909,4076
2019,8,2019_08,5,GSMaP_Gauge,E:\Geospatial\Precipitation Downscaling\Precipitation-Downscaling-Khulna\data\processed\rasters_aligned\monthly\GSMaP_Gauge\2019_08.tif,557.2218017578125,1115.6136474609375,763.3047485351562,4837,8909,4072
2019,8,2019_08,6,GSMaP_MVK,E:\Geospatial\Precipitation Downscaling\Precipitation-Downscaling-Khulna\data\processed\rasters_aligned\monthly\GSMaP_MVK\2019_08.tif,167.4718017578125,205.23475646972656,182.18536376953125,438,8909,8471
2019,8,2019_08,7,IMERG,E:\Geospatial\Precipitation Downscaling\Precipitation-Downscaling-Khulna\data\processed\rasters_aligned\monthly\IMERG\2019_08.tif,0.42698776721954346,0.6091290712356567,0.5371652841567993,4837,8909,4072
2019,8,2019_08,8,LST,E:\Geospatial\Precipitation Downscaling\Precipitation-Downscaling-Khulna\data\processed\rasters_aligned\monthly\LST\LST_Day_2019_8.tif,13.75,32.11000061035156,27.839811325073242,2898,8909,6011
2019,8,2019_08,9,NDVI,E:\Geospatial\Precipitation Downscaling\Precipitation-Downscaling-Khulna\data\processed\rasters_aligned\monthly\NDVI\NDVI_2019_8.tif,-0.1988999992609024,0.9120000004768372,0.4385945498943329,4448,8909,4461
2019,8,2019_08,10,PDIR,E:\Geospatial\Precipitation Downscaling\Precipitation-Downscaling-Khulna\data\processed\rasters_aligned\monthly\PDIR\2019_08.tif,379.0,649.6600341796875,507.82958984375,4589,8909,4320
2019,8,2019_08,11,PERSIANN,E:\Geospatial\Precipitation Downscaling\Precipitation-Downscaling-Khulna\data\processed\rasters_aligned\monthly\PERSIANN\2019_08.tif,295.04998779296875,361.6423034667969,338.38519287109375,3576,8909,5333
2019,8,2019_08,12,Distance_Sea_meter,E:\Geospatial\Precipitation Downscaling\Precipitation-Downscaling-Khulna\data\processed\rasters_aligned\static\Distance_Sea_meter.tif,0.0,77480.6640625,24497.150390625,4837,8909,4072
2019,8,2019_08,13,Land_Aspect_Degree_30m,E:\Geospatial\Precipitation Downscaling\Precipitation-Downscaling-Khulna\data\processed\rasters_aligned\static\Land_Aspect_Degree_30m.tif,0.0,174.62100219726562,115.75617980957031,4837,8909,4072
2019,8,2019_08,14,Land_Khulna_SRTM_DEM,E:\Geospatial\Precipitation Downscaling\Precipitation-Downscaling-Khulna\data\processed\rasters_aligned\static\Land_Khulna_SRTM_DEM.tif,0.0,14.246426582336426,4.841400623321533,4837,8909,4072
2019,8,2019_08,15,Land_Slope_Degree_30m,E:\Geospatial\Precipitation Downscaling\Precipitation-Downscaling-Khulna\data\processed\rasters_aligned\static\Land_Slope_Degree_30m.tif,0.0,3.7204315662384033,1.5288087129592896,4827,8909,4082
2019,9,2019_09,1,CCS,E:\Geospatial\Precipitation Downscaling\Precipitation-Downscaling-Khulna\data\processed\rasters_aligned\monthly\CCS\2019_09.tif,113.0,446.5971374511719,254.84005737304688,4589,8909,4320
2019,9,2019_09,2,CDR,E:\Geospatial\Precipitation Downscaling\Precipitation-Downscaling-Khulna\data\processed\rasters_aligned\monthly\CDR\2019_09.tif,286.6502685546875,408.4374084472656,341.8958435058594,3576,8909,5333
2019,9,2019_09,3,CHIRPS,E:\Geospatial\Precipitation Downscaling\Precipitation-Downscaling-Khulna\data\processed\rasters_aligned\monthly\CHIRPS\2019_09.tif,162.8507843017578,382.0339050292969,279.2445068359375,4732,8909,4177
2019,9,2019_09,4,ERA5,E:\Geospatial\Precipitation Downscaling\Precipitation-Downscaling-Khulna\data\processed\rasters_aligned\monthly\ERA5\2019_09.tif,181.06942749023438,425.426513671875,236.5431671142578,4833,8909,4076
2019,9,2019_09,5,GSMaP_Gauge,E:\Geospatial\Precipitation Downscaling\Precipitation-Downscaling-Khulna\data\processed\rasters_aligned\monthly\GSMaP_Gauge\2019_09.tif,338.69195556640625,525.0445556640625,428.7927551269531,4837,8909,4072
2019,9,2019_09,6,GSMaP_MVK,E:\Geospatial\Precipitation Downscaling\Precipitation-Downscaling-Khulna\data\processed\rasters_aligned\monthly\GSMaP_MVK\2019_09.tif,135.2398223876953,469.9770202636719,257.94610595703125,4837,8909,4072
2019,9,2019_09,7,IMERG,E:\Geospatial\Precipitation Downscaling\Precipitation-Downscaling-Khulna\data\processed\rasters_aligned\monthly\IMERG\2019_09.tif,0.32719215750694275,0.6322318315505981,0.40980949997901917,4837,8909,4072
2019,9,2019_09,8,LST,E:\Geospatial\Precipitation Downscaling\Precipitation-Downscaling-Khulna\data\processed\rasters_aligned\monthly\LST\LST_Day_2019_9.tif,20.559999465942383,34.84000015258789,28.8156795501709,4313,8909,4596
2019,9,2019_09,9,NDVI,E:\Geospatial\Precipitation Downscaling\Precipitation-Downscaling-Khulna\data\processed\rasters_aligned\monthly\NDVI\NDVI_2019_9.tif,-0.19769999384880066,0.9296000003814697,0.5801627039909363,4450,8909,4459
2019,9,2019_09,10,PDIR,E:\Geospatial\Precipitation Downscaling\Precipitation-Downscaling-Khulna\data\processed\rasters_aligned\monthly\PDIR\2019_09.tif,290.0,862.136962890625,503.1690979003906,4589,8909,4320
2019,9,2019_09,11,PERSIANN,E:\Geospatial\Precipitation Downscaling\Precipitation-Downscaling-Khulna\data\processed\rasters_aligned\monthly\PERSIANN\2019_09.tif,206.1300048828125,347.7031555175781,288.85589599609375,3576,8909,5333
2019,9,2019_09,12,Distance_Sea_meter,E:\Geospatial\Precipitation Downscaling\Precipitation-Downscaling-Khulna\data\processed\rasters_aligned\static\Distance_Sea_meter.tif,0.0,77480.6640625,24497.150390625,4837,8909,4072
2019,9,2019_09,13,Land_Aspect_Degree_30m,E:\Geospatial\Precipitation Downscaling\Precipitation-Downscaling-Khulna\data\processed\rasters_aligned\static\Land_Aspect_Degree_30m.tif,0.0,174.62100219726562,115.75617980957031,4837,8909,4072
2019,9,2019_09,14,Land_Khulna_SRTM_DEM,E:\Geospatial\Precipitation Downscaling\Precipitation-Downscaling-Khulna\data\processed\rasters_aligned\static\Land_Khulna_SRTM_DEM.tif,0.0,14.246426582336426,4.841400623321533,4837,8909,4072
2019,9,2019_09,15,Land_Slope_Degree_30m,E:\Geospatial\Precipitation Downscaling\Precipitation-Downscaling-Khulna\data\processed\rasters_aligned\static\Land_Slope_Degree_30m.tif,0.0,3.7204315662384033,1.5288087129592896,4827,8909,4082
2019,10,2019_10,1,CCS,E:\Geospatial\Precipitation Downscaling\Precipitation-Downscaling-Khulna\data\processed\rasters_aligned\monthly\CCS\2019_10.tif,26.11344337463379,259.5003356933594,112.58064270019531,4589,8909,4320
2019,10,2019_10,2,CDR,E:\Geospatial\Precipitation Downscaling\Precipitation-Downscaling-Khulna\data\processed\rasters_aligned\monthly\CDR\2019_10.tif,158.12167358398438,290.91351318359375,234.46360778808594,3576,8909,5333
2019,10,2019_10,3,CHIRPS,E:\Geospatial\Precipitation Downscaling\Precipitation-Downscaling-Khulna\data\processed\rasters_aligned\monthly\CHIRPS\2019_10.tif,129.28770446777344,229.4509735107422,176.09783935546875,4732,8909,4177
2019,10,2019_10,4,ERA5,E:\Geospatial\Precipitation Downscaling\Precipitation-Downscaling-Khulna\data\processed\rasters_aligned\monthly\ERA5\2019_10.tif,131.00953674316406,179.28799438476562,144.43174743652344,4833,8909,4076
2019,10,2019_10,5,GSMaP_Gauge,E:\Geospatial\Precipitation Downscaling\Precipitation-Downscaling-Khulna\data\processed\rasters_aligned\monthly\GSMaP_Gauge\2019_10.tif,195.29931640625,633.2020263671875,311.5005798339844,4837,8909,4072
2019,10,2019_10,6,GSMaP_MVK,E:\Geospatial\Precipitation Downscaling\Precipitation-Downscaling-Khulna\data\processed\rasters_aligned\monthly\GSMaP_MVK\2019_10.tif,130.09181213378906,438.23345947265625,230.0103302001953,4837,8909,4072
2019,10,2019_10,7,IMERG,E:\Geospatial\Precipitation Downscaling\Precipitation-Downscaling-Khulna\data\processed\rasters_aligned\monthly\IMERG\2019_10.tif,0.2094706892967224,0.4349637031555176,0.24604640901088715,4837,8909,4072
2019,10,2019_10,8,LST,E:\Geospatial\Precipitation Downscaling\Precipitation-Downscaling-Khulna\data\processed\rasters_aligned\monthly\LST\LST_Day_2019_10.tif,25.450000762939453,32.38333511352539,27.837284088134766,4340,8909,4569
2019,10,2019_10,9,NDVI,E:\Geospatial\Precipitation Downscaling\Precipitation-Downscaling-Khulna\data\processed\rasters_aligned\monthly\NDVI\NDVI_2019_10.tif,-0.19769999384880066,0.8773999810218811,0.5871196389198303,4416,8909,4493
2019,10,2019_10,10,PDIR,E:\Geospatial\Precipitation Downscaling\Precipitation-Downscaling-Khulna\data\processed\rasters_aligned\monthly\PDIR\2019_10.tif,92.0,349.0,205.30096435546875,4589,8909,4320
2019,10,2019_10,11,PERSIANN,E:\Geospatial\Precipitation Downscaling\Precipitation-Downscaling-Khulna\data\processed\rasters_aligned\monthly\PERSIANN\2019_10.tif,74.87999725341797,230.07000732421875,147.55613708496094,3576,8909,5333
2019,10,2019_10,12,Distance_Sea_meter,E:\Geospatial\Precipitation Downscaling\Precipitation-Downscaling-Khulna\data\processed\rasters_aligned\static\Distance_Sea_meter.tif,0.0,77480.6640625,24497.150390625,4837,8909,4072
2019,10,2019_10,13,Land_Aspect_Degree_30m,E:\Geospatial\Precipitation Downscaling\Precipitation-Downscaling-Khulna\data\processed\rasters_aligned\static\Land_Aspect_Degree_30m.tif,0.0,174.62100219726562,115.75617980957031,4837,8909,4072
2019,10,2019_10,14,Land_Khulna_SRTM_DEM,E:\Geospatial\Precipitation Downscaling\Precipitation-Downscaling-Khulna\data\processed\rasters_aligned\static\Land_Khulna_SRTM_DEM.tif,0.0,14.246426582336426,4.841400623321533,4837,8909,4072
2019,10,2019_10,15,Land_Slope_Degree_30m,E:\Geospatial\Precipitation Downscaling\Precipitation-Downscaling-Khulna\data\processed\rasters_aligned\static\Land_Slope_Degree_30m.tif,0.0,3.7204315662384033,1.5288087129592896,4827,8909,4082
2019,11,2019_11,1,CCS,E:\Geospatial\Precipitation Downscaling\Precipitation-Downscaling-Khulna\data\processed\rasters_aligned\monthly\CCS\2019_11.tif,37.216880798339844,112.9386215209961,77.08766174316406,4589,8909,4320
2019,11,2019_11,2,CDR,E:\Geospatial\Precipitation Downscaling\Precipitation-Downscaling-Khulna\data\processed\rasters_aligned\monthly\CDR\2019_11.tif,110.86425018310547,183.37489318847656,153.60064697265625,3576,8909,5333
2019,11,2019_11,3,CHIRPS,E:\Geospatial\Precipitation Downscaling\Precipitation-Downscaling-Khulna\data\processed\rasters_aligned\monthly\CHIRPS\2019_11.tif,52.16912078857422,87.69590759277344,70.79942321777344,4732,8909,4177
2019,11,2019_11,4,ERA5,E:\Geospatial\Precipitation Downscaling\Precipitation-Downscaling-Khulna\data\processed\rasters_aligned\monthly\ERA5\2019_11.tif,134.38731384277344,243.5020294189453,198.674560546875,4833,8909,4076
2019,11,2019_11,5,GSMaP_Gauge,E:\Geospatial\Precipitation Downscaling\Precipitation-Downscaling-Khulna\data\processed\rasters_aligned\monthly\GSMaP_Gauge\2019_11.tif,186.4619903564453,353.80120849609375,278.4339904785156,4837,8909,4072
2019,11,2019_11,6,GSMaP_MVK,E:\Geospatial\Precipitation Downscaling\Precipitation-Downscaling-Khulna\data\processed\rasters_aligned\monthly\GSMaP_MVK\2019_11.tif,198.04554748535156,344.66162109375,278.0851135253906,4837,8909,4072
2019,11,2019_11,7,IMERG,E:\Geospatial\Precipitation Downscaling\Precipitation-Downscaling-Khulna\data\processed\rasters_aligned\monthly\IMERG\2019_11.tif,0.17397195100784302,0.30488917231559753,0.24925470352172852,4837,8909,4072
2019,11,2019_11,8,LST,E:\Geospatial\Precipitation Downscaling\Precipitation-Downscaling-Khulna\data\processed\rasters_aligned\monthly\LST\LST_Day_2019_11.tif,25.1299991607666,30.415000915527344,26.583499908447266,4340,8909,4569
2019,11,2019_11,9,NDVI,E:\Geospatial\Precipitation Downscaling\Precipitation-Downscaling-Khulna\data\processed\rasters_aligned\monthly\NDVI\NDVI_2019_11.tif,-0.19830000400543213,0.8385000228881836,0.5684009790420532,4424,8909,4485
2019,11,2019_11,10,PDIR,E:\Geospatial\Precipitation Downscaling\Precipitation-Downscaling-Khulna\data\processed\rasters_aligned\monthly\PDIR\2019_11.tif,52.0,152.0,97.064208984375,4589,8909,4320
2019,11,2019_11,11,PERSIANN,E:\Geospatial\Precipitation Downscaling\Precipitation-Downscaling-Khulna\data\processed\rasters_aligned\monthly\PERSIANN\2019_11.tif,108.80999755859375,159.05235290527344,137.05484008789062,3576,8909,5333
2019,11,2019_11,12,Distance_Sea_meter,E:\Geospatial\Precipitation Downscaling\Precipitation-Downscaling-Khulna\data\processed\rasters_aligned\static\Distance_Sea_meter.tif,0.0,77480.6640625,24497.150390625,4837,8909,4072
2019,11,2019_11,13,Land_Aspect_Degree_30m,E:\Geospatial\Precipitation Downscaling\Precipitation-Downscaling-Khulna\data\processed\rasters_aligned\static\Land_Aspect_Degree_30m.tif,0.0,174.62100219726562,115.75617980957031,4837,8909,4072
2019,11,2019_11,14,Land_Khulna_SRTM_DEM,E:\Geospatial\Precipitation Downscaling\Precipitation-Downscaling-Khulna\data\processed\rasters_aligned\static\Land_Khulna_SRTM_DEM.tif,0.0,14.246426582336426,4.841400623321533,4837,8909,4072
2019,11,2019_11,15,Land_Slope_Degree_30m,E:\Geospatial\Precipitation Downscaling\Precipitation-Downscaling-Khulna\data\processed\rasters_aligned\static\Land_Slope_Degree_30m.tif,0.0,3.7204315662384033,1.5288087129592896,4827,8909,4082
2019,12,2019_12,1,CCS,E:\Geospatial\Precipitation Downscaling\Precipitation-Downscaling-Khulna\data\processed\rasters_aligned\monthly\CCS\2019_12.tif,0.0,40.11276626586914,1.9730877876281738,4589,8909,4320
2019,12,2019_12,2,CDR,E:\Geospatial\Precipitation Downscaling\Precipitation-Downscaling-Khulna\data\processed\rasters_aligned\monthly\CDR\2019_12.tif,6.094196796417236,11.349565505981445,7.8918867111206055,3576,8909,5333
2019,12,2019_12,3,CHIRPS,E:\Geospatial\Precipitation Downscaling\Precipitation-Downscaling-Khulna\data\processed\rasters_aligned\monthly\CHIRPS\2019_12.tif,3.158310890197754,14.566469192504883,7.003921985626221,4732,8909,4177
2019,12,2019_12,4,ERA5,E:\Geospatial\Precipitation Downscaling\Precipitation-Downscaling-Khulna\data\processed\rasters_aligned\monthly\ERA5\2019_12.tif,6.610952377319336,11.398805618286133,9.198528289794922,4833,8909,4076
2019,12,2019_12,5,GSMaP_Gauge,E:\Geospatial\Precipitation Downscaling\Precipitation-Downscaling-Khulna\data\processed\rasters_aligned\monthly\GSMaP_Gauge\2019_12.tif,12.682968139648438,30.62992286682129,23.012149810791016,4837,8909,4072
2019,12,2019_12,6,GSMaP_MVK,E:\Geospatial\Precipitation Downscaling\Precipitation-Downscaling-Khulna\data\processed\rasters_aligned\monthly\GSMaP_MVK\2019_12.tif,1.1829545497894287,19.137243270874023,8.728415489196777,4837,8909,4072
2019,12,2019_12,7,IMERG,E:\Geospatial\Precipitation Downscaling\Precipitation-Downscaling-Khulna\data\processed\rasters_aligned\monthly\IMERG\2019_12.tif,0.003504369407892227,0.015000000596046448,0.013530774973332882,4837,8909,4072
2019,12,2019_12,8,LST,E:\Geospatial\Precipitation Downscaling\Precipitation-Downscaling-Khulna\data\processed\rasters_aligned\monthly\LST\LST_Day_2019_12.tif,19.725000381469727,25.023332595825195,21.798351287841797,4340,8909,4569
2019,12,2019_12,9,NDVI,E:\Geospatial\Precipitation Downscaling\Precipitation-Downscaling-Khulna\data\processed\rasters_aligned\monthly\NDVI\NDVI_2019_12.tif,-0.20000000298023224,0.8586000204086304,0.5223326683044434,4439,8909,4470
2019,12,2019_12,10,PDIR,E:\Geospatial\Precipitation Downscaling\Precipitation-Downscaling-Khulna\data\processed\rasters_aligned\monthly\PDIR\2019_12.tif,1.0,26.47837257385254,8.944674491882324,4589,8909,4320
2019,12,2019_12,11,PERSIANN,E:\Geospatial\Precipitation Downscaling\Precipitation-Downscaling-Khulna\data\processed\rasters_aligned\monthly\PERSIANN\2019_12.tif,0.44999998807907104,2.0199999809265137,1.2413239479064941,3576,8909,5333
2019,12,2019_12,12,Distance_Sea_meter,E:\Geospatial\Precipitation Downscaling\Precipitation-Downscaling-Khulna\data\processed\rasters_aligned\static\Distance_Sea_meter.tif,0.0,77480.6640625,24497.150390625,4837,8909,4072
2019,12,2019_12,13,Land_Aspect_Degree_30m,E:\Geospatial\Precipitation Downscaling\Precipitation-Downscaling-Khulna\data\processed\rasters_aligned\static\Land_Aspect_Degree_30m.tif,0.0,174.62100219726562,115.75617980957031,4837,8909,4072
2019,12,2019_12,14,Land_Khulna_SRTM_DEM,E:\Geospatial\Precipitation Downscaling\Precipitation-Downscaling-Khulna\data\processed\rasters_aligned\static\Land_Khulna_SRTM_DEM.tif,0.0,14.246426582336426,4.841400623321533,4837,8909,4072
2019,12,2019_12,15,Land_Slope_Degree_30m,E:\Geospatial\Precipitation Downscaling\Precipitation-Downscaling-Khulna\data\processed\rasters_aligned\static\Land_Slope_Degree_30m.tif,0.0,3.7204315662384033,1.5288087129592896,4827,8909,4082
2020,1,2020_01,1,CCS,E:\Geospatial\Precipitation Downscaling\Precipitation-Downscaling-Khulna\data\processed\rasters_aligned\monthly\CCS\2020_01.tif,0.0,281.0,13.666893005371094,4589,8909,4320
2020,1,2020_01,2,CDR,E:\Geospatial\Precipitation Downscaling\Precipitation-Downscaling-Khulna\data\processed\rasters_aligned\monthly\CDR\2020_01.tif,23.724393844604492,38.80693817138672,28.995820999145508,3576,8909,5333
2020,1,2020_01,3,CHIRPS,E:\Geospatial\Precipitation Downscaling\Precipitation-Downscaling-Khulna\data\processed\rasters_aligned\monthly\CHIRPS\2020_01.tif,15.366557121276855,36.54682540893555,27.669328689575195,4732,8909,4177
2020,1,2020_01,4,ERA5,E:\Geospatial\Precipitation Downscaling\Precipitation-Downscaling-Khulna\data\processed\rasters_aligned\monthly\ERA5\2020_01.tif,18.184114456176758,47.75432586669922,33.42316818237305,4833,8909,4076
2020,1,2020_01,5,GSMaP_Gauge,E:\Geospatial\Precipitation Downscaling\Precipitation-Downscaling-Khulna\data\processed\rasters_aligned\monthly\GSMaP_Gauge\2020_01.tif,44.92375564575195,77.37406921386719,59.15556335449219,4837,8909,4072
2020,1,2020_01,6,GSMaP_MVK,E:\Geospatial\Precipitation Downscaling\Precipitation-Downscaling-Khulna\data\processed\rasters_aligned\monthly\GSMaP_MVK\2020_01.tif,55.57886505126953,163.20571899414062,104.72721862792969,4837,8909,4072
2020,1,2020_01,7,IMERG,E:\Geospatial\Precipitation Downscaling\Precipitation-Downscaling-Khulna\data\processed\rasters_aligned\monthly\IMERG\2020_01.tif,0.04759145900607109,0.06289525330066681,0.0573975071310997,4837,8909,4072
2020,1,2020_01,8,LST,E:\Geospatial\Precipitation Downscaling\Precipitation-Downscaling-Khulna\data\processed\rasters_aligned\monthly\LST\LST_Day_2020_1.tif,19.809999465942383,25.110000610351562,21.67524528503418,4340,8909,4569
2020,1,2020_01,9,NDVI,E:\Geospatial\Precipitation Downscaling\Precipitation-Downscaling-Khulna\data\processed\rasters_aligned\monthly\NDVI\NDVI_2020_1.tif,-0.19740000367164612,0.90829998254776,0.47729119658470154,4403,8909,4506
2020,1,2020_01,10,PDIR,E:\Geospatial\Precipitation Downscaling\Precipitation-Downscaling-Khulna\data\processed\rasters_aligned\monthly\PDIR\2020_01.tif,16.116687774658203,155.02099609375,78.54971313476562,4589,8909,4320
2020,1,2020_01,11,PERSIANN,E:\Geospatial\Precipitation Downscaling\Precipitation-Downscaling-Khulna\data\processed\rasters_aligned\monthly\PERSIANN\2020_01.tif,11.420000076293945,17.5,15.089885711669922,3576,8909,5333
2020,1,2020_01,12,Distance_Sea_meter,E:\Geospatial\Precipitation Downscaling\Precipitation-Downscaling-Khulna\data\processed\rasters_aligned\static\Distance_Sea_meter.tif,0.0,77480.6640625,24497.150390625,4837,8909,4072
2020,1,2020_01,13,Land_Aspect_Degree_30m,E:\Geospatial\Precipitation Downscaling\Precipitation-Downscaling-Khulna\data\processed\rasters_aligned\static\Land_Aspect_Degree_30m.tif,0.0,174.62100219726562,115.75617980957031,4837,8909,4072
2020,1,2020_01,14,Land_Khulna_SRTM_DEM,E:\Geospatial\Precipitation Downscaling\Precipitation-Downscaling-Khulna\data\processed\rasters_aligned\static\Land_Khulna_SRTM_DEM.tif,0.0,14.246426582336426,4.841400623321533,4837,8909,4072
2020,1,2020_01,15,Land_Slope_Degree_30m,E:\Geospatial\Precipitation Downscaling\Precipitation-Downscaling-Khulna\data\processed\rasters_aligned\static\Land_Slope_Degree_30m.tif,0.0,3.7204315662384033,1.5288087129592896,4827,8909,4082
2020,2,2020_02,1,CCS,E:\Geospatial\Precipitation Downscaling\Precipitation-Downscaling-Khulna\data\processed\rasters_aligned\monthly\CCS\2020_02.tif,0.0,3.0,0.3251670002937317,4589,8909,4320
2020,2,2020_02,2,CDR,E:\Geospatial\Precipitation Downscaling\Precipitation-Downscaling-Khulna\data\processed\rasters_aligned\monthly\CDR\2020_02.tif,0.0,16.021203994750977,10.36294937133789,3576,8909,5333
2020,2,2020_02,3,CHIRPS,E:\Geospatial\Precipitation Downscaling\Precipitation-Downscaling-Khulna\data\processed\rasters_aligned\monthly\CHIRPS\2020_02.tif,7.686174392700195,18.480588912963867,11.598516464233398,4732,8909,4177
2020,2,2020_02,4,ERA5,E:\Geospatial\Precipitation Downscaling\Precipitation-Downscaling-Khulna\data\processed\rasters_aligned\monthly\ERA5\2020_02.tif,4.210097789764404,7.496306896209717,6.666486740112305,4833,8909,4076
2020,2,2020_02,5,GSMaP_Gauge,E:\Geospatial\Precipitation Downscaling\Precipitation-Downscaling-Khulna\data\processed\rasters_aligned\monthly\GSMaP_Gauge\2020_02.tif,4.895306587219238,9.2529935836792,6.562392711639404,4837,8909,4072
2020,2,2020_02,6,GSMaP_MVK,E:\Geospatial\Precipitation Downscaling\Precipitation-Downscaling-Khulna\data\processed\rasters_aligned\monthly\GSMaP_MVK\2020_02.tif,14.24937629699707,46.59519958496094,31.106351852416992,4837,8909,4072
2020,2,2020_02,7,IMERG,E:\Geospatial\Precipitation Downscaling\Precipitation-Downscaling-Khulna\data\processed\rasters_aligned\monthly\IMERG\2020_02.tif,0.004006647504866123,0.014996799640357494,0.00698145292699337,4837,8909,4072
2020,2,2020_02,8,LST,E:\Geospatial\Precipitation Downscaling\Precipitation-Downscaling-Khulna\data\processed\rasters_aligned\monthly\LST\LST_Day_2020_2.tif,21.65999984741211,29.075000762939453,24.61483383178711,4340,8909,4569
2020,2,2020_02,9,NDVI,E:\Geospatial\Precipitation Downscaling\Precipitation-Downscaling-Khulna\data\processed\rasters_aligned\monthly\NDVI\NDVI_2020_2.tif,-0.1973000019788742,0.9688000082969666,0.4843285381793976,4415,8909,4494
2020,2,2020_02,10,PDIR,E:\Geospatial\Precipitation Downscaling\Precipitation-Downscaling-Khulna\data\processed\rasters_aligned\monthly\PDIR\2020_02.tif,0.0,29.562423706054688,8.470873832702637,4589,8909,4320
2020,2,2020_02,11,PERSIANN,E:\Geospatial\Precipitation Downscaling\Precipitation-Downscaling-Khulna\data\processed\rasters_aligned\monthly\PERSIANN\2020_02.tif,0.007334476802498102,4.800000190734863,1.3761261701583862,3576,8909,5333
2020,2,2020_02,12,Distance_Sea_meter,E:\Geospatial\Precipitation Downscaling\Precipitation-Downscaling-Khulna\data\processed\rasters_aligned\static\Distance_Sea_meter.tif,0.0,77480.6640625,24497.150390625,4837,8909,4072
2020,2,2020_02,13,Land_Aspect_Degree_30m,E:\Geospatial\Precipitation Downscaling\Precipitation-Downscaling-Khulna\data\processed\rasters_aligned\static\Land_Aspect_Degree_30m.tif,0.0,174.62100219726562,115.75617980957031,4837,8909,4072
2020,2,2020_02,14,Land_Khulna_SRTM_DEM,E:\Geospatial\Precipitation Downscaling\Precipitation-Downscaling-Khulna\data\processed\rasters_aligned\static\Land_Khulna_SRTM_DEM.tif,0.0,14.246426582336426,4.841400623321533,4837,8909,4072
2020,2,2020_02,15,Land_Slope_Degree_30m,E:\Geospatial\Precipitation Downscaling\Precipitation-Downscaling-Khulna\data\processed\rasters_aligned\static\Land_Slope_Degree_30m.tif,0.0,3.7204315662384033,1.5288087129592896,4827,8909,4082
2020,3,2020_03,1,CCS,E:\Geospatial\Precipitation Downscaling\Precipitation-Downscaling-Khulna\data\processed\rasters_aligned\monthly\CCS\2020_03.tif,2.089902877807617,52.50166702270508,7.9675421714782715,4589,8909,4320
2020,3,2020_03,2,CDR,E:\Geospatial\Precipitation Downscaling\Precipitation-Downscaling-Khulna\data\processed\rasters_aligned\monthly\CDR\2020_03.tif,30.05328369140625,39.48715591430664,34.15644836425781,3576,8909,5333
2020,3,2020_03,3,CHIRPS,E:\Geospatial\Precipitation Downscaling\Precipitation-Downscaling-Khulna\data\processed\rasters_aligned\monthly\CHIRPS\2020_03.tif,24.888919830322266,63.99985122680664,47.96144104003906,4732,8909,4177
2020,3,2020_03,4,ERA5,E:\Geospatial\Precipitation Downscaling\Precipitation-Downscaling-Khulna\data\processed\rasters_aligned\monthly\ERA5\2020_03.tif,14.3098726272583,42.57394790649414,29.161609649658203,4833,8909,4076
2020,3,2020_03,5,GSMaP_Gauge,E:\Geospatial\Precipitation Downscaling\Precipitation-Downscaling-Khulna\data\processed\rasters_aligned\monthly\GSMaP_Gauge\2020_03.tif,32.46954345703125,146.66815185546875,73.36255645751953,4837,8909,4072
2020,3,2020_03,6,GSMaP_MVK,E:\Geospatial\Precipitation Downscaling\Precipitation-Downscaling-Khulna\data\processed\rasters_aligned\monthly\GSMaP_MVK\2020_03.tif,16.336668014526367,76.00286865234375,36.514408111572266,4837,8909,4072
2020,3,2020_03,7,IMERG,E:\Geospatial\Precipitation Downscaling\Precipitation-Downscaling-Khulna\data\processed\rasters_aligned\monthly\IMERG\2020_03.tif,0.011487562209367752,0.044774167239665985,0.03448271378874779,4837,8909,4072
2020,3,2020_03,8,LST,E:\Geospatial\Precipitation Downscaling\Precipitation-Downscaling-Khulna\data\processed\rasters_aligned\monthly\LST\LST_Day_2020_3.tif,24.579999923706055,36.209999084472656,29.009719848632812,4340,8909,4569
2020,3,2020_03,9,NDVI,E:\Geospatial\Precipitation Downscaling\Precipitation-Downscaling-Khulna\data\processed\rasters_aligned\monthly\NDVI\NDVI_2020_3.tif,-0.19920000433921814,0.8955000042915344,0.5032503008842468,4444,8909,4465
2020,3,2020_03,10,PDIR,E:\Geospatial\Precipitation Downscaling\Precipitation-Downscaling-Khulna\data\processed\rasters_aligned\monthly\PDIR\2020_03.tif,16.489116668701172,70.22000885009766,44.949153900146484,4589,8909,4320
2020,3,2020_03,11,PERSIANN,E:\Geospatial\Precipitation Downscaling\Precipitation-Downscaling-Khulna\data\processed\rasters_aligned\monthly\PERSIANN\2020_03.tif,12.669425010681152,26.139999389648438,20.144001007080078,3576,8909,5333
2020,3,2020_03,12,Distance_Sea_meter,E:\Geospatial\Precipitation Downscaling\Precipitation-Downscaling-Khulna\data\processed\rasters_aligned\static\Distance_Sea_meter.tif,0.0,77480.6640625,24497.150390625,4837,8909,4072
2020,3,2020_03,13,Land_Aspect_Degree_30m,E:\Geospatial\Precipitation Downscaling\Precipitation-Downscaling-Khulna\data\processed\rasters_aligned\static\Land_Aspect_Degree_30m.tif,0.0,174.62100219726562,115.75617980957031,4837,8909,4072
2020,3,2020_03,14,Land_Khulna_SRTM_DEM,E:\Geospatial\Precipitation Downscaling\Precipitation-Downscaling-Khulna\data\processed\rasters_aligned\static\Land_Khulna_SRTM_DEM.tif,0.0,14.246426582336426,4.841400623321533,4837,8909,4072
2020,3,2020_03,15,Land_Slope_Degree_30m,E:\Geospatial\Precipitation Downscaling\Precipitation-Downscaling-Khulna\data\processed\rasters_aligned\static\Land_Slope_Degree_30m.tif,0.0,3.7204315662384033,1.5288087129592896,4827,8909,4082
2020,4,2020_04,1,CCS,E:\Geospatial\Precipitation Downscaling\Precipitation-Downscaling-Khulna\data\processed\rasters_aligned\monthly\CCS\2020_04.tif,29.0,104.68363952636719,50.34965515136719,4589,8909,4320
2020,4,2020_04,2,CDR,E:\Geospatial\Precipitation Downscaling\Precipitation-Downscaling-Khulna\data\processed\rasters_aligned\monthly\CDR\2020_04.tif,111.60814666748047,133.9730682373047,119.06305694580078,3576,8909,5333
2020,4,2020_04,3,CHIRPS,E:\Geospatial\Precipitation Downscaling\Precipitation-Downscaling-Khulna\data\processed\rasters_aligned\monthly\CHIRPS\2020_04.tif,67.6219253540039,140.24497985839844,98.29472351074219,4732,8909,4177
2020,4,2020_04,4,ERA5,E:\Geospatial\Precipitation Downscaling\Precipitation-Downscaling-Khulna\data\processed\rasters_aligned\monthly\ERA5\2020_04.tif,152.13812255859375,277.45635986328125,246.26699829101562,4833,8909,4076
2020,4,2020_04,5,GSMaP_Gauge,E:\Geospatial\Precipitation Downscaling\Precipitation-Downscaling-Khulna\data\processed\rasters_aligned\monthly\GSMaP_Gauge\2020_04.tif,142.45191955566406,395.1676940917969,230.29031372070312,4837,8909,4072
2020,4,2020_04,6,GSMaP_MVK,E:\Geospatial\Precipitation Downscaling\Precipitation-Downscaling-Khulna\data\processed\rasters_aligned\monthly\GSMaP_MVK\2020_04.tif,141.32078552246094,386.7456970214844,247.37600708007812,4837,8909,4072
2020,4,2020_04,7,IMERG,E:\Geospatial\Precipitation Downscaling\Precipitation-Downscaling-Khulna\data\processed\rasters_aligned\monthly\IMERG\2020_04.tif,0.1350283920764923,0.2053918093442917,0.15416955947875977,4837,8909,4072
2020,4,2020_04,8,LST,E:\Geospatial\Precipitation Downscaling\Precipitation-Downscaling-Khulna\data\processed\rasters_aligned\monthly\LST\LST_Day_2020_4.tif,25.770000457763672,36.75666809082031,30.277400970458984,4340,8909,4569
2020,4,2020_04,9,NDVI,E:\Geospatial\Precipitation Downscaling\Precipitation-Downscaling-Khulna\data\processed\rasters_aligned\monthly\NDVI\NDVI_2020_4.tif,-0.19189999997615814,0.828499972820282,0.5082923769950867,4438,8909,4471
2020,4,2020_04,10,PDIR,E:\Geospatial\Precipitation Downscaling\Precipitation-Downscaling-Khulna\data\processed\rasters_aligned\monthly\PDIR\2020_04.tif,88.17572784423828,166.25772094726562,127.8056869506836,4589,8909,4320
2020,4,2020_04,11,PERSIANN,E:\Geospatial\Precipitation Downscaling\Precipitation-Downscaling-Khulna\data\processed\rasters_aligned\monthly\PERSIANN\2020_04.tif,97.26000213623047,133.06105041503906,117.35647583007812,3576,8909,5333
2020,4,2020_04,12,Distance_Sea_meter,E:\Geospatial\Precipitation Downscaling\Precipitation-Downscaling-Khulna\data\processed\rasters_aligned\static\Distance_Sea_meter.tif,0.0,77480.6640625,24497.150390625,4837,8909,4072
2020,4,2020_04,13,Land_Aspect_Degree_30m,E:\Geospatial\Precipitation Downscaling\Precipitation-Downscaling-Khulna\data\processed\rasters_aligned\static\Land_Aspect_Degree_30m.tif,0.0,174.62100219726562,115.75617980957031,4837,8909,4072
2020,4,2020_04,14,Land_Khulna_SRTM_DEM,E:\Geospatial\Precipitation Downscaling\Precipitation-Downscaling-Khulna\data\processed\rasters_aligned\static\Land_Khulna_SRTM_DEM.tif,0.0,14.246426582336426,4.841400623321533,4837,8909,4072
2020,4,2020_04,15,Land_Slope_Degree_30m,E:\Geospatial\Precipitation Downscaling\Precipitation-Downscaling-Khulna\data\processed\rasters_aligned\static\Land_Slope_Degree_30m.tif,0.0,3.7204315662384033,1.5288087129592896,4827,8909,4082
2020,5,2020_05,1,CCS,E:\Geospatial\Precipitation Downscaling\Precipitation-Downscaling-Khulna\data\processed\rasters_aligned\monthly\CCS\2020_05.tif,42.0,228.0,136.18223571777344,4589,8909,4320
2020,5,2020_05,2,CDR,E:\Geospatial\Precipitation Downscaling\Precipitation-Downscaling-Khulna\data\processed\rasters_aligned\monthly\CDR\2020_05.tif,207.4969024658203,315.1328430175781,268.5609130859375,3576,8909,5333
2020,5,2020_05,3,CHIRPS,E:\Geospatial\Precipitation Downscaling\Precipitation-Downscaling-Khulna\data\processed\rasters_aligned\monthly\CHIRPS\2020_05.tif,198.6474609375,337.12841796875,262.3763122558594,4732,8909,4177
2020,5,2020_05,4,ERA5,E:\Geospatial\Precipitation Downscaling\Precipitation-Downscaling-Khulna\data\processed\rasters_aligned\monthly\ERA5\2020_05.tif,131.6785430908203,183.89694213867188,151.59713745117188,4833,8909,4076
2020,5,2020_05,5,GSMaP_Gauge,E:\Geospatial\Precipitation Downscaling\Precipitation-Downscaling-Khulna\data\processed\rasters_aligned\monthly\GSMaP_Gauge\2020_05.tif,160.9026336669922,424.68670654296875,297.4343566894531,4837,8909,4072
2020,5,2020_05,6,GSMaP_MVK,E:\Geospatial\Precipitation Downscaling\Precipitation-Downscaling-Khulna\data\processed\rasters_aligned\monthly\GSMaP_MVK\2020_05.tif,208.00482177734375,474.41796875,344.78607177734375,4837,8909,4072
2020,5,2020_05,7,IMERG,E:\Geospatial\Precipitation Downscaling\Precipitation-Downscaling-Khulna\data\processed\rasters_aligned\monthly\IMERG\2020_05.tif,0.21889157593250275,0.392494261264801,0.33585307002067566,4837,8909,4072
2020,5,2020_05,8,LST,E:\Geospatial\Precipitation Downscaling\Precipitation-Downscaling-Khulna\data\processed\rasters_aligned\monthly\LST\LST_Day_2020_5.tif,25.31999969482422,36.970001220703125,31.00860595703125,4339,8909,4570
2020,5,2020_05,9,NDVI,E:\Geospatial\Precipitation Downscaling\Precipitation-Downscaling-Khulna\data\processed\rasters_aligned\monthly\NDVI\NDVI_2020_5.tif,-0.19259999692440033,0.8804000020027161,0.4778535068035126,4438,8909,4471
2020,5,2020_05,10,PDIR,E:\Geospatial\Precipitation Downscaling\Precipitation-Downscaling-Khulna\data\processed\rasters_aligned\monthly\PDIR\2020_05.tif,146.0,453.0,299.3874206542969,4589,8909,4320
2020,5,2020_05,11,PERSIANN,E:\Geospatial\Precipitation Downscaling\Precipitation-Downscaling-Khulna\data\processed\rasters_aligned\monthly\PERSIANN\2020_05.tif,114.61000061035156,139.0399932861328,130.6389923095703,3576,8909,5333
2020,5,2020_05,12,Distance_Sea_meter,E:\Geospatial\Precipitation Downscaling\Precipitation-Downscaling-Khulna\data\processed\rasters_aligned\static\Distance_Sea_meter.tif,0.0,77480.6640625,24497.150390625,4837,8909,4072
2020,5,2020_05,13,Land_Aspect_Degree_30m,E:\Geospatial\Precipitation Downscaling\Precipitation-Downscaling-Khulna\data\processed\rasters_aligned\static\Land_Aspect_Degree_30m.tif,0.0,174.62100219726562,115.75617980957031,4837,8909,4072
2020,5,2020_05,14,Land_Khulna_SRTM_DEM,E:\Geospatial\Precipitation Downscaling\Precipitation-Downscaling-Khulna\data\processed\rasters_aligned\static\Land_Khulna_SRTM_DEM.tif,0.0,14.246426582336426,4.841400623321533,4837,8909,4072
2020,5,2020_05,15,Land_Slope_Degree_30m,E:\Geospatial\Precipitation Downscaling\Precipitation-Downscaling-Khulna\data\processed\rasters_aligned\static\Land_Slope_Degree_30m.tif,0.0,3.7204315662384033,1.5288087129592896,4827,8909,4082
2020,6,2020_06,1,CCS,E:\Geospatial\Precipitation Downscaling\Precipitation-Downscaling-Khulna\data\processed\rasters_aligned\monthly\CCS\2020_06.tif,247.02548217773438,697.9628295898438,468.3354797363281,4589,8909,4320
2020,6,2020_06,2,CDR,E:\Geospatial\Precipitation Downscaling\Precipitation-Downscaling-Khulna\data\processed\rasters_aligned\monthly\CDR\2020_06.tif,354.9541015625,493.4200134277344,423.1204833984375,3576,8909,5333
2020,6,2020_06,3,CHIRPS,E:\Geospatial\Precipitation Downscaling\Precipitation-Downscaling-Khulna\data\processed\rasters_aligned\monthly\CHIRPS\2020_06.tif,307.083251953125,452.129638671875,378.1116027832031,4732,8909,4177
2020,6,2020_06,4,ERA5,E:\Geospatial\Precipitation Downscaling\Precipitation-Downscaling-Khulna\data\processed\rasters_aligned\monthly\ERA5\2020_06.tif,272.7801818847656,442.18218994140625,312.5215759277344,4833,8909,4076
2020,6,2020_06,5,GSMaP_Gauge,E:\Geospatial\Precipitation Downscaling\Precipitation-Downscaling-Khulna\data\processed\rasters_aligned\monthly\GSMaP_Gauge\2020_06.tif,368.8585510253906,603.8117065429688,468.03753662109375,4837,8909,4072
2020,6,2020_06,6,GSMaP_MVK,E:\Geospatial\Precipitation Downscaling\Precipitation-Downscaling-Khulna\data\processed\rasters_aligned\monthly\GSMaP_MVK\2020_06.tif,323.5120544433594,869.2916259765625,676.8111572265625,4837,8909,4072
2020,6,2020_06,7,IMERG,E:\Geospatial\Precipitation Downscaling\Precipitation-Downscaling-Khulna\data\processed\rasters_aligned\monthly\IMERG\2020_06.tif,0.44858479499816895,0.7102134823799133,0.5588660836219788,4837,8909,4072
2020,6,2020_06,8,LST,E:\Geospatial\Precipitation Downscaling\Precipitation-Downscaling-Khulna\data\processed\rasters_aligned\monthly\LST\LST_Day_2020_6.tif,12.270000457763672,33.209999084472656,28.5451602935791,3318,8909,5591
2020,6,2020_06,9,NDVI,E:\Geospatial\Precipitation Downscaling\Precipitation-Downscaling-Khulna\data\processed\rasters_aligned\monthly\NDVI\NDVI_2020_6.tif,-0.17309999465942383,0.9567000269889832,0.43305328488349915,4435,8909,4474
2020,6,2020_06,10,PDIR,E:\Geospatial\Precipitation Downscaling\Precipitation-Downscaling-Khulna\data\processed\rasters_aligned\monthly\PDIR\2020_06.tif,220.27601623535156,880.0,494.7173767089844,4589,8909,4320
2020,6,2020_06,11,PERSIANN,E:\Geospatial\Precipitation Downscaling\Precipitation-Downscaling-Khulna\data\processed\rasters_aligned\monthly\PERSIANN\2020_06.tif,367.80999755859375,443.6864929199219,406.722900390625,3576,8909,5333
2020,6,2020_06,12,Distance_Sea_meter,E:\Geospatial\Precipitation Downscaling\Precipitation-Downscaling-Khulna\data\processed\rasters_aligned\static\Distance_Sea_meter.tif,0.0,77480.6640625,24497.150390625,4837,8909,4072
2020,6,2020_06,13,Land_Aspect_Degree_30m,E:\Geospatial\Precipitation Downscaling\Precipitation-Downscaling-Khulna\data\processed\rasters_aligned\static\Land_Aspect_Degree_30m.tif,0.0,174.62100219726562,115.75617980957031,4837,8909,4072
2020,6,2020_06,14,Land_Khulna_SRTM_DEM,E:\Geospatial\Precipitation Downscaling\Precipitation-Downscaling-Khulna\data\processed\rasters_aligned\static\Land_Khulna_SRTM_DEM.tif,0.0,14.246426582336426,4.841400623321533,4837,8909,4072
2020,6,2020_06,15,Land_Slope_Degree_30m,E:\Geospatial\Precipitation Downscaling\Precipitation-Downscaling-Khulna\data\processed\rasters_aligned\static\Land_Slope_Degree_30m.tif,0.0,3.7204315662384033,1.5288087129592896,4827,8909,4082
2020,7,2020_07,1,CCS,E:\Geospatial\Precipitation Downscaling\Precipitation-Downscaling-Khulna\data\processed\rasters_aligned\monthly\CCS\2020_07.tif,192.0,377.8391418457031,287.77178955078125,4589,8909,4320
2020,7,2020_07,2,CDR,E:\Geospatial\Precipitation Downscaling\Precipitation-Downscaling-Khulna\data\processed\rasters_aligned\monthly\CDR\2020_07.tif,398.8080749511719,504.771728515625,454.96240234375,3576,8909,5333
2020,7,2020_07,3,CHIRPS,E:\Geospatial\Precipitation Downscaling\Precipitation-Downscaling-Khulna\data\processed\rasters_aligned\monthly\CHIRPS\2020_07.tif,253.89930725097656,372.4625244140625,329.1479797363281,4732,8909,4177
2020,7,2020_07,4,ERA5,E:\Geospatial\Precipitation Downscaling\Precipitation-Downscaling-Khulna\data\processed\rasters_aligned\monthly\ERA5\2020_07.tif,313.9134826660156,421.49041748046875,359.71783447265625,4553,8909,4356
2020,7,2020_07,5,GSMaP_Gauge,E:\Geospatial\Precipitation Downscaling\Precipitation-Downscaling-Khulna\data\processed\rasters_aligned\monthly\GSMaP_Gauge\2020_07.tif,242.8138427734375,370.9647521972656,298.09429931640625,4837,8909,4072
2020,7,2020_07,6,GSMaP_MVK,E:\Geospatial\Precipitation Downscaling\Precipitation-Downscaling-Khulna\data\processed\rasters_aligned\monthly\GSMaP_MVK\2020_07.tif,140.6833038330078,342.03076171875,272.7657775878906,4837,8909,4072
2020,7,2020_07,7,IMERG,E:\Geospatial\Precipitation Downscaling\Precipitation-Downscaling-Khulna\data\processed\rasters_aligned\monthly\IMERG\2020_07.tif,0.4119117259979248,0.6352273225784302,0.495038241147995,4837,8909,4072
2020,7,2020_07,8,LST,E:\Geospatial\Precipitation Downscaling\Precipitation-Downscaling-Khulna\data\processed\rasters_aligned\monthly\LST\LST_Day_2020_7.tif,12.710000038146973,32.5099983215332,26.460878372192383,2531,8909,6378
2020,7,2020_07,9,NDVI,E:\Geospatial\Precipitation Downscaling\Precipitation-Downscaling-Khulna\data\processed\rasters_aligned\monthly\NDVI\NDVI_2020_7.tif,-0.18050000071525574,0.9125999808311462,0.467512845993042,4437,8909,4472
2020,7,2020_07,10,PDIR,E:\Geospatial\Precipitation Downscaling\Precipitation-Downscaling-Khulna\data\processed\rasters_aligned\monthly\PDIR\2020_07.tif,249.0,442.94482421875,359.74444580078125,4589,8909,4320
2020,7,2020_07,11,PERSIANN,E:\Geospatial\Precipitation Downscaling\Precipitation-Downscaling-Khulna\data\processed\rasters_aligned\monthly\PERSIANN\2020_07.tif,177.6699981689453,279.48065185546875,235.42279052734375,3576,8909,5333
2020,7,2020_07,12,Distance_Sea_meter,E:\Geospatial\Precipitation Downscaling\Precipitation-Downscaling-Khulna\data\processed\rasters_aligned\static\Distance_Sea_meter.tif,0.0,77480.6640625,24497.150390625,4837,8909,4072
2020,7,2020_07,13,Land_Aspect_Degree_30m,E:\Geospatial\Precipitation Downscaling\Precipitation-Downscaling-Khulna\data\processed\rasters_aligned\static\Land_Aspect_Degree_30m.tif,0.0,174.62100219726562,115.75617980957031,4837,8909,4072
2020,7,2020_07,14,Land_Khulna_SRTM_DEM,E:\Geospatial\Precipitation Downscaling\Precipitation-Downscaling-Khulna\data\processed\rasters_aligned\static\Land_Khulna_SRTM_DEM.tif,0.0,14.246426582336426,4.841400623321533,4837,8909,4072
2020,7,2020_07,15,Land_Slope_Degree_30m,E:\Geospatial\Precipitation Downscaling\Precipitation-Downscaling-Khulna\data\processed\rasters_aligned\static\Land_Slope_Degree_30m.tif,0.0,3.7204315662384033,1.5288087129592896,4827,8909,4082
2020,8,2020_08,1,CCS,E:\Geospatial\Precipitation Downscaling\Precipitation-Downscaling-Khulna\data\processed\rasters_aligned\monthly\CCS\2020_08.tif,232.81552124023438,446.6142578125,341.1175842285156,4589,8909,4320
2020,8,2020_08,2,CDR,E:\Geospatial\Precipitation Downscaling\Precipitation-Downscaling-Khulna\data\processed\rasters_aligned\monthly\CDR\2020_08.tif,331.6998291015625,514.7682495117188,411.7245788574219,3576,8909,5333
2020,8,2020_08,3,CHIRPS,E:\Geospatial\Precipitation Downscaling\Precipitation-Downscaling-Khulna\data\processed\rasters_aligned\monthly\CHIRPS\2020_08.tif,303.91650390625,501.6664733886719,380.4119873046875,4732,8909,4177
2020,8,2020_08,4,ERA5,E:\Geospatial\Precipitation Downscaling\Precipitation-Downscaling-Khulna\data\processed\rasters_aligned\monthly\ERA5\2020_08.tif,288.3453674316406,519.7259521484375,394.48138427734375,4553,8909,4356
2020,8,2020_08,5,GSMaP_Gauge,E:\Geospatial\Precipitation Downscaling\Precipitation-Downscaling-Khulna\data\processed\rasters_aligned\monthly\GSMaP_Gauge\2020_08.tif,362.09552001953125,564.0056762695312,470.2121276855469,4837,8909,4072
2020,8,2020_08,6,GSMaP_MVK,E:\Geospatial\Precipitation Downscaling\Precipitation-Downscaling-Khulna\data\processed\rasters_aligned\monthly\GSMaP_MVK\2020_08.tif,439.7688293457031,484.4731750488281,455.9671936035156,438,8909,8471
2020,8,2020_08,7,IMERG,E:\Geospatial\Precipitation Downscaling\Precipitation-Downscaling-Khulna\data\processed\rasters_aligned\monthly\IMERG\2020_08.tif,0.45157530903816223,1.0938894748687744,0.6145778298377991,4837,8909,4072
2020,8,2020_08,8,LST,E:\Geospatial\Precipitation Downscaling\Precipitation-Downscaling-Khulna\data\processed\rasters_aligned\monthly\LST\LST_Day_2020_8.tif,16.350000381469727,34.9900016784668,27.594318389892578,3764,8909,5145
2020,8,2020_08,9,NDVI,E:\Geospatial\Precipitation Downscaling\Precipitation-Downscaling-Khulna\data\processed\rasters_aligned\monthly\NDVI\NDVI_2020_8.tif,-0.17910000681877136,0.9161999821662903,0.519410252571106,4439,8909,4470
2020,8,2020_08,10,PDIR,E:\Geospatial\Precipitation Downscaling\Precipitation-Downscaling-Khulna\data\processed\rasters_aligned\monthly\PDIR\2020_08.tif,401.05303955078125,801.2059936523438,591.20361328125,4589,8909,4320
2020,8,2020_08,11,PERSIANN,E:\Geospatial\Precipitation Downscaling\Precipitation-Downscaling-Khulna\data\processed\rasters_aligned\monthly\PERSIANN\2020_08.tif,254.1199951171875,395.6979675292969,337.2969665527344,3576,8909,5333
2020,8,2020_08,12,Distance_Sea_meter,E:\Geospatial\Precipitation Downscaling\Precipitation-Downscaling-Khulna\data\processed\rasters_aligned\static\Distance_Sea_meter.tif,0.0,77480.6640625,24497.150390625,4837,8909,4072
2020,8,2020_08,13,Land_Aspect_Degree_30m,E:\Geospatial\Precipitation Downscaling\Precipitation-Downscaling-Khulna\data\processed\rasters_aligned\static\Land_Aspect_Degree_30m.tif,0.0,174.62100219726562,115.75617980957031,4837,8909,4072
2020,8,2020_08,14,Land_Khulna_SRTM_DEM,E:\Geospatial\Precipitation Downscaling\Precipitation-Downscaling-Khulna\data\processed\rasters_aligned\static\Land_Khulna_SRTM_DEM.tif,0.0,14.246426582336426,4.841400623321533,4837,8909,4072
2020,8,2020_08,15,Land_Slope_Degree_30m,E:\Geospatial\Precipitation Downscaling\Precipitation-Downscaling-Khulna\data\processed\rasters_aligned\static\Land_Slope_Degree_30m.tif,0.0,3.7204315662384033,1.5288087129592896,4827,8909,4082
2020,9,2020_09,1,CCS,E:\Geospatial\Precipitation Downscaling\Precipitation-Downscaling-Khulna\data\processed\rasters_aligned\monthly\CCS\2020_09.tif,230.97720336914062,542.8767700195312,354.0238037109375,4589,8909,4320
2020,9,2020_09,2,CDR,E:\Geospatial\Precipitation Downscaling\Precipitation-Downscaling-Khulna\data\processed\rasters_aligned\monthly\CDR\2020_09.tif,243.95767211914062,298.0705261230469,260.9500427246094,3576,8909,5333
2020,9,2020_09,3,CHIRPS,E:\Geospatial\Precipitation Downscaling\Precipitation-Downscaling-Khulna\data\processed\rasters_aligned\monthly\CHIRPS\2020_09.tif,144.9230499267578,250.86367797851562,197.0050048828125,4732,8909,4177
2020,9,2020_09,4,ERA5,E:\Geospatial\Precipitation Downscaling\Precipitation-Downscaling-Khulna\data\processed\rasters_aligned\monthly\ERA5\2020_09.tif,214.08132934570312,293.35614013671875,241.1937255859375,4553,8909,4356
2020,9,2020_09,5,GSMaP_Gauge,E:\Geospatial\Precipitation Downscaling\Precipitation-Downscaling-Khulna\data\processed\rasters_aligned\monthly\GSMaP_Gauge\2020_09.tif,205.74090576171875,349.40582275390625,266.29833984375,4837,8909,4072
2020,9,2020_09,6,GSMaP_MVK,E:\Geospatial\Precipitation Downscaling\Precipitation-Downscaling-Khulna\data\processed\rasters_aligned\monthly\GSMaP_MVK\2020_09.tif,132.97984313964844,810.3251953125,399.6386413574219,4837,8909,4072
2020,9,2020_09,7,IMERG,E:\Geospatial\Precipitation Downscaling\Precipitation-Downscaling-Khulna\data\processed\rasters_aligned\monthly\IMERG\2020_09.tif,0.26881030201911926,0.4175436794757843,0.3267423212528229,4837,8909,4072
2020,9,2020_09,8,LST,E:\Geospatial\Precipitation Downscaling\Precipitation-Downscaling-Khulna\data\processed\rasters_aligned\monthly\LST\LST_Day_2020_9.tif,9.930000305175781,37.38999938964844,28.123098373413086,3922,8909,4987
2020,9,2020_09,9,NDVI,E:\Geospatial\Precipitation Downscaling\Precipitation-Downscaling-Khulna\data\processed\rasters_aligned\monthly\NDVI\NDVI_2020_9.tif,-0.19419999420642853,0.9334999918937683,0.6279592514038086,4437,8909,4472
2020,9,2020_09,10,PDIR,E:\Geospatial\Precipitation Downscaling\Precipitation-Downscaling-Khulna\data\processed\rasters_aligned\monthly\PDIR\2020_09.tif,309.0,1110.0751953125,691.82666015625,4589,8909,4320
2020,9,2020_09,11,PERSIANN,E:\Geospatial\Precipitation Downscaling\Precipitation-Downscaling-Khulna\data\processed\rasters_aligned\monthly\PERSIANN\2020_09.tif,215.38999938964844,338.6239929199219,274.07855224609375,3576,8909,5333
2020,9,2020_09,12,Distance_Sea_meter,E:\Geospatial\Precipitation Downscaling\Precipitation-Downscaling-Khulna\data\processed\rasters_aligned\static\Distance_Sea_meter.tif,0.0,77480.6640625,24497.150390625,4837,8909,4072
2020,9,2020_09,13,Land_Aspect_Degree_30m,E:\Geospatial\Precipitation Downscaling\Precipitation-Downscaling-Khulna\data\processed\rasters_aligned\static\Land_Aspect_Degree_30m.tif,0.0,174.62100219726562,115.75617980957031,4837,8909,4072
2020,9,2020_09,14,Land_Khulna_SRTM_DEM,E:\Geospatial\Precipitation Downscaling\Precipitation-Downscaling-Khulna\data\processed\rasters_aligned\static\Land_Khulna_SRTM_DEM.tif,0.0,14.246426582336426,4.841400623321533,4837,8909,4072
2020,9,2020_09,15,Land_Slope_Degree_30m,E:\Geospatial\Precipitation Downscaling\Precipitation-Downscaling-Khulna\data\processed\rasters_aligned\static\Land_Slope_Degree_30m.tif,0.0,3.7204315662384033,1.5288087129592896,4827,8909,4082
2020,10,2020_10,1,CCS,E:\Geospatial\Precipitation Downscaling\Precipitation-Downscaling-Khulna\data\processed\rasters_aligned\monthly\CCS\2020_10.tif,82.0,410.0867919921875,210.7997589111328,4589,8909,4320
2020,10,2020_10,2,CDR,E:\Geospatial\Precipitation Downscaling\Precipitation-Downscaling-Khulna\data\processed\rasters_aligned\monthly\CDR\2020_10.tif,153.44293212890625,256.6853332519531,192.37843322753906,3576,8909,5333
2020,10,2020_10,3,CHIRPS,E:\Geospatial\Precipitation Downscaling\Precipitation-Downscaling-Khulna\data\processed\rasters_aligned\monthly\CHIRPS\2020_10.tif,95.9062271118164,217.4014434814453,150.44825744628906,4732,8909,4177
2020,10,2020_10,4,ERA5,E:\Geospatial\Precipitation Downscaling\Precipitation-Downscaling-Khulna\data\processed\rasters_aligned\monthly\ERA5\2020_10.tif,143.98907470703125,326.3105163574219,202.2692413330078,4553,8909,4356
2020,10,2020_10,5,GSMaP_Gauge,E:\Geospatial\Precipitation Downscaling\Precipitation-Downscaling-Khulna\data\processed\rasters_aligned\monthly\GSMaP_Gauge\2020_10.tif,189.08323669433594,497.0203552246094,312.0331726074219,4837,8909,4072
2020,10,2020_10,6,GSMaP_MVK,E:\Geospatial\Precipitation Downscaling\Precipitation-Downscaling-Khulna\data\processed\rasters_aligned\monthly\GSMaP_MVK\2020_10.tif,223.2076873779297,537.6531982421875,403.29150390625,4837,8909,4072
2020,10,2020_10,7,IMERG,E:\Geospatial\Precipitation Downscaling\Precipitation-Downscaling-Khulna\data\processed\rasters_aligned\monthly\IMERG\2020_10.tif,0.21776503324508667,0.6727331280708313,0.3232129216194153,4837,8909,4072
2020,10,2020_10,8,LST,E:\Geospatial\Precipitation Downscaling\Precipitation-Downscaling-Khulna\data\processed\rasters_aligned\monthly\LST\LST_Day_2020_10.tif,25.1299991607666,33.09000015258789,27.96697425842285,4340,8909,4569
2020,10,2020_10,9,NDVI,E:\Geospatial\Precipitation Downscaling\Precipitation-Downscaling-Khulna\data\processed\rasters_aligned\monthly\NDVI\NDVI_2020_10.tif,-0.19359999895095825,0.8974000215530396,0.6245141625404358,4440,8909,4469
2020,10,2020_10,10,PDIR,E:\Geospatial\Precipitation Downscaling\Precipitation-Downscaling-Khulna\data\processed\rasters_aligned\monthly\PDIR\2020_10.tif,228.0,1053.0,560.4637451171875,4589,8909,4320
2020,10,2020_10,11,PERSIANN,E:\Geospatial\Precipitation Downscaling\Precipitation-Downscaling-Khulna\data\processed\rasters_aligned\monthly\PERSIANN\2020_10.tif,140.86000061035156,295.44000244140625,205.6908416748047,3576,8909,5333
2020,10,2020_10,12,Distance_Sea_meter,E:\Geospatial\Precipitation Downscaling\Precipitation-Downscaling-Khulna\data\processed\rasters_aligned\static\Distance_Sea_meter.tif,0.0,77480.6640625,24497.150390625,4837,8909,4072
2020,10,2020_10,13,Land_Aspect_Degree_30m,E:\Geospatial\Precipitation Downscaling\Precipitation-Downscaling-Khulna\data\processed\rasters_aligned\static\Land_Aspect_Degree_30m.tif,0.0,174.62100219726562,115.75617980957031,4837,8909,4072
2020,10,2020_10,14,Land_Khulna_SRTM_DEM,E:\Geospatial\Precipitation Downscaling\Precipitation-Downscaling-Khulna\data\processed\rasters_aligned\static\Land_Khulna_SRTM_DEM.tif,0.0,14.246426582336426,4.841400623321533,4837,8909,4072
2020,10,2020_10,15,Land_Slope_Degree_30m,E:\Geospatial\Precipitation Downscaling\Precipitation-Downscaling-Khulna\data\processed\rasters_aligned\static\Land_Slope_Degree_30m.tif,0.0,3.7204315662384033,1.5288087129592896,4827,8909,4082
2020,11,2020_11,1,CCS,E:\Geospatial\Precipitation Downscaling\Precipitation-Downscaling-Khulna\data\processed\rasters_aligned\monthly\CCS\2020_11.tif,1.0,37.37474060058594,6.497848033905029,4589,8909,4320
2020,11,2020_11,2,CDR,E:\Geospatial\Precipitation Downscaling\Precipitation-Downscaling-Khulna\data\processed\rasters_aligned\monthly\CDR\2020_11.tif,8.702360153198242,17.663957595825195,12.531453132629395,3576,8909,5333
2020,11,2020_11,3,CHIRPS,E:\Geospatial\Precipitation Downscaling\Precipitation-Downscaling-Khulna\data\processed\rasters_aligned\monthly\CHIRPS\2020_11.tif,5.742787837982178,37.54727554321289,18.75389862060547,4732,8909,4177
2020,11,2020_11,4,ERA5,E:\Geospatial\Precipitation Downscaling\Precipitation-Downscaling-Khulna\data\processed\rasters_aligned\monthly\ERA5\2020_11.tif,15.4153413772583,30.478105545043945,22.90981101989746,4553,8909,4356
2020,11,2020_11,5,GSMaP_Gauge,E:\Geospatial\Precipitation Downscaling\Precipitation-Downscaling-Khulna\data\processed\rasters_aligned\monthly\GSMaP_Gauge\2020_11.tif,7.2361321449279785,108.08043670654297,29.008882522583008,4837,8909,4072
2020,11,2020_11,6,GSMaP_MVK,E:\Geospatial\Precipitation Downscaling\Precipitation-Downscaling-Khulna\data\processed\rasters_aligned\monthly\GSMaP_MVK\2020_11.tif,0.33433836698532104,19.41407012939453,5.0984978675842285,4837,8909,4072
2020,11,2020_11,7,IMERG,E:\Geospatial\Precipitation Downscaling\Precipitation-Downscaling-Khulna\data\processed\rasters_aligned\monthly\IMERG\2020_11.tif,0.02479572966694832,0.0927593782544136,0.044512223452329636,4837,8909,4072
2020,11,2020_11,8,LST,E:\Geospatial\Precipitation Downscaling\Precipitation-Downscaling-Khulna\data\processed\rasters_aligned\monthly\LST\LST_Day_2020_11.tif,24.309999465942383,30.763334274291992,26.200111389160156,4340,8909,4569
2020,11,2020_11,9,NDVI,E:\Geospatial\Precipitation Downscaling\Precipitation-Downscaling-Khulna\data\processed\rasters_aligned\monthly\NDVI\NDVI_2020_11.tif,-0.19920000433921814,0.8810999989509583,0.5662320852279663,4424,8909,4485
2020,11,2020_11,10,PDIR,E:\Geospatial\Precipitation Downscaling\Precipitation-Downscaling-Khulna\data\processed\rasters_aligned\monthly\PDIR\2020_11.tif,4.4713969230651855,47.4953727722168,16.420551300048828,4589,8909,4320
2020,11,2020_11,11,PERSIANN,E:\Geospatial\Precipitation Downscaling\Precipitation-Downscaling-Khulna\data\processed\rasters_aligned\monthly\PERSIANN\2020_11.tif,2.990000009536743,9.399999618530273,5.392359733581543,3576,8909,5333
2020,11,2020_11,12,Distance_Sea_meter,E:\Geospatial\Precipitation Downscaling\Precipitation-Downscaling-Khulna\data\processed\rasters_aligned\static\Distance_Sea_meter.tif,0.0,77480.6640625,24497.150390625,4837,8909,4072
2020,11,2020_11,13,Land_Aspect_Degree_30m,E:\Geospatial\Precipitation Downscaling\Precipitation-Downscaling-Khulna\data\processed\rasters_aligned\static\Land_Aspect_Degree_30m.tif,0.0,174.62100219726562,115.75617980957031,4837,8909,4072
2020,11,2020_11,14,Land_Khulna_SRTM_DEM,E:\Geospatial\Precipitation Downscaling\Precipitation-Downscaling-Khulna\data\processed\rasters_aligned\static\Land_Khulna_SRTM_DEM.tif,0.0,14.246426582336426,4.841400623321533,4837,8909,4072
2020,11,2020_11,15,Land_Slope_Degree_30m,E:\Geospatial\Precipitation Downscaling\Precipitation-Downscaling-Khulna\data\processed\rasters_aligned\static\Land_Slope_Degree_30m.tif,0.0,3.7204315662384033,1.5288087129592896,4827,8909,4082
2020,12,2020_12,1,CCS,E:\Geospatial\Precipitation Downscaling\Precipitation-Downscaling-Khulna\data\processed\rasters_aligned\monthly\CCS\2020_12.tif,0.0,0.0,0.0,4589,8909,4320
2020,12,2020_12,2,CDR,E:\Geospatial\Precipitation Downscaling\Precipitation-Downscaling-Khulna\data\processed\rasters_aligned\monthly\CDR\2020_12.tif,0.0,0.0,0.0,3576,8909,5333
2020,12,2020_12,3,CHIRPS,E:\Geospatial\Precipitation Downscaling\Precipitation-Downscaling-Khulna\data\processed\rasters_aligned\monthly\CHIRPS\2020_12.tif,1.4200575351715088,7.377553462982178,3.3816721439361572,4732,8909,4177
2020,12,2020_12,4,ERA5,E:\Geospatial\Precipitation Downscaling\Precipitation-Downscaling-Khulna\data\processed\rasters_aligned\monthly\ERA5\2020_12.tif,0.03553182631731033,0.2421935498714447,0.07928936183452606,4553,8909,4356
2020,12,2020_12,5,GSMaP_Gauge,E:\Geospatial\Precipitation Downscaling\Precipitation-Downscaling-Khulna\data\processed\rasters_aligned\monthly\GSMaP_Gauge\2020_12.tif,0.0,1.6078431606292725,0.05421188101172447,4837,8909,4072
2020,12,2020_12,6,GSMaP_MVK,E:\Geospatial\Precipitation Downscaling\Precipitation-Downscaling-Khulna\data\processed\rasters_aligned\monthly\GSMaP_MVK\2020_12.tif,0.0,3.2534172534942627,0.11291074752807617,4837,8909,4072
2020,12,2020_12,7,IMERG,E:\Geospatial\Precipitation Downscaling\Precipitation-Downscaling-Khulna\data\processed\rasters_aligned\monthly\IMERG\2020_12.tif,0.0,0.005957959219813347,0.001579217379912734,4837,8909,4072
2020,12,2020_12,8,LST,E:\Geospatial\Precipitation Downscaling\Precipitation-Downscaling-Khulna\data\processed\rasters_aligned\monthly\LST\LST_Day_2020_12.tif,19.5,25.93000030517578,22.383617401123047,4338,8909,4571
2020,12,2020_12,9,NDVI,E:\Geospatial\Precipitation Downscaling\Precipitation-Downscaling-Khulna\data\processed\rasters_aligned\monthly\NDVI\NDVI_2020_12.tif,-0.1995999962091446,0.8773999810218811,0.5254343152046204,4430,8909,4479
2020,12,2020_12,10,PDIR,E:\Geospatial\Precipitation Downscaling\Precipitation-Downscaling-Khulna\data\processed\rasters_aligned\monthly\PDIR\2020_12.tif,0.0,0.0,0.0,4589,8909,4320
2020,12,2020_12,11,PERSIANN,E:\Geospatial\Precipitation Downscaling\Precipitation-Downscaling-Khulna\data\processed\rasters_aligned\monthly\PERSIANN\2020_12.tif,0.0,0.0,0.0,3576,8909,5333
2020,12,2020_12,12,Distance_Sea_meter,E:\Geospatial\Precipitation Downscaling\Precipitation-Downscaling-Khulna\data\processed\rasters_aligned\static\Distance_Sea_meter.tif,0.0,77480.6640625,24497.150390625,4837,8909,4072
2020,12,2020_12,13,Land_Aspect_Degree_30m,E:\Geospatial\Precipitation Downscaling\Precipitation-Downscaling-Khulna\data\processed\rasters_aligned\static\Land_Aspect_Degree_30m.tif,0.0,174.62100219726562,115.75617980957031,4837,8909,4072
2020,12,2020_12,14,Land_Khulna_SRTM_DEM,E:\Geospatial\Precipitation Downscaling\Precipitation-Downscaling-Khulna\data\processed\rasters_aligned\static\Land_Khulna_SRTM_DEM.tif,0.0,14.246426582336426,4.841400623321533,4837,8909,4072
2020,12,2020_12,15,Land_Slope_Degree_30m,E:\Geospatial\Precipitation Downscaling\Precipitation-Downscaling-Khulna\data\processed\rasters_aligned\static\Land_Slope_Degree_30m.tif,0.0,3.7204315662384033,1.5288087129592896,4827,8909,4082
2021,1,2021_01,1,CCS,E:\Geospatial\Precipitation Downscaling\Precipitation-Downscaling-Khulna\data\processed\rasters_aligned\monthly\CCS\2021_01.tif,0.0,0.0,0.0,4589,8909,4320
2021,1,2021_01,2,CDR,E:\Geospatial\Precipitation Downscaling\Precipitation-Downscaling-Khulna\data\processed\rasters_aligned\monthly\CDR\2021_01.tif,0.0,2.8720016479492188,1.0423533916473389,3576,8909,5333
2021,1,2021_01,3,CHIRPS,E:\Geospatial\Precipitation Downscaling\Precipitation-Downscaling-Khulna\data\processed\rasters_aligned\monthly\CHIRPS\2021_01.tif,2.6258790493011475,8.597681045532227,5.408426761627197,4732,8909,4177
2021,1,2021_01,4,ERA5,E:\Geospatial\Precipitation Downscaling\Precipitation-Downscaling-Khulna\data\processed\rasters_aligned\monthly\ERA5\2021_01.tif,0.6239567995071411,2.8973987102508545,1.3138304948806763,4553,8909,4356
2021,1,2021_01,5,GSMaP_Gauge,E:\Geospatial\Precipitation Downscaling\Precipitation-Downscaling-Khulna\data\processed\rasters_aligned\monthly\GSMaP_Gauge\2021_01.tif,0.06269554793834686,12.905305862426758,1.2246472835540771,4837,8909,4072
2021,1,2021_01,6,GSMaP_MVK,E:\Geospatial\Precipitation Downscaling\Precipitation-Downscaling-Khulna\data\processed\rasters_aligned\monthly\GSMaP_MVK\2021_01.tif,0.0,1.1658916473388672,0.06895957887172699,4837,8909,4072
2021,1,2021_01,7,IMERG,E:\Geospatial\Precipitation Downscaling\Precipitation-Downscaling-Khulna\data\processed\rasters_aligned\monthly\IMERG\2021_01.tif,0.0,0.016894899308681488,0.002761874347925186,4837,8909,4072
2021,1,2021_01,8,LST,E:\Geospatial\Precipitation Downscaling\Precipitation-Downscaling-Khulna\data\processed\rasters_aligned\monthly\LST\LST_Day_2021_1.tif,20.34000015258789,26.790000915527344,22.247154235839844,4340,8909,4569
2021,1,2021_01,9,NDVI,E:\Geospatial\Precipitation Downscaling\Precipitation-Downscaling-Khulna\data\processed\rasters_aligned\monthly\NDVI\NDVI_2021_1.tif,-0.1981000006198883,0.8669000267982483,0.47515127062797546,4412,8909,4497
2021,1,2021_01,10,PDIR,E:\Geospatial\Precipitation Downscaling\Precipitation-Downscaling-Khulna\data\processed\rasters_aligned\monthly\PDIR\2021_01.tif,0.0,0.0,0.0,4589,8909,4320
2021,1,2021_01,11,PERSIANN,E:\Geospatial\Precipitation Downscaling\Precipitation-Downscaling-Khulna\data\processed\rasters_aligned\monthly\PERSIANN\2021_01.tif,0.0,0.0,0.0,3576,8909,5333
2021,1,2021_01,12,Distance_Sea_meter,E:\Geospatial\Precipitation Downscaling\Precipitation-Downscaling-Khulna\data\processed\rasters_aligned\static\Distance_Sea_meter.tif,0.0,77480.6640625,24497.150390625,4837,8909,4072
2021,1,2021_01,13,Land_Aspect_Degree_30m,E:\Geospatial\Precipitation Downscaling\Precipitation-Downscaling-Khulna\data\processed\rasters_aligned\static\Land_Aspect_Degree_30m.tif,0.0,174.62100219726562,115.75617980957031,4837,8909,4072
2021,1,2021_01,14,Land_Khulna_SRTM_DEM,E:\Geospatial\Precipitation Downscaling\Precipitation-Downscaling-Khulna\data\processed\rasters_aligned\static\Land_Khulna_SRTM_DEM.tif,0.0,14.246426582336426,4.841400623321533,4837,8909,4072
2021,1,2021_01,15,Land_Slope_Degree_30m,E:\Geospatial\Precipitation Downscaling\Precipitation-Downscaling-Khulna\data\processed\rasters_aligned\static\Land_Slope_Degree_30m.tif,0.0,3.7204315662384033,1.5288087129592896,4827,8909,4082
2021,2,2021_02,1,CCS,E:\Geospatial\Precipitation Downscaling\Precipitation-Downscaling-Khulna\data\processed\rasters_aligned\monthly\CCS\2021_02.tif,1.0,27.959476470947266,6.206264495849609,4589,8909,4320
2021,2,2021_02,2,CDR,E:\Geospatial\Precipitation Downscaling\Precipitation-Downscaling-Khulna\data\processed\rasters_aligned\monthly\CDR\2021_02.tif,1.567452311515808,2.674840211868286,2.0942749977111816,3576,8909,5333
2021,2,2021_02,3,CHIRPS,E:\Geospatial\Precipitation Downscaling\Precipitation-Downscaling-Khulna\data\processed\rasters_aligned\monthly\CHIRPS\2021_02.tif,5.561881065368652,15.502006530761719,8.981042861938477,4732,8909,4177
2021,2,2021_02,4,ERA5,E:\Geospatial\Precipitation Downscaling\Precipitation-Downscaling-Khulna\data\processed\rasters_aligned\monthly\ERA5\2021_02.tif,0.2159508615732193,1.8006607294082642,0.5758137702941895,4553,8909,4356
2021,2,2021_02,5,GSMaP_Gauge,E:\Geospatial\Precipitation Downscaling\Precipitation-Downscaling-Khulna\data\processed\rasters_aligned\monthly\GSMaP_Gauge\2021_02.tif,0.44698259234428406,4.837116241455078,2.746035099029541,4837,8909,4072
2021,2,2021_02,6,GSMaP_MVK,E:\Geospatial\Precipitation Downscaling\Precipitation-Downscaling-Khulna\data\processed\rasters_aligned\monthly\GSMaP_MVK\2021_02.tif,0.3826766908168793,31.706823348999023,17.155559539794922,4837,8909,4072
2021,2,2021_02,7,IMERG,E:\Geospatial\Precipitation Downscaling\Precipitation-Downscaling-Khulna\data\processed\rasters_aligned\monthly\IMERG\2021_02.tif,0.0010000000474974513,0.0068917893804609776,0.003179162973538041,4837,8909,4072
2021,2,2021_02,8,LST,E:\Geospatial\Precipitation Downscaling\Precipitation-Downscaling-Khulna\data\processed\rasters_aligned\monthly\LST\LST_Day_2021_2.tif,21.889999389648438,31.094999313354492,25.206336975097656,4340,8909,4569
2021,2,2021_02,9,NDVI,E:\Geospatial\Precipitation Downscaling\Precipitation-Downscaling-Khulna\data\processed\rasters_aligned\monthly\NDVI\NDVI_2021_2.tif,-0.1964000016450882,0.9455000162124634,0.4892934262752533,4435,8909,4474
2021,2,2021_02,10,PDIR,E:\Geospatial\Precipitation Downscaling\Precipitation-Downscaling-Khulna\data\processed\rasters_aligned\monthly\PDIR\2021_02.tif,10.011551856994629,59.894012451171875,27.409299850463867,4589,8909,4320
2021,2,2021_02,11,PERSIANN,E:\Geospatial\Precipitation Downscaling\Precipitation-Downscaling-Khulna\data\processed\rasters_aligned\monthly\PERSIANN\2021_02.tif,15.800000190734863,35.099998474121094,23.46470832824707,3576,8909,5333
2021,2,2021_02,12,Distance_Sea_meter,E:\Geospatial\Precipitation Downscaling\Precipitation-Downscaling-Khulna\data\processed\rasters_aligned\static\Distance_Sea_meter.tif,0.0,77480.6640625,24497.150390625,4837,8909,4072
2021,2,2021_02,13,Land_Aspect_Degree_30m,E:\Geospatial\Precipitation Downscaling\Precipitation-Downscaling-Khulna\data\processed\rasters_aligned\static\Land_Aspect_Degree_30m.tif,0.0,174.62100219726562,115.75617980957031,4837,8909,4072
2021,2,2021_02,14,Land_Khulna_SRTM_DEM,E:\Geospatial\Precipitation Downscaling\Precipitation-Downscaling-Khulna\data\processed\rasters_aligned\static\Land_Khulna_SRTM_DEM.tif,0.0,14.246426582336426,4.841400623321533,4837,8909,4072
2021,2,2021_02,15,Land_Slope_Degree_30m,E:\Geospatial\Precipitation Downscaling\Precipitation-Downscaling-Khulna\data\processed\rasters_aligned\static\Land_Slope_Degree_30m.tif,0.0,3.7204315662384033,1.5288087129592896,4827,8909,4082
2021,3,2021_03,1,CCS,E:\Geospatial\Precipitation Downscaling\Precipitation-Downscaling-Khulna\data\processed\rasters_aligned\monthly\CCS\2021_03.tif,0.0,5.729889869689941,0.9452006816864014,4589,8909,4320
2021,3,2021_03,2,CDR,E:\Geospatial\Precipitation Downscaling\Precipitation-Downscaling-Khulna\data\processed\rasters_aligned\monthly\CDR\2021_03.tif,3.536210060119629,10.394818305969238,7.16496467590332,3576,8909,5333
2021,3,2021_03,3,CHIRPS,E:\Geospatial\Precipitation Downscaling\Precipitation-Downscaling-Khulna\data\processed\rasters_aligned\monthly\CHIRPS\2021_03.tif,4.2639079093933105,12.689504623413086,9.974711418151855,4732,8909,4177
2021,3,2021_03,4,ERA5,E:\Geospatial\Precipitation Downscaling\Precipitation-Downscaling-Khulna\data\processed\rasters_aligned\monthly\ERA5\2021_03.tif,3.4031193256378174,9.826902389526367,6.614097595214844,4553,8909,4356
2021,3,2021_03,5,GSMaP_Gauge,E:\Geospatial\Precipitation Downscaling\Precipitation-Downscaling-Khulna\data\processed\rasters_aligned\monthly\GSMaP_Gauge\2021_03.tif,0.0,1.0421624183654785,0.10953698307275772,4837,8909,4072
2021,3,2021_03,6,GSMaP_MVK,E:\Geospatial\Precipitation Downscaling\Precipitation-Downscaling-Khulna\data\processed\rasters_aligned\monthly\GSMaP_MVK\2021_03.tif,0.009923574514687061,2.1720643043518066,0.43625813722610474,4837,8909,4072
2021,3,2021_03,7,IMERG,E:\Geospatial\Precipitation Downscaling\Precipitation-Downscaling-Khulna\data\processed\rasters_aligned\monthly\IMERG\2021_03.tif,0.0,0.003000000026077032,0.0007187662413343787,4837,8909,4072
2021,3,2021_03,8,LST,E:\Geospatial\Precipitation Downscaling\Precipitation-Downscaling-Khulna\data\processed\rasters_aligned\monthly\LST\LST_Day_2021_3.tif,26.190000534057617,34.51499938964844,29.25975227355957,4340,8909,4569
2021,3,2021_03,9,NDVI,E:\Geospatial\Precipitation Downscaling\Precipitation-Downscaling-Khulna\data\processed\rasters_aligned\monthly\NDVI\NDVI_2021_3.tif,-0.19629999995231628,0.9837999939918518,0.49306878447532654,4433,8909,4476
2021,3,2021_03,10,PDIR,E:\Geospatial\Precipitation Downscaling\Precipitation-Downscaling-Khulna\data\processed\rasters_aligned\monthly\PDIR\2021_03.tif,1.101760745048523,29.466005325317383,9.810380935668945,4589,8909,4320
2021,3,2021_03,11,PERSIANN,E:\Geospatial\Precipitation Downscaling\Precipitation-Downscaling-Khulna\data\processed\rasters_aligned\monthly\PERSIANN\2021_03.tif,0.6899999976158142,3.2100000381469727,1.542266607284546,3576,8909,5333
2021,3,2021_03,12,Distance_Sea_meter,E:\Geospatial\Precipitation Downscaling\Precipitation-Downscaling-Khulna\data\processed\rasters_aligned\static\Distance_Sea_meter.tif,0.0,77480.6640625,24497.150390625,4837,8909,4072
2021,3,2021_03,13,Land_Aspect_Degree_30m,E:\Geospatial\Precipitation Downscaling\Precipitation-Downscaling-Khulna\data\processed\rasters_aligned\static\Land_Aspect_Degree_30m.tif,0.0,174.62100219726562,115.75617980957031,4837,8909,4072
2021,3,2021_03,14,Land_Khulna_SRTM_DEM,E:\Geospatial\Precipitation Downscaling\Precipitation-Downscaling-Khulna\data\processed\rasters_aligned\static\Land_Khulna_SRTM_DEM.tif,0.0,14.246426582336426,4.841400623321533,4837,8909,4072
2021,3,2021_03,15,Land_Slope_Degree_30m,E:\Geospatial\Precipitation Downscaling\Precipitation-Downscaling-Khulna\data\processed\rasters_aligned\static\Land_Slope_Degree_30m.tif,0.0,3.7204315662384033,1.5288087129592896,4827,8909,4082
2021,4,2021_04,1,CCS,E:\Geospatial\Precipitation Downscaling\Precipitation-Downscaling-Khulna\data\processed\rasters_aligned\monthly\CCS\2021_04.tif,0.0,225.0,18.917211532592773,4589,8909,4320
2021,4,2021_04,2,CDR,E:\Geospatial\Precipitation Downscaling\Precipitation-Downscaling-Khulna\data\processed\rasters_aligned\monthly\CDR\2021_04.tif,17.35268211364746,30.188583374023438,26.413511276245117,3576,8909,5333
2021,4,2021_04,3,CHIRPS,E:\Geospatial\Precipitation Downscaling\Precipitation-Downscaling-Khulna\data\processed\rasters_aligned\monthly\CHIRPS\2021_04.tif,4.911198616027832,23.389175415039062,17.842679977416992,4732,8909,4177
2021,4,2021_04,4,ERA5,E:\Geospatial\Precipitation Downscaling\Precipitation-Downscaling-Khulna\data\processed\rasters_aligned\monthly\ERA5\2021_04.tif,3.842690944671631,16.63797950744629,8.759916305541992,4553,8909,4356
2021,4,2021_04,5,GSMaP_Gauge,E:\Geospatial\Precipitation Downscaling\Precipitation-Downscaling-Khulna\data\processed\rasters_aligned\monthly\GSMaP_Gauge\2021_04.tif,0.2777918577194214,6.015893459320068,2.29850697517395,4837,8909,4072
2021,4,2021_04,6,GSMaP_MVK,E:\Geospatial\Precipitation Downscaling\Precipitation-Downscaling-Khulna\data\processed\rasters_aligned\monthly\GSMaP_MVK\2021_04.tif,0.9568637609481812,29.18576431274414,6.757636547088623,4837,8909,4072
2021,4,2021_04,7,IMERG,E:\Geospatial\Precipitation Downscaling\Precipitation-Downscaling-Khulna\data\processed\rasters_aligned\monthly\IMERG\2021_04.tif,0.008301994763314724,0.034598156809806824,0.019047420471906662,4837,8909,4072
2021,4,2021_04,8,LST,E:\Geospatial\Precipitation Downscaling\Precipitation-Downscaling-Khulna\data\processed\rasters_aligned\monthly\LST\LST_Day_2021_4.tif,26.89666748046875,36.65666580200195,30.608348846435547,4339,8909,4570
2021,4,2021_04,9,NDVI,E:\Geospatial\Precipitation Downscaling\Precipitation-Downscaling-Khulna\data\processed\rasters_aligned\monthly\NDVI\NDVI_2021_4.tif,-0.1688999980688095,0.9469000101089478,0.4833219349384308,4433,8909,4476
2021,4,2021_04,10,PDIR,E:\Geospatial\Precipitation Downscaling\Precipitation-Downscaling-Khulna\data\processed\rasters_aligned\monthly\PDIR\2021_04.tif,9.628865242004395,44.1234130859375,25.850643157958984,4589,8909,4320
2021,4,2021_04,11,PERSIANN,E:\Geospatial\Precipitation Downscaling\Precipitation-Downscaling-Khulna\data\processed\rasters_aligned\monthly\PERSIANN\2021_04.tif,11.300000190734863,22.239999771118164,17.868165969848633,3576,8909,5333
2021,4,2021_04,12,Distance_Sea_meter,E:\Geospatial\Precipitation Downscaling\Precipitation-Downscaling-Khulna\data\processed\rasters_aligned\static\Distance_Sea_meter.tif,0.0,77480.6640625,24497.150390625,4837,8909,4072
2021,4,2021_04,13,Land_Aspect_Degree_30m,E:\Geospatial\Precipitation Downscaling\Precipitation-Downscaling-Khulna\data\processed\rasters_aligned\static\Land_Aspect_Degree_30m.tif,0.0,174.62100219726562,115.75617980957031,4837,8909,4072
2021,4,2021_04,14,Land_Khulna_SRTM_DEM,E:\Geospatial\Precipitation Downscaling\Precipitation-Downscaling-Khulna\data\processed\rasters_aligned\static\Land_Khulna_SRTM_DEM.tif,0.0,14.246426582336426,4.841400623321533,4837,8909,4072
2021,4,2021_04,15,Land_Slope_Degree_30m,E:\Geospatial\Precipitation Downscaling\Precipitation-Downscaling-Khulna\data\processed\rasters_aligned\static\Land_Slope_Degree_30m.tif,0.0,3.7204315662384033,1.5288087129592896,4827,8909,4082
2021,5,2021_05,1,CCS,E:\Geospatial\Precipitation Downscaling\Precipitation-Downscaling-Khulna\data\processed\rasters_aligned\monthly\CCS\2021_05.tif,48.15254592895508,161.7030792236328,87.09334564208984,4589,8909,4320
2021,5,2021_05,2,CDR,E:\Geospatial\Precipitation Downscaling\Precipitation-Downscaling-Khulna\data\processed\rasters_aligned\monthly\CDR\2021_05.tif,156.93211364746094,208.34649658203125,182.75076293945312,3576,8909,5333
2021,5,2021_05,3,CHIRPS,E:\Geospatial\Precipitation Downscaling\Precipitation-Downscaling-Khulna\data\processed\rasters_aligned\monthly\CHIRPS\2021_05.tif,149.58433532714844,269.7621154785156,194.69586181640625,4732,8909,4177
2021,5,2021_05,4,ERA5,E:\Geospatial\Precipitation Downscaling\Precipitation-Downscaling-Khulna\data\processed\rasters_aligned\monthly\ERA5\2021_05.tif,131.25624084472656,211.31626892089844,173.1922149658203,4553,8909,4356
2021,5,2021_05,5,GSMaP_Gauge,E:\Geospatial\Precipitation Downscaling\Precipitation-Downscaling-Khulna\data\processed\rasters_aligned\monthly\GSMaP_Gauge\2021_05.tif,103.8741226196289,220.42832946777344,147.48968505859375,4837,8909,4072
2021,5,2021_05,6,GSMaP_MVK,E:\Geospatial\Precipitation Downscaling\Precipitation-Downscaling-Khulna\data\processed\rasters_aligned\monthly\GSMaP_MVK\2021_05.tif,104.977783203125,357.0611877441406,183.53150939941406,4837,8909,4072
2021,5,2021_05,7,IMERG,E:\Geospatial\Precipitation Downscaling\Precipitation-Downscaling-Khulna\data\processed\rasters_aligned\monthly\IMERG\2021_05.tif,0.17787879705429077,0.28155261278152466,0.21835297346115112,4837,8909,4072
2021,5,2021_05,8,LST,E:\Geospatial\Precipitation Downscaling\Precipitation-Downscaling-Khulna\data\processed\rasters_aligned\monthly\LST\LST_Day_2021_5.tif,24.110000610351562,40.57666778564453,31.674633026123047,4340,8909,4569
2021,5,2021_05,9,NDVI,E:\Geospatial\Precipitation Downscaling\Precipitation-Downscaling-Khulna\data\processed\rasters_aligned\monthly\NDVI\NDVI_2021_5.tif,-0.1793999969959259,0.9459999799728394,0.45039379596710205,4430,8909,4479
2021,5,2021_05,10,PDIR,E:\Geospatial\Precipitation Downscaling\Precipitation-Downscaling-Khulna\data\processed\rasters_aligned\monthly\PDIR\2021_05.tif,152.47549438476562,272.0,218.695556640625,4589,8909,4320
2021,5,2021_05,11,PERSIANN,E:\Geospatial\Precipitation Downscaling\Precipitation-Downscaling-Khulna\data\processed\rasters_aligned\monthly\PERSIANN\2021_05.tif,125.20999908447266,180.0500030517578,156.72640991210938,3576,8909,5333
2021,5,2021_05,12,Distance_Sea_meter,E:\Geospatial\Precipitation Downscaling\Precipitation-Downscaling-Khulna\data\processed\rasters_aligned\static\Distance_Sea_meter.tif,0.0,77480.6640625,24497.150390625,4837,8909,4072
2021,5,2021_05,13,Land_Aspect_Degree_30m,E:\Geospatial\Precipitation Downscaling\Precipitation-Downscaling-Khulna\data\processed\rasters_aligned\static\Land_Aspect_Degree_30m.tif,0.0,174.62100219726562,115.75617980957031,4837,8909,4072
2021,5,2021_05,14,Land_Khulna_SRTM_DEM,E:\Geospatial\Precipitation Downscaling\Precipitation-Downscaling-Khulna\data\processed\rasters_aligned\static\Land_Khulna_SRTM_DEM.tif,0.0,14.246426582336426,4.841400623321533,4837,8909,4072
2021,5,2021_05,15,Land_Slope_Degree_30m,E:\Geospatial\Precipitation Downscaling\Precipitation-Downscaling-Khulna\data\processed\rasters_aligned\static\Land_Slope_Degree_30m.tif,0.0,3.7204315662384033,1.5288087129592896,4827,8909,4082
2021,6,2021_06,1,CCS,E:\Geospatial\Precipitation Downscaling\Precipitation-Downscaling-Khulna\data\processed\rasters_aligned\monthly\CCS\2021_06.tif,234.04714965820312,553.8409423828125,383.49481201171875,4589,8909,4320
2021,6,2021_06,2,CDR,E:\Geospatial\Precipitation Downscaling\Precipitation-Downscaling-Khulna\data\processed\rasters_aligned\monthly\CDR\2021_06.tif,452.3181457519531,570.8058471679688,532.1128540039062,3576,8909,5333
2021,6,2021_06,3,CHIRPS,E:\Geospatial\Precipitation Downscaling\Precipitation-Downscaling-Khulna\data\processed\rasters_aligned\monthly\CHIRPS\2021_06.tif,365.63262939453125,467.96185302734375,415.36016845703125,4732,8909,4177
2021,6,2021_06,4,ERA5,E:\Geospatial\Precipitation Downscaling\Precipitation-Downscaling-Khulna\data\processed\rasters_aligned\monthly\ERA5\2021_06.tif,393.4308166503906,497.3289794921875,453.7913513183594,4553,8909,4356
2021,6,2021_06,5,GSMaP_Gauge,E:\Geospatial\Precipitation Downscaling\Precipitation-Downscaling-Khulna\data\processed\rasters_aligned\monthly\GSMaP_Gauge\2021_06.tif,459.0359802246094,556.48291015625,512.8487548828125,4837,8909,4072
2021,6,2021_06,6,GSMaP_MVK,E:\Geospatial\Precipitation Downscaling\Precipitation-Downscaling-Khulna\data\processed\rasters_aligned\monthly\GSMaP_MVK\2021_06.tif,277.23724365234375,611.8057250976562,445.6407775878906,4837,8909,4072
2021,6,2021_06,7,IMERG,E:\Geospatial\Precipitation Downscaling\Precipitation-Downscaling-Khulna\data\processed\rasters_aligned\monthly\IMERG\2021_06.tif,0.632127583026886,0.9634007215499878,0.7382169365882874,4837,8909,4072
2021,6,2021_06,8,LST,E:\Geospatial\Precipitation Downscaling\Precipitation-Downscaling-Khulna\data\processed\rasters_aligned\monthly\LST\LST_Day_2021_6.tif,21.049999237060547,36.9900016784668,30.626516342163086,3996,8909,4913
2021,6,2021_06,9,NDVI,E:\Geospatial\Precipitation Downscaling\Precipitation-Downscaling-Khulna\data\processed\rasters_aligned\monthly\NDVI\NDVI_2021_6.tif,-0.19519999623298645,0.9940999746322632,0.45308032631874084,4439,8909,4470
2021,6,2021_06,10,PDIR,E:\Geospatial\Precipitation Downscaling\Precipitation-Downscaling-Khulna\data\processed\rasters_aligned\monthly\PDIR\2021_06.tif,318.4945373535156,585.0,402.85333251953125,4589,8909,4320
2021,6,2021_06,11,PERSIANN,E:\Geospatial\Precipitation Downscaling\Precipitation-Downscaling-Khulna\data\processed\rasters_aligned\monthly\PERSIANN\2021_06.tif,358.5400085449219,429.2799987792969,382.8804626464844,3576,8909,5333
2021,6,2021_06,12,Distance_Sea_meter,E:\Geospatial\Precipitation Downscaling\Precipitation-Downscaling-Khulna\data\processed\rasters_aligned\static\Distance_Sea_meter.tif,0.0,77480.6640625,24497.150390625,4837,8909,4072
2021,6,2021_06,13,Land_Aspect_Degree_30m,E:\Geospatial\Precipitation Downscaling\Precipitation-Downscaling-Khulna\data\processed\rasters_aligned\static\Land_Aspect_Degree_30m.tif,0.0,174.62100219726562,115.75617980957031,4837,8909,4072
2021,6,2021_06,14,Land_Khulna_SRTM_DEM,E:\Geospatial\Precipitation Downscaling\Precipitation-Downscaling-Khulna\data\processed\rasters_aligned\static\Land_Khulna_SRTM_DEM.tif,0.0,14.246426582336426,4.841400623321533,4837,8909,4072
2021,6,2021_06,15,Land_Slope_Degree_30m,E:\Geospatial\Precipitation Downscaling\Precipitation-Downscaling-Khulna\data\processed\rasters_aligned\static\Land_Slope_Degree_30m.tif,0.0,3.7204315662384033,1.5288087129592896,4827,8909,4082
2021,7,2021_07,1,CCS,E:\Geospatial\Precipitation Downscaling\Precipitation-Downscaling-Khulna\data\processed\rasters_aligned\monthly\CCS\2021_07.tif,220.0,922.773193359375,471.97528076171875,4589,8909,4320
2021,7,2021_07,2,CDR,E:\Geospatial\Precipitation Downscaling\Precipitation-Downscaling-Khulna\data\processed\rasters_aligned\monthly\CDR\2021_07.tif,399.5993957519531,590.2164306640625,484.35028076171875,3576,8909,5333
2021,7,2021_07,3,CHIRPS,E:\Geospatial\Precipitation Downscaling\Precipitation-Downscaling-Khulna\data\processed\rasters_aligned\monthly\CHIRPS\2021_07.tif,382.2068786621094,630.8715209960938,538.485107421875,4732,8909,4177
2021,7,2021_07,4,ERA5,E:\Geospatial\Precipitation Downscaling\Precipitation-Downscaling-Khulna\data\processed\rasters_aligned\monthly\ERA5\2021_07.tif,373.9707336425781,535.9593505859375,437.509765625,4553,8909,4356
2021,7,2021_07,5,GSMaP_Gauge,E:\Geospatial\Precipitation Downscaling\Precipitation-Downscaling-Khulna\data\processed\rasters_aligned\monthly\GSMaP_Gauge\2021_07.tif,414.74798583984375,746.2967529296875,577.7278442382812,4837,8909,4072
2021,7,2021_07,6,GSMaP_MVK,E:\Geospatial\Precipitation Downscaling\Precipitation-Downscaling-Khulna\data\processed\rasters_aligned\monthly\GSMaP_MVK\2021_07.tif,236.81214904785156,1270.3526611328125,645.4254760742188,4837,8909,4072
2021,7,2021_07,7,IMERG,E:\Geospatial\Precipitation Downscaling\Precipitation-Downscaling-Khulna\data\processed\rasters_aligned\monthly\IMERG\2021_07.tif,0.565162718296051,1.9398605823516846,0.8910054564476013,4837,8909,4072
2021,7,2021_07,8,LST,E:\Geospatial\Precipitation Downscaling\Precipitation-Downscaling-Khulna\data\processed\rasters_aligned\monthly\LST\LST_Day_2021_7.tif,9.550000190734863,30.809999465942383,25.35117530822754,1140,8909,7769
2021,7,2021_07,9,NDVI,E:\Geospatial\Precipitation Downscaling\Precipitation-Downscaling-Khulna\data\processed\rasters_aligned\monthly\NDVI\NDVI_2021_7.tif,-0.18359999358654022,0.9940999746322632,0.4072043299674988,4438,8909,4471
2021,7,2021_07,10,PDIR,E:\Geospatial\Precipitation Downscaling\Precipitation-Downscaling-Khulna\data\processed\rasters_aligned\monthly\PDIR\2021_07.tif,316.0,1140.8621826171875,628.1968383789062,4589,8909,4320
2021,7,2021_07,11,PERSIANN,E:\Geospatial\Precipitation Downscaling\Precipitation-Downscaling-Khulna\data\processed\rasters_aligned\monthly\PERSIANN\2021_07.tif,220.9499969482422,586.010009765625,375.5575256347656,3576,8909,5333
2021,7,2021_07,12,Distance_Sea_meter,E:\Geospatial\Precipitation Downscaling\Precipitation-Downscaling-Khulna\data\processed\rasters_aligned\static\Distance_Sea_meter.tif,0.0,77480.6640625,24497.150390625,4837,8909,4072
2021,7,2021_07,13,Land_Aspect_Degree_30m,E:\Geospatial\Precipitation Downscaling\Precipitation-Downscaling-Khulna\data\processed\rasters_aligned\static\Land_Aspect_Degree_30m.tif,0.0,174.62100219726562,115.75617980957031,4837,8909,4072
2021,7,2021_07,14,Land_Khulna_SRTM_DEM,E:\Geospatial\Precipitation Downscaling\Precipitation-Downscaling-Khulna\data\processed\rasters_aligned\static\Land_Khulna_SRTM_DEM.tif,0.0,14.246426582336426,4.841400623321533,4837,8909,4072
2021,7,2021_07,15,Land_Slope_Degree_30m,E:\Geospatial\Precipitation Downscaling\Precipitation-Downscaling-Khulna\data\processed\rasters_aligned\static\Land_Slope_Degree_30m.tif,0.0,3.7204315662384033,1.5288087129592896,4827,8909,4082
2021,8,2021_08,1,CCS,E:\Geospatial\Precipitation Downscaling\Precipitation-Downscaling-Khulna\data\processed\rasters_aligned\monthly\CCS\2021_08.tif,127.7322998046875,450.3493957519531,234.09092712402344,4589,8909,4320
2021,8,2021_08,2,CDR,E:\Geospatial\Precipitation Downscaling\Precipitation-Downscaling-Khulna\data\processed\rasters_aligned\monthly\CDR\2021_08.tif,336.4903869628906,448.3431396484375,381.2485656738281,3576,8909,5333
2021,8,2021_08,3,CHIRPS,E:\Geospatial\Precipitation Downscaling\Precipitation-Downscaling-Khulna\data\processed\rasters_aligned\monthly\CHIRPS\2021_08.tif,219.46316528320312,374.47271728515625,301.95257568359375,4732,8909,4177
2021,8,2021_08,4,ERA5,E:\Geospatial\Precipitation Downscaling\Precipitation-Downscaling-Khulna\data\processed\rasters_aligned\monthly\ERA5\2021_08.tif,299.5979919433594,403.6661376953125,332.1513671875,4553,8909,4356
2021,8,2021_08,5,GSMaP_Gauge,E:\Geospatial\Precipitation Downscaling\Precipitation-Downscaling-Khulna\data\processed\rasters_aligned\monthly\GSMaP_Gauge\2021_08.tif,274.7926940917969,416.3919677734375,311.9695739746094,4837,8909,4072
2021,8,2021_08,6,GSMaP_MVK,E:\Geospatial\Precipitation Downscaling\Precipitation-Downscaling-Khulna\data\processed\rasters_aligned\monthly\GSMaP_MVK\2021_08.tif,144.26585388183594,205.056884765625,163.97274780273438,438,8909,8471
2021,8,2021_08,7,IMERG,E:\Geospatial\Precipitation Downscaling\Precipitation-Downscaling-Khulna\data\processed\rasters_aligned\monthly\IMERG\2021_08.tif,0.40399041771888733,0.8332453966140747,0.509712815284729,4837,8909,4072
2021,8,2021_08,8,LST,E:\Geospatial\Precipitation Downscaling\Precipitation-Downscaling-Khulna\data\processed\rasters_aligned\monthly\LST\LST_Day_2021_8.tif,15.75,30.75,27.620683670043945,2234,8909,6675
2021,8,2021_08,9,NDVI,E:\Geospatial\Precipitation Downscaling\Precipitation-Downscaling-Khulna\data\processed\rasters_aligned\monthly\NDVI\NDVI_2021_8.tif,-0.18359999358654022,0.9929999709129333,0.449409544467926,4434,8909,4475
2021,8,2021_08,10,PDIR,E:\Geospatial\Precipitation Downscaling\Precipitation-Downscaling-Khulna\data\processed\rasters_aligned\monthly\PDIR\2021_08.tif,249.0,584.0784912109375,423.37286376953125,4589,8909,4320
2021,8,2021_08,11,PERSIANN,E:\Geospatial\Precipitation Downscaling\Precipitation-Downscaling-Khulna\data\processed\rasters_aligned\monthly\PERSIANN\2021_08.tif,162.75999450683594,206.3000030517578,189.10250854492188,3576,8909,5333
2021,8,2021_08,12,Distance_Sea_meter,E:\Geospatial\Precipitation Downscaling\Precipitation-Downscaling-Khulna\data\processed\rasters_aligned\static\Distance_Sea_meter.tif,0.0,77480.6640625,24497.150390625,4837,8909,4072
2021,8,2021_08,13,Land_Aspect_Degree_30m,E:\Geospatial\Precipitation Downscaling\Precipitation-Downscaling-Khulna\data\processed\rasters_aligned\static\Land_Aspect_Degree_30m.tif,0.0,174.62100219726562,115.75617980957031,4837,8909,4072
2021,8,2021_08,14,Land_Khulna_SRTM_DEM,E:\Geospatial\Precipitation Downscaling\Precipitation-Downscaling-Khulna\data\processed\rasters_aligned\static\Land_Khulna_SRTM_DEM.tif,0.0,14.246426582336426,4.841400623321533,4837,8909,4072
2021,8,2021_08,15,Land_Slope_Degree_30m,E:\Geospatial\Precipitation Downscaling\Precipitation-Downscaling-Khulna\data\processed\rasters_aligned\static\Land_Slope_Degree_30m.tif,0.0,3.7204315662384033,1.5288087129592896,4827,8909,4082
2021,9,2021_09,1,CCS,E:\Geospatial\Precipitation Downscaling\Precipitation-Downscaling-Khulna\data\processed\rasters_aligned\monthly\CCS\2021_09.tif,224.0,458.22442626953125,295.65936279296875,4589,8909,4320
2021,9,2021_09,2,CDR,E:\Geospatial\Precipitation Downscaling\Precipitation-Downscaling-Khulna\data\processed\rasters_aligned\monthly\CDR\2021_09.tif,366.8084411621094,465.971435546875,422.9153137207031,3576,8909,5333
2021,9,2021_09,3,CHIRPS,E:\Geospatial\Precipitation Downscaling\Precipitation-Downscaling-Khulna\data\processed\rasters_aligned\monthly\CHIRPS\2021_09.tif,292.1797790527344,529.498291015625,385.37890625,4732,8909,4177
2021,9,2021_09,4,ERA5,E:\Geospatial\Precipitation Downscaling\Precipitation-Downscaling-Khulna\data\processed\rasters_aligned\monthly\ERA5\2021_09.tif,269.5964660644531,425.0677185058594,323.5511169433594,4553,8909,4356
2021,9,2021_09,5,GSMaP_Gauge,E:\Geospatial\Precipitation Downscaling\Precipitation-Downscaling-Khulna\data\processed\rasters_aligned\monthly\GSMaP_Gauge\2021_09.tif,313.2680358886719,537.5346069335938,445.03753662109375,4837,8909,4072
2021,9,2021_09,6,GSMaP_MVK,E:\Geospatial\Precipitation Downscaling\Precipitation-Downscaling-Khulna\data\processed\rasters_aligned\monthly\GSMaP_MVK\2021_09.tif,345.089111328125,553.2303466796875,451.5505065917969,4837,8909,4072
2021,9,2021_09,7,IMERG,E:\Geospatial\Precipitation Downscaling\Precipitation-Downscaling-Khulna\data\processed\rasters_aligned\monthly\IMERG\2021_09.tif,0.48535749316215515,0.8765530586242676,0.6547695994377136,4837,8909,4072
2021,9,2021_09,8,LST,E:\Geospatial\Precipitation Downscaling\Precipitation-Downscaling-Khulna\data\processed\rasters_aligned\monthly\LST\LST_Day_2021_9.tif,18.229999542236328,35.54999923706055,28.39478302001953,4329,8909,4580
2021,9,2021_09,9,NDVI,E:\Geospatial\Precipitation Downscaling\Precipitation-Downscaling-Khulna\data\processed\rasters_aligned\monthly\NDVI\NDVI_2021_9.tif,-0.1964000016450882,0.984000027179718,0.5907526016235352,4429,8909,4480
2021,9,2021_09,10,PDIR,E:\Geospatial\Precipitation Downscaling\Precipitation-Downscaling-Khulna\data\processed\rasters_aligned\monthly\PDIR\2021_09.tif,371.0,798.9766235351562,557.9034423828125,4589,8909,4320
2021,9,2021_09,11,PERSIANN,E:\Geospatial\Precipitation Downscaling\Precipitation-Downscaling-Khulna\data\processed\rasters_aligned\monthly\PERSIANN\2021_09.tif,274.7300109863281,352.9599914550781,302.3783874511719,3576,8909,5333
2021,9,2021_09,12,Distance_Sea_meter,E:\Geospatial\Precipitation Downscaling\Precipitation-Downscaling-Khulna\data\processed\rasters_aligned\static\Distance_Sea_meter.tif,0.0,77480.6640625,24497.150390625,4837,8909,4072
2021,9,2021_09,13,Land_Aspect_Degree_30m,E:\Geospatial\Precipitation Downscaling\Precipitation-Downscaling-Khulna\data\processed\rasters_aligned\static\Land_Aspect_Degree_30m.tif,0.0,174.62100219726562,115.75617980957031,4837,8909,4072
2021,9,2021_09,14,Land_Khulna_SRTM_DEM,E:\Geospatial\Precipitation Downscaling\Precipitation-Downscaling-Khulna\data\processed\rasters_aligned\static\Land_Khulna_SRTM_DEM.tif,0.0,14.246426582336426,4.841400623321533,4837,8909,4072
2021,9,2021_09,15,Land_Slope_Degree_30m,E:\Geospatial\Precipitation Downscaling\Precipitation-Downscaling-Khulna\data\processed\rasters_aligned\static\Land_Slope_Degree_30m.tif,0.0,3.7204315662384033,1.5288087129592896,4827,8909,4082
2021,10,2021_10,1,CCS,E:\Geospatial\Precipitation Downscaling\Precipitation-Downscaling-Khulna\data\processed\rasters_aligned\monthly\CCS\2021_10.tif,87.0,329.0,187.6899871826172,4589,8909,4320
2021,10,2021_10,2,CDR,E:\Geospatial\Precipitation Downscaling\Precipitation-Downscaling-Khulna\data\processed\rasters_aligned\monthly\CDR\2021_10.tif,202.07138061523438,387.0193786621094,276.1736755371094,3576,8909,5333
2021,10,2021_10,3,CHIRPS,E:\Geospatial\Precipitation Downscaling\Precipitation-Downscaling-Khulna\data\processed\rasters_aligned\monthly\CHIRPS\2021_10.tif,150.7621307373047,265.4643859863281,198.98956298828125,4732,8909,4177
2021,10,2021_10,4,ERA5,E:\Geospatial\Precipitation Downscaling\Precipitation-Downscaling-Khulna\data\processed\rasters_aligned\monthly\ERA5\2021_10.tif,123.96941375732422,259.87933349609375,171.0641632080078,4553,8909,4356
2021,10,2021_10,5,GSMaP_Gauge,E:\Geospatial\Precipitation Downscaling\Precipitation-Downscaling-Khulna\data\processed\rasters_aligned\monthly\GSMaP_Gauge\2021_10.tif,183.42527770996094,286.84307861328125,250.6251220703125,4837,8909,4072
2021,10,2021_10,6,GSMaP_MVK,E:\Geospatial\Precipitation Downscaling\Precipitation-Downscaling-Khulna\data\processed\rasters_aligned\monthly\GSMaP_MVK\2021_10.tif,197.296142578125,445.30609130859375,333.5091552734375,4837,8909,4072
2021,10,2021_10,7,IMERG,E:\Geospatial\Precipitation Downscaling\Precipitation-Downscaling-Khulna\data\processed\rasters_aligned\monthly\IMERG\2021_10.tif,0.3175475001335144,0.49206745624542236,0.4016451835632324,4837,8909,4072
2021,10,2021_10,8,LST,E:\Geospatial\Precipitation Downscaling\Precipitation-Downscaling-Khulna\data\processed\rasters_aligned\monthly\LST\LST_Day_2021_10.tif,24.60333251953125,32.5433349609375,27.933927536010742,4339,8909,4570
2021,10,2021_10,9,NDVI,E:\Geospatial\Precipitation Downscaling\Precipitation-Downscaling-Khulna\data\processed\rasters_aligned\monthly\NDVI\NDVI_2021_10.tif,-0.1972000002861023,0.944599986076355,0.6177435517311096,4420,8909,4489
2021,10,2021_10,10,PDIR,E:\Geospatial\Precipitation Downscaling\Precipitation-Downscaling-Khulna\data\processed\rasters_aligned\monthly\PDIR\2021_10.tif,126.0,512.6328735351562,330.2091979980469,4589,8909,4320
2021,10,2021_10,11,PERSIANN,E:\Geospatial\Precipitation Downscaling\Precipitation-Downscaling-Khulna\data\processed\rasters_aligned\monthly\PERSIANN\2021_10.tif,141.1699981689453,261.5848388671875,203.33908081054688,3576,8909,5333
2021,10,2021_10,12,Distance_Sea_meter,E:\Geospatial\Precipitation Downscaling\Precipitation-Downscaling-Khulna\data\processed\rasters_aligned\static\Distance_Sea_meter.tif,0.0,77480.6640625,24497.150390625,4837,8909,4072
2021,10,2021_10,13,Land_Aspect_Degree_30m,E:\Geospatial\Precipitation Downscaling\Precipitation-Downscaling-Khulna\data\processed\rasters_aligned\static\Land_Aspect_Degree_30m.tif,0.0,174.62100219726562,115.75617980957031,4837,8909,4072
2021,10,2021_10,14,Land_Khulna_SRTM_DEM,E:\Geospatial\Precipitation Downscaling\Precipitation-Downscaling-Khulna\data\processed\rasters_aligned\static\Land_Khulna_SRTM_DEM.tif,0.0,14.246426582336426,4.841400623321533,4837,8909,4072
2021,10,2021_10,15,Land_Slope_Degree_30m,E:\Geospatial\Precipitation Downscaling\Precipitation-Downscaling-Khulna\data\processed\rasters_aligned\static\Land_Slope_Degree_30m.tif,0.0,3.7204315662384033,1.5288087129592896,4827,8909,4082
2021,11,2021_11,1,CCS,E:\Geospatial\Precipitation Downscaling\Precipitation-Downscaling-Khulna\data\processed\rasters_aligned\monthly\CCS\2021_11.tif,0.0,7.859203815460205,0.25562161207199097,4589,8909,4320
2021,11,2021_11,2,CDR,E:\Geospatial\Precipitation Downscaling\Precipitation-Downscaling-Khulna\data\processed\rasters_aligned\monthly\CDR\2021_11.tif,1.5294380187988281,17.876972198486328,9.60726261138916,3576,8909,5333
2021,11,2021_11,3,CHIRPS,E:\Geospatial\Precipitation Downscaling\Precipitation-Downscaling-Khulna\data\processed\rasters_aligned\monthly\CHIRPS\2021_11.tif,3.508648157119751,12.353546142578125,8.096148490905762,4732,8909,4177
2021,11,2021_11,4,ERA5,E:\Geospatial\Precipitation Downscaling\Precipitation-Downscaling-Khulna\data\processed\rasters_aligned\monthly\ERA5\2021_11.tif,8.141962051391602,29.75337028503418,18.864973068237305,4553,8909,4356
2021,11,2021_11,5,GSMaP_Gauge,E:\Geospatial\Precipitation Downscaling\Precipitation-Downscaling-Khulna\data\processed\rasters_aligned\monthly\GSMaP_Gauge\2021_11.tif,1.0968587398529053,25.72581672668457,6.15794038772583,4837,8909,4072
2021,11,2021_11,6,GSMaP_MVK,E:\Geospatial\Precipitation Downscaling\Precipitation-Downscaling-Khulna\data\processed\rasters_aligned\monthly\GSMaP_MVK\2021_11.tif,0.0,9.602580070495605,1.3667209148406982,4837,8909,4072
2021,11,2021_11,7,IMERG,E:\Geospatial\Precipitation Downscaling\Precipitation-Downscaling-Khulna\data\processed\rasters_aligned\monthly\IMERG\2021_11.tif,0.008172791451215744,0.05381081625819206,0.016922269016504288,4837,8909,4072
2021,11,2021_11,8,LST,E:\Geospatial\Precipitation Downscaling\Precipitation-Downscaling-Khulna\data\processed\rasters_aligned\monthly\LST\LST_Day_2021_11.tif,24.2549991607666,30.299999237060547,25.755958557128906,4340,8909,4569
2021,11,2021_11,9,NDVI,E:\Geospatial\Precipitation Downscaling\Precipitation-Downscaling-Khulna\data\processed\rasters_aligned\monthly\NDVI\NDVI_2021_11.tif,-0.19589999318122864,0.881600022315979,0.5813760161399841,4414,8909,4495
2021,11,2021_11,10,PDIR,E:\Geospatial\Precipitation Downscaling\Precipitation-Downscaling-Khulna\data\processed\rasters_aligned\monthly\PDIR\2021_11.tif,0.0,8.220255851745605,1.5989748239517212,4589,8909,4320
2021,11,2021_11,11,PERSIANN,E:\Geospatial\Precipitation Downscaling\Precipitation-Downscaling-Khulna\data\processed\rasters_aligned\monthly\PERSIANN\2021_11.tif,0.0,0.7593678832054138,0.45334258675575256,3576,8909,5333
2021,11,2021_11,12,Distance_Sea_meter,E:\Geospatial\Precipitation Downscaling\Precipitation-Downscaling-Khulna\data\processed\rasters_aligned\static\Distance_Sea_meter.tif,0.0,77480.6640625,24497.150390625,4837,8909,4072
2021,11,2021_11,13,Land_Aspect_Degree_30m,E:\Geospatial\Precipitation Downscaling\Precipitation-Downscaling-Khulna\data\processed\rasters_aligned\static\Land_Aspect_Degree_30m.tif,0.0,174.62100219726562,115.75617980957031,4837,8909,4072
2021,11,2021_11,14,Land_Khulna_SRTM_DEM,E:\Geospatial\Precipitation Downscaling\Precipitation-Downscaling-Khulna\data\processed\rasters_aligned\static\Land_Khulna_SRTM_DEM.tif,0.0,14.246426582336426,4.841400623321533,4837,8909,4072
2021,11,2021_11,15,Land_Slope_Degree_30m,E:\Geospatial\Precipitation Downscaling\Precipitation-Downscaling-Khulna\data\processed\rasters_aligned\static\Land_Slope_Degree_30m.tif,0.0,3.7204315662384033,1.5288087129592896,4827,8909,4082
2021,12,2021_12,1,CCS,E:\Geospatial\Precipitation Downscaling\Precipitation-Downscaling-Khulna\data\processed\rasters_aligned\monthly\CCS\2021_12.tif,8.0,55.74772262573242,20.60850715637207,4589,8909,4320
2021,12,2021_12,2,CDR,E:\Geospatial\Precipitation Downscaling\Precipitation-Downscaling-Khulna\data\processed\rasters_aligned\monthly\CDR\2021_12.tif,77.93801879882812,100.41307830810547,86.85262298583984,3576,8909,5333
2021,12,2021_12,3,CHIRPS,E:\Geospatial\Precipitation Downscaling\Precipitation-Downscaling-Khulna\data\processed\rasters_aligned\monthly\CHIRPS\2021_12.tif,12.359638214111328,50.1140251159668,35.721126556396484,4732,8909,4177
2021,12,2021_12,4,ERA5,E:\Geospatial\Precipitation Downscaling\Precipitation-Downscaling-Khulna\data\processed\rasters_aligned\monthly\ERA5\2021_12.tif,56.668785095214844,155.7405548095703,89.53662109375,4553,8909,4356
2021,12,2021_12,5,GSMaP_Gauge,E:\Geospatial\Precipitation Downscaling\Precipitation-Downscaling-Khulna\data\processed\rasters_aligned\monthly\GSMaP_Gauge\2021_12.tif,38.78879165649414,109.12206268310547,63.99633026123047,4837,8909,4072
2021,12,2021_12,6,GSMaP_MVK,E:\Geospatial\Precipitation Downscaling\Precipitation-Downscaling-Khulna\data\processed\rasters_aligned\monthly\GSMaP_MVK\2021_12.tif,102.18112182617188,166.70236206054688,121.90029907226562,4837,8909,4072
2021,12,2021_12,7,IMERG,E:\Geospatial\Precipitation Downscaling\Precipitation-Downscaling-Khulna\data\processed\rasters_aligned\monthly\IMERG\2021_12.tif,0.1027953028678894,0.14618834853172302,0.12697599828243256,4837,8909,4072
2021,12,2021_12,8,LST,E:\Geospatial\Precipitation Downscaling\Precipitation-Downscaling-Khulna\data\processed\rasters_aligned\monthly\LST\LST_Day_2021_12.tif,20.06999969482422,25.7450008392334,22.25404167175293,4340,8909,4569
2021,12,2021_12,9,NDVI,E:\Geospatial\Precipitation Downscaling\Precipitation-Downscaling-Khulna\data\processed\rasters_aligned\monthly\NDVI\NDVI_2021_12.tif,-0.19949999451637268,0.9580000042915344,0.5429598689079285,4426,8909,4483
2021,12,2021_12,10,PDIR,E:\Geospatial\Precipitation Downscaling\Precipitation-Downscaling-Khulna\data\processed\rasters_aligned\monthly\PDIR\2021_12.tif,11.131463050842285,106.90696716308594,49.46205520629883,4589,8909,4320
2021,12,2021_12,11,PERSIANN,E:\Geospatial\Precipitation Downscaling\Precipitation-Downscaling-Khulna\data\processed\rasters_aligned\monthly\PERSIANN\2021_12.tif,41.08000183105469,53.310001373291016,49.933712005615234,3576,8909,5333
2021,12,2021_12,12,Distance_Sea_meter,E:\Geospatial\Precipitation Downscaling\Precipitation-Downscaling-Khulna\data\processed\rasters_aligned\static\Distance_Sea_meter.tif,0.0,77480.6640625,24497.150390625,4837,8909,4072
2021,12,2021_12,13,Land_Aspect_Degree_30m,E:\Geospatial\Precipitation Downscaling\Precipitation-Downscaling-Khulna\data\processed\rasters_aligned\static\Land_Aspect_Degree_30m.tif,0.0,174.62100219726562,115.75617980957031,4837,8909,4072
2021,12,2021_12,14,Land_Khulna_SRTM_DEM,E:\Geospatial\Precipitation Downscaling\Precipitation-Downscaling-Khulna\data\processed\rasters_aligned\static\Land_Khulna_SRTM_DEM.tif,0.0,14.246426582336426,4.841400623321533,4837,8909,4072
2021,12,2021_12,15,Land_Slope_Degree_30m,E:\Geospatial\Precipitation Downscaling\Precipitation-Downscaling-Khulna\data\processed\rasters_aligned\static\Land_Slope_Degree_30m.tif,0.0,3.7204315662384033,1.5288087129592896,4827,8909,4082
2022,1,2022_01,1,CCS,E:\Geospatial\Precipitation Downscaling\Precipitation-Downscaling-Khulna\data\processed\rasters_aligned\monthly\CCS\2022_01.tif,0.0,26.885692596435547,4.726540565490723,4589,8909,4320
2022,1,2022_01,2,CDR,E:\Geospatial\Precipitation Downscaling\Precipitation-Downscaling-Khulna\data\processed\rasters_aligned\monthly\CDR\2022_01.tif,13.444662094116211,19.457027435302734,17.670814514160156,3576,8909,5333
2022,1,2022_01,3,CHIRPS,E:\Geospatial\Precipitation Downscaling\Precipitation-Downscaling-Khulna\data\processed\rasters_aligned\monthly\CHIRPS\2022_01.tif,7.435224533081055,19.973777770996094,13.959446907043457,4732,8909,4177
2022,1,2022_01,4,ERA5,E:\Geospatial\Precipitation Downscaling\Precipitation-Downscaling-Khulna\data\processed\rasters_aligned\monthly\ERA5\2022_01.tif,19.627120971679688,28.52197265625,23.306163787841797,4553,8909,4356
2022,1,2022_01,5,GSMaP_Gauge,E:\Geospatial\Precipitation Downscaling\Precipitation-Downscaling-Khulna\data\processed\rasters_aligned\monthly\GSMaP_Gauge\2022_01.tif,10.002699851989746,29.67029571533203,19.725587844848633,4837,8909,4072
2022,1,2022_01,6,GSMaP_MVK,E:\Geospatial\Precipitation Downscaling\Precipitation-Downscaling-Khulna\data\processed\rasters_aligned\monthly\GSMaP_MVK\2022_01.tif,6.093221664428711,78.63249206542969,43.76491928100586,4837,8909,4072
2022,1,2022_01,7,IMERG,E:\Geospatial\Precipitation Downscaling\Precipitation-Downscaling-Khulna\data\processed\rasters_aligned\monthly\IMERG\2022_01.tif,0.0060103158466517925,0.017948953434824944,0.010624024085700512,4837,8909,4072
2022,1,2022_01,8,LST,E:\Geospatial\Precipitation Downscaling\Precipitation-Downscaling-Khulna\data\processed\rasters_aligned\monthly\LST\LST_Day_2022_1.tif,20.05500030517578,24.915000915527344,21.5518856048584,4340,8909,4569
2022,1,2022_01,9,NDVI,E:\Geospatial\Precipitation Downscaling\Precipitation-Downscaling-Khulna\data\processed\rasters_aligned\monthly\NDVI\NDVI_2022_1.tif,-0.19930000603199005,0.9848999977111816,0.4803590178489685,4405,8909,4504
2022,1,2022_01,10,PDIR,E:\Geospatial\Precipitation Downscaling\Precipitation-Downscaling-Khulna\data\processed\rasters_aligned\monthly\PDIR\2022_01.tif,14.309666633605957,110.12934112548828,54.19350051879883,4589,8909,4320
2022,1,2022_01,11,PERSIANN,E:\Geospatial\Precipitation Downscaling\Precipitation-Downscaling-Khulna\data\processed\rasters_aligned\monthly\PERSIANN\2022_01.tif,5.550000190734863,11.619999885559082,7.3084635734558105,3576,8909,5333
2022,1,2022_01,12,Distance_Sea_meter,E:\Geospatial\Precipitation Downscaling\Precipitation-Downscaling-Khulna\data\processed\rasters_aligned\static\Distance_Sea_meter.tif,0.0,77480.6640625,24497.150390625,4837,8909,4072
2022,1,2022_01,13,Land_Aspect_Degree_30m,E:\Geospatial\Precipitation Downscaling\Precipitation-Downscaling-Khulna\data\processed\rasters_aligned\static\Land_Aspect_Degree_30m.tif,0.0,174.62100219726562,115.75617980957031,4837,8909,4072
2022,1,2022_01,14,Land_Khulna_SRTM_DEM,E:\Geospatial\Precipitation Downscaling\Precipitation-Downscaling-Khulna\data\processed\rasters_aligned\static\Land_Khulna_SRTM_DEM.tif,0.0,14.246426582336426,4.841400623321533,4837,8909,4072
2022,1,2022_01,15,Land_Slope_Degree_30m,E:\Geospatial\Precipitation Downscaling\Precipitation-Downscaling-Khulna\data\processed\rasters_aligned\static\Land_Slope_Degree_30m.tif,0.0,3.7204315662384033,1.5288087129592896,4827,8909,4082
2022,2,2022_02,1,CCS,E:\Geospatial\Precipitation Downscaling\Precipitation-Downscaling-Khulna\data\processed\rasters_aligned\monthly\CCS\2022_02.tif,0.0,19.812143325805664,2.0500152111053467,4589,8909,4320
2022,2,2022_02,2,CDR,E:\Geospatial\Precipitation Downscaling\Precipitation-Downscaling-Khulna\data\processed\rasters_aligned\monthly\CDR\2022_02.tif,23.473596572875977,100.24239349365234,56.78911590576172,3576,8909,5333
2022,2,2022_02,3,CHIRPS,E:\Geospatial\Precipitation Downscaling\Precipitation-Downscaling-Khulna\data\processed\rasters_aligned\monthly\CHIRPS\2022_02.tif,27.264339447021484,62.43645095825195,40.71537399291992,4732,8909,4177
2022,2,2022_02,4,ERA5,E:\Geospatial\Precipitation Downscaling\Precipitation-Downscaling-Khulna\data\processed\rasters_aligned\monthly\ERA5\2022_02.tif,27.27243995666504,48.14101791381836,34.740753173828125,4553,8909,4356
2022,2,2022_02,5,GSMaP_Gauge,E:\Geospatial\Precipitation Downscaling\Precipitation-Downscaling-Khulna\data\processed\rasters_aligned\monthly\GSMaP_Gauge\2022_02.tif,42.73725891113281,111.53083038330078,83.55070495605469,4837,8909,4072
2022,2,2022_02,6,GSMaP_MVK,E:\Geospatial\Precipitation Downscaling\Precipitation-Downscaling-Khulna\data\processed\rasters_aligned\monthly\GSMaP_MVK\2022_02.tif,4.24141788482666,50.00580596923828,22.512706756591797,4837,8909,4072
2022,2,2022_02,7,IMERG,E:\Geospatial\Precipitation Downscaling\Precipitation-Downscaling-Khulna\data\processed\rasters_aligned\monthly\IMERG\2022_02.tif,0.03960126265883446,0.08085698634386063,0.07155752927064896,4837,8909,4072
2022,2,2022_02,8,LST,E:\Geospatial\Precipitation Downscaling\Precipitation-Downscaling-Khulna\data\processed\rasters_aligned\monthly\LST\LST_Day_2022_2.tif,21.690000534057617,28.06999969482422,24.22162628173828,4340,8909,4569
2022,2,2022_02,9,NDVI,E:\Geospatial\Precipitation Downscaling\Precipitation-Downscaling-Khulna\data\processed\rasters_aligned\monthly\NDVI\NDVI_2022_2.tif,-0.18809999525547028,0.9848999977111816,0.5070448517799377,4422,8909,4487
2022,2,2022_02,10,PDIR,E:\Geospatial\Precipitation Downscaling\Precipitation-Downscaling-Khulna\data\processed\rasters_aligned\monthly\PDIR\2022_02.tif,1.0,46.99373245239258,10.099684715270996,4589,8909,4320
2022,2,2022_02,11,PERSIANN,E:\Geospatial\Precipitation Downscaling\Precipitation-Downscaling-Khulna\data\processed\rasters_aligned\monthly\PERSIANN\2022_02.tif,4.900000095367432,13.520000457763672,9.092608451843262,3576,8909,5333
2022,2,2022_02,12,Distance_Sea_meter,E:\Geospatial\Precipitation Downscaling\Precipitation-Downscaling-Khulna\data\processed\rasters_aligned\static\Distance_Sea_meter.tif,0.0,77480.6640625,24497.150390625,4837,8909,4072
2022,2,2022_02,13,Land_Aspect_Degree_30m,E:\Geospatial\Precipitation Downscaling\Precipitation-Downscaling-Khulna\data\processed\rasters_aligned\static\Land_Aspect_Degree_30m.tif,0.0,174.62100219726562,115.75617980957031,4837,8909,4072
2022,2,2022_02,14,Land_Khulna_SRTM_DEM,E:\Geospatial\Precipitation Downscaling\Precipitation-Downscaling-Khulna\data\processed\rasters_aligned\static\Land_Khulna_SRTM_DEM.tif,0.0,14.246426582336426,4.841400623321533,4837,8909,4072
2022,2,2022_02,15,Land_Slope_Degree_30m,E:\Geospatial\Precipitation Downscaling\Precipitation-Downscaling-Khulna\data\processed\rasters_aligned\static\Land_Slope_Degree_30m.tif,0.0,3.7204315662384033,1.5288087129592896,4827,8909,4082
2022,3,2022_03,1,CCS,E:\Geospatial\Precipitation Downscaling\Precipitation-Downscaling-Khulna\data\processed\rasters_aligned\monthly\CCS\2022_03.tif,0.0,10.319536209106445,0.9585366249084473,4589,8909,4320
2022,3,2022_03,2,CDR,E:\Geospatial\Precipitation Downscaling\Precipitation-Downscaling-Khulna\data\processed\rasters_aligned\monthly\CDR\2022_03.tif,9.574604034423828,25.30580711364746,16.830463409423828,3576,8909,5333
2022,3,2022_03,3,CHIRPS,E:\Geospatial\Precipitation Downscaling\Precipitation-Downscaling-Khulna\data\processed\rasters_aligned\monthly\CHIRPS\2022_03.tif,4.2052483558654785,16.427885055541992,10.803874969482422,4732,8909,4177
2022,3,2022_03,4,ERA5,E:\Geospatial\Precipitation Downscaling\Precipitation-Downscaling-Khulna\data\processed\rasters_aligned\monthly\ERA5\2022_03.tif,2.6057851314544678,4.717728614807129,3.6535329818725586,4553,8909,4356
2022,3,2022_03,5,GSMaP_Gauge,E:\Geospatial\Precipitation Downscaling\Precipitation-Downscaling-Khulna\data\processed\rasters_aligned\monthly\GSMaP_Gauge\2022_03.tif,0.04325336217880249,6.2717742919921875,0.7167432904243469,4837,8909,4072
2022,3,2022_03,6,GSMaP_MVK,E:\Geospatial\Precipitation Downscaling\Precipitation-Downscaling-Khulna\data\processed\rasters_aligned\monthly\GSMaP_MVK\2022_03.tif,0.02137826941907406,3.741668224334717,0.9683650732040405,4837,8909,4072
2022,3,2022_03,7,IMERG,E:\Geospatial\Precipitation Downscaling\Precipitation-Downscaling-Khulna\data\processed\rasters_aligned\monthly\IMERG\2022_03.tif,0.0010000000474974513,0.005936938803642988,0.002782726427540183,4837,8909,4072
2022,3,2022_03,8,LST,E:\Geospatial\Precipitation Downscaling\Precipitation-Downscaling-Khulna\data\processed\rasters_aligned\monthly\LST\LST_Day_2022_3.tif,25.264999389648438,34.23666763305664,28.541534423828125,4340,8909,4569
2022,3,2022_03,9,NDVI,E:\Geospatial\Precipitation Downscaling\Precipitation-Downscaling-Khulna\data\processed\rasters_aligned\monthly\NDVI\NDVI_2022_3.tif,-0.179299995303154,0.9790999889373779,0.5345632433891296,4423,8909,4486
2022,3,2022_03,10,PDIR,E:\Geospatial\Precipitation Downscaling\Precipitation-Downscaling-Khulna\data\processed\rasters_aligned\monthly\PDIR\2022_03.tif,0.0,21.51300811767578,5.5849738121032715,4589,8909,4320
2022,3,2022_03,11,PERSIANN,E:\Geospatial\Precipitation Downscaling\Precipitation-Downscaling-Khulna\data\processed\rasters_aligned\monthly\PERSIANN\2022_03.tif,0.0,0.1599999964237213,0.08541151881217957,3576,8909,5333
2022,3,2022_03,12,Distance_Sea_meter,E:\Geospatial\Precipitation Downscaling\Precipitation-Downscaling-Khulna\data\processed\rasters_aligned\static\Distance_Sea_meter.tif,0.0,77480.6640625,24497.150390625,4837,8909,4072
2022,3,2022_03,13,Land_Aspect_Degree_30m,E:\Geospatial\Precipitation Downscaling\Precipitation-Downscaling-Khulna\data\processed\rasters_aligned\static\Land_Aspect_Degree_30m.tif,0.0,174.62100219726562,115.75617980957031,4837,8909,4072
2022,3,2022_03,14,Land_Khulna_SRTM_DEM,E:\Geospatial\Precipitation Downscaling\Precipitation-Downscaling-Khulna\data\processed\rasters_aligned\static\Land_Khulna_SRTM_DEM.tif,0.0,14.246426582336426,4.841400623321533,4837,8909,4072
2022,3,2022_03,15,Land_Slope_Degree_30m,E:\Geospatial\Precipitation Downscaling\Precipitation-Downscaling-Khulna\data\processed\rasters_aligned\static\Land_Slope_Degree_30m.tif,0.0,3.7204315662384033,1.5288087129592896,4827,8909,4082
2022,4,2022_04,1,CCS,E:\Geospatial\Precipitation Downscaling\Precipitation-Downscaling-Khulna\data\processed\rasters_aligned\monthly\CCS\2022_04.tif,0.0,12.707891464233398,1.987659215927124,4589,8909,4320
2022,4,2022_04,2,CDR,E:\Geospatial\Precipitation Downscaling\Precipitation-Downscaling-Khulna\data\processed\rasters_aligned\monthly\CDR\2022_04.tif,13.545827865600586,33.120826721191406,23.247360229492188,3576,8909,5333
2022,4,2022_04,3,CHIRPS,E:\Geospatial\Precipitation Downscaling\Precipitation-Downscaling-Khulna\data\processed\rasters_aligned\monthly\CHIRPS\2022_04.tif,13.598617553710938,41.851539611816406,21.693187713623047,4732,8909,4177
2022,4,2022_04,4,ERA5,E:\Geospatial\Precipitation Downscaling\Precipitation-Downscaling-Khulna\data\processed\rasters_aligned\monthly\ERA5\2022_04.tif,4.52768611907959,29.76401710510254,11.996880531311035,4553,8909,4356
2022,4,2022_04,5,GSMaP_Gauge,E:\Geospatial\Precipitation Downscaling\Precipitation-Downscaling-Khulna\data\processed\rasters_aligned\monthly\GSMaP_Gauge\2022_04.tif,0.13299547135829926,21.75160026550293,4.714922904968262,4837,8909,4072
2022,4,2022_04,6,GSMaP_MVK,E:\Geospatial\Precipitation Downscaling\Precipitation-Downscaling-Khulna\data\processed\rasters_aligned\monthly\GSMaP_MVK\2022_04.tif,0.18032167851924896,42.347076416015625,7.513888835906982,4837,8909,4072
2022,4,2022_04,7,IMERG,E:\Geospatial\Precipitation Downscaling\Precipitation-Downscaling-Khulna\data\processed\rasters_aligned\monthly\IMERG\2022_04.tif,0.010763900354504585,0.04780049994587898,0.03307630866765976,4837,8909,4072
2022,4,2022_04,8,LST,E:\Geospatial\Precipitation Downscaling\Precipitation-Downscaling-Khulna\data\processed\rasters_aligned\monthly\LST\LST_Day_2022_4.tif,24.420000076293945,34.25,29.045499801635742,4340,8909,4569
2022,4,2022_04,9,NDVI,E:\Geospatial\Precipitation Downscaling\Precipitation-Downscaling-Khulna\data\processed\rasters_aligned\monthly\NDVI\NDVI_2022_4.tif,-0.15299999713897705,0.928600013256073,0.4877847135066986,4431,8909,4478
2022,4,2022_04,10,PDIR,E:\Geospatial\Precipitation Downscaling\Precipitation-Downscaling-Khulna\data\processed\rasters_aligned\monthly\PDIR\2022_04.tif,1.0,48.0,9.994410514831543,4589,8909,4320
2022,4,2022_04,11,PERSIANN,E:\Geospatial\Precipitation Downscaling\Precipitation-Downscaling-Khulna\data\processed\rasters_aligned\monthly\PERSIANN\2022_04.tif,2.0712637901306152,10.350000381469727,5.632418155670166,3576,8909,5333
2022,4,2022_04,12,Distance_Sea_meter,E:\Geospatial\Precipitation Downscaling\Precipitation-Downscaling-Khulna\data\processed\rasters_aligned\static\Distance_Sea_meter.tif,0.0,77480.6640625,24497.150390625,4837,8909,4072
2022,4,2022_04,13,Land_Aspect_Degree_30m,E:\Geospatial\Precipitation Downscaling\Precipitation-Downscaling-Khulna\data\processed\rasters_aligned\static\Land_Aspect_Degree_30m.tif,0.0,174.62100219726562,115.75617980957031,4837,8909,4072
2022,4,2022_04,14,Land_Khulna_SRTM_DEM,E:\Geospatial\Precipitation Downscaling\Precipitation-Downscaling-Khulna\data\processed\rasters_aligned\static\Land_Khulna_SRTM_DEM.tif,0.0,14.246426582336426,4.841400623321533,4837,8909,4072
2022,4,2022_04,15,Land_Slope_Degree_30m,E:\Geospatial\Precipitation Downscaling\Precipitation-Downscaling-Khulna\data\processed\rasters_aligned\static\Land_Slope_Degree_30m.tif,0.0,3.7204315662384033,1.5288087129592896,4827,8909,4082
2022,5,2022_05,1,CCS,E:\Geospatial\Precipitation Downscaling\Precipitation-Downscaling-Khulna\data\processed\rasters_aligned\monthly\CCS\2022_05.tif,29.0,145.0764617919922,79.93707275390625,4589,8909,4320
2022,5,2022_05,2,CDR,E:\Geospatial\Precipitation Downscaling\Precipitation-Downscaling-Khulna\data\processed\rasters_aligned\monthly\CDR\2022_05.tif,179.4530029296875,292.35296630859375,232.10003662109375,3576,8909,5333
2022,5,2022_05,3,CHIRPS,E:\Geospatial\Precipitation Downscaling\Precipitation-Downscaling-Khulna\data\processed\rasters_aligned\monthly\CHIRPS\2022_05.tif,159.37806701660156,225.9937744140625,196.99462890625,4732,8909,4177
2022,5,2022_05,4,ERA5,E:\Geospatial\Precipitation Downscaling\Precipitation-Downscaling-Khulna\data\processed\rasters_aligned\monthly\ERA5\2022_05.tif,142.356201171875,198.0594940185547,168.11788940429688,4553,8909,4356
2022,5,2022_05,5,GSMaP_Gauge,E:\Geospatial\Precipitation Downscaling\Precipitation-Downscaling-Khulna\data\processed\rasters_aligned\monthly\GSMaP_Gauge\2022_05.tif,166.0009002685547,277.6750793457031,212.27713012695312,4837,8909,4072
2022,5,2022_05,6,GSMaP_MVK,E:\Geospatial\Precipitation Downscaling\Precipitation-Downscaling-Khulna\data\processed\rasters_aligned\monthly\GSMaP_MVK\2022_05.tif,114.91602325439453,420.1391906738281,187.16278076171875,4837,8909,4072
2022,5,2022_05,7,IMERG,E:\Geospatial\Precipitation Downscaling\Precipitation-Downscaling-Khulna\data\processed\rasters_aligned\monthly\IMERG\2022_05.tif,0.287445992231369,0.37901169061660767,0.3086252510547638,4837,8909,4072
2022,5,2022_05,8,LST,E:\Geospatial\Precipitation Downscaling\Precipitation-Downscaling-Khulna\data\processed\rasters_aligned\monthly\LST\LST_Day_2022_5.tif,25.389999389648438,36.97999954223633,30.38612174987793,4340,8909,4569
2022,5,2022_05,9,NDVI,E:\Geospatial\Precipitation Downscaling\Precipitation-Downscaling-Khulna\data\processed\rasters_aligned\monthly\NDVI\NDVI_2022_5.tif,-0.17980000376701355,0.987500011920929,0.4373861253261566,4448,8909,4461
2022,5,2022_05,10,PDIR,E:\Geospatial\Precipitation Downscaling\Precipitation-Downscaling-Khulna\data\processed\rasters_aligned\monthly\PDIR\2022_05.tif,57.61235046386719,252.38973999023438,145.72503662109375,4589,8909,4320
2022,5,2022_05,11,PERSIANN,E:\Geospatial\Precipitation Downscaling\Precipitation-Downscaling-Khulna\data\processed\rasters_aligned\monthly\PERSIANN\2022_05.tif,68.6500015258789,153.6061248779297,112.61112213134766,3576,8909,5333
2022,5,2022_05,12,Distance_Sea_meter,E:\Geospatial\Precipitation Downscaling\Precipitation-Downscaling-Khulna\data\processed\rasters_aligned\static\Distance_Sea_meter.tif,0.0,77480.6640625,24497.150390625,4837,8909,4072
2022,5,2022_05,13,Land_Aspect_Degree_30m,E:\Geospatial\Precipitation Downscaling\Precipitation-Downscaling-Khulna\data\processed\rasters_aligned\static\Land_Aspect_Degree_30m.tif,0.0,174.62100219726562,115.75617980957031,4837,8909,4072
2022,5,2022_05,14,Land_Khulna_SRTM_DEM,E:\Geospatial\Precipitation Downscaling\Precipitation-Downscaling-Khulna\data\processed\rasters_aligned\static\Land_Khulna_SRTM_DEM.tif,0.0,14.246426582336426,4.841400623321533,4837,8909,4072
2022,5,2022_05,15,Land_Slope_Degree_30m,E:\Geospatial\Precipitation Downscaling\Precipitation-Downscaling-Khulna\data\processed\rasters_aligned\static\Land_Slope_Degree_30m.tif,0.0,3.7204315662384033,1.5288087129592896,4827,8909,4082
2022,6,2022_06,1,CCS,E:\Geospatial\Precipitation Downscaling\Precipitation-Downscaling-Khulna\data\processed\rasters_aligned\monthly\CCS\2022_06.tif,126.0,333.1695251464844,222.34141540527344,4589,8909,4320
2022,6,2022_06,2,CDR,E:\Geospatial\Precipitation Downscaling\Precipitation-Downscaling-Khulna\data\processed\rasters_aligned\monthly\CDR\2022_06.tif,233.39828491210938,296.3056945800781,269.1434326171875,3576,8909,5333
2022,6,2022_06,3,CHIRPS,E:\Geospatial\Precipitation Downscaling\Precipitation-Downscaling-Khulna\data\processed\rasters_aligned\monthly\CHIRPS\2022_06.tif,148.86610412597656,209.3862762451172,179.03634643554688,4732,8909,4177
2022,6,2022_06,4,ERA5,E:\Geospatial\Precipitation Downscaling\Precipitation-Downscaling-Khulna\data\processed\rasters_aligned\monthly\ERA5\2022_06.tif,159.20306396484375,235.3500518798828,185.5069122314453,4553,8909,4356
2022,6,2022_06,5,GSMaP_Gauge,E:\Geospatial\Precipitation Downscaling\Precipitation-Downscaling-Khulna\data\processed\rasters_aligned\monthly\GSMaP_Gauge\2022_06.tif,100.58097076416016,184.81448364257812,135.4272003173828,4837,8909,4072
2022,6,2022_06,6,GSMaP_MVK,E:\Geospatial\Precipitation Downscaling\Precipitation-Downscaling-Khulna\data\processed\rasters_aligned\monthly\GSMaP_MVK\2022_06.tif,66.53155517578125,335.9917907714844,137.69647216796875,4837,8909,4072
2022,6,2022_06,7,IMERG,E:\Geospatial\Precipitation Downscaling\Precipitation-Downscaling-Khulna\data\processed\rasters_aligned\monthly\IMERG\2022_06.tif,0.20600517094135284,0.4107804298400879,0.27909135818481445,4837,8909,4072
2022,6,2022_06,8,LST,E:\Geospatial\Precipitation Downscaling\Precipitation-Downscaling-Khulna\data\processed\rasters_aligned\monthly\LST\LST_Day_2022_6.tif,14.470000267028809,34.38999938964844,27.717987060546875,1484,8909,7425
2022,6,2022_06,9,NDVI,E:\Geospatial\Precipitation Downscaling\Precipitation-Downscaling-Khulna\data\processed\rasters_aligned\monthly\NDVI\NDVI_2022_6.tif,-0.1932000070810318,0.9139999747276306,0.4489760398864746,4457,8909,4452
2022,6,2022_06,10,PDIR,E:\Geospatial\Precipitation Downscaling\Precipitation-Downscaling-Khulna\data\processed\rasters_aligned\monthly\PDIR\2022_06.tif,179.0,371.1087646484375,254.62393188476562,4589,8909,4320
2022,6,2022_06,11,PERSIANN,E:\Geospatial\Precipitation Downscaling\Precipitation-Downscaling-Khulna\data\processed\rasters_aligned\monthly\PERSIANN\2022_06.tif,199.4246063232422,240.6300048828125,215.44622802734375,3576,8909,5333
2022,6,2022_06,12,Distance_Sea_meter,E:\Geospatial\Precipitation Downscaling\Precipitation-Downscaling-Khulna\data\processed\rasters_aligned\static\Distance_Sea_meter.tif,0.0,77480.6640625,24497.150390625,4837,8909,4072
2022,6,2022_06,13,Land_Aspect_Degree_30m,E:\Geospatial\Precipitation Downscaling\Precipitation-Downscaling-Khulna\data\processed\rasters_aligned\static\Land_Aspect_Degree_30m.tif,0.0,174.62100219726562,115.75617980957031,4837,8909,4072
2022,6,2022_06,14,Land_Khulna_SRTM_DEM,E:\Geospatial\Precipitation Downscaling\Precipitation-Downscaling-Khulna\data\processed\rasters_aligned\static\Land_Khulna_SRTM_DEM.tif,0.0,14.246426582336426,4.841400623321533,4837,8909,4072
2022,6,2022_06,15,Land_Slope_Degree_30m,E:\Geospatial\Precipitation Downscaling\Precipitation-Downscaling-Khulna\data\processed\rasters_aligned\static\Land_Slope_Degree_30m.tif,0.0,3.7204315662384033,1.5288087129592896,4827,8909,4082
2022,7,2022_07,1,CCS,E:\Geospatial\Precipitation Downscaling\Precipitation-Downscaling-Khulna\data\processed\rasters_aligned\monthly\CCS\2022_07.tif,38.470211029052734,183.0,84.25047302246094,4589,8909,4320
2022,7,2022_07,2,CDR,E:\Geospatial\Precipitation Downscaling\Precipitation-Downscaling-Khulna\data\processed\rasters_aligned\monthly\CDR\2022_07.tif,142.18882751464844,193.07302856445312,165.88925170898438,3576,8909,5333
2022,7,2022_07,3,CHIRPS,E:\Geospatial\Precipitation Downscaling\Precipitation-Downscaling-Khulna\data\processed\rasters_aligned\monthly\CHIRPS\2022_07.tif,105.30455017089844,189.2559814453125,140.82635498046875,4732,8909,4177
2022,7,2022_07,4,ERA5,E:\Geospatial\Precipitation Downscaling\Precipitation-Downscaling-Khulna\data\processed\rasters_aligned\monthly\ERA5\2022_07.tif,163.81056213378906,325.457763671875,225.33383178710938,4553,8909,4356
2022,7,2022_07,5,GSMaP_Gauge,E:\Geospatial\Precipitation Downscaling\Precipitation-Downscaling-Khulna\data\processed\rasters_aligned\monthly\GSMaP_Gauge\2022_07.tif,95.00730895996094,221.195068359375,163.12298583984375,4837,8909,4072
2022,7,2022_07,6,GSMaP_MVK,E:\Geospatial\Precipitation Downscaling\Precipitation-Downscaling-Khulna\data\processed\rasters_aligned\monthly\GSMaP_MVK\2022_07.tif,21.470233917236328,248.0801544189453,99.13555908203125,4837,8909,4072
2022,7,2022_07,7,IMERG,E:\Geospatial\Precipitation Downscaling\Precipitation-Downscaling-Khulna\data\processed\rasters_aligned\monthly\IMERG\2022_07.tif,0.17651958763599396,0.42956721782684326,0.27240312099456787,4837,8909,4072
2022,7,2022_07,8,LST,E:\Geospatial\Precipitation Downscaling\Precipitation-Downscaling-Khulna\data\processed\rasters_aligned\monthly\LST\LST_Day_2022_7.tif,14.949999809265137,34.38999938964844,28.16874122619629,3506,8909,5403
2022,7,2022_07,9,NDVI,E:\Geospatial\Precipitation Downscaling\Precipitation-Downscaling-Khulna\data\processed\rasters_aligned\monthly\NDVI\NDVI_2022_7.tif,-0.19709999859333038,0.9855999946594238,0.5029687881469727,4436,8909,4473
2022,7,2022_07,10,PDIR,E:\Geospatial\Precipitation Downscaling\Precipitation-Downscaling-Khulna\data\processed\rasters_aligned\monthly\PDIR\2022_07.tif,86.0,204.86669921875,149.31927490234375,4589,8909,4320
2022,7,2022_07,11,PERSIANN,E:\Geospatial\Precipitation Downscaling\Precipitation-Downscaling-Khulna\data\processed\rasters_aligned\monthly\PERSIANN\2022_07.tif,44.540000915527344,87.790283203125,65.6460189819336,3576,8909,5333
2022,7,2022_07,12,Distance_Sea_meter,E:\Geospatial\Precipitation Downscaling\Precipitation-Downscaling-Khulna\data\processed\rasters_aligned\static\Distance_Sea_meter.tif,0.0,77480.6640625,24497.150390625,4837,8909,4072
2022,7,2022_07,13,Land_Aspect_Degree_30m,E:\Geospatial\Precipitation Downscaling\Precipitation-Downscaling-Khulna\data\processed\rasters_aligned\static\Land_Aspect_Degree_30m.tif,0.0,174.62100219726562,115.75617980957031,4837,8909,4072
2022,7,2022_07,14,Land_Khulna_SRTM_DEM,E:\Geospatial\Precipitation Downscaling\Precipitation-Downscaling-Khulna\data\processed\rasters_aligned\static\Land_Khulna_SRTM_DEM.tif,0.0,14.246426582336426,4.841400623321533,4837,8909,4072
2022,7,2022_07,15,Land_Slope_Degree_30m,E:\Geospatial\Precipitation Downscaling\Precipitation-Downscaling-Khulna\data\processed\rasters_aligned\static\Land_Slope_Degree_30m.tif,0.0,3.7204315662384033,1.5288087129592896,4827,8909,4082
2022,8,2022_08,1,CCS,E:\Geospatial\Precipitation Downscaling\Precipitation-Downscaling-Khulna\data\processed\rasters_aligned\monthly\CCS\2022_08.tif,147.0,287.18536376953125,205.737548828125,4589,8909,4320
2022,8,2022_08,2,CDR,E:\Geospatial\Precipitation Downscaling\Precipitation-Downscaling-Khulna\data\processed\rasters_aligned\monthly\CDR\2022_08.tif,303.4140319824219,371.2787170410156,325.67132568359375,3576,8909,5333
2022,8,2022_08,3,CHIRPS,E:\Geospatial\Precipitation Downscaling\Precipitation-Downscaling-Khulna\data\processed\rasters_aligned\monthly\CHIRPS\2022_08.tif,230.5289306640625,345.42437744140625,281.570068359375,4732,8909,4177
2022,8,2022_08,4,ERA5,E:\Geospatial\Precipitation Downscaling\Precipitation-Downscaling-Khulna\data\processed\rasters_aligned\monthly\ERA5\2022_08.tif,225.0543212890625,428.3348083496094,304.2520446777344,4553,8909,4356
2022,8,2022_08,5,GSMaP_Gauge,E:\Geospatial\Precipitation Downscaling\Precipitation-Downscaling-Khulna\data\processed\rasters_aligned\monthly\GSMaP_Gauge\2022_08.tif,199.8426971435547,440.8884582519531,299.3719177246094,4837,8909,4072
2022,8,2022_08,6,GSMaP_MVK,E:\Geospatial\Precipitation Downscaling\Precipitation-Downscaling-Khulna\data\processed\rasters_aligned\monthly\GSMaP_MVK\2022_08.tif,255.27456665039062,317.1543273925781,287.886962890625,438,8909,8471
2022,8,2022_08,7,IMERG,E:\Geospatial\Precipitation Downscaling\Precipitation-Downscaling-Khulna\data\processed\rasters_aligned\monthly\IMERG\2022_08.tif,0.36607134342193604,0.6056613326072693,0.4840206801891327,4837,8909,4072
2022,8,2022_08,8,LST,E:\Geospatial\Precipitation Downscaling\Precipitation-Downscaling-Khulna\data\processed\rasters_aligned\monthly\LST\LST_Day_2022_8.tif,22.950000762939453,31.809999465942383,27.103309631347656,3552,8909,5357
2022,8,2022_08,9,NDVI,E:\Geospatial\Precipitation Downscaling\Precipitation-Downscaling-Khulna\data\processed\rasters_aligned\monthly\NDVI\NDVI_2022_8.tif,-0.1995999962091446,0.9348999857902527,0.5362430214881897,4436,8909,4473
2022,8,2022_08,10,PDIR,E:\Geospatial\Precipitation Downscaling\Precipitation-Downscaling-Khulna\data\processed\rasters_aligned\monthly\PDIR\2022_08.tif,230.0,537.7105712890625,386.0400695800781,4589,8909,4320
2022,8,2022_08,11,PERSIANN,E:\Geospatial\Precipitation Downscaling\Precipitation-Downscaling-Khulna\data\processed\rasters_aligned\monthly\PERSIANN\2022_08.tif,165.16000366210938,226.3800048828125,197.6904296875,3576,8909,5333
2022,8,2022_08,12,Distance_Sea_meter,E:\Geospatial\Precipitation Downscaling\Precipitation-Downscaling-Khulna\data\processed\rasters_aligned\static\Distance_Sea_meter.tif,0.0,77480.6640625,24497.150390625,4837,8909,4072
2022,8,2022_08,13,Land_Aspect_Degree_30m,E:\Geospatial\Precipitation Downscaling\Precipitation-Downscaling-Khulna\data\processed\rasters_aligned\static\Land_Aspect_Degree_30m.tif,0.0,174.62100219726562,115.75617980957031,4837,8909,4072
2022,8,2022_08,14,Land_Khulna_SRTM_DEM,E:\Geospatial\Precipitation Downscaling\Precipitation-Downscaling-Khulna\data\processed\rasters_aligned\static\Land_Khulna_SRTM_DEM.tif,0.0,14.246426582336426,4.841400623321533,4837,8909,4072
2022,8,2022_08,15,Land_Slope_Degree_30m,E:\Geospatial\Precipitation Downscaling\Precipitation-Downscaling-Khulna\data\processed\rasters_aligned\static\Land_Slope_Degree_30m.tif,0.0,3.7204315662384033,1.5288087129592896,4827,8909,4082
2022,9,2022_09,1,CCS,E:\Geospatial\Precipitation Downscaling\Precipitation-Downscaling-Khulna\data\processed\rasters_aligned\monthly\CCS\2022_09.tif,134.0,370.72698974609375,224.67897033691406,4589,8909,4320
2022,9,2022_09,2,CDR,E:\Geospatial\Precipitation Downscaling\Precipitation-Downscaling-Khulna\data\processed\rasters_aligned\monthly\CDR\2022_09.tif,263.6656494140625,333.3270568847656,292.78521728515625,3576,8909,5333
2022,9,2022_09,3,CHIRPS,E:\Geospatial\Precipitation Downscaling\Precipitation-Downscaling-Khulna\data\processed\rasters_aligned\monthly\CHIRPS\2022_09.tif,132.5231475830078,296.99798583984375,207.19508361816406,4732,8909,4177
2022,9,2022_09,4,ERA5,E:\Geospatial\Precipitation Downscaling\Precipitation-Downscaling-Khulna\data\processed\rasters_aligned\monthly\ERA5\2022_09.tif,241.75633239746094,407.2601013183594,294.62359619140625,4553,8909,4356
2022,9,2022_09,5,GSMaP_Gauge,E:\Geospatial\Precipitation Downscaling\Precipitation-Downscaling-Khulna\data\processed\rasters_aligned\monthly\GSMaP_Gauge\2022_09.tif,325.78460693359375,485.70501708984375,404.4433898925781,4837,8909,4072
2022,9,2022_09,6,GSMaP_MVK,E:\Geospatial\Precipitation Downscaling\Precipitation-Downscaling-Khulna\data\processed\rasters_aligned\monthly\GSMaP_MVK\2022_09.tif,155.9861602783203,529.4486083984375,323.2362976074219,4837,8909,4072
2022,9,2022_09,7,IMERG,E:\Geospatial\Precipitation Downscaling\Precipitation-Downscaling-Khulna\data\processed\rasters_aligned\monthly\IMERG\2022_09.tif,0.3609372079372406,0.5572218298912048,0.4506838917732239,4837,8909,4072
2022,9,2022_09,8,LST,E:\Geospatial\Precipitation Downscaling\Precipitation-Downscaling-Khulna\data\processed\rasters_aligned\monthly\LST\LST_Day_2022_9.tif,21.420000076293945,35.25,28.167213439941406,4300,8909,4609
2022,9,2022_09,9,NDVI,E:\Geospatial\Precipitation Downscaling\Precipitation-Downscaling-Khulna\data\processed\rasters_aligned\monthly\NDVI\NDVI_2022_9.tif,-0.19789999723434448,0.9059000015258789,0.5964826941490173,4424,8909,4485
2022,9,2022_09,10,PDIR,E:\Geospatial\Precipitation Downscaling\Precipitation-Downscaling-Khulna\data\processed\rasters_aligned\monthly\PDIR\2022_09.tif,216.0,564.3319091796875,377.498291015625,4589,8909,4320
2022,9,2022_09,11,PERSIANN,E:\Geospatial\Precipitation Downscaling\Precipitation-Downscaling-Khulna\data\processed\rasters_aligned\monthly\PERSIANN\2022_09.tif,165.86000061035156,286.5570068359375,227.04611206054688,3576,8909,5333
2022,9,2022_09,12,Distance_Sea_meter,E:\Geospatial\Precipitation Downscaling\Precipitation-Downscaling-Khulna\data\processed\rasters_aligned\static\Distance_Sea_meter.tif,0.0,77480.6640625,24497.150390625,4837,8909,4072
2022,9,2022_09,13,Land_Aspect_Degree_30m,E:\Geospatial\Precipitation Downscaling\Precipitation-Downscaling-Khulna\data\processed\rasters_aligned\static\Land_Aspect_Degree_30m.tif,0.0,174.62100219726562,115.75617980957031,4837,8909,4072
2022,9,2022_09,14,Land_Khulna_SRTM_DEM,E:\Geospatial\Precipitation Downscaling\Precipitation-Downscaling-Khulna\data\processed\rasters_aligned\static\Land_Khulna_SRTM_DEM.tif,0.0,14.246426582336426,4.841400623321533,4837,8909,4072
2022,9,2022_09,15,Land_Slope_Degree_30m,E:\Geospatial\Precipitation Downscaling\Precipitation-Downscaling-Khulna\data\processed\rasters_aligned\static\Land_Slope_Degree_30m.tif,0.0,3.7204315662384033,1.5288087129592896,4827,8909,4082
2022,10,2022_10,1,CCS,E:\Geospatial\Precipitation Downscaling\Precipitation-Downscaling-Khulna\data\processed\rasters_aligned\monthly\CCS\2022_10.tif,170.0,314.5242004394531,242.57281494140625,4589,8909,4320
2022,10,2022_10,2,CDR,E:\Geospatial\Precipitation Downscaling\Precipitation-Downscaling-Khulna\data\processed\rasters_aligned\monthly\CDR\2022_10.tif,201.9604034423828,232.372802734375,216.91781616210938,3576,8909,5333
2022,10,2022_10,3,CHIRPS,E:\Geospatial\Precipitation Downscaling\Precipitation-Downscaling-Khulna\data\processed\rasters_aligned\monthly\CHIRPS\2022_10.tif,208.6237030029297,310.19415283203125,259.0791320800781,4732,8909,4177
2022,10,2022_10,4,ERA5,E:\Geospatial\Precipitation Downscaling\Precipitation-Downscaling-Khulna\data\processed\rasters_aligned\monthly\ERA5\2022_10.tif,190.86627197265625,298.44085693359375,256.35791015625,4553,8909,4356
2022,10,2022_10,5,GSMaP_Gauge,E:\Geospatial\Precipitation Downscaling\Precipitation-Downscaling-Khulna\data\processed\rasters_aligned\monthly\GSMaP_Gauge\2022_10.tif,208.95777893066406,502.7855529785156,314.0400695800781,4837,8909,4072
2022,10,2022_10,6,GSMaP_MVK,E:\Geospatial\Precipitation Downscaling\Precipitation-Downscaling-Khulna\data\processed\rasters_aligned\monthly\GSMaP_MVK\2022_10.tif,236.04873657226562,746.6758422851562,425.59307861328125,4837,8909,4072
2022,10,2022_10,7,IMERG,E:\Geospatial\Precipitation Downscaling\Precipitation-Downscaling-Khulna\data\processed\rasters_aligned\monthly\IMERG\2022_10.tif,0.25951358675956726,0.6526929140090942,0.3302896320819855,4837,8909,4072
2022,10,2022_10,8,LST,E:\Geospatial\Precipitation Downscaling\Precipitation-Downscaling-Khulna\data\processed\rasters_aligned\monthly\LST\LST_Day_2022_10.tif,24.209999084472656,32.459999084472656,27.78474998474121,4340,8909,4569
2022,10,2022_10,9,NDVI,E:\Geospatial\Precipitation Downscaling\Precipitation-Downscaling-Khulna\data\processed\rasters_aligned\monthly\NDVI\NDVI_2022_10.tif,-0.1940000057220459,0.9610000252723694,0.6087287664413452,4402,8909,4507
2022,10,2022_10,10,PDIR,E:\Geospatial\Precipitation Downscaling\Precipitation-Downscaling-Khulna\data\processed\rasters_aligned\monthly\PDIR\2022_10.tif,330.0,715.0,555.2721557617188,4589,8909,4320
2022,10,2022_10,11,PERSIANN,E:\Geospatial\Precipitation Downscaling\Precipitation-Downscaling-Khulna\data\processed\rasters_aligned\monthly\PERSIANN\2022_10.tif,182.97999572753906,206.4854278564453,195.9672393798828,3576,8909,5333
2022,10,2022_10,12,Distance_Sea_meter,E:\Geospatial\Precipitation Downscaling\Precipitation-Downscaling-Khulna\data\processed\rasters_aligned\static\Distance_Sea_meter.tif,0.0,77480.6640625,24497.150390625,4837,8909,4072
2022,10,2022_10,13,Land_Aspect_Degree_30m,E:\Geospatial\Precipitation Downscaling\Precipitation-Downscaling-Khulna\data\processed\rasters_aligned\static\Land_Aspect_Degree_30m.tif,0.0,174.62100219726562,115.75617980957031,4837,8909,4072
2022,10,2022_10,14,Land_Khulna_SRTM_DEM,E:\Geospatial\Precipitation Downscaling\Precipitation-Downscaling-Khulna\data\processed\rasters_aligned\static\Land_Khulna_SRTM_DEM.tif,0.0,14.246426582336426,4.841400623321533,4837,8909,4072
2022,10,2022_10,15,Land_Slope_Degree_30m,E:\Geospatial\Precipitation Downscaling\Precipitation-Downscaling-Khulna\data\processed\rasters_aligned\static\Land_Slope_Degree_30m.tif,0.0,3.7204315662384033,1.5288087129592896,4827,8909,4082
2022,11,2022_11,1,CCS,E:\Geospatial\Precipitation Downscaling\Precipitation-Downscaling-Khulna\data\processed\rasters_aligned\monthly\CCS\2022_11.tif,0.0,9.974283218383789,0.777855396270752,4589,8909,4320
2022,11,2022_11,2,CDR,E:\Geospatial\Precipitation Downscaling\Precipitation-Downscaling-Khulna\data\processed\rasters_aligned\monthly\CDR\2022_11.tif,0.46136006712913513,2.589566230773926,1.4620331525802612,3576,8909,5333
2022,11,2022_11,3,CHIRPS,E:\Geospatial\Precipitation Downscaling\Precipitation-Downscaling-Khulna\data\processed\rasters_aligned\monthly\CHIRPS\2022_11.tif,3.124216079711914,8.515558242797852,5.142912864685059,4732,8909,4177
2022,11,2022_11,4,ERA5,E:\Geospatial\Precipitation Downscaling\Precipitation-Downscaling-Khulna\data\processed\rasters_aligned\monthly\ERA5\2022_11.tif,0.033441830426454544,0.42191511392593384,0.12058277428150177,4553,8909,4356
2022,11,2022_11,5,GSMaP_Gauge,E:\Geospatial\Precipitation Downscaling\Precipitation-Downscaling-Khulna\data\processed\rasters_aligned\monthly\GSMaP_Gauge\2022_11.tif,0.0,22.61894416809082,2.4223451614379883,4837,8909,4072
2022,11,2022_11,6,GSMaP_MVK,E:\Geospatial\Precipitation Downscaling\Precipitation-Downscaling-Khulna\data\processed\rasters_aligned\monthly\GSMaP_MVK\2022_11.tif,0.0,11.02686882019043,0.778032660484314,4837,8909,4072
2022,11,2022_11,7,IMERG,E:\Geospatial\Precipitation Downscaling\Precipitation-Downscaling-Khulna\data\processed\rasters_aligned\monthly\IMERG\2022_11.tif,0.0017957285745069385,0.008593701757490635,0.005221356172114611,4837,8909,4072
2022,11,2022_11,8,LST,E:\Geospatial\Precipitation Downscaling\Precipitation-Downscaling-Khulna\data\processed\rasters_aligned\monthly\LST\LST_Day_2022_11.tif,24.4950008392334,30.309999465942383,25.652965545654297,4340,8909,4569
2022,11,2022_11,9,NDVI,E:\Geospatial\Precipitation Downscaling\Precipitation-Downscaling-Khulna\data\processed\rasters_aligned\monthly\NDVI\NDVI_2022_11.tif,-0.1987999975681305,0.8828999996185303,0.5805844068527222,4416,8909,4493
2022,11,2022_11,10,PDIR,E:\Geospatial\Precipitation Downscaling\Precipitation-Downscaling-Khulna\data\processed\rasters_aligned\monthly\PDIR\2022_11.tif,1.0,16.987140655517578,4.332437992095947,4589,8909,4320
2022,11,2022_11,11,PERSIANN,E:\Geospatial\Precipitation Downscaling\Precipitation-Downscaling-Khulna\data\processed\rasters_aligned\monthly\PERSIANN\2022_11.tif,0.0,1.4599720239639282,0.6686989068984985,3576,8909,5333
2022,11,2022_11,12,Distance_Sea_meter,E:\Geospatial\Precipitation Downscaling\Precipitation-Downscaling-Khulna\data\processed\rasters_aligned\static\Distance_Sea_meter.tif,0.0,77480.6640625,24497.150390625,4837,8909,4072
2022,11,2022_11,13,Land_Aspect_Degree_30m,E:\Geospatial\Precipitation Downscaling\Precipitation-Downscaling-Khulna\data\processed\rasters_aligned\static\Land_Aspect_Degree_30m.tif,0.0,174.62100219726562,115.75617980957031,4837,8909,4072
2022,11,2022_11,14,Land_Khulna_SRTM_DEM,E:\Geospatial\Precipitation Downscaling\Precipitation-Downscaling-Khulna\data\processed\rasters_aligned\static\Land_Khulna_SRTM_DEM.tif,0.0,14.246426582336426,4.841400623321533,4837,8909,4072
2022,11,2022_11,15,Land_Slope_Degree_30m,E:\Geospatial\Precipitation Downscaling\Precipitation-Downscaling-Khulna\data\processed\rasters_aligned\static\Land_Slope_Degree_30m.tif,0.0,3.7204315662384033,1.5288087129592896,4827,8909,4082
2022,12,2022_12,1,CCS,E:\Geospatial\Precipitation Downscaling\Precipitation-Downscaling-Khulna\data\processed\rasters_aligned\monthly\CCS\2022_12.tif,0.0,34.66335678100586,3.1571969985961914,4589,8909,4320
2022,12,2022_12,2,CDR,E:\Geospatial\Precipitation Downscaling\Precipitation-Downscaling-Khulna\data\processed\rasters_aligned\monthly\CDR\2022_12.tif,1.6519784927368164,3.389441728591919,2.4129974842071533,3576,8909,5333
2022,12,2022_12,3,CHIRPS,E:\Geospatial\Precipitation Downscaling\Precipitation-Downscaling-Khulna\data\processed\rasters_aligned\monthly\CHIRPS\2022_12.tif,1.7787233591079712,9.734794616699219,4.1014838218688965,4732,8909,4177
2022,12,2022_12,4,ERA5,E:\Geospatial\Precipitation Downscaling\Precipitation-Downscaling-Khulna\data\processed\rasters_aligned\monthly\ERA5\2022_12.tif,0.6499908566474915,2.63946795463562,1.4995379447937012,4553,8909,4356
2022,12,2022_12,5,GSMaP_Gauge,E:\Geospatial\Precipitation Downscaling\Precipitation-Downscaling-Khulna\data\processed\rasters_aligned\monthly\GSMaP_Gauge\2022_12.tif,0.0,1.0878089666366577,0.10300285369157791,4837,8909,4072
2022,12,2022_12,6,GSMaP_MVK,E:\Geospatial\Precipitation Downscaling\Precipitation-Downscaling-Khulna\data\processed\rasters_aligned\monthly\GSMaP_MVK\2022_12.tif,0.0,1.9883434772491455,0.16518576443195343,4837,8909,4072
2022,12,2022_12,7,IMERG,E:\Geospatial\Precipitation Downscaling\Precipitation-Downscaling-Khulna\data\processed\rasters_aligned\monthly\IMERG\2022_12.tif,0.0,0.0019696371164172888,0.000365942221833393,4837,8909,4072
2022,12,2022_12,8,LST,E:\Geospatial\Precipitation Downscaling\Precipitation-Downscaling-Khulna\data\processed\rasters_aligned\monthly\LST\LST_Day_2022_12.tif,20.81999969482422,25.614999771118164,22.852811813354492,4340,8909,4569
2022,12,2022_12,9,NDVI,E:\Geospatial\Precipitation Downscaling\Precipitation-Downscaling-Khulna\data\processed\rasters_aligned\monthly\NDVI\NDVI_2022_12.tif,-0.19789999723434448,0.9921000003814697,0.5577022433280945,4426,8909,4483
2022,12,2022_12,10,PDIR,E:\Geospatial\Precipitation Downscaling\Precipitation-Downscaling-Khulna\data\processed\rasters_aligned\monthly\PDIR\2022_12.tif,0.012890545651316643,22.74520492553711,6.222546577453613,4589,8909,4320
2022,12,2022_12,11,PERSIANN,E:\Geospatial\Precipitation Downscaling\Precipitation-Downscaling-Khulna\data\processed\rasters_aligned\monthly\PERSIANN\2022_12.tif,1.100000023841858,2.9565589427948,2.019559621810913,3576,8909,5333
2022,12,2022_12,12,Distance_Sea_meter,E:\Geospatial\Precipitation Downscaling\Precipitation-Downscaling-Khulna\data\processed\rasters_aligned\static\Distance_Sea_meter.tif,0.0,77480.6640625,24497.150390625,4837,8909,4072
2022,12,2022_12,13,Land_Aspect_Degree_30m,E:\Geospatial\Precipitation Downscaling\Precipitation-Downscaling-Khulna\data\processed\rasters_aligned\static\Land_Aspect_Degree_30m.tif,0.0,174.62100219726562,115.75617980957031,4837,8909,4072
2022,12,2022_12,14,Land_Khulna_SRTM_DEM,E:\Geospatial\Precipitation Downscaling\Precipitation-Downscaling-Khulna\data\processed\rasters_aligned\static\Land_Khulna_SRTM_DEM.tif,0.0,14.246426582336426,4.841400623321533,4837,8909,4072
2022,12,2022_12,15,Land_Slope_Degree_30m,E:\Geospatial\Precipitation Downscaling\Precipitation-Downscaling-Khulna\data\processed\rasters_aligned\static\Land_Slope_Degree_30m.tif,0.0,3.7204315662384033,1.5288087129592896,4827,8909,4082
