Year,Month,Month_ID,Band_Name,Raster_File,Aligned,Errors
2017,1,2017_01,CCS,E:\Geospatial\Precipitation Downscaling\Precipitation-Downscaling-Khulna\data\processed\rasters_aligned\monthly\CCS\2017_01.tif,True,
2017,1,2017_01,CDR,E:\Geospatial\Precipitation Downscaling\Precipitation-Downscaling-Khulna\data\processed\rasters_aligned\monthly\CDR\2017_01.tif,True,
2017,1,2017_01,CHIRPS,E:\Geospatial\Precipitation Downscaling\Precipitation-Downscaling-Khulna\data\processed\rasters_aligned\monthly\CHIRPS\2017_01.tif,True,
2017,1,2017_01,ERA5,E:\Geospatial\Precipitation Downscaling\Precipitation-Downscaling-Khulna\data\processed\rasters_aligned\monthly\ERA5\2017_01.tif,True,
2017,1,2017_01,GSMaP_Gauge,E:\Geospatial\Precipitation Downscaling\Precipitation-Downscaling-Khulna\data\processed\rasters_aligned\monthly\GSMaP_Gauge\2017_01.tif,True,
2017,1,2017_01,GSMaP_MVK,E:\Geospatial\Precipitation Downscaling\Precipitation-Downscaling-Khulna\data\processed\rasters_aligned\monthly\GSMaP_MVK\2017_01.tif,True,
2017,1,2017_01,IMERG,E:\Geospatial\Precipitation Downscaling\Precipitation-Downscaling-Khulna\data\processed\rasters_aligned\monthly\IMERG\2017_01.tif,True,
2017,1,2017_01,LST,E:\Geospatial\Precipitation Downscaling\Precipitation-Downscaling-Khulna\data\processed\rasters_aligned\monthly\LST\LST_Day_2017_1.tif,True,
2017,1,2017_01,NDVI,E:\Geospatial\Precipitation Downscaling\Precipitation-Downscaling-Khulna\data\processed\rasters_aligned\monthly\NDVI\NDVI_2017_1.tif,True,
2017,1,2017_01,PDIR,E:\Geospatial\Precipitation Downscaling\Precipitation-Downscaling-Khulna\data\processed\rasters_aligned\monthly\PDIR\2017_01.tif,True,
2017,1,2017_01,PERSIANN,E:\Geospatial\Precipitation Downscaling\Precipitation-Downscaling-Khulna\data\processed\rasters_aligned\monthly\PERSIANN\2017_01.tif,True,
2017,1,2017_01,Distance_Sea_meter,E:\Geospatial\Precipitation Downscaling\Precipitation-Downscaling-Khulna\data\processed\rasters_aligned\static\Distance_Sea_meter.tif,True,
2017,1,2017_01,Land_Aspect_Degree_30m,E:\Geospatial\Precipitation Downscaling\Precipitation-Downscaling-Khulna\data\processed\rasters_aligned\static\Land_Aspect_Degree_30m.tif,True,
2017,1,2017_01,Land_Khulna_SRTM_DEM,E:\Geospatial\Precipitation Downscaling\Precipitation-Downscaling-Khulna\data\processed\rasters_aligned\static\Land_Khulna_SRTM_DEM.tif,True,
2017,1,2017_01,Land_Slope_Degree_30m,E:\Geospatial\Precipitation Downscaling\Precipitation-Downscaling-Khulna\data\processed\rasters_aligned\static\Land_Slope_Degree_30m.tif,True,
2017,2,2017_02,CCS,E:\Geospatial\Precipitation Downscaling\Precipitation-Downscaling-Khulna\data\processed\rasters_aligned\monthly\CCS\2017_02.tif,True,
2017,2,2017_02,CDR,E:\Geospatial\Precipitation Downscaling\Precipitation-Downscaling-Khulna\data\processed\rasters_aligned\monthly\CDR\2017_02.tif,True,
2017,2,2017_02,CHIRPS,E:\Geospatial\Precipitation Downscaling\Precipitation-Downscaling-Khulna\data\processed\rasters_aligned\monthly\CHIRPS\2017_02.tif,True,
2017,2,2017_02,ERA5,E:\Geospatial\Precipitation Downscaling\Precipitation-Downscaling-Khulna\data\processed\rasters_aligned\monthly\ERA5\2017_02.tif,True,
2017,2,2017_02,GSMaP_Gauge,E:\Geospatial\Precipitation Downscaling\Precipitation-Downscaling-Khulna\data\processed\rasters_aligned\monthly\GSMaP_Gauge\2017_02.tif,True,
2017,2,2017_02,GSMaP_MVK,E:\Geospatial\Precipitation Downscaling\Precipitation-Downscaling-Khulna\data\processed\rasters_aligned\monthly\GSMaP_MVK\2017_02.tif,True,
2017,2,2017_02,IMERG,E:\Geospatial\Precipitation Downscaling\Precipitation-Downscaling-Khulna\data\processed\rasters_aligned\monthly\IMERG\2017_02.tif,True,
2017,2,2017_02,LST,E:\Geospatial\Precipitation Downscaling\Precipitation-Downscaling-Khulna\data\processed\rasters_aligned\monthly\LST\LST_Day_2017_2.tif,True,
2017,2,2017_02,NDVI,E:\Geospatial\Precipitation Downscaling\Precipitation-Downscaling-Khulna\data\processed\rasters_aligned\monthly\NDVI\NDVI_2017_2.tif,True,
2017,2,2017_02,PDIR,E:\Geospatial\Precipitation Downscaling\Precipitation-Downscaling-Khulna\data\processed\rasters_aligned\monthly\PDIR\2017_02.tif,True,
2017,2,2017_02,PERSIANN,E:\Geospatial\Precipitation Downscaling\Precipitation-Downscaling-Khulna\data\processed\rasters_aligned\monthly\PERSIANN\2017_02.tif,True,
2017,2,2017_02,Distance_Sea_meter,E:\Geospatial\Precipitation Downscaling\Precipitation-Downscaling-Khulna\data\processed\rasters_aligned\static\Distance_Sea_meter.tif,True,
2017,2,2017_02,Land_Aspect_Degree_30m,E:\Geospatial\Precipitation Downscaling\Precipitation-Downscaling-Khulna\data\processed\rasters_aligned\static\Land_Aspect_Degree_30m.tif,True,
2017,2,2017_02,Land_Khulna_SRTM_DEM,E:\Geospatial\Precipitation Downscaling\Precipitation-Downscaling-Khulna\data\processed\rasters_aligned\static\Land_Khulna_SRTM_DEM.tif,True,
2017,2,2017_02,Land_Slope_Degree_30m,E:\Geospatial\Precipitation Downscaling\Precipitation-Downscaling-Khulna\data\processed\rasters_aligned\static\Land_Slope_Degree_30m.tif,True,
2017,3,2017_03,CCS,E:\Geospatial\Precipitation Downscaling\Precipitation-Downscaling-Khulna\data\processed\rasters_aligned\monthly\CCS\2017_03.tif,True,
2017,3,2017_03,CDR,E:\Geospatial\Precipitation Downscaling\Precipitation-Downscaling-Khulna\data\processed\rasters_aligned\monthly\CDR\2017_03.tif,True,
2017,3,2017_03,CHIRPS,E:\Geospatial\Precipitation Downscaling\Precipitation-Downscaling-Khulna\data\processed\rasters_aligned\monthly\CHIRPS\2017_03.tif,True,
2017,3,2017_03,ERA5,E:\Geospatial\Precipitation Downscaling\Precipitation-Downscaling-Khulna\data\processed\rasters_aligned\monthly\ERA5\2017_03.tif,True,
2017,3,2017_03,GSMaP_Gauge,E:\Geospatial\Precipitation Downscaling\Precipitation-Downscaling-Khulna\data\processed\rasters_aligned\monthly\GSMaP_Gauge\2017_03.tif,True,
2017,3,2017_03,GSMaP_MVK,E:\Geospatial\Precipitation Downscaling\Precipitation-Downscaling-Khulna\data\processed\rasters_aligned\monthly\GSMaP_MVK\2017_03.tif,True,
2017,3,2017_03,IMERG,E:\Geospatial\Precipitation Downscaling\Precipitation-Downscaling-Khulna\data\processed\rasters_aligned\monthly\IMERG\2017_03.tif,True,
2017,3,2017_03,LST,E:\Geospatial\Precipitation Downscaling\Precipitation-Downscaling-Khulna\data\processed\rasters_aligned\monthly\LST\LST_Day_2017_3.tif,True,
2017,3,2017_03,NDVI,E:\Geospatial\Precipitation Downscaling\Precipitation-Downscaling-Khulna\data\processed\rasters_aligned\monthly\NDVI\NDVI_2017_3.tif,True,
2017,3,2017_03,PDIR,E:\Geospatial\Precipitation Downscaling\Precipitation-Downscaling-Khulna\data\processed\rasters_aligned\monthly\PDIR\2017_03.tif,True,
2017,3,2017_03,PERSIANN,E:\Geospatial\Precipitation Downscaling\Precipitation-Downscaling-Khulna\data\processed\rasters_aligned\monthly\PERSIANN\2017_03.tif,True,
2017,3,2017_03,Distance_Sea_meter,E:\Geospatial\Precipitation Downscaling\Precipitation-Downscaling-Khulna\data\processed\rasters_aligned\static\Distance_Sea_meter.tif,True,
2017,3,2017_03,Land_Aspect_Degree_30m,E:\Geospatial\Precipitation Downscaling\Precipitation-Downscaling-Khulna\data\processed\rasters_aligned\static\Land_Aspect_Degree_30m.tif,True,
2017,3,2017_03,Land_Khulna_SRTM_DEM,E:\Geospatial\Precipitation Downscaling\Precipitation-Downscaling-Khulna\data\processed\rasters_aligned\static\Land_Khulna_SRTM_DEM.tif,True,
2017,3,2017_03,Land_Slope_Degree_30m,E:\Geospatial\Precipitation Downscaling\Precipitation-Downscaling-Khulna\data\processed\rasters_aligned\static\Land_Slope_Degree_30m.tif,True,
2017,4,2017_04,CCS,E:\Geospatial\Precipitation Downscaling\Precipitation-Downscaling-Khulna\data\processed\rasters_aligned\monthly\CCS\2017_04.tif,True,
2017,4,2017_04,CDR,E:\Geospatial\Precipitation Downscaling\Precipitation-Downscaling-Khulna\data\processed\rasters_aligned\monthly\CDR\2017_04.tif,True,
2017,4,2017_04,CHIRPS,E:\Geospatial\Precipitation Downscaling\Precipitation-Downscaling-Khulna\data\processed\rasters_aligned\monthly\CHIRPS\2017_04.tif,True,
2017,4,2017_04,ERA5,E:\Geospatial\Precipitation Downscaling\Precipitation-Downscaling-Khulna\data\processed\rasters_aligned\monthly\ERA5\2017_04.tif,True,
2017,4,2017_04,GSMaP_Gauge,E:\Geospatial\Precipitation Downscaling\Precipitation-Downscaling-Khulna\data\processed\rasters_aligned\monthly\GSMaP_Gauge\2017_04.tif,True,
2017,4,2017_04,GSMaP_MVK,E:\Geospatial\Precipitation Downscaling\Precipitation-Downscaling-Khulna\data\processed\rasters_aligned\monthly\GSMaP_MVK\2017_04.tif,True,
2017,4,2017_04,IMERG,E:\Geospatial\Precipitation Downscaling\Precipitation-Downscaling-Khulna\data\processed\rasters_aligned\monthly\IMERG\2017_04.tif,True,
2017,4,2017_04,LST,E:\Geospatial\Precipitation Downscaling\Precipitation-Downscaling-Khulna\data\processed\rasters_aligned\monthly\LST\LST_Day_2017_4.tif,True,
2017,4,2017_04,NDVI,E:\Geospatial\Precipitation Downscaling\Precipitation-Downscaling-Khulna\data\processed\rasters_aligned\monthly\NDVI\NDVI_2017_4.tif,True,
2017,4,2017_04,PDIR,E:\Geospatial\Precipitation Downscaling\Precipitation-Downscaling-Khulna\data\processed\rasters_aligned\monthly\PDIR\2017_04.tif,True,
2017,4,2017_04,PERSIANN,E:\Geospatial\Precipitation Downscaling\Precipitation-Downscaling-Khulna\data\processed\rasters_aligned\monthly\PERSIANN\2017_04.tif,True,
2017,4,2017_04,Distance_Sea_meter,E:\Geospatial\Precipitation Downscaling\Precipitation-Downscaling-Khulna\data\processed\rasters_aligned\static\Distance_Sea_meter.tif,True,
2017,4,2017_04,Land_Aspect_Degree_30m,E:\Geospatial\Precipitation Downscaling\Precipitation-Downscaling-Khulna\data\processed\rasters_aligned\static\Land_Aspect_Degree_30m.tif,True,
2017,4,2017_04,Land_Khulna_SRTM_DEM,E:\Geospatial\Precipitation Downscaling\Precipitation-Downscaling-Khulna\data\processed\rasters_aligned\static\Land_Khulna_SRTM_DEM.tif,True,
2017,4,2017_04,Land_Slope_Degree_30m,E:\Geospatial\Precipitation Downscaling\Precipitation-Downscaling-Khulna\data\processed\rasters_aligned\static\Land_Slope_Degree_30m.tif,True,
2017,5,2017_05,CCS,E:\Geospatial\Precipitation Downscaling\Precipitation-Downscaling-Khulna\data\processed\rasters_aligned\monthly\CCS\2017_05.tif,True,
2017,5,2017_05,CDR,E:\Geospatial\Precipitation Downscaling\Precipitation-Downscaling-Khulna\data\processed\rasters_aligned\monthly\CDR\2017_05.tif,True,
2017,5,2017_05,CHIRPS,E:\Geospatial\Precipitation Downscaling\Precipitation-Downscaling-Khulna\data\processed\rasters_aligned\monthly\CHIRPS\2017_05.tif,True,
2017,5,2017_05,ERA5,E:\Geospatial\Precipitation Downscaling\Precipitation-Downscaling-Khulna\data\processed\rasters_aligned\monthly\ERA5\2017_05.tif,True,
2017,5,2017_05,GSMaP_Gauge,E:\Geospatial\Precipitation Downscaling\Precipitation-Downscaling-Khulna\data\processed\rasters_aligned\monthly\GSMaP_Gauge\2017_05.tif,True,
2017,5,2017_05,GSMaP_MVK,E:\Geospatial\Precipitation Downscaling\Precipitation-Downscaling-Khulna\data\processed\rasters_aligned\monthly\GSMaP_MVK\2017_05.tif,True,
2017,5,2017_05,IMERG,E:\Geospatial\Precipitation Downscaling\Precipitation-Downscaling-Khulna\data\processed\rasters_aligned\monthly\IMERG\2017_05.tif,True,
2017,5,2017_05,LST,E:\Geospatial\Precipitation Downscaling\Precipitation-Downscaling-Khulna\data\processed\rasters_aligned\monthly\LST\LST_Day_2017_5.tif,True,
2017,5,2017_05,NDVI,E:\Geospatial\Precipitation Downscaling\Precipitation-Downscaling-Khulna\data\processed\rasters_aligned\monthly\NDVI\NDVI_2017_5.tif,True,
2017,5,2017_05,PDIR,E:\Geospatial\Precipitation Downscaling\Precipitation-Downscaling-Khulna\data\processed\rasters_aligned\monthly\PDIR\2017_05.tif,True,
2017,5,2017_05,PERSIANN,E:\Geospatial\Precipitation Downscaling\Precipitation-Downscaling-Khulna\data\processed\rasters_aligned\monthly\PERSIANN\2017_05.tif,True,
2017,5,2017_05,Distance_Sea_meter,E:\Geospatial\Precipitation Downscaling\Precipitation-Downscaling-Khulna\data\processed\rasters_aligned\static\Distance_Sea_meter.tif,True,
2017,5,2017_05,Land_Aspect_Degree_30m,E:\Geospatial\Precipitation Downscaling\Precipitation-Downscaling-Khulna\data\processed\rasters_aligned\static\Land_Aspect_Degree_30m.tif,True,
2017,5,2017_05,Land_Khulna_SRTM_DEM,E:\Geospatial\Precipitation Downscaling\Precipitation-Downscaling-Khulna\data\processed\rasters_aligned\static\Land_Khulna_SRTM_DEM.tif,True,
2017,5,2017_05,Land_Slope_Degree_30m,E:\Geospatial\Precipitation Downscaling\Precipitation-Downscaling-Khulna\data\processed\rasters_aligned\static\Land_Slope_Degree_30m.tif,True,
2017,6,2017_06,CCS,E:\Geospatial\Precipitation Downscaling\Precipitation-Downscaling-Khulna\data\processed\rasters_aligned\monthly\CCS\2017_06.tif,True,
2017,6,2017_06,CDR,E:\Geospatial\Precipitation Downscaling\Precipitation-Downscaling-Khulna\data\processed\rasters_aligned\monthly\CDR\2017_06.tif,True,
2017,6,2017_06,CHIRPS,E:\Geospatial\Precipitation Downscaling\Precipitation-Downscaling-Khulna\data\processed\rasters_aligned\monthly\CHIRPS\2017_06.tif,True,
2017,6,2017_06,ERA5,E:\Geospatial\Precipitation Downscaling\Precipitation-Downscaling-Khulna\data\processed\rasters_aligned\monthly\ERA5\2017_06.tif,True,
2017,6,2017_06,GSMaP_Gauge,E:\Geospatial\Precipitation Downscaling\Precipitation-Downscaling-Khulna\data\processed\rasters_aligned\monthly\GSMaP_Gauge\2017_06.tif,True,
2017,6,2017_06,GSMaP_MVK,E:\Geospatial\Precipitation Downscaling\Precipitation-Downscaling-Khulna\data\processed\rasters_aligned\monthly\GSMaP_MVK\2017_06.tif,True,
2017,6,2017_06,IMERG,E:\Geospatial\Precipitation Downscaling\Precipitation-Downscaling-Khulna\data\processed\rasters_aligned\monthly\IMERG\2017_06.tif,True,
2017,6,2017_06,LST,E:\Geospatial\Precipitation Downscaling\Precipitation-Downscaling-Khulna\data\processed\rasters_aligned\monthly\LST\LST_Day_2017_6.tif,True,
2017,6,2017_06,NDVI,E:\Geospatial\Precipitation Downscaling\Precipitation-Downscaling-Khulna\data\processed\rasters_aligned\monthly\NDVI\NDVI_2017_6.tif,True,
2017,6,2017_06,PDIR,E:\Geospatial\Precipitation Downscaling\Precipitation-Downscaling-Khulna\data\processed\rasters_aligned\monthly\PDIR\2017_06.tif,True,
2017,6,2017_06,PERSIANN,E:\Geospatial\Precipitation Downscaling\Precipitation-Downscaling-Khulna\data\processed\rasters_aligned\monthly\PERSIANN\2017_06.tif,True,
2017,6,2017_06,Distance_Sea_meter,E:\Geospatial\Precipitation Downscaling\Precipitation-Downscaling-Khulna\data\processed\rasters_aligned\static\Distance_Sea_meter.tif,True,
2017,6,2017_06,Land_Aspect_Degree_30m,E:\Geospatial\Precipitation Downscaling\Precipitation-Downscaling-Khulna\data\processed\rasters_aligned\static\Land_Aspect_Degree_30m.tif,True,
2017,6,2017_06,Land_Khulna_SRTM_DEM,E:\Geospatial\Precipitation Downscaling\Precipitation-Downscaling-Khulna\data\processed\rasters_aligned\static\Land_Khulna_SRTM_DEM.tif,True,
2017,6,2017_06,Land_Slope_Degree_30m,E:\Geospatial\Precipitation Downscaling\Precipitation-Downscaling-Khulna\data\processed\rasters_aligned\static\Land_Slope_Degree_30m.tif,True,
2017,7,2017_07,CCS,E:\Geospatial\Precipitation Downscaling\Precipitation-Downscaling-Khulna\data\processed\rasters_aligned\monthly\CCS\2017_07.tif,True,
2017,7,2017_07,CDR,E:\Geospatial\Precipitation Downscaling\Precipitation-Downscaling-Khulna\data\processed\rasters_aligned\monthly\CDR\2017_07.tif,True,
2017,7,2017_07,CHIRPS,E:\Geospatial\Precipitation Downscaling\Precipitation-Downscaling-Khulna\data\processed\rasters_aligned\monthly\CHIRPS\2017_07.tif,True,
2017,7,2017_07,ERA5,E:\Geospatial\Precipitation Downscaling\Precipitation-Downscaling-Khulna\data\processed\rasters_aligned\monthly\ERA5\2017_07.tif,True,
2017,7,2017_07,GSMaP_Gauge,E:\Geospatial\Precipitation Downscaling\Precipitation-Downscaling-Khulna\data\processed\rasters_aligned\monthly\GSMaP_Gauge\2017_07.tif,True,
2017,7,2017_07,GSMaP_MVK,E:\Geospatial\Precipitation Downscaling\Precipitation-Downscaling-Khulna\data\processed\rasters_aligned\monthly\GSMaP_MVK\2017_07.tif,True,
2017,7,2017_07,IMERG,E:\Geospatial\Precipitation Downscaling\Precipitation-Downscaling-Khulna\data\processed\rasters_aligned\monthly\IMERG\2017_07.tif,True,
2017,7,2017_07,LST,E:\Geospatial\Precipitation Downscaling\Precipitation-Downscaling-Khulna\data\processed\rasters_aligned\monthly\LST\LST_Day_2017_7.tif,True,
2017,7,2017_07,NDVI,E:\Geospatial\Precipitation Downscaling\Precipitation-Downscaling-Khulna\data\processed\rasters_aligned\monthly\NDVI\NDVI_2017_7.tif,True,
2017,7,2017_07,PDIR,E:\Geospatial\Precipitation Downscaling\Precipitation-Downscaling-Khulna\data\processed\rasters_aligned\monthly\PDIR\2017_07.tif,True,
2017,7,2017_07,PERSIANN,E:\Geospatial\Precipitation Downscaling\Precipitation-Downscaling-Khulna\data\processed\rasters_aligned\monthly\PERSIANN\2017_07.tif,True,
2017,7,2017_07,Distance_Sea_meter,E:\Geospatial\Precipitation Downscaling\Precipitation-Downscaling-Khulna\data\processed\rasters_aligned\static\Distance_Sea_meter.tif,True,
2017,7,2017_07,Land_Aspect_Degree_30m,E:\Geospatial\Precipitation Downscaling\Precipitation-Downscaling-Khulna\data\processed\rasters_aligned\static\Land_Aspect_Degree_30m.tif,True,
2017,7,2017_07,Land_Khulna_SRTM_DEM,E:\Geospatial\Precipitation Downscaling\Precipitation-Downscaling-Khulna\data\processed\rasters_aligned\static\Land_Khulna_SRTM_DEM.tif,True,
2017,7,2017_07,Land_Slope_Degree_30m,E:\Geospatial\Precipitation Downscaling\Precipitation-Downscaling-Khulna\data\processed\rasters_aligned\static\Land_Slope_Degree_30m.tif,True,
2017,8,2017_08,CCS,E:\Geospatial\Precipitation Downscaling\Precipitation-Downscaling-Khulna\data\processed\rasters_aligned\monthly\CCS\2017_08.tif,True,
2017,8,2017_08,CDR,E:\Geospatial\Precipitation Downscaling\Precipitation-Downscaling-Khulna\data\processed\rasters_aligned\monthly\CDR\2017_08.tif,True,
2017,8,2017_08,CHIRPS,E:\Geospatial\Precipitation Downscaling\Precipitation-Downscaling-Khulna\data\processed\rasters_aligned\monthly\CHIRPS\2017_08.tif,True,
2017,8,2017_08,ERA5,E:\Geospatial\Precipitation Downscaling\Precipitation-Downscaling-Khulna\data\processed\rasters_aligned\monthly\ERA5\2017_08.tif,True,
2017,8,2017_08,GSMaP_Gauge,E:\Geospatial\Precipitation Downscaling\Precipitation-Downscaling-Khulna\data\processed\rasters_aligned\monthly\GSMaP_Gauge\2017_08.tif,True,
2017,8,2017_08,GSMaP_MVK,E:\Geospatial\Precipitation Downscaling\Precipitation-Downscaling-Khulna\data\processed\rasters_aligned\monthly\GSMaP_MVK\2017_08.tif,True,
2017,8,2017_08,IMERG,E:\Geospatial\Precipitation Downscaling\Precipitation-Downscaling-Khulna\data\processed\rasters_aligned\monthly\IMERG\2017_08.tif,True,
2017,8,2017_08,LST,E:\Geospatial\Precipitation Downscaling\Precipitation-Downscaling-Khulna\data\processed\rasters_aligned\monthly\LST\LST_Day_2017_8.tif,True,
2017,8,2017_08,NDVI,E:\Geospatial\Precipitation Downscaling\Precipitation-Downscaling-Khulna\data\processed\rasters_aligned\monthly\NDVI\NDVI_2017_8.tif,True,
2017,8,2017_08,PDIR,E:\Geospatial\Precipitation Downscaling\Precipitation-Downscaling-Khulna\data\processed\rasters_aligned\monthly\PDIR\2017_08.tif,True,
2017,8,2017_08,PERSIANN,E:\Geospatial\Precipitation Downscaling\Precipitation-Downscaling-Khulna\data\processed\rasters_aligned\monthly\PERSIANN\2017_08.tif,True,
2017,8,2017_08,Distance_Sea_meter,E:\Geospatial\Precipitation Downscaling\Precipitation-Downscaling-Khulna\data\processed\rasters_aligned\static\Distance_Sea_meter.tif,True,
2017,8,2017_08,Land_Aspect_Degree_30m,E:\Geospatial\Precipitation Downscaling\Precipitation-Downscaling-Khulna\data\processed\rasters_aligned\static\Land_Aspect_Degree_30m.tif,True,
2017,8,2017_08,Land_Khulna_SRTM_DEM,E:\Geospatial\Precipitation Downscaling\Precipitation-Downscaling-Khulna\data\processed\rasters_aligned\static\Land_Khulna_SRTM_DEM.tif,True,
2017,8,2017_08,Land_Slope_Degree_30m,E:\Geospatial\Precipitation Downscaling\Precipitation-Downscaling-Khulna\data\processed\rasters_aligned\static\Land_Slope_Degree_30m.tif,True,
2017,9,2017_09,CCS,E:\Geospatial\Precipitation Downscaling\Precipitation-Downscaling-Khulna\data\processed\rasters_aligned\monthly\CCS\2017_09.tif,True,
2017,9,2017_09,CDR,E:\Geospatial\Precipitation Downscaling\Precipitation-Downscaling-Khulna\data\processed\rasters_aligned\monthly\CDR\2017_09.tif,True,
2017,9,2017_09,CHIRPS,E:\Geospatial\Precipitation Downscaling\Precipitation-Downscaling-Khulna\data\processed\rasters_aligned\monthly\CHIRPS\2017_09.tif,True,
2017,9,2017_09,ERA5,E:\Geospatial\Precipitation Downscaling\Precipitation-Downscaling-Khulna\data\processed\rasters_aligned\monthly\ERA5\2017_09.tif,True,
2017,9,2017_09,GSMaP_Gauge,E:\Geospatial\Precipitation Downscaling\Precipitation-Downscaling-Khulna\data\processed\rasters_aligned\monthly\GSMaP_Gauge\2017_09.tif,True,
2017,9,2017_09,GSMaP_MVK,E:\Geospatial\Precipitation Downscaling\Precipitation-Downscaling-Khulna\data\processed\rasters_aligned\monthly\GSMaP_MVK\2017_09.tif,True,
2017,9,2017_09,IMERG,E:\Geospatial\Precipitation Downscaling\Precipitation-Downscaling-Khulna\data\processed\rasters_aligned\monthly\IMERG\2017_09.tif,True,
2017,9,2017_09,LST,E:\Geospatial\Precipitation Downscaling\Precipitation-Downscaling-Khulna\data\processed\rasters_aligned\monthly\LST\LST_Day_2017_9.tif,True,
2017,9,2017_09,NDVI,E:\Geospatial\Precipitation Downscaling\Precipitation-Downscaling-Khulna\data\processed\rasters_aligned\monthly\NDVI\NDVI_2017_9.tif,True,
2017,9,2017_09,PDIR,E:\Geospatial\Precipitation Downscaling\Precipitation-Downscaling-Khulna\data\processed\rasters_aligned\monthly\PDIR\2017_09.tif,True,
2017,9,2017_09,PERSIANN,E:\Geospatial\Precipitation Downscaling\Precipitation-Downscaling-Khulna\data\processed\rasters_aligned\monthly\PERSIANN\2017_09.tif,True,
2017,9,2017_09,Distance_Sea_meter,E:\Geospatial\Precipitation Downscaling\Precipitation-Downscaling-Khulna\data\processed\rasters_aligned\static\Distance_Sea_meter.tif,True,
2017,9,2017_09,Land_Aspect_Degree_30m,E:\Geospatial\Precipitation Downscaling\Precipitation-Downscaling-Khulna\data\processed\rasters_aligned\static\Land_Aspect_Degree_30m.tif,True,
2017,9,2017_09,Land_Khulna_SRTM_DEM,E:\Geospatial\Precipitation Downscaling\Precipitation-Downscaling-Khulna\data\processed\rasters_aligned\static\Land_Khulna_SRTM_DEM.tif,True,
2017,9,2017_09,Land_Slope_Degree_30m,E:\Geospatial\Precipitation Downscaling\Precipitation-Downscaling-Khulna\data\processed\rasters_aligned\static\Land_Slope_Degree_30m.tif,True,
2017,10,2017_10,CCS,E:\Geospatial\Precipitation Downscaling\Precipitation-Downscaling-Khulna\data\processed\rasters_aligned\monthly\CCS\2017_10.tif,True,
2017,10,2017_10,CDR,E:\Geospatial\Precipitation Downscaling\Precipitation-Downscaling-Khulna\data\processed\rasters_aligned\monthly\CDR\2017_10.tif,True,
2017,10,2017_10,CHIRPS,E:\Geospatial\Precipitation Downscaling\Precipitation-Downscaling-Khulna\data\processed\rasters_aligned\monthly\CHIRPS\2017_10.tif,True,
2017,10,2017_10,ERA5,E:\Geospatial\Precipitation Downscaling\Precipitation-Downscaling-Khulna\data\processed\rasters_aligned\monthly\ERA5\2017_10.tif,True,
2017,10,2017_10,GSMaP_Gauge,E:\Geospatial\Precipitation Downscaling\Precipitation-Downscaling-Khulna\data\processed\rasters_aligned\monthly\GSMaP_Gauge\2017_10.tif,True,
2017,10,2017_10,GSMaP_MVK,E:\Geospatial\Precipitation Downscaling\Precipitation-Downscaling-Khulna\data\processed\rasters_aligned\monthly\GSMaP_MVK\2017_10.tif,True,
2017,10,2017_10,IMERG,E:\Geospatial\Precipitation Downscaling\Precipitation-Downscaling-Khulna\data\processed\rasters_aligned\monthly\IMERG\2017_10.tif,True,
2017,10,2017_10,LST,E:\Geospatial\Precipitation Downscaling\Precipitation-Downscaling-Khulna\data\processed\rasters_aligned\monthly\LST\LST_Day_2017_10.tif,True,
2017,10,2017_10,NDVI,E:\Geospatial\Precipitation Downscaling\Precipitation-Downscaling-Khulna\data\processed\rasters_aligned\monthly\NDVI\NDVI_2017_10.tif,True,
2017,10,2017_10,PDIR,E:\Geospatial\Precipitation Downscaling\Precipitation-Downscaling-Khulna\data\processed\rasters_aligned\monthly\PDIR\2017_10.tif,True,
2017,10,2017_10,PERSIANN,E:\Geospatial\Precipitation Downscaling\Precipitation-Downscaling-Khulna\data\processed\rasters_aligned\monthly\PERSIANN\2017_10.tif,True,
2017,10,2017_10,Distance_Sea_meter,E:\Geospatial\Precipitation Downscaling\Precipitation-Downscaling-Khulna\data\processed\rasters_aligned\static\Distance_Sea_meter.tif,True,
2017,10,2017_10,Land_Aspect_Degree_30m,E:\Geospatial\Precipitation Downscaling\Precipitation-Downscaling-Khulna\data\processed\rasters_aligned\static\Land_Aspect_Degree_30m.tif,True,
2017,10,2017_10,Land_Khulna_SRTM_DEM,E:\Geospatial\Precipitation Downscaling\Precipitation-Downscaling-Khulna\data\processed\rasters_aligned\static\Land_Khulna_SRTM_DEM.tif,True,
2017,10,2017_10,Land_Slope_Degree_30m,E:\Geospatial\Precipitation Downscaling\Precipitation-Downscaling-Khulna\data\processed\rasters_aligned\static\Land_Slope_Degree_30m.tif,True,
2017,11,2017_11,CCS,E:\Geospatial\Precipitation Downscaling\Precipitation-Downscaling-Khulna\data\processed\rasters_aligned\monthly\CCS\2017_11.tif,True,
2017,11,2017_11,CDR,E:\Geospatial\Precipitation Downscaling\Precipitation-Downscaling-Khulna\data\processed\rasters_aligned\monthly\CDR\2017_11.tif,True,
2017,11,2017_11,CHIRPS,E:\Geospatial\Precipitation Downscaling\Precipitation-Downscaling-Khulna\data\processed\rasters_aligned\monthly\CHIRPS\2017_11.tif,True,
2017,11,2017_11,ERA5,E:\Geospatial\Precipitation Downscaling\Precipitation-Downscaling-Khulna\data\processed\rasters_aligned\monthly\ERA5\2017_11.tif,True,
2017,11,2017_11,GSMaP_Gauge,E:\Geospatial\Precipitation Downscaling\Precipitation-Downscaling-Khulna\data\processed\rasters_aligned\monthly\GSMaP_Gauge\2017_11.tif,True,
2017,11,2017_11,GSMaP_MVK,E:\Geospatial\Precipitation Downscaling\Precipitation-Downscaling-Khulna\data\processed\rasters_aligned\monthly\GSMaP_MVK\2017_11.tif,True,
2017,11,2017_11,IMERG,E:\Geospatial\Precipitation Downscaling\Precipitation-Downscaling-Khulna\data\processed\rasters_aligned\monthly\IMERG\2017_11.tif,True,
2017,11,2017_11,LST,E:\Geospatial\Precipitation Downscaling\Precipitation-Downscaling-Khulna\data\processed\rasters_aligned\monthly\LST\LST_Day_2017_11.tif,True,
2017,11,2017_11,NDVI,E:\Geospatial\Precipitation Downscaling\Precipitation-Downscaling-Khulna\data\processed\rasters_aligned\monthly\NDVI\NDVI_2017_11.tif,True,
2017,11,2017_11,PDIR,E:\Geospatial\Precipitation Downscaling\Precipitation-Downscaling-Khulna\data\processed\rasters_aligned\monthly\PDIR\2017_11.tif,True,
2017,11,2017_11,PERSIANN,E:\Geospatial\Precipitation Downscaling\Precipitation-Downscaling-Khulna\data\processed\rasters_aligned\monthly\PERSIANN\2017_11.tif,True,
2017,11,2017_11,Distance_Sea_meter,E:\Geospatial\Precipitation Downscaling\Precipitation-Downscaling-Khulna\data\processed\rasters_aligned\static\Distance_Sea_meter.tif,True,
2017,11,2017_11,Land_Aspect_Degree_30m,E:\Geospatial\Precipitation Downscaling\Precipitation-Downscaling-Khulna\data\processed\rasters_aligned\static\Land_Aspect_Degree_30m.tif,True,
2017,11,2017_11,Land_Khulna_SRTM_DEM,E:\Geospatial\Precipitation Downscaling\Precipitation-Downscaling-Khulna\data\processed\rasters_aligned\static\Land_Khulna_SRTM_DEM.tif,True,
2017,11,2017_11,Land_Slope_Degree_30m,E:\Geospatial\Precipitation Downscaling\Precipitation-Downscaling-Khulna\data\processed\rasters_aligned\static\Land_Slope_Degree_30m.tif,True,
2017,12,2017_12,CCS,E:\Geospatial\Precipitation Downscaling\Precipitation-Downscaling-Khulna\data\processed\rasters_aligned\monthly\CCS\2017_12.tif,True,
2017,12,2017_12,CDR,E:\Geospatial\Precipitation Downscaling\Precipitation-Downscaling-Khulna\data\processed\rasters_aligned\monthly\CDR\2017_12.tif,True,
2017,12,2017_12,CHIRPS,E:\Geospatial\Precipitation Downscaling\Precipitation-Downscaling-Khulna\data\processed\rasters_aligned\monthly\CHIRPS\2017_12.tif,True,
2017,12,2017_12,ERA5,E:\Geospatial\Precipitation Downscaling\Precipitation-Downscaling-Khulna\data\processed\rasters_aligned\monthly\ERA5\2017_12.tif,True,
2017,12,2017_12,GSMaP_Gauge,E:\Geospatial\Precipitation Downscaling\Precipitation-Downscaling-Khulna\data\processed\rasters_aligned\monthly\GSMaP_Gauge\2017_12.tif,True,
2017,12,2017_12,GSMaP_MVK,E:\Geospatial\Precipitation Downscaling\Precipitation-Downscaling-Khulna\data\processed\rasters_aligned\monthly\GSMaP_MVK\2017_12.tif,True,
2017,12,2017_12,IMERG,E:\Geospatial\Precipitation Downscaling\Precipitation-Downscaling-Khulna\data\processed\rasters_aligned\monthly\IMERG\2017_12.tif,True,
2017,12,2017_12,LST,E:\Geospatial\Precipitation Downscaling\Precipitation-Downscaling-Khulna\data\processed\rasters_aligned\monthly\LST\LST_Day_2017_12.tif,True,
2017,12,2017_12,NDVI,E:\Geospatial\Precipitation Downscaling\Precipitation-Downscaling-Khulna\data\processed\rasters_aligned\monthly\NDVI\NDVI_2017_12.tif,True,
2017,12,2017_12,PDIR,E:\Geospatial\Precipitation Downscaling\Precipitation-Downscaling-Khulna\data\processed\rasters_aligned\monthly\PDIR\2017_12.tif,True,
2017,12,2017_12,PERSIANN,E:\Geospatial\Precipitation Downscaling\Precipitation-Downscaling-Khulna\data\processed\rasters_aligned\monthly\PERSIANN\2017_12.tif,True,
2017,12,2017_12,Distance_Sea_meter,E:\Geospatial\Precipitation Downscaling\Precipitation-Downscaling-Khulna\data\processed\rasters_aligned\static\Distance_Sea_meter.tif,True,
2017,12,2017_12,Land_Aspect_Degree_30m,E:\Geospatial\Precipitation Downscaling\Precipitation-Downscaling-Khulna\data\processed\rasters_aligned\static\Land_Aspect_Degree_30m.tif,True,
2017,12,2017_12,Land_Khulna_SRTM_DEM,E:\Geospatial\Precipitation Downscaling\Precipitation-Downscaling-Khulna\data\processed\rasters_aligned\static\Land_Khulna_SRTM_DEM.tif,True,
2017,12,2017_12,Land_Slope_Degree_30m,E:\Geospatial\Precipitation Downscaling\Precipitation-Downscaling-Khulna\data\processed\rasters_aligned\static\Land_Slope_Degree_30m.tif,True,
2018,1,2018_01,CCS,E:\Geospatial\Precipitation Downscaling\Precipitation-Downscaling-Khulna\data\processed\rasters_aligned\monthly\CCS\2018_01.tif,True,
2018,1,2018_01,CDR,E:\Geospatial\Precipitation Downscaling\Precipitation-Downscaling-Khulna\data\processed\rasters_aligned\monthly\CDR\2018_01.tif,True,
2018,1,2018_01,CHIRPS,E:\Geospatial\Precipitation Downscaling\Precipitation-Downscaling-Khulna\data\processed\rasters_aligned\monthly\CHIRPS\2018_01.tif,True,
2018,1,2018_01,ERA5,E:\Geospatial\Precipitation Downscaling\Precipitation-Downscaling-Khulna\data\processed\rasters_aligned\monthly\ERA5\2018_01.tif,True,
2018,1,2018_01,GSMaP_Gauge,E:\Geospatial\Precipitation Downscaling\Precipitation-Downscaling-Khulna\data\processed\rasters_aligned\monthly\GSMaP_Gauge\2018_01.tif,True,
2018,1,2018_01,GSMaP_MVK,E:\Geospatial\Precipitation Downscaling\Precipitation-Downscaling-Khulna\data\processed\rasters_aligned\monthly\GSMaP_MVK\2018_01.tif,True,
2018,1,2018_01,IMERG,E:\Geospatial\Precipitation Downscaling\Precipitation-Downscaling-Khulna\data\processed\rasters_aligned\monthly\IMERG\2018_01.tif,True,
2018,1,2018_01,LST,E:\Geospatial\Precipitation Downscaling\Precipitation-Downscaling-Khulna\data\processed\rasters_aligned\monthly\LST\LST_Day_2018_1.tif,True,
2018,1,2018_01,NDVI,E:\Geospatial\Precipitation Downscaling\Precipitation-Downscaling-Khulna\data\processed\rasters_aligned\monthly\NDVI\NDVI_2018_1.tif,True,
2018,1,2018_01,PDIR,E:\Geospatial\Precipitation Downscaling\Precipitation-Downscaling-Khulna\data\processed\rasters_aligned\monthly\PDIR\2018_01.tif,True,
2018,1,2018_01,PERSIANN,E:\Geospatial\Precipitation Downscaling\Precipitation-Downscaling-Khulna\data\processed\rasters_aligned\monthly\PERSIANN\2018_01.tif,True,
2018,1,2018_01,Distance_Sea_meter,E:\Geospatial\Precipitation Downscaling\Precipitation-Downscaling-Khulna\data\processed\rasters_aligned\static\Distance_Sea_meter.tif,True,
2018,1,2018_01,Land_Aspect_Degree_30m,E:\Geospatial\Precipitation Downscaling\Precipitation-Downscaling-Khulna\data\processed\rasters_aligned\static\Land_Aspect_Degree_30m.tif,True,
2018,1,2018_01,Land_Khulna_SRTM_DEM,E:\Geospatial\Precipitation Downscaling\Precipitation-Downscaling-Khulna\data\processed\rasters_aligned\static\Land_Khulna_SRTM_DEM.tif,True,
2018,1,2018_01,Land_Slope_Degree_30m,E:\Geospatial\Precipitation Downscaling\Precipitation-Downscaling-Khulna\data\processed\rasters_aligned\static\Land_Slope_Degree_30m.tif,True,
2018,2,2018_02,CCS,E:\Geospatial\Precipitation Downscaling\Precipitation-Downscaling-Khulna\data\processed\rasters_aligned\monthly\CCS\2018_02.tif,True,
2018,2,2018_02,CDR,E:\Geospatial\Precipitation Downscaling\Precipitation-Downscaling-Khulna\data\processed\rasters_aligned\monthly\CDR\2018_02.tif,True,
2018,2,2018_02,CHIRPS,E:\Geospatial\Precipitation Downscaling\Precipitation-Downscaling-Khulna\data\processed\rasters_aligned\monthly\CHIRPS\2018_02.tif,True,
2018,2,2018_02,ERA5,E:\Geospatial\Precipitation Downscaling\Precipitation-Downscaling-Khulna\data\processed\rasters_aligned\monthly\ERA5\2018_02.tif,True,
2018,2,2018_02,GSMaP_Gauge,E:\Geospatial\Precipitation Downscaling\Precipitation-Downscaling-Khulna\data\processed\rasters_aligned\monthly\GSMaP_Gauge\2018_02.tif,True,
2018,2,2018_02,GSMaP_MVK,E:\Geospatial\Precipitation Downscaling\Precipitation-Downscaling-Khulna\data\processed\rasters_aligned\monthly\GSMaP_MVK\2018_02.tif,True,
2018,2,2018_02,IMERG,E:\Geospatial\Precipitation Downscaling\Precipitation-Downscaling-Khulna\data\processed\rasters_aligned\monthly\IMERG\2018_02.tif,True,
2018,2,2018_02,LST,E:\Geospatial\Precipitation Downscaling\Precipitation-Downscaling-Khulna\data\processed\rasters_aligned\monthly\LST\LST_Day_2018_2.tif,True,
2018,2,2018_02,NDVI,E:\Geospatial\Precipitation Downscaling\Precipitation-Downscaling-Khulna\data\processed\rasters_aligned\monthly\NDVI\NDVI_2018_2.tif,True,
2018,2,2018_02,PDIR,E:\Geospatial\Precipitation Downscaling\Precipitation-Downscaling-Khulna\data\processed\rasters_aligned\monthly\PDIR\2018_02.tif,True,
2018,2,2018_02,PERSIANN,E:\Geospatial\Precipitation Downscaling\Precipitation-Downscaling-Khulna\data\processed\rasters_aligned\monthly\PERSIANN\2018_02.tif,True,
2018,2,2018_02,Distance_Sea_meter,E:\Geospatial\Precipitation Downscaling\Precipitation-Downscaling-Khulna\data\processed\rasters_aligned\static\Distance_Sea_meter.tif,True,
2018,2,2018_02,Land_Aspect_Degree_30m,E:\Geospatial\Precipitation Downscaling\Precipitation-Downscaling-Khulna\data\processed\rasters_aligned\static\Land_Aspect_Degree_30m.tif,True,
2018,2,2018_02,Land_Khulna_SRTM_DEM,E:\Geospatial\Precipitation Downscaling\Precipitation-Downscaling-Khulna\data\processed\rasters_aligned\static\Land_Khulna_SRTM_DEM.tif,True,
2018,2,2018_02,Land_Slope_Degree_30m,E:\Geospatial\Precipitation Downscaling\Precipitation-Downscaling-Khulna\data\processed\rasters_aligned\static\Land_Slope_Degree_30m.tif,True,
2018,3,2018_03,CCS,E:\Geospatial\Precipitation Downscaling\Precipitation-Downscaling-Khulna\data\processed\rasters_aligned\monthly\CCS\2018_03.tif,True,
2018,3,2018_03,CDR,E:\Geospatial\Precipitation Downscaling\Precipitation-Downscaling-Khulna\data\processed\rasters_aligned\monthly\CDR\2018_03.tif,True,
2018,3,2018_03,CHIRPS,E:\Geospatial\Precipitation Downscaling\Precipitation-Downscaling-Khulna\data\processed\rasters_aligned\monthly\CHIRPS\2018_03.tif,True,
2018,3,2018_03,ERA5,E:\Geospatial\Precipitation Downscaling\Precipitation-Downscaling-Khulna\data\processed\rasters_aligned\monthly\ERA5\2018_03.tif,True,
2018,3,2018_03,GSMaP_Gauge,E:\Geospatial\Precipitation Downscaling\Precipitation-Downscaling-Khulna\data\processed\rasters_aligned\monthly\GSMaP_Gauge\2018_03.tif,True,
2018,3,2018_03,GSMaP_MVK,E:\Geospatial\Precipitation Downscaling\Precipitation-Downscaling-Khulna\data\processed\rasters_aligned\monthly\GSMaP_MVK\2018_03.tif,True,
2018,3,2018_03,IMERG,E:\Geospatial\Precipitation Downscaling\Precipitation-Downscaling-Khulna\data\processed\rasters_aligned\monthly\IMERG\2018_03.tif,True,
2018,3,2018_03,LST,E:\Geospatial\Precipitation Downscaling\Precipitation-Downscaling-Khulna\data\processed\rasters_aligned\monthly\LST\LST_Day_2018_3.tif,True,
2018,3,2018_03,NDVI,E:\Geospatial\Precipitation Downscaling\Precipitation-Downscaling-Khulna\data\processed\rasters_aligned\monthly\NDVI\NDVI_2018_3.tif,True,
2018,3,2018_03,PDIR,E:\Geospatial\Precipitation Downscaling\Precipitation-Downscaling-Khulna\data\processed\rasters_aligned\monthly\PDIR\2018_03.tif,True,
2018,3,2018_03,PERSIANN,E:\Geospatial\Precipitation Downscaling\Precipitation-Downscaling-Khulna\data\processed\rasters_aligned\monthly\PERSIANN\2018_03.tif,True,
2018,3,2018_03,Distance_Sea_meter,E:\Geospatial\Precipitation Downscaling\Precipitation-Downscaling-Khulna\data\processed\rasters_aligned\static\Distance_Sea_meter.tif,True,
2018,3,2018_03,Land_Aspect_Degree_30m,E:\Geospatial\Precipitation Downscaling\Precipitation-Downscaling-Khulna\data\processed\rasters_aligned\static\Land_Aspect_Degree_30m.tif,True,
2018,3,2018_03,Land_Khulna_SRTM_DEM,E:\Geospatial\Precipitation Downscaling\Precipitation-Downscaling-Khulna\data\processed\rasters_aligned\static\Land_Khulna_SRTM_DEM.tif,True,
2018,3,2018_03,Land_Slope_Degree_30m,E:\Geospatial\Precipitation Downscaling\Precipitation-Downscaling-Khulna\data\processed\rasters_aligned\static\Land_Slope_Degree_30m.tif,True,
2018,4,2018_04,CCS,E:\Geospatial\Precipitation Downscaling\Precipitation-Downscaling-Khulna\data\processed\rasters_aligned\monthly\CCS\2018_04.tif,True,
2018,4,2018_04,CDR,E:\Geospatial\Precipitation Downscaling\Precipitation-Downscaling-Khulna\data\processed\rasters_aligned\monthly\CDR\2018_04.tif,True,
2018,4,2018_04,CHIRPS,E:\Geospatial\Precipitation Downscaling\Precipitation-Downscaling-Khulna\data\processed\rasters_aligned\monthly\CHIRPS\2018_04.tif,True,
2018,4,2018_04,ERA5,E:\Geospatial\Precipitation Downscaling\Precipitation-Downscaling-Khulna\data\processed\rasters_aligned\monthly\ERA5\2018_04.tif,True,
2018,4,2018_04,GSMaP_Gauge,E:\Geospatial\Precipitation Downscaling\Precipitation-Downscaling-Khulna\data\processed\rasters_aligned\monthly\GSMaP_Gauge\2018_04.tif,True,
2018,4,2018_04,GSMaP_MVK,E:\Geospatial\Precipitation Downscaling\Precipitation-Downscaling-Khulna\data\processed\rasters_aligned\monthly\GSMaP_MVK\2018_04.tif,True,
2018,4,2018_04,IMERG,E:\Geospatial\Precipitation Downscaling\Precipitation-Downscaling-Khulna\data\processed\rasters_aligned\monthly\IMERG\2018_04.tif,True,
2018,4,2018_04,LST,E:\Geospatial\Precipitation Downscaling\Precipitation-Downscaling-Khulna\data\processed\rasters_aligned\monthly\LST\LST_Day_2018_4.tif,True,
2018,4,2018_04,NDVI,E:\Geospatial\Precipitation Downscaling\Precipitation-Downscaling-Khulna\data\processed\rasters_aligned\monthly\NDVI\NDVI_2018_4.tif,True,
2018,4,2018_04,PDIR,E:\Geospatial\Precipitation Downscaling\Precipitation-Downscaling-Khulna\data\processed\rasters_aligned\monthly\PDIR\2018_04.tif,True,
2018,4,2018_04,PERSIANN,E:\Geospatial\Precipitation Downscaling\Precipitation-Downscaling-Khulna\data\processed\rasters_aligned\monthly\PERSIANN\2018_04.tif,True,
2018,4,2018_04,Distance_Sea_meter,E:\Geospatial\Precipitation Downscaling\Precipitation-Downscaling-Khulna\data\processed\rasters_aligned\static\Distance_Sea_meter.tif,True,
2018,4,2018_04,Land_Aspect_Degree_30m,E:\Geospatial\Precipitation Downscaling\Precipitation-Downscaling-Khulna\data\processed\rasters_aligned\static\Land_Aspect_Degree_30m.tif,True,
2018,4,2018_04,Land_Khulna_SRTM_DEM,E:\Geospatial\Precipitation Downscaling\Precipitation-Downscaling-Khulna\data\processed\rasters_aligned\static\Land_Khulna_SRTM_DEM.tif,True,
2018,4,2018_04,Land_Slope_Degree_30m,E:\Geospatial\Precipitation Downscaling\Precipitation-Downscaling-Khulna\data\processed\rasters_aligned\static\Land_Slope_Degree_30m.tif,True,
2018,5,2018_05,CCS,E:\Geospatial\Precipitation Downscaling\Precipitation-Downscaling-Khulna\data\processed\rasters_aligned\monthly\CCS\2018_05.tif,True,
2018,5,2018_05,CDR,E:\Geospatial\Precipitation Downscaling\Precipitation-Downscaling-Khulna\data\processed\rasters_aligned\monthly\CDR\2018_05.tif,True,
2018,5,2018_05,CHIRPS,E:\Geospatial\Precipitation Downscaling\Precipitation-Downscaling-Khulna\data\processed\rasters_aligned\monthly\CHIRPS\2018_05.tif,True,
2018,5,2018_05,ERA5,E:\Geospatial\Precipitation Downscaling\Precipitation-Downscaling-Khulna\data\processed\rasters_aligned\monthly\ERA5\2018_05.tif,True,
2018,5,2018_05,GSMaP_Gauge,E:\Geospatial\Precipitation Downscaling\Precipitation-Downscaling-Khulna\data\processed\rasters_aligned\monthly\GSMaP_Gauge\2018_05.tif,True,
2018,5,2018_05,GSMaP_MVK,E:\Geospatial\Precipitation Downscaling\Precipitation-Downscaling-Khulna\data\processed\rasters_aligned\monthly\GSMaP_MVK\2018_05.tif,True,
2018,5,2018_05,IMERG,E:\Geospatial\Precipitation Downscaling\Precipitation-Downscaling-Khulna\data\processed\rasters_aligned\monthly\IMERG\2018_05.tif,True,
2018,5,2018_05,LST,E:\Geospatial\Precipitation Downscaling\Precipitation-Downscaling-Khulna\data\processed\rasters_aligned\monthly\LST\LST_Day_2018_5.tif,True,
2018,5,2018_05,NDVI,E:\Geospatial\Precipitation Downscaling\Precipitation-Downscaling-Khulna\data\processed\rasters_aligned\monthly\NDVI\NDVI_2018_5.tif,True,
2018,5,2018_05,PDIR,E:\Geospatial\Precipitation Downscaling\Precipitation-Downscaling-Khulna\data\processed\rasters_aligned\monthly\PDIR\2018_05.tif,True,
2018,5,2018_05,PERSIANN,E:\Geospatial\Precipitation Downscaling\Precipitation-Downscaling-Khulna\data\processed\rasters_aligned\monthly\PERSIANN\2018_05.tif,True,
2018,5,2018_05,Distance_Sea_meter,E:\Geospatial\Precipitation Downscaling\Precipitation-Downscaling-Khulna\data\processed\rasters_aligned\static\Distance_Sea_meter.tif,True,
2018,5,2018_05,Land_Aspect_Degree_30m,E:\Geospatial\Precipitation Downscaling\Precipitation-Downscaling-Khulna\data\processed\rasters_aligned\static\Land_Aspect_Degree_30m.tif,True,
2018,5,2018_05,Land_Khulna_SRTM_DEM,E:\Geospatial\Precipitation Downscaling\Precipitation-Downscaling-Khulna\data\processed\rasters_aligned\static\Land_Khulna_SRTM_DEM.tif,True,
2018,5,2018_05,Land_Slope_Degree_30m,E:\Geospatial\Precipitation Downscaling\Precipitation-Downscaling-Khulna\data\processed\rasters_aligned\static\Land_Slope_Degree_30m.tif,True,
2018,6,2018_06,CCS,E:\Geospatial\Precipitation Downscaling\Precipitation-Downscaling-Khulna\data\processed\rasters_aligned\monthly\CCS\2018_06.tif,True,
2018,6,2018_06,CDR,E:\Geospatial\Precipitation Downscaling\Precipitation-Downscaling-Khulna\data\processed\rasters_aligned\monthly\CDR\2018_06.tif,True,
2018,6,2018_06,CHIRPS,E:\Geospatial\Precipitation Downscaling\Precipitation-Downscaling-Khulna\data\processed\rasters_aligned\monthly\CHIRPS\2018_06.tif,True,
2018,6,2018_06,ERA5,E:\Geospatial\Precipitation Downscaling\Precipitation-Downscaling-Khulna\data\processed\rasters_aligned\monthly\ERA5\2018_06.tif,True,
2018,6,2018_06,GSMaP_Gauge,E:\Geospatial\Precipitation Downscaling\Precipitation-Downscaling-Khulna\data\processed\rasters_aligned\monthly\GSMaP_Gauge\2018_06.tif,True,
2018,6,2018_06,GSMaP_MVK,E:\Geospatial\Precipitation Downscaling\Precipitation-Downscaling-Khulna\data\processed\rasters_aligned\monthly\GSMaP_MVK\2018_06.tif,True,
2018,6,2018_06,IMERG,E:\Geospatial\Precipitation Downscaling\Precipitation-Downscaling-Khulna\data\processed\rasters_aligned\monthly\IMERG\2018_06.tif,True,
2018,6,2018_06,LST,E:\Geospatial\Precipitation Downscaling\Precipitation-Downscaling-Khulna\data\processed\rasters_aligned\monthly\LST\LST_Day_2018_6.tif,True,
2018,6,2018_06,NDVI,E:\Geospatial\Precipitation Downscaling\Precipitation-Downscaling-Khulna\data\processed\rasters_aligned\monthly\NDVI\NDVI_2018_6.tif,True,
2018,6,2018_06,PDIR,E:\Geospatial\Precipitation Downscaling\Precipitation-Downscaling-Khulna\data\processed\rasters_aligned\monthly\PDIR\2018_06.tif,True,
2018,6,2018_06,PERSIANN,E:\Geospatial\Precipitation Downscaling\Precipitation-Downscaling-Khulna\data\processed\rasters_aligned\monthly\PERSIANN\2018_06.tif,True,
2018,6,2018_06,Distance_Sea_meter,E:\Geospatial\Precipitation Downscaling\Precipitation-Downscaling-Khulna\data\processed\rasters_aligned\static\Distance_Sea_meter.tif,True,
2018,6,2018_06,Land_Aspect_Degree_30m,E:\Geospatial\Precipitation Downscaling\Precipitation-Downscaling-Khulna\data\processed\rasters_aligned\static\Land_Aspect_Degree_30m.tif,True,
2018,6,2018_06,Land_Khulna_SRTM_DEM,E:\Geospatial\Precipitation Downscaling\Precipitation-Downscaling-Khulna\data\processed\rasters_aligned\static\Land_Khulna_SRTM_DEM.tif,True,
2018,6,2018_06,Land_Slope_Degree_30m,E:\Geospatial\Precipitation Downscaling\Precipitation-Downscaling-Khulna\data\processed\rasters_aligned\static\Land_Slope_Degree_30m.tif,True,
2018,7,2018_07,CCS,E:\Geospatial\Precipitation Downscaling\Precipitation-Downscaling-Khulna\data\processed\rasters_aligned\monthly\CCS\2018_07.tif,True,
2018,7,2018_07,CDR,E:\Geospatial\Precipitation Downscaling\Precipitation-Downscaling-Khulna\data\processed\rasters_aligned\monthly\CDR\2018_07.tif,True,
2018,7,2018_07,CHIRPS,E:\Geospatial\Precipitation Downscaling\Precipitation-Downscaling-Khulna\data\processed\rasters_aligned\monthly\CHIRPS\2018_07.tif,True,
2018,7,2018_07,ERA5,E:\Geospatial\Precipitation Downscaling\Precipitation-Downscaling-Khulna\data\processed\rasters_aligned\monthly\ERA5\2018_07.tif,True,
2018,7,2018_07,GSMaP_Gauge,E:\Geospatial\Precipitation Downscaling\Precipitation-Downscaling-Khulna\data\processed\rasters_aligned\monthly\GSMaP_Gauge\2018_07.tif,True,
2018,7,2018_07,GSMaP_MVK,E:\Geospatial\Precipitation Downscaling\Precipitation-Downscaling-Khulna\data\processed\rasters_aligned\monthly\GSMaP_MVK\2018_07.tif,True,
2018,7,2018_07,IMERG,E:\Geospatial\Precipitation Downscaling\Precipitation-Downscaling-Khulna\data\processed\rasters_aligned\monthly\IMERG\2018_07.tif,True,
2018,7,2018_07,LST,E:\Geospatial\Precipitation Downscaling\Precipitation-Downscaling-Khulna\data\processed\rasters_aligned\monthly\LST\LST_Day_2018_7.tif,True,
2018,7,2018_07,NDVI,E:\Geospatial\Precipitation Downscaling\Precipitation-Downscaling-Khulna\data\processed\rasters_aligned\monthly\NDVI\NDVI_2018_7.tif,True,
2018,7,2018_07,PDIR,E:\Geospatial\Precipitation Downscaling\Precipitation-Downscaling-Khulna\data\processed\rasters_aligned\monthly\PDIR\2018_07.tif,True,
2018,7,2018_07,PERSIANN,E:\Geospatial\Precipitation Downscaling\Precipitation-Downscaling-Khulna\data\processed\rasters_aligned\monthly\PERSIANN\2018_07.tif,True,
2018,7,2018_07,Distance_Sea_meter,E:\Geospatial\Precipitation Downscaling\Precipitation-Downscaling-Khulna\data\processed\rasters_aligned\static\Distance_Sea_meter.tif,True,
2018,7,2018_07,Land_Aspect_Degree_30m,E:\Geospatial\Precipitation Downscaling\Precipitation-Downscaling-Khulna\data\processed\rasters_aligned\static\Land_Aspect_Degree_30m.tif,True,
2018,7,2018_07,Land_Khulna_SRTM_DEM,E:\Geospatial\Precipitation Downscaling\Precipitation-Downscaling-Khulna\data\processed\rasters_aligned\static\Land_Khulna_SRTM_DEM.tif,True,
2018,7,2018_07,Land_Slope_Degree_30m,E:\Geospatial\Precipitation Downscaling\Precipitation-Downscaling-Khulna\data\processed\rasters_aligned\static\Land_Slope_Degree_30m.tif,True,
2018,8,2018_08,CCS,E:\Geospatial\Precipitation Downscaling\Precipitation-Downscaling-Khulna\data\processed\rasters_aligned\monthly\CCS\2018_08.tif,True,
2018,8,2018_08,CDR,E:\Geospatial\Precipitation Downscaling\Precipitation-Downscaling-Khulna\data\processed\rasters_aligned\monthly\CDR\2018_08.tif,True,
2018,8,2018_08,CHIRPS,E:\Geospatial\Precipitation Downscaling\Precipitation-Downscaling-Khulna\data\processed\rasters_aligned\monthly\CHIRPS\2018_08.tif,True,
2018,8,2018_08,ERA5,E:\Geospatial\Precipitation Downscaling\Precipitation-Downscaling-Khulna\data\processed\rasters_aligned\monthly\ERA5\2018_08.tif,True,
2018,8,2018_08,GSMaP_Gauge,E:\Geospatial\Precipitation Downscaling\Precipitation-Downscaling-Khulna\data\processed\rasters_aligned\monthly\GSMaP_Gauge\2018_08.tif,True,
2018,8,2018_08,GSMaP_MVK,E:\Geospatial\Precipitation Downscaling\Precipitation-Downscaling-Khulna\data\processed\rasters_aligned\monthly\GSMaP_MVK\2018_08.tif,True,
2018,8,2018_08,IMERG,E:\Geospatial\Precipitation Downscaling\Precipitation-Downscaling-Khulna\data\processed\rasters_aligned\monthly\IMERG\2018_08.tif,True,
2018,8,2018_08,LST,E:\Geospatial\Precipitation Downscaling\Precipitation-Downscaling-Khulna\data\processed\rasters_aligned\monthly\LST\LST_Day_2018_8.tif,True,
2018,8,2018_08,NDVI,E:\Geospatial\Precipitation Downscaling\Precipitation-Downscaling-Khulna\data\processed\rasters_aligned\monthly\NDVI\NDVI_2018_8.tif,True,
2018,8,2018_08,PDIR,E:\Geospatial\Precipitation Downscaling\Precipitation-Downscaling-Khulna\data\processed\rasters_aligned\monthly\PDIR\2018_08.tif,True,
2018,8,2018_08,PERSIANN,E:\Geospatial\Precipitation Downscaling\Precipitation-Downscaling-Khulna\data\processed\rasters_aligned\monthly\PERSIANN\2018_08.tif,True,
2018,8,2018_08,Distance_Sea_meter,E:\Geospatial\Precipitation Downscaling\Precipitation-Downscaling-Khulna\data\processed\rasters_aligned\static\Distance_Sea_meter.tif,True,
2018,8,2018_08,Land_Aspect_Degree_30m,E:\Geospatial\Precipitation Downscaling\Precipitation-Downscaling-Khulna\data\processed\rasters_aligned\static\Land_Aspect_Degree_30m.tif,True,
2018,8,2018_08,Land_Khulna_SRTM_DEM,E:\Geospatial\Precipitation Downscaling\Precipitation-Downscaling-Khulna\data\processed\rasters_aligned\static\Land_Khulna_SRTM_DEM.tif,True,
2018,8,2018_08,Land_Slope_Degree_30m,E:\Geospatial\Precipitation Downscaling\Precipitation-Downscaling-Khulna\data\processed\rasters_aligned\static\Land_Slope_Degree_30m.tif,True,
2018,9,2018_09,CCS,E:\Geospatial\Precipitation Downscaling\Precipitation-Downscaling-Khulna\data\processed\rasters_aligned\monthly\CCS\2018_09.tif,True,
2018,9,2018_09,CDR,E:\Geospatial\Precipitation Downscaling\Precipitation-Downscaling-Khulna\data\processed\rasters_aligned\monthly\CDR\2018_09.tif,True,
2018,9,2018_09,CHIRPS,E:\Geospatial\Precipitation Downscaling\Precipitation-Downscaling-Khulna\data\processed\rasters_aligned\monthly\CHIRPS\2018_09.tif,True,
2018,9,2018_09,ERA5,E:\Geospatial\Precipitation Downscaling\Precipitation-Downscaling-Khulna\data\processed\rasters_aligned\monthly\ERA5\2018_09.tif,True,
2018,9,2018_09,GSMaP_Gauge,E:\Geospatial\Precipitation Downscaling\Precipitation-Downscaling-Khulna\data\processed\rasters_aligned\monthly\GSMaP_Gauge\2018_09.tif,True,
2018,9,2018_09,GSMaP_MVK,E:\Geospatial\Precipitation Downscaling\Precipitation-Downscaling-Khulna\data\processed\rasters_aligned\monthly\GSMaP_MVK\2018_09.tif,True,
2018,9,2018_09,IMERG,E:\Geospatial\Precipitation Downscaling\Precipitation-Downscaling-Khulna\data\processed\rasters_aligned\monthly\IMERG\2018_09.tif,True,
2018,9,2018_09,LST,E:\Geospatial\Precipitation Downscaling\Precipitation-Downscaling-Khulna\data\processed\rasters_aligned\monthly\LST\LST_Day_2018_9.tif,True,
2018,9,2018_09,NDVI,E:\Geospatial\Precipitation Downscaling\Precipitation-Downscaling-Khulna\data\processed\rasters_aligned\monthly\NDVI\NDVI_2018_9.tif,True,
2018,9,2018_09,PDIR,E:\Geospatial\Precipitation Downscaling\Precipitation-Downscaling-Khulna\data\processed\rasters_aligned\monthly\PDIR\2018_09.tif,True,
2018,9,2018_09,PERSIANN,E:\Geospatial\Precipitation Downscaling\Precipitation-Downscaling-Khulna\data\processed\rasters_aligned\monthly\PERSIANN\2018_09.tif,True,
2018,9,2018_09,Distance_Sea_meter,E:\Geospatial\Precipitation Downscaling\Precipitation-Downscaling-Khulna\data\processed\rasters_aligned\static\Distance_Sea_meter.tif,True,
2018,9,2018_09,Land_Aspect_Degree_30m,E:\Geospatial\Precipitation Downscaling\Precipitation-Downscaling-Khulna\data\processed\rasters_aligned\static\Land_Aspect_Degree_30m.tif,True,
2018,9,2018_09,Land_Khulna_SRTM_DEM,E:\Geospatial\Precipitation Downscaling\Precipitation-Downscaling-Khulna\data\processed\rasters_aligned\static\Land_Khulna_SRTM_DEM.tif,True,
2018,9,2018_09,Land_Slope_Degree_30m,E:\Geospatial\Precipitation Downscaling\Precipitation-Downscaling-Khulna\data\processed\rasters_aligned\static\Land_Slope_Degree_30m.tif,True,
2018,10,2018_10,CCS,E:\Geospatial\Precipitation Downscaling\Precipitation-Downscaling-Khulna\data\processed\rasters_aligned\monthly\CCS\2018_10.tif,True,
2018,10,2018_10,CDR,E:\Geospatial\Precipitation Downscaling\Precipitation-Downscaling-Khulna\data\processed\rasters_aligned\monthly\CDR\2018_10.tif,True,
2018,10,2018_10,CHIRPS,E:\Geospatial\Precipitation Downscaling\Precipitation-Downscaling-Khulna\data\processed\rasters_aligned\monthly\CHIRPS\2018_10.tif,True,
2018,10,2018_10,ERA5,E:\Geospatial\Precipitation Downscaling\Precipitation-Downscaling-Khulna\data\processed\rasters_aligned\monthly\ERA5\2018_10.tif,True,
2018,10,2018_10,GSMaP_Gauge,E:\Geospatial\Precipitation Downscaling\Precipitation-Downscaling-Khulna\data\processed\rasters_aligned\monthly\GSMaP_Gauge\2018_10.tif,True,
2018,10,2018_10,GSMaP_MVK,E:\Geospatial\Precipitation Downscaling\Precipitation-Downscaling-Khulna\data\processed\rasters_aligned\monthly\GSMaP_MVK\2018_10.tif,True,
2018,10,2018_10,IMERG,E:\Geospatial\Precipitation Downscaling\Precipitation-Downscaling-Khulna\data\processed\rasters_aligned\monthly\IMERG\2018_10.tif,True,
2018,10,2018_10,LST,E:\Geospatial\Precipitation Downscaling\Precipitation-Downscaling-Khulna\data\processed\rasters_aligned\monthly\LST\LST_Day_2018_10.tif,True,
2018,10,2018_10,NDVI,E:\Geospatial\Precipitation Downscaling\Precipitation-Downscaling-Khulna\data\processed\rasters_aligned\monthly\NDVI\NDVI_2018_10.tif,True,
2018,10,2018_10,PDIR,E:\Geospatial\Precipitation Downscaling\Precipitation-Downscaling-Khulna\data\processed\rasters_aligned\monthly\PDIR\2018_10.tif,True,
2018,10,2018_10,PERSIANN,E:\Geospatial\Precipitation Downscaling\Precipitation-Downscaling-Khulna\data\processed\rasters_aligned\monthly\PERSIANN\2018_10.tif,True,
2018,10,2018_10,Distance_Sea_meter,E:\Geospatial\Precipitation Downscaling\Precipitation-Downscaling-Khulna\data\processed\rasters_aligned\static\Distance_Sea_meter.tif,True,
2018,10,2018_10,Land_Aspect_Degree_30m,E:\Geospatial\Precipitation Downscaling\Precipitation-Downscaling-Khulna\data\processed\rasters_aligned\static\Land_Aspect_Degree_30m.tif,True,
2018,10,2018_10,Land_Khulna_SRTM_DEM,E:\Geospatial\Precipitation Downscaling\Precipitation-Downscaling-Khulna\data\processed\rasters_aligned\static\Land_Khulna_SRTM_DEM.tif,True,
2018,10,2018_10,Land_Slope_Degree_30m,E:\Geospatial\Precipitation Downscaling\Precipitation-Downscaling-Khulna\data\processed\rasters_aligned\static\Land_Slope_Degree_30m.tif,True,
2018,11,2018_11,CCS,E:\Geospatial\Precipitation Downscaling\Precipitation-Downscaling-Khulna\data\processed\rasters_aligned\monthly\CCS\2018_11.tif,True,
2018,11,2018_11,CDR,E:\Geospatial\Precipitation Downscaling\Precipitation-Downscaling-Khulna\data\processed\rasters_aligned\monthly\CDR\2018_11.tif,True,
2018,11,2018_11,CHIRPS,E:\Geospatial\Precipitation Downscaling\Precipitation-Downscaling-Khulna\data\processed\rasters_aligned\monthly\CHIRPS\2018_11.tif,True,
2018,11,2018_11,ERA5,E:\Geospatial\Precipitation Downscaling\Precipitation-Downscaling-Khulna\data\processed\rasters_aligned\monthly\ERA5\2018_11.tif,True,
2018,11,2018_11,GSMaP_Gauge,E:\Geospatial\Precipitation Downscaling\Precipitation-Downscaling-Khulna\data\processed\rasters_aligned\monthly\GSMaP_Gauge\2018_11.tif,True,
2018,11,2018_11,GSMaP_MVK,E:\Geospatial\Precipitation Downscaling\Precipitation-Downscaling-Khulna\data\processed\rasters_aligned\monthly\GSMaP_MVK\2018_11.tif,True,
2018,11,2018_11,IMERG,E:\Geospatial\Precipitation Downscaling\Precipitation-Downscaling-Khulna\data\processed\rasters_aligned\monthly\IMERG\2018_11.tif,True,
2018,11,2018_11,LST,E:\Geospatial\Precipitation Downscaling\Precipitation-Downscaling-Khulna\data\processed\rasters_aligned\monthly\LST\LST_Day_2018_11.tif,True,
2018,11,2018_11,NDVI,E:\Geospatial\Precipitation Downscaling\Precipitation-Downscaling-Khulna\data\processed\rasters_aligned\monthly\NDVI\NDVI_2018_11.tif,True,
2018,11,2018_11,PDIR,E:\Geospatial\Precipitation Downscaling\Precipitation-Downscaling-Khulna\data\processed\rasters_aligned\monthly\PDIR\2018_11.tif,True,
2018,11,2018_11,PERSIANN,E:\Geospatial\Precipitation Downscaling\Precipitation-Downscaling-Khulna\data\processed\rasters_aligned\monthly\PERSIANN\2018_11.tif,True,
2018,11,2018_11,Distance_Sea_meter,E:\Geospatial\Precipitation Downscaling\Precipitation-Downscaling-Khulna\data\processed\rasters_aligned\static\Distance_Sea_meter.tif,True,
2018,11,2018_11,Land_Aspect_Degree_30m,E:\Geospatial\Precipitation Downscaling\Precipitation-Downscaling-Khulna\data\processed\rasters_aligned\static\Land_Aspect_Degree_30m.tif,True,
2018,11,2018_11,Land_Khulna_SRTM_DEM,E:\Geospatial\Precipitation Downscaling\Precipitation-Downscaling-Khulna\data\processed\rasters_aligned\static\Land_Khulna_SRTM_DEM.tif,True,
2018,11,2018_11,Land_Slope_Degree_30m,E:\Geospatial\Precipitation Downscaling\Precipitation-Downscaling-Khulna\data\processed\rasters_aligned\static\Land_Slope_Degree_30m.tif,True,
2018,12,2018_12,CCS,E:\Geospatial\Precipitation Downscaling\Precipitation-Downscaling-Khulna\data\processed\rasters_aligned\monthly\CCS\2018_12.tif,True,
2018,12,2018_12,CDR,E:\Geospatial\Precipitation Downscaling\Precipitation-Downscaling-Khulna\data\processed\rasters_aligned\monthly\CDR\2018_12.tif,True,
2018,12,2018_12,CHIRPS,E:\Geospatial\Precipitation Downscaling\Precipitation-Downscaling-Khulna\data\processed\rasters_aligned\monthly\CHIRPS\2018_12.tif,True,
2018,12,2018_12,ERA5,E:\Geospatial\Precipitation Downscaling\Precipitation-Downscaling-Khulna\data\processed\rasters_aligned\monthly\ERA5\2018_12.tif,True,
2018,12,2018_12,GSMaP_Gauge,E:\Geospatial\Precipitation Downscaling\Precipitation-Downscaling-Khulna\data\processed\rasters_aligned\monthly\GSMaP_Gauge\2018_12.tif,True,
2018,12,2018_12,GSMaP_MVK,E:\Geospatial\Precipitation Downscaling\Precipitation-Downscaling-Khulna\data\processed\rasters_aligned\monthly\GSMaP_MVK\2018_12.tif,True,
2018,12,2018_12,IMERG,E:\Geospatial\Precipitation Downscaling\Precipitation-Downscaling-Khulna\data\processed\rasters_aligned\monthly\IMERG\2018_12.tif,True,
2018,12,2018_12,LST,E:\Geospatial\Precipitation Downscaling\Precipitation-Downscaling-Khulna\data\processed\rasters_aligned\monthly\LST\LST_Day_2018_12.tif,True,
2018,12,2018_12,NDVI,E:\Geospatial\Precipitation Downscaling\Precipitation-Downscaling-Khulna\data\processed\rasters_aligned\monthly\NDVI\NDVI_2018_12.tif,True,
2018,12,2018_12,PDIR,E:\Geospatial\Precipitation Downscaling\Precipitation-Downscaling-Khulna\data\processed\rasters_aligned\monthly\PDIR\2018_12.tif,True,
2018,12,2018_12,PERSIANN,E:\Geospatial\Precipitation Downscaling\Precipitation-Downscaling-Khulna\data\processed\rasters_aligned\monthly\PERSIANN\2018_12.tif,True,
2018,12,2018_12,Distance_Sea_meter,E:\Geospatial\Precipitation Downscaling\Precipitation-Downscaling-Khulna\data\processed\rasters_aligned\static\Distance_Sea_meter.tif,True,
2018,12,2018_12,Land_Aspect_Degree_30m,E:\Geospatial\Precipitation Downscaling\Precipitation-Downscaling-Khulna\data\processed\rasters_aligned\static\Land_Aspect_Degree_30m.tif,True,
2018,12,2018_12,Land_Khulna_SRTM_DEM,E:\Geospatial\Precipitation Downscaling\Precipitation-Downscaling-Khulna\data\processed\rasters_aligned\static\Land_Khulna_SRTM_DEM.tif,True,
2018,12,2018_12,Land_Slope_Degree_30m,E:\Geospatial\Precipitation Downscaling\Precipitation-Downscaling-Khulna\data\processed\rasters_aligned\static\Land_Slope_Degree_30m.tif,True,
2019,1,2019_01,CCS,E:\Geospatial\Precipitation Downscaling\Precipitation-Downscaling-Khulna\data\processed\rasters_aligned\monthly\CCS\2019_01.tif,True,
2019,1,2019_01,CDR,E:\Geospatial\Precipitation Downscaling\Precipitation-Downscaling-Khulna\data\processed\rasters_aligned\monthly\CDR\2019_01.tif,True,
2019,1,2019_01,CHIRPS,E:\Geospatial\Precipitation Downscaling\Precipitation-Downscaling-Khulna\data\processed\rasters_aligned\monthly\CHIRPS\2019_01.tif,True,
2019,1,2019_01,ERA5,E:\Geospatial\Precipitation Downscaling\Precipitation-Downscaling-Khulna\data\processed\rasters_aligned\monthly\ERA5\2019_01.tif,True,
2019,1,2019_01,GSMaP_Gauge,E:\Geospatial\Precipitation Downscaling\Precipitation-Downscaling-Khulna\data\processed\rasters_aligned\monthly\GSMaP_Gauge\2019_01.tif,True,
2019,1,2019_01,GSMaP_MVK,E:\Geospatial\Precipitation Downscaling\Precipitation-Downscaling-Khulna\data\processed\rasters_aligned\monthly\GSMaP_MVK\2019_01.tif,True,
2019,1,2019_01,IMERG,E:\Geospatial\Precipitation Downscaling\Precipitation-Downscaling-Khulna\data\processed\rasters_aligned\monthly\IMERG\2019_01.tif,True,
2019,1,2019_01,LST,E:\Geospatial\Precipitation Downscaling\Precipitation-Downscaling-Khulna\data\processed\rasters_aligned\monthly\LST\LST_Day_2019_1.tif,True,
2019,1,2019_01,NDVI,E:\Geospatial\Precipitation Downscaling\Precipitation-Downscaling-Khulna\data\processed\rasters_aligned\monthly\NDVI\NDVI_2019_1.tif,True,
2019,1,2019_01,PDIR,E:\Geospatial\Precipitation Downscaling\Precipitation-Downscaling-Khulna\data\processed\rasters_aligned\monthly\PDIR\2019_01.tif,True,
2019,1,2019_01,PERSIANN,E:\Geospatial\Precipitation Downscaling\Precipitation-Downscaling-Khulna\data\processed\rasters_aligned\monthly\PERSIANN\2019_01.tif,True,
2019,1,2019_01,Distance_Sea_meter,E:\Geospatial\Precipitation Downscaling\Precipitation-Downscaling-Khulna\data\processed\rasters_aligned\static\Distance_Sea_meter.tif,True,
2019,1,2019_01,Land_Aspect_Degree_30m,E:\Geospatial\Precipitation Downscaling\Precipitation-Downscaling-Khulna\data\processed\rasters_aligned\static\Land_Aspect_Degree_30m.tif,True,
2019,1,2019_01,Land_Khulna_SRTM_DEM,E:\Geospatial\Precipitation Downscaling\Precipitation-Downscaling-Khulna\data\processed\rasters_aligned\static\Land_Khulna_SRTM_DEM.tif,True,
2019,1,2019_01,Land_Slope_Degree_30m,E:\Geospatial\Precipitation Downscaling\Precipitation-Downscaling-Khulna\data\processed\rasters_aligned\static\Land_Slope_Degree_30m.tif,True,
2019,2,2019_02,CCS,E:\Geospatial\Precipitation Downscaling\Precipitation-Downscaling-Khulna\data\processed\rasters_aligned\monthly\CCS\2019_02.tif,True,
2019,2,2019_02,CDR,E:\Geospatial\Precipitation Downscaling\Precipitation-Downscaling-Khulna\data\processed\rasters_aligned\monthly\CDR\2019_02.tif,True,
2019,2,2019_02,CHIRPS,E:\Geospatial\Precipitation Downscaling\Precipitation-Downscaling-Khulna\data\processed\rasters_aligned\monthly\CHIRPS\2019_02.tif,True,
2019,2,2019_02,ERA5,E:\Geospatial\Precipitation Downscaling\Precipitation-Downscaling-Khulna\data\processed\rasters_aligned\monthly\ERA5\2019_02.tif,True,
2019,2,2019_02,GSMaP_Gauge,E:\Geospatial\Precipitation Downscaling\Precipitation-Downscaling-Khulna\data\processed\rasters_aligned\monthly\GSMaP_Gauge\2019_02.tif,True,
2019,2,2019_02,GSMaP_MVK,E:\Geospatial\Precipitation Downscaling\Precipitation-Downscaling-Khulna\data\processed\rasters_aligned\monthly\GSMaP_MVK\2019_02.tif,True,
2019,2,2019_02,IMERG,E:\Geospatial\Precipitation Downscaling\Precipitation-Downscaling-Khulna\data\processed\rasters_aligned\monthly\IMERG\2019_02.tif,True,
2019,2,2019_02,LST,E:\Geospatial\Precipitation Downscaling\Precipitation-Downscaling-Khulna\data\processed\rasters_aligned\monthly\LST\LST_Day_2019_2.tif,True,
2019,2,2019_02,NDVI,E:\Geospatial\Precipitation Downscaling\Precipitation-Downscaling-Khulna\data\processed\rasters_aligned\monthly\NDVI\NDVI_2019_2.tif,True,
2019,2,2019_02,PDIR,E:\Geospatial\Precipitation Downscaling\Precipitation-Downscaling-Khulna\data\processed\rasters_aligned\monthly\PDIR\2019_02.tif,True,
2019,2,2019_02,PERSIANN,E:\Geospatial\Precipitation Downscaling\Precipitation-Downscaling-Khulna\data\processed\rasters_aligned\monthly\PERSIANN\2019_02.tif,True,
2019,2,2019_02,Distance_Sea_meter,E:\Geospatial\Precipitation Downscaling\Precipitation-Downscaling-Khulna\data\processed\rasters_aligned\static\Distance_Sea_meter.tif,True,
2019,2,2019_02,Land_Aspect_Degree_30m,E:\Geospatial\Precipitation Downscaling\Precipitation-Downscaling-Khulna\data\processed\rasters_aligned\static\Land_Aspect_Degree_30m.tif,True,
2019,2,2019_02,Land_Khulna_SRTM_DEM,E:\Geospatial\Precipitation Downscaling\Precipitation-Downscaling-Khulna\data\processed\rasters_aligned\static\Land_Khulna_SRTM_DEM.tif,True,
2019,2,2019_02,Land_Slope_Degree_30m,E:\Geospatial\Precipitation Downscaling\Precipitation-Downscaling-Khulna\data\processed\rasters_aligned\static\Land_Slope_Degree_30m.tif,True,
2019,3,2019_03,CCS,E:\Geospatial\Precipitation Downscaling\Precipitation-Downscaling-Khulna\data\processed\rasters_aligned\monthly\CCS\2019_03.tif,True,
2019,3,2019_03,CDR,E:\Geospatial\Precipitation Downscaling\Precipitation-Downscaling-Khulna\data\processed\rasters_aligned\monthly\CDR\2019_03.tif,True,
2019,3,2019_03,CHIRPS,E:\Geospatial\Precipitation Downscaling\Precipitation-Downscaling-Khulna\data\processed\rasters_aligned\monthly\CHIRPS\2019_03.tif,True,
2019,3,2019_03,ERA5,E:\Geospatial\Precipitation Downscaling\Precipitation-Downscaling-Khulna\data\processed\rasters_aligned\monthly\ERA5\2019_03.tif,True,
2019,3,2019_03,GSMaP_Gauge,E:\Geospatial\Precipitation Downscaling\Precipitation-Downscaling-Khulna\data\processed\rasters_aligned\monthly\GSMaP_Gauge\2019_03.tif,True,
2019,3,2019_03,GSMaP_MVK,E:\Geospatial\Precipitation Downscaling\Precipitation-Downscaling-Khulna\data\processed\rasters_aligned\monthly\GSMaP_MVK\2019_03.tif,True,
2019,3,2019_03,IMERG,E:\Geospatial\Precipitation Downscaling\Precipitation-Downscaling-Khulna\data\processed\rasters_aligned\monthly\IMERG\2019_03.tif,True,
2019,3,2019_03,LST,E:\Geospatial\Precipitation Downscaling\Precipitation-Downscaling-Khulna\data\processed\rasters_aligned\monthly\LST\LST_Day_2019_3.tif,True,
2019,3,2019_03,NDVI,E:\Geospatial\Precipitation Downscaling\Precipitation-Downscaling-Khulna\data\processed\rasters_aligned\monthly\NDVI\NDVI_2019_3.tif,True,
2019,3,2019_03,PDIR,E:\Geospatial\Precipitation Downscaling\Precipitation-Downscaling-Khulna\data\processed\rasters_aligned\monthly\PDIR\2019_03.tif,True,
2019,3,2019_03,PERSIANN,E:\Geospatial\Precipitation Downscaling\Precipitation-Downscaling-Khulna\data\processed\rasters_aligned\monthly\PERSIANN\2019_03.tif,True,
2019,3,2019_03,Distance_Sea_meter,E:\Geospatial\Precipitation Downscaling\Precipitation-Downscaling-Khulna\data\processed\rasters_aligned\static\Distance_Sea_meter.tif,True,
2019,3,2019_03,Land_Aspect_Degree_30m,E:\Geospatial\Precipitation Downscaling\Precipitation-Downscaling-Khulna\data\processed\rasters_aligned\static\Land_Aspect_Degree_30m.tif,True,
2019,3,2019_03,Land_Khulna_SRTM_DEM,E:\Geospatial\Precipitation Downscaling\Precipitation-Downscaling-Khulna\data\processed\rasters_aligned\static\Land_Khulna_SRTM_DEM.tif,True,
2019,3,2019_03,Land_Slope_Degree_30m,E:\Geospatial\Precipitation Downscaling\Precipitation-Downscaling-Khulna\data\processed\rasters_aligned\static\Land_Slope_Degree_30m.tif,True,
2019,4,2019_04,CCS,E:\Geospatial\Precipitation Downscaling\Precipitation-Downscaling-Khulna\data\processed\rasters_aligned\monthly\CCS\2019_04.tif,True,
2019,4,2019_04,CDR,E:\Geospatial\Precipitation Downscaling\Precipitation-Downscaling-Khulna\data\processed\rasters_aligned\monthly\CDR\2019_04.tif,True,
2019,4,2019_04,CHIRPS,E:\Geospatial\Precipitation Downscaling\Precipitation-Downscaling-Khulna\data\processed\rasters_aligned\monthly\CHIRPS\2019_04.tif,True,
2019,4,2019_04,ERA5,E:\Geospatial\Precipitation Downscaling\Precipitation-Downscaling-Khulna\data\processed\rasters_aligned\monthly\ERA5\2019_04.tif,True,
2019,4,2019_04,GSMaP_Gauge,E:\Geospatial\Precipitation Downscaling\Precipitation-Downscaling-Khulna\data\processed\rasters_aligned\monthly\GSMaP_Gauge\2019_04.tif,True,
2019,4,2019_04,GSMaP_MVK,E:\Geospatial\Precipitation Downscaling\Precipitation-Downscaling-Khulna\data\processed\rasters_aligned\monthly\GSMaP_MVK\2019_04.tif,True,
2019,4,2019_04,IMERG,E:\Geospatial\Precipitation Downscaling\Precipitation-Downscaling-Khulna\data\processed\rasters_aligned\monthly\IMERG\2019_04.tif,True,
2019,4,2019_04,LST,E:\Geospatial\Precipitation Downscaling\Precipitation-Downscaling-Khulna\data\processed\rasters_aligned\monthly\LST\LST_Day_2019_4.tif,True,
2019,4,2019_04,NDVI,E:\Geospatial\Precipitation Downscaling\Precipitation-Downscaling-Khulna\data\processed\rasters_aligned\monthly\NDVI\NDVI_2019_4.tif,True,
2019,4,2019_04,PDIR,E:\Geospatial\Precipitation Downscaling\Precipitation-Downscaling-Khulna\data\processed\rasters_aligned\monthly\PDIR\2019_04.tif,True,
2019,4,2019_04,PERSIANN,E:\Geospatial\Precipitation Downscaling\Precipitation-Downscaling-Khulna\data\processed\rasters_aligned\monthly\PERSIANN\2019_04.tif,True,
2019,4,2019_04,Distance_Sea_meter,E:\Geospatial\Precipitation Downscaling\Precipitation-Downscaling-Khulna\data\processed\rasters_aligned\static\Distance_Sea_meter.tif,True,
2019,4,2019_04,Land_Aspect_Degree_30m,E:\Geospatial\Precipitation Downscaling\Precipitation-Downscaling-Khulna\data\processed\rasters_aligned\static\Land_Aspect_Degree_30m.tif,True,
2019,4,2019_04,Land_Khulna_SRTM_DEM,E:\Geospatial\Precipitation Downscaling\Precipitation-Downscaling-Khulna\data\processed\rasters_aligned\static\Land_Khulna_SRTM_DEM.tif,True,
2019,4,2019_04,Land_Slope_Degree_30m,E:\Geospatial\Precipitation Downscaling\Precipitation-Downscaling-Khulna\data\processed\rasters_aligned\static\Land_Slope_Degree_30m.tif,True,
2019,5,2019_05,CCS,E:\Geospatial\Precipitation Downscaling\Precipitation-Downscaling-Khulna\data\processed\rasters_aligned\monthly\CCS\2019_05.tif,True,
2019,5,2019_05,CDR,E:\Geospatial\Precipitation Downscaling\Precipitation-Downscaling-Khulna\data\processed\rasters_aligned\monthly\CDR\2019_05.tif,True,
2019,5,2019_05,CHIRPS,E:\Geospatial\Precipitation Downscaling\Precipitation-Downscaling-Khulna\data\processed\rasters_aligned\monthly\CHIRPS\2019_05.tif,True,
2019,5,2019_05,ERA5,E:\Geospatial\Precipitation Downscaling\Precipitation-Downscaling-Khulna\data\processed\rasters_aligned\monthly\ERA5\2019_05.tif,True,
2019,5,2019_05,GSMaP_Gauge,E:\Geospatial\Precipitation Downscaling\Precipitation-Downscaling-Khulna\data\processed\rasters_aligned\monthly\GSMaP_Gauge\2019_05.tif,True,
2019,5,2019_05,GSMaP_MVK,E:\Geospatial\Precipitation Downscaling\Precipitation-Downscaling-Khulna\data\processed\rasters_aligned\monthly\GSMaP_MVK\2019_05.tif,True,
2019,5,2019_05,IMERG,E:\Geospatial\Precipitation Downscaling\Precipitation-Downscaling-Khulna\data\processed\rasters_aligned\monthly\IMERG\2019_05.tif,True,
2019,5,2019_05,LST,E:\Geospatial\Precipitation Downscaling\Precipitation-Downscaling-Khulna\data\processed\rasters_aligned\monthly\LST\LST_Day_2019_5.tif,True,
2019,5,2019_05,NDVI,E:\Geospatial\Precipitation Downscaling\Precipitation-Downscaling-Khulna\data\processed\rasters_aligned\monthly\NDVI\NDVI_2019_5.tif,True,
2019,5,2019_05,PDIR,E:\Geospatial\Precipitation Downscaling\Precipitation-Downscaling-Khulna\data\processed\rasters_aligned\monthly\PDIR\2019_05.tif,True,
2019,5,2019_05,PERSIANN,E:\Geospatial\Precipitation Downscaling\Precipitation-Downscaling-Khulna\data\processed\rasters_aligned\monthly\PERSIANN\2019_05.tif,True,
2019,5,2019_05,Distance_Sea_meter,E:\Geospatial\Precipitation Downscaling\Precipitation-Downscaling-Khulna\data\processed\rasters_aligned\static\Distance_Sea_meter.tif,True,
2019,5,2019_05,Land_Aspect_Degree_30m,E:\Geospatial\Precipitation Downscaling\Precipitation-Downscaling-Khulna\data\processed\rasters_aligned\static\Land_Aspect_Degree_30m.tif,True,
2019,5,2019_05,Land_Khulna_SRTM_DEM,E:\Geospatial\Precipitation Downscaling\Precipitation-Downscaling-Khulna\data\processed\rasters_aligned\static\Land_Khulna_SRTM_DEM.tif,True,
2019,5,2019_05,Land_Slope_Degree_30m,E:\Geospatial\Precipitation Downscaling\Precipitation-Downscaling-Khulna\data\processed\rasters_aligned\static\Land_Slope_Degree_30m.tif,True,
2019,6,2019_06,CCS,E:\Geospatial\Precipitation Downscaling\Precipitation-Downscaling-Khulna\data\processed\rasters_aligned\monthly\CCS\2019_06.tif,True,
2019,6,2019_06,CDR,E:\Geospatial\Precipitation Downscaling\Precipitation-Downscaling-Khulna\data\processed\rasters_aligned\monthly\CDR\2019_06.tif,True,
2019,6,2019_06,CHIRPS,E:\Geospatial\Precipitation Downscaling\Precipitation-Downscaling-Khulna\data\processed\rasters_aligned\monthly\CHIRPS\2019_06.tif,True,
2019,6,2019_06,ERA5,E:\Geospatial\Precipitation Downscaling\Precipitation-Downscaling-Khulna\data\processed\rasters_aligned\monthly\ERA5\2019_06.tif,True,
2019,6,2019_06,GSMaP_Gauge,E:\Geospatial\Precipitation Downscaling\Precipitation-Downscaling-Khulna\data\processed\rasters_aligned\monthly\GSMaP_Gauge\2019_06.tif,True,
2019,6,2019_06,GSMaP_MVK,E:\Geospatial\Precipitation Downscaling\Precipitation-Downscaling-Khulna\data\processed\rasters_aligned\monthly\GSMaP_MVK\2019_06.tif,True,
2019,6,2019_06,IMERG,E:\Geospatial\Precipitation Downscaling\Precipitation-Downscaling-Khulna\data\processed\rasters_aligned\monthly\IMERG\2019_06.tif,True,
2019,6,2019_06,LST,E:\Geospatial\Precipitation Downscaling\Precipitation-Downscaling-Khulna\data\processed\rasters_aligned\monthly\LST\LST_Day_2019_6.tif,True,
2019,6,2019_06,NDVI,E:\Geospatial\Precipitation Downscaling\Precipitation-Downscaling-Khulna\data\processed\rasters_aligned\monthly\NDVI\NDVI_2019_6.tif,True,
2019,6,2019_06,PDIR,E:\Geospatial\Precipitation Downscaling\Precipitation-Downscaling-Khulna\data\processed\rasters_aligned\monthly\PDIR\2019_06.tif,True,
2019,6,2019_06,PERSIANN,E:\Geospatial\Precipitation Downscaling\Precipitation-Downscaling-Khulna\data\processed\rasters_aligned\monthly\PERSIANN\2019_06.tif,True,
2019,6,2019_06,Distance_Sea_meter,E:\Geospatial\Precipitation Downscaling\Precipitation-Downscaling-Khulna\data\processed\rasters_aligned\static\Distance_Sea_meter.tif,True,
2019,6,2019_06,Land_Aspect_Degree_30m,E:\Geospatial\Precipitation Downscaling\Precipitation-Downscaling-Khulna\data\processed\rasters_aligned\static\Land_Aspect_Degree_30m.tif,True,
2019,6,2019_06,Land_Khulna_SRTM_DEM,E:\Geospatial\Precipitation Downscaling\Precipitation-Downscaling-Khulna\data\processed\rasters_aligned\static\Land_Khulna_SRTM_DEM.tif,True,
2019,6,2019_06,Land_Slope_Degree_30m,E:\Geospatial\Precipitation Downscaling\Precipitation-Downscaling-Khulna\data\processed\rasters_aligned\static\Land_Slope_Degree_30m.tif,True,
2019,7,2019_07,CCS,E:\Geospatial\Precipitation Downscaling\Precipitation-Downscaling-Khulna\data\processed\rasters_aligned\monthly\CCS\2019_07.tif,True,
2019,7,2019_07,CDR,E:\Geospatial\Precipitation Downscaling\Precipitation-Downscaling-Khulna\data\processed\rasters_aligned\monthly\CDR\2019_07.tif,True,
2019,7,2019_07,CHIRPS,E:\Geospatial\Precipitation Downscaling\Precipitation-Downscaling-Khulna\data\processed\rasters_aligned\monthly\CHIRPS\2019_07.tif,True,
2019,7,2019_07,ERA5,E:\Geospatial\Precipitation Downscaling\Precipitation-Downscaling-Khulna\data\processed\rasters_aligned\monthly\ERA5\2019_07.tif,True,
2019,7,2019_07,GSMaP_Gauge,E:\Geospatial\Precipitation Downscaling\Precipitation-Downscaling-Khulna\data\processed\rasters_aligned\monthly\GSMaP_Gauge\2019_07.tif,True,
2019,7,2019_07,GSMaP_MVK,E:\Geospatial\Precipitation Downscaling\Precipitation-Downscaling-Khulna\data\processed\rasters_aligned\monthly\GSMaP_MVK\2019_07.tif,True,
2019,7,2019_07,IMERG,E:\Geospatial\Precipitation Downscaling\Precipitation-Downscaling-Khulna\data\processed\rasters_aligned\monthly\IMERG\2019_07.tif,True,
2019,7,2019_07,LST,E:\Geospatial\Precipitation Downscaling\Precipitation-Downscaling-Khulna\data\processed\rasters_aligned\monthly\LST\LST_Day_2019_7.tif,True,
2019,7,2019_07,NDVI,E:\Geospatial\Precipitation Downscaling\Precipitation-Downscaling-Khulna\data\processed\rasters_aligned\monthly\NDVI\NDVI_2019_7.tif,True,
2019,7,2019_07,PDIR,E:\Geospatial\Precipitation Downscaling\Precipitation-Downscaling-Khulna\data\processed\rasters_aligned\monthly\PDIR\2019_07.tif,True,
2019,7,2019_07,PERSIANN,E:\Geospatial\Precipitation Downscaling\Precipitation-Downscaling-Khulna\data\processed\rasters_aligned\monthly\PERSIANN\2019_07.tif,True,
2019,7,2019_07,Distance_Sea_meter,E:\Geospatial\Precipitation Downscaling\Precipitation-Downscaling-Khulna\data\processed\rasters_aligned\static\Distance_Sea_meter.tif,True,
2019,7,2019_07,Land_Aspect_Degree_30m,E:\Geospatial\Precipitation Downscaling\Precipitation-Downscaling-Khulna\data\processed\rasters_aligned\static\Land_Aspect_Degree_30m.tif,True,
2019,7,2019_07,Land_Khulna_SRTM_DEM,E:\Geospatial\Precipitation Downscaling\Precipitation-Downscaling-Khulna\data\processed\rasters_aligned\static\Land_Khulna_SRTM_DEM.tif,True,
2019,7,2019_07,Land_Slope_Degree_30m,E:\Geospatial\Precipitation Downscaling\Precipitation-Downscaling-Khulna\data\processed\rasters_aligned\static\Land_Slope_Degree_30m.tif,True,
2019,8,2019_08,CCS,E:\Geospatial\Precipitation Downscaling\Precipitation-Downscaling-Khulna\data\processed\rasters_aligned\monthly\CCS\2019_08.tif,True,
2019,8,2019_08,CDR,E:\Geospatial\Precipitation Downscaling\Precipitation-Downscaling-Khulna\data\processed\rasters_aligned\monthly\CDR\2019_08.tif,True,
2019,8,2019_08,CHIRPS,E:\Geospatial\Precipitation Downscaling\Precipitation-Downscaling-Khulna\data\processed\rasters_aligned\monthly\CHIRPS\2019_08.tif,True,
2019,8,2019_08,ERA5,E:\Geospatial\Precipitation Downscaling\Precipitation-Downscaling-Khulna\data\processed\rasters_aligned\monthly\ERA5\2019_08.tif,True,
2019,8,2019_08,GSMaP_Gauge,E:\Geospatial\Precipitation Downscaling\Precipitation-Downscaling-Khulna\data\processed\rasters_aligned\monthly\GSMaP_Gauge\2019_08.tif,True,
2019,8,2019_08,GSMaP_MVK,E:\Geospatial\Precipitation Downscaling\Precipitation-Downscaling-Khulna\data\processed\rasters_aligned\monthly\GSMaP_MVK\2019_08.tif,True,
2019,8,2019_08,IMERG,E:\Geospatial\Precipitation Downscaling\Precipitation-Downscaling-Khulna\data\processed\rasters_aligned\monthly\IMERG\2019_08.tif,True,
2019,8,2019_08,LST,E:\Geospatial\Precipitation Downscaling\Precipitation-Downscaling-Khulna\data\processed\rasters_aligned\monthly\LST\LST_Day_2019_8.tif,True,
2019,8,2019_08,NDVI,E:\Geospatial\Precipitation Downscaling\Precipitation-Downscaling-Khulna\data\processed\rasters_aligned\monthly\NDVI\NDVI_2019_8.tif,True,
2019,8,2019_08,PDIR,E:\Geospatial\Precipitation Downscaling\Precipitation-Downscaling-Khulna\data\processed\rasters_aligned\monthly\PDIR\2019_08.tif,True,
2019,8,2019_08,PERSIANN,E:\Geospatial\Precipitation Downscaling\Precipitation-Downscaling-Khulna\data\processed\rasters_aligned\monthly\PERSIANN\2019_08.tif,True,
2019,8,2019_08,Distance_Sea_meter,E:\Geospatial\Precipitation Downscaling\Precipitation-Downscaling-Khulna\data\processed\rasters_aligned\static\Distance_Sea_meter.tif,True,
2019,8,2019_08,Land_Aspect_Degree_30m,E:\Geospatial\Precipitation Downscaling\Precipitation-Downscaling-Khulna\data\processed\rasters_aligned\static\Land_Aspect_Degree_30m.tif,True,
2019,8,2019_08,Land_Khulna_SRTM_DEM,E:\Geospatial\Precipitation Downscaling\Precipitation-Downscaling-Khulna\data\processed\rasters_aligned\static\Land_Khulna_SRTM_DEM.tif,True,
2019,8,2019_08,Land_Slope_Degree_30m,E:\Geospatial\Precipitation Downscaling\Precipitation-Downscaling-Khulna\data\processed\rasters_aligned\static\Land_Slope_Degree_30m.tif,True,
2019,9,2019_09,CCS,E:\Geospatial\Precipitation Downscaling\Precipitation-Downscaling-Khulna\data\processed\rasters_aligned\monthly\CCS\2019_09.tif,True,
2019,9,2019_09,CDR,E:\Geospatial\Precipitation Downscaling\Precipitation-Downscaling-Khulna\data\processed\rasters_aligned\monthly\CDR\2019_09.tif,True,
2019,9,2019_09,CHIRPS,E:\Geospatial\Precipitation Downscaling\Precipitation-Downscaling-Khulna\data\processed\rasters_aligned\monthly\CHIRPS\2019_09.tif,True,
2019,9,2019_09,ERA5,E:\Geospatial\Precipitation Downscaling\Precipitation-Downscaling-Khulna\data\processed\rasters_aligned\monthly\ERA5\2019_09.tif,True,
2019,9,2019_09,GSMaP_Gauge,E:\Geospatial\Precipitation Downscaling\Precipitation-Downscaling-Khulna\data\processed\rasters_aligned\monthly\GSMaP_Gauge\2019_09.tif,True,
2019,9,2019_09,GSMaP_MVK,E:\Geospatial\Precipitation Downscaling\Precipitation-Downscaling-Khulna\data\processed\rasters_aligned\monthly\GSMaP_MVK\2019_09.tif,True,
2019,9,2019_09,IMERG,E:\Geospatial\Precipitation Downscaling\Precipitation-Downscaling-Khulna\data\processed\rasters_aligned\monthly\IMERG\2019_09.tif,True,
2019,9,2019_09,LST,E:\Geospatial\Precipitation Downscaling\Precipitation-Downscaling-Khulna\data\processed\rasters_aligned\monthly\LST\LST_Day_2019_9.tif,True,
2019,9,2019_09,NDVI,E:\Geospatial\Precipitation Downscaling\Precipitation-Downscaling-Khulna\data\processed\rasters_aligned\monthly\NDVI\NDVI_2019_9.tif,True,
2019,9,2019_09,PDIR,E:\Geospatial\Precipitation Downscaling\Precipitation-Downscaling-Khulna\data\processed\rasters_aligned\monthly\PDIR\2019_09.tif,True,
2019,9,2019_09,PERSIANN,E:\Geospatial\Precipitation Downscaling\Precipitation-Downscaling-Khulna\data\processed\rasters_aligned\monthly\PERSIANN\2019_09.tif,True,
2019,9,2019_09,Distance_Sea_meter,E:\Geospatial\Precipitation Downscaling\Precipitation-Downscaling-Khulna\data\processed\rasters_aligned\static\Distance_Sea_meter.tif,True,
2019,9,2019_09,Land_Aspect_Degree_30m,E:\Geospatial\Precipitation Downscaling\Precipitation-Downscaling-Khulna\data\processed\rasters_aligned\static\Land_Aspect_Degree_30m.tif,True,
2019,9,2019_09,Land_Khulna_SRTM_DEM,E:\Geospatial\Precipitation Downscaling\Precipitation-Downscaling-Khulna\data\processed\rasters_aligned\static\Land_Khulna_SRTM_DEM.tif,True,
2019,9,2019_09,Land_Slope_Degree_30m,E:\Geospatial\Precipitation Downscaling\Precipitation-Downscaling-Khulna\data\processed\rasters_aligned\static\Land_Slope_Degree_30m.tif,True,
2019,10,2019_10,CCS,E:\Geospatial\Precipitation Downscaling\Precipitation-Downscaling-Khulna\data\processed\rasters_aligned\monthly\CCS\2019_10.tif,True,
2019,10,2019_10,CDR,E:\Geospatial\Precipitation Downscaling\Precipitation-Downscaling-Khulna\data\processed\rasters_aligned\monthly\CDR\2019_10.tif,True,
2019,10,2019_10,CHIRPS,E:\Geospatial\Precipitation Downscaling\Precipitation-Downscaling-Khulna\data\processed\rasters_aligned\monthly\CHIRPS\2019_10.tif,True,
2019,10,2019_10,ERA5,E:\Geospatial\Precipitation Downscaling\Precipitation-Downscaling-Khulna\data\processed\rasters_aligned\monthly\ERA5\2019_10.tif,True,
2019,10,2019_10,GSMaP_Gauge,E:\Geospatial\Precipitation Downscaling\Precipitation-Downscaling-Khulna\data\processed\rasters_aligned\monthly\GSMaP_Gauge\2019_10.tif,True,
2019,10,2019_10,GSMaP_MVK,E:\Geospatial\Precipitation Downscaling\Precipitation-Downscaling-Khulna\data\processed\rasters_aligned\monthly\GSMaP_MVK\2019_10.tif,True,
2019,10,2019_10,IMERG,E:\Geospatial\Precipitation Downscaling\Precipitation-Downscaling-Khulna\data\processed\rasters_aligned\monthly\IMERG\2019_10.tif,True,
2019,10,2019_10,LST,E:\Geospatial\Precipitation Downscaling\Precipitation-Downscaling-Khulna\data\processed\rasters_aligned\monthly\LST\LST_Day_2019_10.tif,True,
2019,10,2019_10,NDVI,E:\Geospatial\Precipitation Downscaling\Precipitation-Downscaling-Khulna\data\processed\rasters_aligned\monthly\NDVI\NDVI_2019_10.tif,True,
2019,10,2019_10,PDIR,E:\Geospatial\Precipitation Downscaling\Precipitation-Downscaling-Khulna\data\processed\rasters_aligned\monthly\PDIR\2019_10.tif,True,
2019,10,2019_10,PERSIANN,E:\Geospatial\Precipitation Downscaling\Precipitation-Downscaling-Khulna\data\processed\rasters_aligned\monthly\PERSIANN\2019_10.tif,True,
2019,10,2019_10,Distance_Sea_meter,E:\Geospatial\Precipitation Downscaling\Precipitation-Downscaling-Khulna\data\processed\rasters_aligned\static\Distance_Sea_meter.tif,True,
2019,10,2019_10,Land_Aspect_Degree_30m,E:\Geospatial\Precipitation Downscaling\Precipitation-Downscaling-Khulna\data\processed\rasters_aligned\static\Land_Aspect_Degree_30m.tif,True,
2019,10,2019_10,Land_Khulna_SRTM_DEM,E:\Geospatial\Precipitation Downscaling\Precipitation-Downscaling-Khulna\data\processed\rasters_aligned\static\Land_Khulna_SRTM_DEM.tif,True,
2019,10,2019_10,Land_Slope_Degree_30m,E:\Geospatial\Precipitation Downscaling\Precipitation-Downscaling-Khulna\data\processed\rasters_aligned\static\Land_Slope_Degree_30m.tif,True,
2019,11,2019_11,CCS,E:\Geospatial\Precipitation Downscaling\Precipitation-Downscaling-Khulna\data\processed\rasters_aligned\monthly\CCS\2019_11.tif,True,
2019,11,2019_11,CDR,E:\Geospatial\Precipitation Downscaling\Precipitation-Downscaling-Khulna\data\processed\rasters_aligned\monthly\CDR\2019_11.tif,True,
2019,11,2019_11,CHIRPS,E:\Geospatial\Precipitation Downscaling\Precipitation-Downscaling-Khulna\data\processed\rasters_aligned\monthly\CHIRPS\2019_11.tif,True,
2019,11,2019_11,ERA5,E:\Geospatial\Precipitation Downscaling\Precipitation-Downscaling-Khulna\data\processed\rasters_aligned\monthly\ERA5\2019_11.tif,True,
2019,11,2019_11,GSMaP_Gauge,E:\Geospatial\Precipitation Downscaling\Precipitation-Downscaling-Khulna\data\processed\rasters_aligned\monthly\GSMaP_Gauge\2019_11.tif,True,
2019,11,2019_11,GSMaP_MVK,E:\Geospatial\Precipitation Downscaling\Precipitation-Downscaling-Khulna\data\processed\rasters_aligned\monthly\GSMaP_MVK\2019_11.tif,True,
2019,11,2019_11,IMERG,E:\Geospatial\Precipitation Downscaling\Precipitation-Downscaling-Khulna\data\processed\rasters_aligned\monthly\IMERG\2019_11.tif,True,
2019,11,2019_11,LST,E:\Geospatial\Precipitation Downscaling\Precipitation-Downscaling-Khulna\data\processed\rasters_aligned\monthly\LST\LST_Day_2019_11.tif,True,
2019,11,2019_11,NDVI,E:\Geospatial\Precipitation Downscaling\Precipitation-Downscaling-Khulna\data\processed\rasters_aligned\monthly\NDVI\NDVI_2019_11.tif,True,
2019,11,2019_11,PDIR,E:\Geospatial\Precipitation Downscaling\Precipitation-Downscaling-Khulna\data\processed\rasters_aligned\monthly\PDIR\2019_11.tif,True,
2019,11,2019_11,PERSIANN,E:\Geospatial\Precipitation Downscaling\Precipitation-Downscaling-Khulna\data\processed\rasters_aligned\monthly\PERSIANN\2019_11.tif,True,
2019,11,2019_11,Distance_Sea_meter,E:\Geospatial\Precipitation Downscaling\Precipitation-Downscaling-Khulna\data\processed\rasters_aligned\static\Distance_Sea_meter.tif,True,
2019,11,2019_11,Land_Aspect_Degree_30m,E:\Geospatial\Precipitation Downscaling\Precipitation-Downscaling-Khulna\data\processed\rasters_aligned\static\Land_Aspect_Degree_30m.tif,True,
2019,11,2019_11,Land_Khulna_SRTM_DEM,E:\Geospatial\Precipitation Downscaling\Precipitation-Downscaling-Khulna\data\processed\rasters_aligned\static\Land_Khulna_SRTM_DEM.tif,True,
2019,11,2019_11,Land_Slope_Degree_30m,E:\Geospatial\Precipitation Downscaling\Precipitation-Downscaling-Khulna\data\processed\rasters_aligned\static\Land_Slope_Degree_30m.tif,True,
2019,12,2019_12,CCS,E:\Geospatial\Precipitation Downscaling\Precipitation-Downscaling-Khulna\data\processed\rasters_aligned\monthly\CCS\2019_12.tif,True,
2019,12,2019_12,CDR,E:\Geospatial\Precipitation Downscaling\Precipitation-Downscaling-Khulna\data\processed\rasters_aligned\monthly\CDR\2019_12.tif,True,
2019,12,2019_12,CHIRPS,E:\Geospatial\Precipitation Downscaling\Precipitation-Downscaling-Khulna\data\processed\rasters_aligned\monthly\CHIRPS\2019_12.tif,True,
2019,12,2019_12,ERA5,E:\Geospatial\Precipitation Downscaling\Precipitation-Downscaling-Khulna\data\processed\rasters_aligned\monthly\ERA5\2019_12.tif,True,
2019,12,2019_12,GSMaP_Gauge,E:\Geospatial\Precipitation Downscaling\Precipitation-Downscaling-Khulna\data\processed\rasters_aligned\monthly\GSMaP_Gauge\2019_12.tif,True,
2019,12,2019_12,GSMaP_MVK,E:\Geospatial\Precipitation Downscaling\Precipitation-Downscaling-Khulna\data\processed\rasters_aligned\monthly\GSMaP_MVK\2019_12.tif,True,
2019,12,2019_12,IMERG,E:\Geospatial\Precipitation Downscaling\Precipitation-Downscaling-Khulna\data\processed\rasters_aligned\monthly\IMERG\2019_12.tif,True,
2019,12,2019_12,LST,E:\Geospatial\Precipitation Downscaling\Precipitation-Downscaling-Khulna\data\processed\rasters_aligned\monthly\LST\LST_Day_2019_12.tif,True,
2019,12,2019_12,NDVI,E:\Geospatial\Precipitation Downscaling\Precipitation-Downscaling-Khulna\data\processed\rasters_aligned\monthly\NDVI\NDVI_2019_12.tif,True,
2019,12,2019_12,PDIR,E:\Geospatial\Precipitation Downscaling\Precipitation-Downscaling-Khulna\data\processed\rasters_aligned\monthly\PDIR\2019_12.tif,True,
2019,12,2019_12,PERSIANN,E:\Geospatial\Precipitation Downscaling\Precipitation-Downscaling-Khulna\data\processed\rasters_aligned\monthly\PERSIANN\2019_12.tif,True,
2019,12,2019_12,Distance_Sea_meter,E:\Geospatial\Precipitation Downscaling\Precipitation-Downscaling-Khulna\data\processed\rasters_aligned\static\Distance_Sea_meter.tif,True,
2019,12,2019_12,Land_Aspect_Degree_30m,E:\Geospatial\Precipitation Downscaling\Precipitation-Downscaling-Khulna\data\processed\rasters_aligned\static\Land_Aspect_Degree_30m.tif,True,
2019,12,2019_12,Land_Khulna_SRTM_DEM,E:\Geospatial\Precipitation Downscaling\Precipitation-Downscaling-Khulna\data\processed\rasters_aligned\static\Land_Khulna_SRTM_DEM.tif,True,
2019,12,2019_12,Land_Slope_Degree_30m,E:\Geospatial\Precipitation Downscaling\Precipitation-Downscaling-Khulna\data\processed\rasters_aligned\static\Land_Slope_Degree_30m.tif,True,
2020,1,2020_01,CCS,E:\Geospatial\Precipitation Downscaling\Precipitation-Downscaling-Khulna\data\processed\rasters_aligned\monthly\CCS\2020_01.tif,True,
2020,1,2020_01,CDR,E:\Geospatial\Precipitation Downscaling\Precipitation-Downscaling-Khulna\data\processed\rasters_aligned\monthly\CDR\2020_01.tif,True,
2020,1,2020_01,CHIRPS,E:\Geospatial\Precipitation Downscaling\Precipitation-Downscaling-Khulna\data\processed\rasters_aligned\monthly\CHIRPS\2020_01.tif,True,
2020,1,2020_01,ERA5,E:\Geospatial\Precipitation Downscaling\Precipitation-Downscaling-Khulna\data\processed\rasters_aligned\monthly\ERA5\2020_01.tif,True,
2020,1,2020_01,GSMaP_Gauge,E:\Geospatial\Precipitation Downscaling\Precipitation-Downscaling-Khulna\data\processed\rasters_aligned\monthly\GSMaP_Gauge\2020_01.tif,True,
2020,1,2020_01,GSMaP_MVK,E:\Geospatial\Precipitation Downscaling\Precipitation-Downscaling-Khulna\data\processed\rasters_aligned\monthly\GSMaP_MVK\2020_01.tif,True,
2020,1,2020_01,IMERG,E:\Geospatial\Precipitation Downscaling\Precipitation-Downscaling-Khulna\data\processed\rasters_aligned\monthly\IMERG\2020_01.tif,True,
2020,1,2020_01,LST,E:\Geospatial\Precipitation Downscaling\Precipitation-Downscaling-Khulna\data\processed\rasters_aligned\monthly\LST\LST_Day_2020_1.tif,True,
2020,1,2020_01,NDVI,E:\Geospatial\Precipitation Downscaling\Precipitation-Downscaling-Khulna\data\processed\rasters_aligned\monthly\NDVI\NDVI_2020_1.tif,True,
2020,1,2020_01,PDIR,E:\Geospatial\Precipitation Downscaling\Precipitation-Downscaling-Khulna\data\processed\rasters_aligned\monthly\PDIR\2020_01.tif,True,
2020,1,2020_01,PERSIANN,E:\Geospatial\Precipitation Downscaling\Precipitation-Downscaling-Khulna\data\processed\rasters_aligned\monthly\PERSIANN\2020_01.tif,True,
2020,1,2020_01,Distance_Sea_meter,E:\Geospatial\Precipitation Downscaling\Precipitation-Downscaling-Khulna\data\processed\rasters_aligned\static\Distance_Sea_meter.tif,True,
2020,1,2020_01,Land_Aspect_Degree_30m,E:\Geospatial\Precipitation Downscaling\Precipitation-Downscaling-Khulna\data\processed\rasters_aligned\static\Land_Aspect_Degree_30m.tif,True,
2020,1,2020_01,Land_Khulna_SRTM_DEM,E:\Geospatial\Precipitation Downscaling\Precipitation-Downscaling-Khulna\data\processed\rasters_aligned\static\Land_Khulna_SRTM_DEM.tif,True,
2020,1,2020_01,Land_Slope_Degree_30m,E:\Geospatial\Precipitation Downscaling\Precipitation-Downscaling-Khulna\data\processed\rasters_aligned\static\Land_Slope_Degree_30m.tif,True,
2020,2,2020_02,CCS,E:\Geospatial\Precipitation Downscaling\Precipitation-Downscaling-Khulna\data\processed\rasters_aligned\monthly\CCS\2020_02.tif,True,
2020,2,2020_02,CDR,E:\Geospatial\Precipitation Downscaling\Precipitation-Downscaling-Khulna\data\processed\rasters_aligned\monthly\CDR\2020_02.tif,True,
2020,2,2020_02,CHIRPS,E:\Geospatial\Precipitation Downscaling\Precipitation-Downscaling-Khulna\data\processed\rasters_aligned\monthly\CHIRPS\2020_02.tif,True,
2020,2,2020_02,ERA5,E:\Geospatial\Precipitation Downscaling\Precipitation-Downscaling-Khulna\data\processed\rasters_aligned\monthly\ERA5\2020_02.tif,True,
2020,2,2020_02,GSMaP_Gauge,E:\Geospatial\Precipitation Downscaling\Precipitation-Downscaling-Khulna\data\processed\rasters_aligned\monthly\GSMaP_Gauge\2020_02.tif,True,
2020,2,2020_02,GSMaP_MVK,E:\Geospatial\Precipitation Downscaling\Precipitation-Downscaling-Khulna\data\processed\rasters_aligned\monthly\GSMaP_MVK\2020_02.tif,True,
2020,2,2020_02,IMERG,E:\Geospatial\Precipitation Downscaling\Precipitation-Downscaling-Khulna\data\processed\rasters_aligned\monthly\IMERG\2020_02.tif,True,
2020,2,2020_02,LST,E:\Geospatial\Precipitation Downscaling\Precipitation-Downscaling-Khulna\data\processed\rasters_aligned\monthly\LST\LST_Day_2020_2.tif,True,
2020,2,2020_02,NDVI,E:\Geospatial\Precipitation Downscaling\Precipitation-Downscaling-Khulna\data\processed\rasters_aligned\monthly\NDVI\NDVI_2020_2.tif,True,
2020,2,2020_02,PDIR,E:\Geospatial\Precipitation Downscaling\Precipitation-Downscaling-Khulna\data\processed\rasters_aligned\monthly\PDIR\2020_02.tif,True,
2020,2,2020_02,PERSIANN,E:\Geospatial\Precipitation Downscaling\Precipitation-Downscaling-Khulna\data\processed\rasters_aligned\monthly\PERSIANN\2020_02.tif,True,
2020,2,2020_02,Distance_Sea_meter,E:\Geospatial\Precipitation Downscaling\Precipitation-Downscaling-Khulna\data\processed\rasters_aligned\static\Distance_Sea_meter.tif,True,
2020,2,2020_02,Land_Aspect_Degree_30m,E:\Geospatial\Precipitation Downscaling\Precipitation-Downscaling-Khulna\data\processed\rasters_aligned\static\Land_Aspect_Degree_30m.tif,True,
2020,2,2020_02,Land_Khulna_SRTM_DEM,E:\Geospatial\Precipitation Downscaling\Precipitation-Downscaling-Khulna\data\processed\rasters_aligned\static\Land_Khulna_SRTM_DEM.tif,True,
2020,2,2020_02,Land_Slope_Degree_30m,E:\Geospatial\Precipitation Downscaling\Precipitation-Downscaling-Khulna\data\processed\rasters_aligned\static\Land_Slope_Degree_30m.tif,True,
2020,3,2020_03,CCS,E:\Geospatial\Precipitation Downscaling\Precipitation-Downscaling-Khulna\data\processed\rasters_aligned\monthly\CCS\2020_03.tif,True,
2020,3,2020_03,CDR,E:\Geospatial\Precipitation Downscaling\Precipitation-Downscaling-Khulna\data\processed\rasters_aligned\monthly\CDR\2020_03.tif,True,
2020,3,2020_03,CHIRPS,E:\Geospatial\Precipitation Downscaling\Precipitation-Downscaling-Khulna\data\processed\rasters_aligned\monthly\CHIRPS\2020_03.tif,True,
2020,3,2020_03,ERA5,E:\Geospatial\Precipitation Downscaling\Precipitation-Downscaling-Khulna\data\processed\rasters_aligned\monthly\ERA5\2020_03.tif,True,
2020,3,2020_03,GSMaP_Gauge,E:\Geospatial\Precipitation Downscaling\Precipitation-Downscaling-Khulna\data\processed\rasters_aligned\monthly\GSMaP_Gauge\2020_03.tif,True,
2020,3,2020_03,GSMaP_MVK,E:\Geospatial\Precipitation Downscaling\Precipitation-Downscaling-Khulna\data\processed\rasters_aligned\monthly\GSMaP_MVK\2020_03.tif,True,
2020,3,2020_03,IMERG,E:\Geospatial\Precipitation Downscaling\Precipitation-Downscaling-Khulna\data\processed\rasters_aligned\monthly\IMERG\2020_03.tif,True,
2020,3,2020_03,LST,E:\Geospatial\Precipitation Downscaling\Precipitation-Downscaling-Khulna\data\processed\rasters_aligned\monthly\LST\LST_Day_2020_3.tif,True,
2020,3,2020_03,NDVI,E:\Geospatial\Precipitation Downscaling\Precipitation-Downscaling-Khulna\data\processed\rasters_aligned\monthly\NDVI\NDVI_2020_3.tif,True,
2020,3,2020_03,PDIR,E:\Geospatial\Precipitation Downscaling\Precipitation-Downscaling-Khulna\data\processed\rasters_aligned\monthly\PDIR\2020_03.tif,True,
2020,3,2020_03,PERSIANN,E:\Geospatial\Precipitation Downscaling\Precipitation-Downscaling-Khulna\data\processed\rasters_aligned\monthly\PERSIANN\2020_03.tif,True,
2020,3,2020_03,Distance_Sea_meter,E:\Geospatial\Precipitation Downscaling\Precipitation-Downscaling-Khulna\data\processed\rasters_aligned\static\Distance_Sea_meter.tif,True,
2020,3,2020_03,Land_Aspect_Degree_30m,E:\Geospatial\Precipitation Downscaling\Precipitation-Downscaling-Khulna\data\processed\rasters_aligned\static\Land_Aspect_Degree_30m.tif,True,
2020,3,2020_03,Land_Khulna_SRTM_DEM,E:\Geospatial\Precipitation Downscaling\Precipitation-Downscaling-Khulna\data\processed\rasters_aligned\static\Land_Khulna_SRTM_DEM.tif,True,
2020,3,2020_03,Land_Slope_Degree_30m,E:\Geospatial\Precipitation Downscaling\Precipitation-Downscaling-Khulna\data\processed\rasters_aligned\static\Land_Slope_Degree_30m.tif,True,
2020,4,2020_04,CCS,E:\Geospatial\Precipitation Downscaling\Precipitation-Downscaling-Khulna\data\processed\rasters_aligned\monthly\CCS\2020_04.tif,True,
2020,4,2020_04,CDR,E:\Geospatial\Precipitation Downscaling\Precipitation-Downscaling-Khulna\data\processed\rasters_aligned\monthly\CDR\2020_04.tif,True,
2020,4,2020_04,CHIRPS,E:\Geospatial\Precipitation Downscaling\Precipitation-Downscaling-Khulna\data\processed\rasters_aligned\monthly\CHIRPS\2020_04.tif,True,
2020,4,2020_04,ERA5,E:\Geospatial\Precipitation Downscaling\Precipitation-Downscaling-Khulna\data\processed\rasters_aligned\monthly\ERA5\2020_04.tif,True,
2020,4,2020_04,GSMaP_Gauge,E:\Geospatial\Precipitation Downscaling\Precipitation-Downscaling-Khulna\data\processed\rasters_aligned\monthly\GSMaP_Gauge\2020_04.tif,True,
2020,4,2020_04,GSMaP_MVK,E:\Geospatial\Precipitation Downscaling\Precipitation-Downscaling-Khulna\data\processed\rasters_aligned\monthly\GSMaP_MVK\2020_04.tif,True,
2020,4,2020_04,IMERG,E:\Geospatial\Precipitation Downscaling\Precipitation-Downscaling-Khulna\data\processed\rasters_aligned\monthly\IMERG\2020_04.tif,True,
2020,4,2020_04,LST,E:\Geospatial\Precipitation Downscaling\Precipitation-Downscaling-Khulna\data\processed\rasters_aligned\monthly\LST\LST_Day_2020_4.tif,True,
2020,4,2020_04,NDVI,E:\Geospatial\Precipitation Downscaling\Precipitation-Downscaling-Khulna\data\processed\rasters_aligned\monthly\NDVI\NDVI_2020_4.tif,True,
2020,4,2020_04,PDIR,E:\Geospatial\Precipitation Downscaling\Precipitation-Downscaling-Khulna\data\processed\rasters_aligned\monthly\PDIR\2020_04.tif,True,
2020,4,2020_04,PERSIANN,E:\Geospatial\Precipitation Downscaling\Precipitation-Downscaling-Khulna\data\processed\rasters_aligned\monthly\PERSIANN\2020_04.tif,True,
2020,4,2020_04,Distance_Sea_meter,E:\Geospatial\Precipitation Downscaling\Precipitation-Downscaling-Khulna\data\processed\rasters_aligned\static\Distance_Sea_meter.tif,True,
2020,4,2020_04,Land_Aspect_Degree_30m,E:\Geospatial\Precipitation Downscaling\Precipitation-Downscaling-Khulna\data\processed\rasters_aligned\static\Land_Aspect_Degree_30m.tif,True,
2020,4,2020_04,Land_Khulna_SRTM_DEM,E:\Geospatial\Precipitation Downscaling\Precipitation-Downscaling-Khulna\data\processed\rasters_aligned\static\Land_Khulna_SRTM_DEM.tif,True,
2020,4,2020_04,Land_Slope_Degree_30m,E:\Geospatial\Precipitation Downscaling\Precipitation-Downscaling-Khulna\data\processed\rasters_aligned\static\Land_Slope_Degree_30m.tif,True,
2020,5,2020_05,CCS,E:\Geospatial\Precipitation Downscaling\Precipitation-Downscaling-Khulna\data\processed\rasters_aligned\monthly\CCS\2020_05.tif,True,
2020,5,2020_05,CDR,E:\Geospatial\Precipitation Downscaling\Precipitation-Downscaling-Khulna\data\processed\rasters_aligned\monthly\CDR\2020_05.tif,True,
2020,5,2020_05,CHIRPS,E:\Geospatial\Precipitation Downscaling\Precipitation-Downscaling-Khulna\data\processed\rasters_aligned\monthly\CHIRPS\2020_05.tif,True,
2020,5,2020_05,ERA5,E:\Geospatial\Precipitation Downscaling\Precipitation-Downscaling-Khulna\data\processed\rasters_aligned\monthly\ERA5\2020_05.tif,True,
2020,5,2020_05,GSMaP_Gauge,E:\Geospatial\Precipitation Downscaling\Precipitation-Downscaling-Khulna\data\processed\rasters_aligned\monthly\GSMaP_Gauge\2020_05.tif,True,
2020,5,2020_05,GSMaP_MVK,E:\Geospatial\Precipitation Downscaling\Precipitation-Downscaling-Khulna\data\processed\rasters_aligned\monthly\GSMaP_MVK\2020_05.tif,True,
2020,5,2020_05,IMERG,E:\Geospatial\Precipitation Downscaling\Precipitation-Downscaling-Khulna\data\processed\rasters_aligned\monthly\IMERG\2020_05.tif,True,
2020,5,2020_05,LST,E:\Geospatial\Precipitation Downscaling\Precipitation-Downscaling-Khulna\data\processed\rasters_aligned\monthly\LST\LST_Day_2020_5.tif,True,
2020,5,2020_05,NDVI,E:\Geospatial\Precipitation Downscaling\Precipitation-Downscaling-Khulna\data\processed\rasters_aligned\monthly\NDVI\NDVI_2020_5.tif,True,
2020,5,2020_05,PDIR,E:\Geospatial\Precipitation Downscaling\Precipitation-Downscaling-Khulna\data\processed\rasters_aligned\monthly\PDIR\2020_05.tif,True,
2020,5,2020_05,PERSIANN,E:\Geospatial\Precipitation Downscaling\Precipitation-Downscaling-Khulna\data\processed\rasters_aligned\monthly\PERSIANN\2020_05.tif,True,
2020,5,2020_05,Distance_Sea_meter,E:\Geospatial\Precipitation Downscaling\Precipitation-Downscaling-Khulna\data\processed\rasters_aligned\static\Distance_Sea_meter.tif,True,
2020,5,2020_05,Land_Aspect_Degree_30m,E:\Geospatial\Precipitation Downscaling\Precipitation-Downscaling-Khulna\data\processed\rasters_aligned\static\Land_Aspect_Degree_30m.tif,True,
2020,5,2020_05,Land_Khulna_SRTM_DEM,E:\Geospatial\Precipitation Downscaling\Precipitation-Downscaling-Khulna\data\processed\rasters_aligned\static\Land_Khulna_SRTM_DEM.tif,True,
2020,5,2020_05,Land_Slope_Degree_30m,E:\Geospatial\Precipitation Downscaling\Precipitation-Downscaling-Khulna\data\processed\rasters_aligned\static\Land_Slope_Degree_30m.tif,True,
2020,6,2020_06,CCS,E:\Geospatial\Precipitation Downscaling\Precipitation-Downscaling-Khulna\data\processed\rasters_aligned\monthly\CCS\2020_06.tif,True,
2020,6,2020_06,CDR,E:\Geospatial\Precipitation Downscaling\Precipitation-Downscaling-Khulna\data\processed\rasters_aligned\monthly\CDR\2020_06.tif,True,
2020,6,2020_06,CHIRPS,E:\Geospatial\Precipitation Downscaling\Precipitation-Downscaling-Khulna\data\processed\rasters_aligned\monthly\CHIRPS\2020_06.tif,True,
2020,6,2020_06,ERA5,E:\Geospatial\Precipitation Downscaling\Precipitation-Downscaling-Khulna\data\processed\rasters_aligned\monthly\ERA5\2020_06.tif,True,
2020,6,2020_06,GSMaP_Gauge,E:\Geospatial\Precipitation Downscaling\Precipitation-Downscaling-Khulna\data\processed\rasters_aligned\monthly\GSMaP_Gauge\2020_06.tif,True,
2020,6,2020_06,GSMaP_MVK,E:\Geospatial\Precipitation Downscaling\Precipitation-Downscaling-Khulna\data\processed\rasters_aligned\monthly\GSMaP_MVK\2020_06.tif,True,
2020,6,2020_06,IMERG,E:\Geospatial\Precipitation Downscaling\Precipitation-Downscaling-Khulna\data\processed\rasters_aligned\monthly\IMERG\2020_06.tif,True,
2020,6,2020_06,LST,E:\Geospatial\Precipitation Downscaling\Precipitation-Downscaling-Khulna\data\processed\rasters_aligned\monthly\LST\LST_Day_2020_6.tif,True,
2020,6,2020_06,NDVI,E:\Geospatial\Precipitation Downscaling\Precipitation-Downscaling-Khulna\data\processed\rasters_aligned\monthly\NDVI\NDVI_2020_6.tif,True,
2020,6,2020_06,PDIR,E:\Geospatial\Precipitation Downscaling\Precipitation-Downscaling-Khulna\data\processed\rasters_aligned\monthly\PDIR\2020_06.tif,True,
2020,6,2020_06,PERSIANN,E:\Geospatial\Precipitation Downscaling\Precipitation-Downscaling-Khulna\data\processed\rasters_aligned\monthly\PERSIANN\2020_06.tif,True,
2020,6,2020_06,Distance_Sea_meter,E:\Geospatial\Precipitation Downscaling\Precipitation-Downscaling-Khulna\data\processed\rasters_aligned\static\Distance_Sea_meter.tif,True,
2020,6,2020_06,Land_Aspect_Degree_30m,E:\Geospatial\Precipitation Downscaling\Precipitation-Downscaling-Khulna\data\processed\rasters_aligned\static\Land_Aspect_Degree_30m.tif,True,
2020,6,2020_06,Land_Khulna_SRTM_DEM,E:\Geospatial\Precipitation Downscaling\Precipitation-Downscaling-Khulna\data\processed\rasters_aligned\static\Land_Khulna_SRTM_DEM.tif,True,
2020,6,2020_06,Land_Slope_Degree_30m,E:\Geospatial\Precipitation Downscaling\Precipitation-Downscaling-Khulna\data\processed\rasters_aligned\static\Land_Slope_Degree_30m.tif,True,
2020,7,2020_07,CCS,E:\Geospatial\Precipitation Downscaling\Precipitation-Downscaling-Khulna\data\processed\rasters_aligned\monthly\CCS\2020_07.tif,True,
2020,7,2020_07,CDR,E:\Geospatial\Precipitation Downscaling\Precipitation-Downscaling-Khulna\data\processed\rasters_aligned\monthly\CDR\2020_07.tif,True,
2020,7,2020_07,CHIRPS,E:\Geospatial\Precipitation Downscaling\Precipitation-Downscaling-Khulna\data\processed\rasters_aligned\monthly\CHIRPS\2020_07.tif,True,
2020,7,2020_07,ERA5,E:\Geospatial\Precipitation Downscaling\Precipitation-Downscaling-Khulna\data\processed\rasters_aligned\monthly\ERA5\2020_07.tif,True,
2020,7,2020_07,GSMaP_Gauge,E:\Geospatial\Precipitation Downscaling\Precipitation-Downscaling-Khulna\data\processed\rasters_aligned\monthly\GSMaP_Gauge\2020_07.tif,True,
2020,7,2020_07,GSMaP_MVK,E:\Geospatial\Precipitation Downscaling\Precipitation-Downscaling-Khulna\data\processed\rasters_aligned\monthly\GSMaP_MVK\2020_07.tif,True,
2020,7,2020_07,IMERG,E:\Geospatial\Precipitation Downscaling\Precipitation-Downscaling-Khulna\data\processed\rasters_aligned\monthly\IMERG\2020_07.tif,True,
2020,7,2020_07,LST,E:\Geospatial\Precipitation Downscaling\Precipitation-Downscaling-Khulna\data\processed\rasters_aligned\monthly\LST\LST_Day_2020_7.tif,True,
2020,7,2020_07,NDVI,E:\Geospatial\Precipitation Downscaling\Precipitation-Downscaling-Khulna\data\processed\rasters_aligned\monthly\NDVI\NDVI_2020_7.tif,True,
2020,7,2020_07,PDIR,E:\Geospatial\Precipitation Downscaling\Precipitation-Downscaling-Khulna\data\processed\rasters_aligned\monthly\PDIR\2020_07.tif,True,
2020,7,2020_07,PERSIANN,E:\Geospatial\Precipitation Downscaling\Precipitation-Downscaling-Khulna\data\processed\rasters_aligned\monthly\PERSIANN\2020_07.tif,True,
2020,7,2020_07,Distance_Sea_meter,E:\Geospatial\Precipitation Downscaling\Precipitation-Downscaling-Khulna\data\processed\rasters_aligned\static\Distance_Sea_meter.tif,True,
2020,7,2020_07,Land_Aspect_Degree_30m,E:\Geospatial\Precipitation Downscaling\Precipitation-Downscaling-Khulna\data\processed\rasters_aligned\static\Land_Aspect_Degree_30m.tif,True,
2020,7,2020_07,Land_Khulna_SRTM_DEM,E:\Geospatial\Precipitation Downscaling\Precipitation-Downscaling-Khulna\data\processed\rasters_aligned\static\Land_Khulna_SRTM_DEM.tif,True,
2020,7,2020_07,Land_Slope_Degree_30m,E:\Geospatial\Precipitation Downscaling\Precipitation-Downscaling-Khulna\data\processed\rasters_aligned\static\Land_Slope_Degree_30m.tif,True,
2020,8,2020_08,CCS,E:\Geospatial\Precipitation Downscaling\Precipitation-Downscaling-Khulna\data\processed\rasters_aligned\monthly\CCS\2020_08.tif,True,
2020,8,2020_08,CDR,E:\Geospatial\Precipitation Downscaling\Precipitation-Downscaling-Khulna\data\processed\rasters_aligned\monthly\CDR\2020_08.tif,True,
2020,8,2020_08,CHIRPS,E:\Geospatial\Precipitation Downscaling\Precipitation-Downscaling-Khulna\data\processed\rasters_aligned\monthly\CHIRPS\2020_08.tif,True,
2020,8,2020_08,ERA5,E:\Geospatial\Precipitation Downscaling\Precipitation-Downscaling-Khulna\data\processed\rasters_aligned\monthly\ERA5\2020_08.tif,True,
2020,8,2020_08,GSMaP_Gauge,E:\Geospatial\Precipitation Downscaling\Precipitation-Downscaling-Khulna\data\processed\rasters_aligned\monthly\GSMaP_Gauge\2020_08.tif,True,
2020,8,2020_08,GSMaP_MVK,E:\Geospatial\Precipitation Downscaling\Precipitation-Downscaling-Khulna\data\processed\rasters_aligned\monthly\GSMaP_MVK\2020_08.tif,True,
2020,8,2020_08,IMERG,E:\Geospatial\Precipitation Downscaling\Precipitation-Downscaling-Khulna\data\processed\rasters_aligned\monthly\IMERG\2020_08.tif,True,
2020,8,2020_08,LST,E:\Geospatial\Precipitation Downscaling\Precipitation-Downscaling-Khulna\data\processed\rasters_aligned\monthly\LST\LST_Day_2020_8.tif,True,
2020,8,2020_08,NDVI,E:\Geospatial\Precipitation Downscaling\Precipitation-Downscaling-Khulna\data\processed\rasters_aligned\monthly\NDVI\NDVI_2020_8.tif,True,
2020,8,2020_08,PDIR,E:\Geospatial\Precipitation Downscaling\Precipitation-Downscaling-Khulna\data\processed\rasters_aligned\monthly\PDIR\2020_08.tif,True,
2020,8,2020_08,PERSIANN,E:\Geospatial\Precipitation Downscaling\Precipitation-Downscaling-Khulna\data\processed\rasters_aligned\monthly\PERSIANN\2020_08.tif,True,
2020,8,2020_08,Distance_Sea_meter,E:\Geospatial\Precipitation Downscaling\Precipitation-Downscaling-Khulna\data\processed\rasters_aligned\static\Distance_Sea_meter.tif,True,
2020,8,2020_08,Land_Aspect_Degree_30m,E:\Geospatial\Precipitation Downscaling\Precipitation-Downscaling-Khulna\data\processed\rasters_aligned\static\Land_Aspect_Degree_30m.tif,True,
2020,8,2020_08,Land_Khulna_SRTM_DEM,E:\Geospatial\Precipitation Downscaling\Precipitation-Downscaling-Khulna\data\processed\rasters_aligned\static\Land_Khulna_SRTM_DEM.tif,True,
2020,8,2020_08,Land_Slope_Degree_30m,E:\Geospatial\Precipitation Downscaling\Precipitation-Downscaling-Khulna\data\processed\rasters_aligned\static\Land_Slope_Degree_30m.tif,True,
2020,9,2020_09,CCS,E:\Geospatial\Precipitation Downscaling\Precipitation-Downscaling-Khulna\data\processed\rasters_aligned\monthly\CCS\2020_09.tif,True,
2020,9,2020_09,CDR,E:\Geospatial\Precipitation Downscaling\Precipitation-Downscaling-Khulna\data\processed\rasters_aligned\monthly\CDR\2020_09.tif,True,
2020,9,2020_09,CHIRPS,E:\Geospatial\Precipitation Downscaling\Precipitation-Downscaling-Khulna\data\processed\rasters_aligned\monthly\CHIRPS\2020_09.tif,True,
2020,9,2020_09,ERA5,E:\Geospatial\Precipitation Downscaling\Precipitation-Downscaling-Khulna\data\processed\rasters_aligned\monthly\ERA5\2020_09.tif,True,
2020,9,2020_09,GSMaP_Gauge,E:\Geospatial\Precipitation Downscaling\Precipitation-Downscaling-Khulna\data\processed\rasters_aligned\monthly\GSMaP_Gauge\2020_09.tif,True,
2020,9,2020_09,GSMaP_MVK,E:\Geospatial\Precipitation Downscaling\Precipitation-Downscaling-Khulna\data\processed\rasters_aligned\monthly\GSMaP_MVK\2020_09.tif,True,
2020,9,2020_09,IMERG,E:\Geospatial\Precipitation Downscaling\Precipitation-Downscaling-Khulna\data\processed\rasters_aligned\monthly\IMERG\2020_09.tif,True,
2020,9,2020_09,LST,E:\Geospatial\Precipitation Downscaling\Precipitation-Downscaling-Khulna\data\processed\rasters_aligned\monthly\LST\LST_Day_2020_9.tif,True,
2020,9,2020_09,NDVI,E:\Geospatial\Precipitation Downscaling\Precipitation-Downscaling-Khulna\data\processed\rasters_aligned\monthly\NDVI\NDVI_2020_9.tif,True,
2020,9,2020_09,PDIR,E:\Geospatial\Precipitation Downscaling\Precipitation-Downscaling-Khulna\data\processed\rasters_aligned\monthly\PDIR\2020_09.tif,True,
2020,9,2020_09,PERSIANN,E:\Geospatial\Precipitation Downscaling\Precipitation-Downscaling-Khulna\data\processed\rasters_aligned\monthly\PERSIANN\2020_09.tif,True,
2020,9,2020_09,Distance_Sea_meter,E:\Geospatial\Precipitation Downscaling\Precipitation-Downscaling-Khulna\data\processed\rasters_aligned\static\Distance_Sea_meter.tif,True,
2020,9,2020_09,Land_Aspect_Degree_30m,E:\Geospatial\Precipitation Downscaling\Precipitation-Downscaling-Khulna\data\processed\rasters_aligned\static\Land_Aspect_Degree_30m.tif,True,
2020,9,2020_09,Land_Khulna_SRTM_DEM,E:\Geospatial\Precipitation Downscaling\Precipitation-Downscaling-Khulna\data\processed\rasters_aligned\static\Land_Khulna_SRTM_DEM.tif,True,
2020,9,2020_09,Land_Slope_Degree_30m,E:\Geospatial\Precipitation Downscaling\Precipitation-Downscaling-Khulna\data\processed\rasters_aligned\static\Land_Slope_Degree_30m.tif,True,
2020,10,2020_10,CCS,E:\Geospatial\Precipitation Downscaling\Precipitation-Downscaling-Khulna\data\processed\rasters_aligned\monthly\CCS\2020_10.tif,True,
2020,10,2020_10,CDR,E:\Geospatial\Precipitation Downscaling\Precipitation-Downscaling-Khulna\data\processed\rasters_aligned\monthly\CDR\2020_10.tif,True,
2020,10,2020_10,CHIRPS,E:\Geospatial\Precipitation Downscaling\Precipitation-Downscaling-Khulna\data\processed\rasters_aligned\monthly\CHIRPS\2020_10.tif,True,
2020,10,2020_10,ERA5,E:\Geospatial\Precipitation Downscaling\Precipitation-Downscaling-Khulna\data\processed\rasters_aligned\monthly\ERA5\2020_10.tif,True,
2020,10,2020_10,GSMaP_Gauge,E:\Geospatial\Precipitation Downscaling\Precipitation-Downscaling-Khulna\data\processed\rasters_aligned\monthly\GSMaP_Gauge\2020_10.tif,True,
2020,10,2020_10,GSMaP_MVK,E:\Geospatial\Precipitation Downscaling\Precipitation-Downscaling-Khulna\data\processed\rasters_aligned\monthly\GSMaP_MVK\2020_10.tif,True,
2020,10,2020_10,IMERG,E:\Geospatial\Precipitation Downscaling\Precipitation-Downscaling-Khulna\data\processed\rasters_aligned\monthly\IMERG\2020_10.tif,True,
2020,10,2020_10,LST,E:\Geospatial\Precipitation Downscaling\Precipitation-Downscaling-Khulna\data\processed\rasters_aligned\monthly\LST\LST_Day_2020_10.tif,True,
2020,10,2020_10,NDVI,E:\Geospatial\Precipitation Downscaling\Precipitation-Downscaling-Khulna\data\processed\rasters_aligned\monthly\NDVI\NDVI_2020_10.tif,True,
2020,10,2020_10,PDIR,E:\Geospatial\Precipitation Downscaling\Precipitation-Downscaling-Khulna\data\processed\rasters_aligned\monthly\PDIR\2020_10.tif,True,
2020,10,2020_10,PERSIANN,E:\Geospatial\Precipitation Downscaling\Precipitation-Downscaling-Khulna\data\processed\rasters_aligned\monthly\PERSIANN\2020_10.tif,True,
2020,10,2020_10,Distance_Sea_meter,E:\Geospatial\Precipitation Downscaling\Precipitation-Downscaling-Khulna\data\processed\rasters_aligned\static\Distance_Sea_meter.tif,True,
2020,10,2020_10,Land_Aspect_Degree_30m,E:\Geospatial\Precipitation Downscaling\Precipitation-Downscaling-Khulna\data\processed\rasters_aligned\static\Land_Aspect_Degree_30m.tif,True,
2020,10,2020_10,Land_Khulna_SRTM_DEM,E:\Geospatial\Precipitation Downscaling\Precipitation-Downscaling-Khulna\data\processed\rasters_aligned\static\Land_Khulna_SRTM_DEM.tif,True,
2020,10,2020_10,Land_Slope_Degree_30m,E:\Geospatial\Precipitation Downscaling\Precipitation-Downscaling-Khulna\data\processed\rasters_aligned\static\Land_Slope_Degree_30m.tif,True,
2020,11,2020_11,CCS,E:\Geospatial\Precipitation Downscaling\Precipitation-Downscaling-Khulna\data\processed\rasters_aligned\monthly\CCS\2020_11.tif,True,
2020,11,2020_11,CDR,E:\Geospatial\Precipitation Downscaling\Precipitation-Downscaling-Khulna\data\processed\rasters_aligned\monthly\CDR\2020_11.tif,True,
2020,11,2020_11,CHIRPS,E:\Geospatial\Precipitation Downscaling\Precipitation-Downscaling-Khulna\data\processed\rasters_aligned\monthly\CHIRPS\2020_11.tif,True,
2020,11,2020_11,ERA5,E:\Geospatial\Precipitation Downscaling\Precipitation-Downscaling-Khulna\data\processed\rasters_aligned\monthly\ERA5\2020_11.tif,True,
2020,11,2020_11,GSMaP_Gauge,E:\Geospatial\Precipitation Downscaling\Precipitation-Downscaling-Khulna\data\processed\rasters_aligned\monthly\GSMaP_Gauge\2020_11.tif,True,
2020,11,2020_11,GSMaP_MVK,E:\Geospatial\Precipitation Downscaling\Precipitation-Downscaling-Khulna\data\processed\rasters_aligned\monthly\GSMaP_MVK\2020_11.tif,True,
2020,11,2020_11,IMERG,E:\Geospatial\Precipitation Downscaling\Precipitation-Downscaling-Khulna\data\processed\rasters_aligned\monthly\IMERG\2020_11.tif,True,
2020,11,2020_11,LST,E:\Geospatial\Precipitation Downscaling\Precipitation-Downscaling-Khulna\data\processed\rasters_aligned\monthly\LST\LST_Day_2020_11.tif,True,
2020,11,2020_11,NDVI,E:\Geospatial\Precipitation Downscaling\Precipitation-Downscaling-Khulna\data\processed\rasters_aligned\monthly\NDVI\NDVI_2020_11.tif,True,
2020,11,2020_11,PDIR,E:\Geospatial\Precipitation Downscaling\Precipitation-Downscaling-Khulna\data\processed\rasters_aligned\monthly\PDIR\2020_11.tif,True,
2020,11,2020_11,PERSIANN,E:\Geospatial\Precipitation Downscaling\Precipitation-Downscaling-Khulna\data\processed\rasters_aligned\monthly\PERSIANN\2020_11.tif,True,
2020,11,2020_11,Distance_Sea_meter,E:\Geospatial\Precipitation Downscaling\Precipitation-Downscaling-Khulna\data\processed\rasters_aligned\static\Distance_Sea_meter.tif,True,
2020,11,2020_11,Land_Aspect_Degree_30m,E:\Geospatial\Precipitation Downscaling\Precipitation-Downscaling-Khulna\data\processed\rasters_aligned\static\Land_Aspect_Degree_30m.tif,True,
2020,11,2020_11,Land_Khulna_SRTM_DEM,E:\Geospatial\Precipitation Downscaling\Precipitation-Downscaling-Khulna\data\processed\rasters_aligned\static\Land_Khulna_SRTM_DEM.tif,True,
2020,11,2020_11,Land_Slope_Degree_30m,E:\Geospatial\Precipitation Downscaling\Precipitation-Downscaling-Khulna\data\processed\rasters_aligned\static\Land_Slope_Degree_30m.tif,True,
2020,12,2020_12,CCS,E:\Geospatial\Precipitation Downscaling\Precipitation-Downscaling-Khulna\data\processed\rasters_aligned\monthly\CCS\2020_12.tif,True,
2020,12,2020_12,CDR,E:\Geospatial\Precipitation Downscaling\Precipitation-Downscaling-Khulna\data\processed\rasters_aligned\monthly\CDR\2020_12.tif,True,
2020,12,2020_12,CHIRPS,E:\Geospatial\Precipitation Downscaling\Precipitation-Downscaling-Khulna\data\processed\rasters_aligned\monthly\CHIRPS\2020_12.tif,True,
2020,12,2020_12,ERA5,E:\Geospatial\Precipitation Downscaling\Precipitation-Downscaling-Khulna\data\processed\rasters_aligned\monthly\ERA5\2020_12.tif,True,
2020,12,2020_12,GSMaP_Gauge,E:\Geospatial\Precipitation Downscaling\Precipitation-Downscaling-Khulna\data\processed\rasters_aligned\monthly\GSMaP_Gauge\2020_12.tif,True,
2020,12,2020_12,GSMaP_MVK,E:\Geospatial\Precipitation Downscaling\Precipitation-Downscaling-Khulna\data\processed\rasters_aligned\monthly\GSMaP_MVK\2020_12.tif,True,
2020,12,2020_12,IMERG,E:\Geospatial\Precipitation Downscaling\Precipitation-Downscaling-Khulna\data\processed\rasters_aligned\monthly\IMERG\2020_12.tif,True,
2020,12,2020_12,LST,E:\Geospatial\Precipitation Downscaling\Precipitation-Downscaling-Khulna\data\processed\rasters_aligned\monthly\LST\LST_Day_2020_12.tif,True,
2020,12,2020_12,NDVI,E:\Geospatial\Precipitation Downscaling\Precipitation-Downscaling-Khulna\data\processed\rasters_aligned\monthly\NDVI\NDVI_2020_12.tif,True,
2020,12,2020_12,PDIR,E:\Geospatial\Precipitation Downscaling\Precipitation-Downscaling-Khulna\data\processed\rasters_aligned\monthly\PDIR\2020_12.tif,True,
2020,12,2020_12,PERSIANN,E:\Geospatial\Precipitation Downscaling\Precipitation-Downscaling-Khulna\data\processed\rasters_aligned\monthly\PERSIANN\2020_12.tif,True,
2020,12,2020_12,Distance_Sea_meter,E:\Geospatial\Precipitation Downscaling\Precipitation-Downscaling-Khulna\data\processed\rasters_aligned\static\Distance_Sea_meter.tif,True,
2020,12,2020_12,Land_Aspect_Degree_30m,E:\Geospatial\Precipitation Downscaling\Precipitation-Downscaling-Khulna\data\processed\rasters_aligned\static\Land_Aspect_Degree_30m.tif,True,
2020,12,2020_12,Land_Khulna_SRTM_DEM,E:\Geospatial\Precipitation Downscaling\Precipitation-Downscaling-Khulna\data\processed\rasters_aligned\static\Land_Khulna_SRTM_DEM.tif,True,
2020,12,2020_12,Land_Slope_Degree_30m,E:\Geospatial\Precipitation Downscaling\Precipitation-Downscaling-Khulna\data\processed\rasters_aligned\static\Land_Slope_Degree_30m.tif,True,
2021,1,2021_01,CCS,E:\Geospatial\Precipitation Downscaling\Precipitation-Downscaling-Khulna\data\processed\rasters_aligned\monthly\CCS\2021_01.tif,True,
2021,1,2021_01,CDR,E:\Geospatial\Precipitation Downscaling\Precipitation-Downscaling-Khulna\data\processed\rasters_aligned\monthly\CDR\2021_01.tif,True,
2021,1,2021_01,CHIRPS,E:\Geospatial\Precipitation Downscaling\Precipitation-Downscaling-Khulna\data\processed\rasters_aligned\monthly\CHIRPS\2021_01.tif,True,
2021,1,2021_01,ERA5,E:\Geospatial\Precipitation Downscaling\Precipitation-Downscaling-Khulna\data\processed\rasters_aligned\monthly\ERA5\2021_01.tif,True,
2021,1,2021_01,GSMaP_Gauge,E:\Geospatial\Precipitation Downscaling\Precipitation-Downscaling-Khulna\data\processed\rasters_aligned\monthly\GSMaP_Gauge\2021_01.tif,True,
2021,1,2021_01,GSMaP_MVK,E:\Geospatial\Precipitation Downscaling\Precipitation-Downscaling-Khulna\data\processed\rasters_aligned\monthly\GSMaP_MVK\2021_01.tif,True,
2021,1,2021_01,IMERG,E:\Geospatial\Precipitation Downscaling\Precipitation-Downscaling-Khulna\data\processed\rasters_aligned\monthly\IMERG\2021_01.tif,True,
2021,1,2021_01,LST,E:\Geospatial\Precipitation Downscaling\Precipitation-Downscaling-Khulna\data\processed\rasters_aligned\monthly\LST\LST_Day_2021_1.tif,True,
2021,1,2021_01,NDVI,E:\Geospatial\Precipitation Downscaling\Precipitation-Downscaling-Khulna\data\processed\rasters_aligned\monthly\NDVI\NDVI_2021_1.tif,True,
2021,1,2021_01,PDIR,E:\Geospatial\Precipitation Downscaling\Precipitation-Downscaling-Khulna\data\processed\rasters_aligned\monthly\PDIR\2021_01.tif,True,
2021,1,2021_01,PERSIANN,E:\Geospatial\Precipitation Downscaling\Precipitation-Downscaling-Khulna\data\processed\rasters_aligned\monthly\PERSIANN\2021_01.tif,True,
2021,1,2021_01,Distance_Sea_meter,E:\Geospatial\Precipitation Downscaling\Precipitation-Downscaling-Khulna\data\processed\rasters_aligned\static\Distance_Sea_meter.tif,True,
2021,1,2021_01,Land_Aspect_Degree_30m,E:\Geospatial\Precipitation Downscaling\Precipitation-Downscaling-Khulna\data\processed\rasters_aligned\static\Land_Aspect_Degree_30m.tif,True,
2021,1,2021_01,Land_Khulna_SRTM_DEM,E:\Geospatial\Precipitation Downscaling\Precipitation-Downscaling-Khulna\data\processed\rasters_aligned\static\Land_Khulna_SRTM_DEM.tif,True,
2021,1,2021_01,Land_Slope_Degree_30m,E:\Geospatial\Precipitation Downscaling\Precipitation-Downscaling-Khulna\data\processed\rasters_aligned\static\Land_Slope_Degree_30m.tif,True,
2021,2,2021_02,CCS,E:\Geospatial\Precipitation Downscaling\Precipitation-Downscaling-Khulna\data\processed\rasters_aligned\monthly\CCS\2021_02.tif,True,
2021,2,2021_02,CDR,E:\Geospatial\Precipitation Downscaling\Precipitation-Downscaling-Khulna\data\processed\rasters_aligned\monthly\CDR\2021_02.tif,True,
2021,2,2021_02,CHIRPS,E:\Geospatial\Precipitation Downscaling\Precipitation-Downscaling-Khulna\data\processed\rasters_aligned\monthly\CHIRPS\2021_02.tif,True,
2021,2,2021_02,ERA5,E:\Geospatial\Precipitation Downscaling\Precipitation-Downscaling-Khulna\data\processed\rasters_aligned\monthly\ERA5\2021_02.tif,True,
2021,2,2021_02,GSMaP_Gauge,E:\Geospatial\Precipitation Downscaling\Precipitation-Downscaling-Khulna\data\processed\rasters_aligned\monthly\GSMaP_Gauge\2021_02.tif,True,
2021,2,2021_02,GSMaP_MVK,E:\Geospatial\Precipitation Downscaling\Precipitation-Downscaling-Khulna\data\processed\rasters_aligned\monthly\GSMaP_MVK\2021_02.tif,True,
2021,2,2021_02,IMERG,E:\Geospatial\Precipitation Downscaling\Precipitation-Downscaling-Khulna\data\processed\rasters_aligned\monthly\IMERG\2021_02.tif,True,
2021,2,2021_02,LST,E:\Geospatial\Precipitation Downscaling\Precipitation-Downscaling-Khulna\data\processed\rasters_aligned\monthly\LST\LST_Day_2021_2.tif,True,
2021,2,2021_02,NDVI,E:\Geospatial\Precipitation Downscaling\Precipitation-Downscaling-Khulna\data\processed\rasters_aligned\monthly\NDVI\NDVI_2021_2.tif,True,
2021,2,2021_02,PDIR,E:\Geospatial\Precipitation Downscaling\Precipitation-Downscaling-Khulna\data\processed\rasters_aligned\monthly\PDIR\2021_02.tif,True,
2021,2,2021_02,PERSIANN,E:\Geospatial\Precipitation Downscaling\Precipitation-Downscaling-Khulna\data\processed\rasters_aligned\monthly\PERSIANN\2021_02.tif,True,
2021,2,2021_02,Distance_Sea_meter,E:\Geospatial\Precipitation Downscaling\Precipitation-Downscaling-Khulna\data\processed\rasters_aligned\static\Distance_Sea_meter.tif,True,
2021,2,2021_02,Land_Aspect_Degree_30m,E:\Geospatial\Precipitation Downscaling\Precipitation-Downscaling-Khulna\data\processed\rasters_aligned\static\Land_Aspect_Degree_30m.tif,True,
2021,2,2021_02,Land_Khulna_SRTM_DEM,E:\Geospatial\Precipitation Downscaling\Precipitation-Downscaling-Khulna\data\processed\rasters_aligned\static\Land_Khulna_SRTM_DEM.tif,True,
2021,2,2021_02,Land_Slope_Degree_30m,E:\Geospatial\Precipitation Downscaling\Precipitation-Downscaling-Khulna\data\processed\rasters_aligned\static\Land_Slope_Degree_30m.tif,True,
2021,3,2021_03,CCS,E:\Geospatial\Precipitation Downscaling\Precipitation-Downscaling-Khulna\data\processed\rasters_aligned\monthly\CCS\2021_03.tif,True,
2021,3,2021_03,CDR,E:\Geospatial\Precipitation Downscaling\Precipitation-Downscaling-Khulna\data\processed\rasters_aligned\monthly\CDR\2021_03.tif,True,
2021,3,2021_03,CHIRPS,E:\Geospatial\Precipitation Downscaling\Precipitation-Downscaling-Khulna\data\processed\rasters_aligned\monthly\CHIRPS\2021_03.tif,True,
2021,3,2021_03,ERA5,E:\Geospatial\Precipitation Downscaling\Precipitation-Downscaling-Khulna\data\processed\rasters_aligned\monthly\ERA5\2021_03.tif,True,
2021,3,2021_03,GSMaP_Gauge,E:\Geospatial\Precipitation Downscaling\Precipitation-Downscaling-Khulna\data\processed\rasters_aligned\monthly\GSMaP_Gauge\2021_03.tif,True,
2021,3,2021_03,GSMaP_MVK,E:\Geospatial\Precipitation Downscaling\Precipitation-Downscaling-Khulna\data\processed\rasters_aligned\monthly\GSMaP_MVK\2021_03.tif,True,
2021,3,2021_03,IMERG,E:\Geospatial\Precipitation Downscaling\Precipitation-Downscaling-Khulna\data\processed\rasters_aligned\monthly\IMERG\2021_03.tif,True,
2021,3,2021_03,LST,E:\Geospatial\Precipitation Downscaling\Precipitation-Downscaling-Khulna\data\processed\rasters_aligned\monthly\LST\LST_Day_2021_3.tif,True,
2021,3,2021_03,NDVI,E:\Geospatial\Precipitation Downscaling\Precipitation-Downscaling-Khulna\data\processed\rasters_aligned\monthly\NDVI\NDVI_2021_3.tif,True,
2021,3,2021_03,PDIR,E:\Geospatial\Precipitation Downscaling\Precipitation-Downscaling-Khulna\data\processed\rasters_aligned\monthly\PDIR\2021_03.tif,True,
2021,3,2021_03,PERSIANN,E:\Geospatial\Precipitation Downscaling\Precipitation-Downscaling-Khulna\data\processed\rasters_aligned\monthly\PERSIANN\2021_03.tif,True,
2021,3,2021_03,Distance_Sea_meter,E:\Geospatial\Precipitation Downscaling\Precipitation-Downscaling-Khulna\data\processed\rasters_aligned\static\Distance_Sea_meter.tif,True,
2021,3,2021_03,Land_Aspect_Degree_30m,E:\Geospatial\Precipitation Downscaling\Precipitation-Downscaling-Khulna\data\processed\rasters_aligned\static\Land_Aspect_Degree_30m.tif,True,
2021,3,2021_03,Land_Khulna_SRTM_DEM,E:\Geospatial\Precipitation Downscaling\Precipitation-Downscaling-Khulna\data\processed\rasters_aligned\static\Land_Khulna_SRTM_DEM.tif,True,
2021,3,2021_03,Land_Slope_Degree_30m,E:\Geospatial\Precipitation Downscaling\Precipitation-Downscaling-Khulna\data\processed\rasters_aligned\static\Land_Slope_Degree_30m.tif,True,
2021,4,2021_04,CCS,E:\Geospatial\Precipitation Downscaling\Precipitation-Downscaling-Khulna\data\processed\rasters_aligned\monthly\CCS\2021_04.tif,True,
2021,4,2021_04,CDR,E:\Geospatial\Precipitation Downscaling\Precipitation-Downscaling-Khulna\data\processed\rasters_aligned\monthly\CDR\2021_04.tif,True,
2021,4,2021_04,CHIRPS,E:\Geospatial\Precipitation Downscaling\Precipitation-Downscaling-Khulna\data\processed\rasters_aligned\monthly\CHIRPS\2021_04.tif,True,
2021,4,2021_04,ERA5,E:\Geospatial\Precipitation Downscaling\Precipitation-Downscaling-Khulna\data\processed\rasters_aligned\monthly\ERA5\2021_04.tif,True,
2021,4,2021_04,GSMaP_Gauge,E:\Geospatial\Precipitation Downscaling\Precipitation-Downscaling-Khulna\data\processed\rasters_aligned\monthly\GSMaP_Gauge\2021_04.tif,True,
2021,4,2021_04,GSMaP_MVK,E:\Geospatial\Precipitation Downscaling\Precipitation-Downscaling-Khulna\data\processed\rasters_aligned\monthly\GSMaP_MVK\2021_04.tif,True,
2021,4,2021_04,IMERG,E:\Geospatial\Precipitation Downscaling\Precipitation-Downscaling-Khulna\data\processed\rasters_aligned\monthly\IMERG\2021_04.tif,True,
2021,4,2021_04,LST,E:\Geospatial\Precipitation Downscaling\Precipitation-Downscaling-Khulna\data\processed\rasters_aligned\monthly\LST\LST_Day_2021_4.tif,True,
2021,4,2021_04,NDVI,E:\Geospatial\Precipitation Downscaling\Precipitation-Downscaling-Khulna\data\processed\rasters_aligned\monthly\NDVI\NDVI_2021_4.tif,True,
2021,4,2021_04,PDIR,E:\Geospatial\Precipitation Downscaling\Precipitation-Downscaling-Khulna\data\processed\rasters_aligned\monthly\PDIR\2021_04.tif,True,
2021,4,2021_04,PERSIANN,E:\Geospatial\Precipitation Downscaling\Precipitation-Downscaling-Khulna\data\processed\rasters_aligned\monthly\PERSIANN\2021_04.tif,True,
2021,4,2021_04,Distance_Sea_meter,E:\Geospatial\Precipitation Downscaling\Precipitation-Downscaling-Khulna\data\processed\rasters_aligned\static\Distance_Sea_meter.tif,True,
2021,4,2021_04,Land_Aspect_Degree_30m,E:\Geospatial\Precipitation Downscaling\Precipitation-Downscaling-Khulna\data\processed\rasters_aligned\static\Land_Aspect_Degree_30m.tif,True,
2021,4,2021_04,Land_Khulna_SRTM_DEM,E:\Geospatial\Precipitation Downscaling\Precipitation-Downscaling-Khulna\data\processed\rasters_aligned\static\Land_Khulna_SRTM_DEM.tif,True,
2021,4,2021_04,Land_Slope_Degree_30m,E:\Geospatial\Precipitation Downscaling\Precipitation-Downscaling-Khulna\data\processed\rasters_aligned\static\Land_Slope_Degree_30m.tif,True,
2021,5,2021_05,CCS,E:\Geospatial\Precipitation Downscaling\Precipitation-Downscaling-Khulna\data\processed\rasters_aligned\monthly\CCS\2021_05.tif,True,
2021,5,2021_05,CDR,E:\Geospatial\Precipitation Downscaling\Precipitation-Downscaling-Khulna\data\processed\rasters_aligned\monthly\CDR\2021_05.tif,True,
2021,5,2021_05,CHIRPS,E:\Geospatial\Precipitation Downscaling\Precipitation-Downscaling-Khulna\data\processed\rasters_aligned\monthly\CHIRPS\2021_05.tif,True,
2021,5,2021_05,ERA5,E:\Geospatial\Precipitation Downscaling\Precipitation-Downscaling-Khulna\data\processed\rasters_aligned\monthly\ERA5\2021_05.tif,True,
2021,5,2021_05,GSMaP_Gauge,E:\Geospatial\Precipitation Downscaling\Precipitation-Downscaling-Khulna\data\processed\rasters_aligned\monthly\GSMaP_Gauge\2021_05.tif,True,
2021,5,2021_05,GSMaP_MVK,E:\Geospatial\Precipitation Downscaling\Precipitation-Downscaling-Khulna\data\processed\rasters_aligned\monthly\GSMaP_MVK\2021_05.tif,True,
2021,5,2021_05,IMERG,E:\Geospatial\Precipitation Downscaling\Precipitation-Downscaling-Khulna\data\processed\rasters_aligned\monthly\IMERG\2021_05.tif,True,
2021,5,2021_05,LST,E:\Geospatial\Precipitation Downscaling\Precipitation-Downscaling-Khulna\data\processed\rasters_aligned\monthly\LST\LST_Day_2021_5.tif,True,
2021,5,2021_05,NDVI,E:\Geospatial\Precipitation Downscaling\Precipitation-Downscaling-Khulna\data\processed\rasters_aligned\monthly\NDVI\NDVI_2021_5.tif,True,
2021,5,2021_05,PDIR,E:\Geospatial\Precipitation Downscaling\Precipitation-Downscaling-Khulna\data\processed\rasters_aligned\monthly\PDIR\2021_05.tif,True,
2021,5,2021_05,PERSIANN,E:\Geospatial\Precipitation Downscaling\Precipitation-Downscaling-Khulna\data\processed\rasters_aligned\monthly\PERSIANN\2021_05.tif,True,
2021,5,2021_05,Distance_Sea_meter,E:\Geospatial\Precipitation Downscaling\Precipitation-Downscaling-Khulna\data\processed\rasters_aligned\static\Distance_Sea_meter.tif,True,
2021,5,2021_05,Land_Aspect_Degree_30m,E:\Geospatial\Precipitation Downscaling\Precipitation-Downscaling-Khulna\data\processed\rasters_aligned\static\Land_Aspect_Degree_30m.tif,True,
2021,5,2021_05,Land_Khulna_SRTM_DEM,E:\Geospatial\Precipitation Downscaling\Precipitation-Downscaling-Khulna\data\processed\rasters_aligned\static\Land_Khulna_SRTM_DEM.tif,True,
2021,5,2021_05,Land_Slope_Degree_30m,E:\Geospatial\Precipitation Downscaling\Precipitation-Downscaling-Khulna\data\processed\rasters_aligned\static\Land_Slope_Degree_30m.tif,True,
2021,6,2021_06,CCS,E:\Geospatial\Precipitation Downscaling\Precipitation-Downscaling-Khulna\data\processed\rasters_aligned\monthly\CCS\2021_06.tif,True,
2021,6,2021_06,CDR,E:\Geospatial\Precipitation Downscaling\Precipitation-Downscaling-Khulna\data\processed\rasters_aligned\monthly\CDR\2021_06.tif,True,
2021,6,2021_06,CHIRPS,E:\Geospatial\Precipitation Downscaling\Precipitation-Downscaling-Khulna\data\processed\rasters_aligned\monthly\CHIRPS\2021_06.tif,True,
2021,6,2021_06,ERA5,E:\Geospatial\Precipitation Downscaling\Precipitation-Downscaling-Khulna\data\processed\rasters_aligned\monthly\ERA5\2021_06.tif,True,
2021,6,2021_06,GSMaP_Gauge,E:\Geospatial\Precipitation Downscaling\Precipitation-Downscaling-Khulna\data\processed\rasters_aligned\monthly\GSMaP_Gauge\2021_06.tif,True,
2021,6,2021_06,GSMaP_MVK,E:\Geospatial\Precipitation Downscaling\Precipitation-Downscaling-Khulna\data\processed\rasters_aligned\monthly\GSMaP_MVK\2021_06.tif,True,
2021,6,2021_06,IMERG,E:\Geospatial\Precipitation Downscaling\Precipitation-Downscaling-Khulna\data\processed\rasters_aligned\monthly\IMERG\2021_06.tif,True,
2021,6,2021_06,LST,E:\Geospatial\Precipitation Downscaling\Precipitation-Downscaling-Khulna\data\processed\rasters_aligned\monthly\LST\LST_Day_2021_6.tif,True,
2021,6,2021_06,NDVI,E:\Geospatial\Precipitation Downscaling\Precipitation-Downscaling-Khulna\data\processed\rasters_aligned\monthly\NDVI\NDVI_2021_6.tif,True,
2021,6,2021_06,PDIR,E:\Geospatial\Precipitation Downscaling\Precipitation-Downscaling-Khulna\data\processed\rasters_aligned\monthly\PDIR\2021_06.tif,True,
2021,6,2021_06,PERSIANN,E:\Geospatial\Precipitation Downscaling\Precipitation-Downscaling-Khulna\data\processed\rasters_aligned\monthly\PERSIANN\2021_06.tif,True,
2021,6,2021_06,Distance_Sea_meter,E:\Geospatial\Precipitation Downscaling\Precipitation-Downscaling-Khulna\data\processed\rasters_aligned\static\Distance_Sea_meter.tif,True,
2021,6,2021_06,Land_Aspect_Degree_30m,E:\Geospatial\Precipitation Downscaling\Precipitation-Downscaling-Khulna\data\processed\rasters_aligned\static\Land_Aspect_Degree_30m.tif,True,
2021,6,2021_06,Land_Khulna_SRTM_DEM,E:\Geospatial\Precipitation Downscaling\Precipitation-Downscaling-Khulna\data\processed\rasters_aligned\static\Land_Khulna_SRTM_DEM.tif,True,
2021,6,2021_06,Land_Slope_Degree_30m,E:\Geospatial\Precipitation Downscaling\Precipitation-Downscaling-Khulna\data\processed\rasters_aligned\static\Land_Slope_Degree_30m.tif,True,
2021,7,2021_07,CCS,E:\Geospatial\Precipitation Downscaling\Precipitation-Downscaling-Khulna\data\processed\rasters_aligned\monthly\CCS\2021_07.tif,True,
2021,7,2021_07,CDR,E:\Geospatial\Precipitation Downscaling\Precipitation-Downscaling-Khulna\data\processed\rasters_aligned\monthly\CDR\2021_07.tif,True,
2021,7,2021_07,CHIRPS,E:\Geospatial\Precipitation Downscaling\Precipitation-Downscaling-Khulna\data\processed\rasters_aligned\monthly\CHIRPS\2021_07.tif,True,
2021,7,2021_07,ERA5,E:\Geospatial\Precipitation Downscaling\Precipitation-Downscaling-Khulna\data\processed\rasters_aligned\monthly\ERA5\2021_07.tif,True,
2021,7,2021_07,GSMaP_Gauge,E:\Geospatial\Precipitation Downscaling\Precipitation-Downscaling-Khulna\data\processed\rasters_aligned\monthly\GSMaP_Gauge\2021_07.tif,True,
2021,7,2021_07,GSMaP_MVK,E:\Geospatial\Precipitation Downscaling\Precipitation-Downscaling-Khulna\data\processed\rasters_aligned\monthly\GSMaP_MVK\2021_07.tif,True,
2021,7,2021_07,IMERG,E:\Geospatial\Precipitation Downscaling\Precipitation-Downscaling-Khulna\data\processed\rasters_aligned\monthly\IMERG\2021_07.tif,True,
2021,7,2021_07,LST,E:\Geospatial\Precipitation Downscaling\Precipitation-Downscaling-Khulna\data\processed\rasters_aligned\monthly\LST\LST_Day_2021_7.tif,True,
2021,7,2021_07,NDVI,E:\Geospatial\Precipitation Downscaling\Precipitation-Downscaling-Khulna\data\processed\rasters_aligned\monthly\NDVI\NDVI_2021_7.tif,True,
2021,7,2021_07,PDIR,E:\Geospatial\Precipitation Downscaling\Precipitation-Downscaling-Khulna\data\processed\rasters_aligned\monthly\PDIR\2021_07.tif,True,
2021,7,2021_07,PERSIANN,E:\Geospatial\Precipitation Downscaling\Precipitation-Downscaling-Khulna\data\processed\rasters_aligned\monthly\PERSIANN\2021_07.tif,True,
2021,7,2021_07,Distance_Sea_meter,E:\Geospatial\Precipitation Downscaling\Precipitation-Downscaling-Khulna\data\processed\rasters_aligned\static\Distance_Sea_meter.tif,True,
2021,7,2021_07,Land_Aspect_Degree_30m,E:\Geospatial\Precipitation Downscaling\Precipitation-Downscaling-Khulna\data\processed\rasters_aligned\static\Land_Aspect_Degree_30m.tif,True,
2021,7,2021_07,Land_Khulna_SRTM_DEM,E:\Geospatial\Precipitation Downscaling\Precipitation-Downscaling-Khulna\data\processed\rasters_aligned\static\Land_Khulna_SRTM_DEM.tif,True,
2021,7,2021_07,Land_Slope_Degree_30m,E:\Geospatial\Precipitation Downscaling\Precipitation-Downscaling-Khulna\data\processed\rasters_aligned\static\Land_Slope_Degree_30m.tif,True,
2021,8,2021_08,CCS,E:\Geospatial\Precipitation Downscaling\Precipitation-Downscaling-Khulna\data\processed\rasters_aligned\monthly\CCS\2021_08.tif,True,
2021,8,2021_08,CDR,E:\Geospatial\Precipitation Downscaling\Precipitation-Downscaling-Khulna\data\processed\rasters_aligned\monthly\CDR\2021_08.tif,True,
2021,8,2021_08,CHIRPS,E:\Geospatial\Precipitation Downscaling\Precipitation-Downscaling-Khulna\data\processed\rasters_aligned\monthly\CHIRPS\2021_08.tif,True,
2021,8,2021_08,ERA5,E:\Geospatial\Precipitation Downscaling\Precipitation-Downscaling-Khulna\data\processed\rasters_aligned\monthly\ERA5\2021_08.tif,True,
2021,8,2021_08,GSMaP_Gauge,E:\Geospatial\Precipitation Downscaling\Precipitation-Downscaling-Khulna\data\processed\rasters_aligned\monthly\GSMaP_Gauge\2021_08.tif,True,
2021,8,2021_08,GSMaP_MVK,E:\Geospatial\Precipitation Downscaling\Precipitation-Downscaling-Khulna\data\processed\rasters_aligned\monthly\GSMaP_MVK\2021_08.tif,True,
2021,8,2021_08,IMERG,E:\Geospatial\Precipitation Downscaling\Precipitation-Downscaling-Khulna\data\processed\rasters_aligned\monthly\IMERG\2021_08.tif,True,
2021,8,2021_08,LST,E:\Geospatial\Precipitation Downscaling\Precipitation-Downscaling-Khulna\data\processed\rasters_aligned\monthly\LST\LST_Day_2021_8.tif,True,
2021,8,2021_08,NDVI,E:\Geospatial\Precipitation Downscaling\Precipitation-Downscaling-Khulna\data\processed\rasters_aligned\monthly\NDVI\NDVI_2021_8.tif,True,
2021,8,2021_08,PDIR,E:\Geospatial\Precipitation Downscaling\Precipitation-Downscaling-Khulna\data\processed\rasters_aligned\monthly\PDIR\2021_08.tif,True,
2021,8,2021_08,PERSIANN,E:\Geospatial\Precipitation Downscaling\Precipitation-Downscaling-Khulna\data\processed\rasters_aligned\monthly\PERSIANN\2021_08.tif,True,
2021,8,2021_08,Distance_Sea_meter,E:\Geospatial\Precipitation Downscaling\Precipitation-Downscaling-Khulna\data\processed\rasters_aligned\static\Distance_Sea_meter.tif,True,
2021,8,2021_08,Land_Aspect_Degree_30m,E:\Geospatial\Precipitation Downscaling\Precipitation-Downscaling-Khulna\data\processed\rasters_aligned\static\Land_Aspect_Degree_30m.tif,True,
2021,8,2021_08,Land_Khulna_SRTM_DEM,E:\Geospatial\Precipitation Downscaling\Precipitation-Downscaling-Khulna\data\processed\rasters_aligned\static\Land_Khulna_SRTM_DEM.tif,True,
2021,8,2021_08,Land_Slope_Degree_30m,E:\Geospatial\Precipitation Downscaling\Precipitation-Downscaling-Khulna\data\processed\rasters_aligned\static\Land_Slope_Degree_30m.tif,True,
2021,9,2021_09,CCS,E:\Geospatial\Precipitation Downscaling\Precipitation-Downscaling-Khulna\data\processed\rasters_aligned\monthly\CCS\2021_09.tif,True,
2021,9,2021_09,CDR,E:\Geospatial\Precipitation Downscaling\Precipitation-Downscaling-Khulna\data\processed\rasters_aligned\monthly\CDR\2021_09.tif,True,
2021,9,2021_09,CHIRPS,E:\Geospatial\Precipitation Downscaling\Precipitation-Downscaling-Khulna\data\processed\rasters_aligned\monthly\CHIRPS\2021_09.tif,True,
2021,9,2021_09,ERA5,E:\Geospatial\Precipitation Downscaling\Precipitation-Downscaling-Khulna\data\processed\rasters_aligned\monthly\ERA5\2021_09.tif,True,
2021,9,2021_09,GSMaP_Gauge,E:\Geospatial\Precipitation Downscaling\Precipitation-Downscaling-Khulna\data\processed\rasters_aligned\monthly\GSMaP_Gauge\2021_09.tif,True,
2021,9,2021_09,GSMaP_MVK,E:\Geospatial\Precipitation Downscaling\Precipitation-Downscaling-Khulna\data\processed\rasters_aligned\monthly\GSMaP_MVK\2021_09.tif,True,
2021,9,2021_09,IMERG,E:\Geospatial\Precipitation Downscaling\Precipitation-Downscaling-Khulna\data\processed\rasters_aligned\monthly\IMERG\2021_09.tif,True,
2021,9,2021_09,LST,E:\Geospatial\Precipitation Downscaling\Precipitation-Downscaling-Khulna\data\processed\rasters_aligned\monthly\LST\LST_Day_2021_9.tif,True,
2021,9,2021_09,NDVI,E:\Geospatial\Precipitation Downscaling\Precipitation-Downscaling-Khulna\data\processed\rasters_aligned\monthly\NDVI\NDVI_2021_9.tif,True,
2021,9,2021_09,PDIR,E:\Geospatial\Precipitation Downscaling\Precipitation-Downscaling-Khulna\data\processed\rasters_aligned\monthly\PDIR\2021_09.tif,True,
2021,9,2021_09,PERSIANN,E:\Geospatial\Precipitation Downscaling\Precipitation-Downscaling-Khulna\data\processed\rasters_aligned\monthly\PERSIANN\2021_09.tif,True,
2021,9,2021_09,Distance_Sea_meter,E:\Geospatial\Precipitation Downscaling\Precipitation-Downscaling-Khulna\data\processed\rasters_aligned\static\Distance_Sea_meter.tif,True,
2021,9,2021_09,Land_Aspect_Degree_30m,E:\Geospatial\Precipitation Downscaling\Precipitation-Downscaling-Khulna\data\processed\rasters_aligned\static\Land_Aspect_Degree_30m.tif,True,
2021,9,2021_09,Land_Khulna_SRTM_DEM,E:\Geospatial\Precipitation Downscaling\Precipitation-Downscaling-Khulna\data\processed\rasters_aligned\static\Land_Khulna_SRTM_DEM.tif,True,
2021,9,2021_09,Land_Slope_Degree_30m,E:\Geospatial\Precipitation Downscaling\Precipitation-Downscaling-Khulna\data\processed\rasters_aligned\static\Land_Slope_Degree_30m.tif,True,
2021,10,2021_10,CCS,E:\Geospatial\Precipitation Downscaling\Precipitation-Downscaling-Khulna\data\processed\rasters_aligned\monthly\CCS\2021_10.tif,True,
2021,10,2021_10,CDR,E:\Geospatial\Precipitation Downscaling\Precipitation-Downscaling-Khulna\data\processed\rasters_aligned\monthly\CDR\2021_10.tif,True,
2021,10,2021_10,CHIRPS,E:\Geospatial\Precipitation Downscaling\Precipitation-Downscaling-Khulna\data\processed\rasters_aligned\monthly\CHIRPS\2021_10.tif,True,
2021,10,2021_10,ERA5,E:\Geospatial\Precipitation Downscaling\Precipitation-Downscaling-Khulna\data\processed\rasters_aligned\monthly\ERA5\2021_10.tif,True,
2021,10,2021_10,GSMaP_Gauge,E:\Geospatial\Precipitation Downscaling\Precipitation-Downscaling-Khulna\data\processed\rasters_aligned\monthly\GSMaP_Gauge\2021_10.tif,True,
2021,10,2021_10,GSMaP_MVK,E:\Geospatial\Precipitation Downscaling\Precipitation-Downscaling-Khulna\data\processed\rasters_aligned\monthly\GSMaP_MVK\2021_10.tif,True,
2021,10,2021_10,IMERG,E:\Geospatial\Precipitation Downscaling\Precipitation-Downscaling-Khulna\data\processed\rasters_aligned\monthly\IMERG\2021_10.tif,True,
2021,10,2021_10,LST,E:\Geospatial\Precipitation Downscaling\Precipitation-Downscaling-Khulna\data\processed\rasters_aligned\monthly\LST\LST_Day_2021_10.tif,True,
2021,10,2021_10,NDVI,E:\Geospatial\Precipitation Downscaling\Precipitation-Downscaling-Khulna\data\processed\rasters_aligned\monthly\NDVI\NDVI_2021_10.tif,True,
2021,10,2021_10,PDIR,E:\Geospatial\Precipitation Downscaling\Precipitation-Downscaling-Khulna\data\processed\rasters_aligned\monthly\PDIR\2021_10.tif,True,
2021,10,2021_10,PERSIANN,E:\Geospatial\Precipitation Downscaling\Precipitation-Downscaling-Khulna\data\processed\rasters_aligned\monthly\PERSIANN\2021_10.tif,True,
2021,10,2021_10,Distance_Sea_meter,E:\Geospatial\Precipitation Downscaling\Precipitation-Downscaling-Khulna\data\processed\rasters_aligned\static\Distance_Sea_meter.tif,True,
2021,10,2021_10,Land_Aspect_Degree_30m,E:\Geospatial\Precipitation Downscaling\Precipitation-Downscaling-Khulna\data\processed\rasters_aligned\static\Land_Aspect_Degree_30m.tif,True,
2021,10,2021_10,Land_Khulna_SRTM_DEM,E:\Geospatial\Precipitation Downscaling\Precipitation-Downscaling-Khulna\data\processed\rasters_aligned\static\Land_Khulna_SRTM_DEM.tif,True,
2021,10,2021_10,Land_Slope_Degree_30m,E:\Geospatial\Precipitation Downscaling\Precipitation-Downscaling-Khulna\data\processed\rasters_aligned\static\Land_Slope_Degree_30m.tif,True,
2021,11,2021_11,CCS,E:\Geospatial\Precipitation Downscaling\Precipitation-Downscaling-Khulna\data\processed\rasters_aligned\monthly\CCS\2021_11.tif,True,
2021,11,2021_11,CDR,E:\Geospatial\Precipitation Downscaling\Precipitation-Downscaling-Khulna\data\processed\rasters_aligned\monthly\CDR\2021_11.tif,True,
2021,11,2021_11,CHIRPS,E:\Geospatial\Precipitation Downscaling\Precipitation-Downscaling-Khulna\data\processed\rasters_aligned\monthly\CHIRPS\2021_11.tif,True,
2021,11,2021_11,ERA5,E:\Geospatial\Precipitation Downscaling\Precipitation-Downscaling-Khulna\data\processed\rasters_aligned\monthly\ERA5\2021_11.tif,True,
2021,11,2021_11,GSMaP_Gauge,E:\Geospatial\Precipitation Downscaling\Precipitation-Downscaling-Khulna\data\processed\rasters_aligned\monthly\GSMaP_Gauge\2021_11.tif,True,
2021,11,2021_11,GSMaP_MVK,E:\Geospatial\Precipitation Downscaling\Precipitation-Downscaling-Khulna\data\processed\rasters_aligned\monthly\GSMaP_MVK\2021_11.tif,True,
2021,11,2021_11,IMERG,E:\Geospatial\Precipitation Downscaling\Precipitation-Downscaling-Khulna\data\processed\rasters_aligned\monthly\IMERG\2021_11.tif,True,
2021,11,2021_11,LST,E:\Geospatial\Precipitation Downscaling\Precipitation-Downscaling-Khulna\data\processed\rasters_aligned\monthly\LST\LST_Day_2021_11.tif,True,
2021,11,2021_11,NDVI,E:\Geospatial\Precipitation Downscaling\Precipitation-Downscaling-Khulna\data\processed\rasters_aligned\monthly\NDVI\NDVI_2021_11.tif,True,
2021,11,2021_11,PDIR,E:\Geospatial\Precipitation Downscaling\Precipitation-Downscaling-Khulna\data\processed\rasters_aligned\monthly\PDIR\2021_11.tif,True,
2021,11,2021_11,PERSIANN,E:\Geospatial\Precipitation Downscaling\Precipitation-Downscaling-Khulna\data\processed\rasters_aligned\monthly\PERSIANN\2021_11.tif,True,
2021,11,2021_11,Distance_Sea_meter,E:\Geospatial\Precipitation Downscaling\Precipitation-Downscaling-Khulna\data\processed\rasters_aligned\static\Distance_Sea_meter.tif,True,
2021,11,2021_11,Land_Aspect_Degree_30m,E:\Geospatial\Precipitation Downscaling\Precipitation-Downscaling-Khulna\data\processed\rasters_aligned\static\Land_Aspect_Degree_30m.tif,True,
2021,11,2021_11,Land_Khulna_SRTM_DEM,E:\Geospatial\Precipitation Downscaling\Precipitation-Downscaling-Khulna\data\processed\rasters_aligned\static\Land_Khulna_SRTM_DEM.tif,True,
2021,11,2021_11,Land_Slope_Degree_30m,E:\Geospatial\Precipitation Downscaling\Precipitation-Downscaling-Khulna\data\processed\rasters_aligned\static\Land_Slope_Degree_30m.tif,True,
2021,12,2021_12,CCS,E:\Geospatial\Precipitation Downscaling\Precipitation-Downscaling-Khulna\data\processed\rasters_aligned\monthly\CCS\2021_12.tif,True,
2021,12,2021_12,CDR,E:\Geospatial\Precipitation Downscaling\Precipitation-Downscaling-Khulna\data\processed\rasters_aligned\monthly\CDR\2021_12.tif,True,
2021,12,2021_12,CHIRPS,E:\Geospatial\Precipitation Downscaling\Precipitation-Downscaling-Khulna\data\processed\rasters_aligned\monthly\CHIRPS\2021_12.tif,True,
2021,12,2021_12,ERA5,E:\Geospatial\Precipitation Downscaling\Precipitation-Downscaling-Khulna\data\processed\rasters_aligned\monthly\ERA5\2021_12.tif,True,
2021,12,2021_12,GSMaP_Gauge,E:\Geospatial\Precipitation Downscaling\Precipitation-Downscaling-Khulna\data\processed\rasters_aligned\monthly\GSMaP_Gauge\2021_12.tif,True,
2021,12,2021_12,GSMaP_MVK,E:\Geospatial\Precipitation Downscaling\Precipitation-Downscaling-Khulna\data\processed\rasters_aligned\monthly\GSMaP_MVK\2021_12.tif,True,
2021,12,2021_12,IMERG,E:\Geospatial\Precipitation Downscaling\Precipitation-Downscaling-Khulna\data\processed\rasters_aligned\monthly\IMERG\2021_12.tif,True,
2021,12,2021_12,LST,E:\Geospatial\Precipitation Downscaling\Precipitation-Downscaling-Khulna\data\processed\rasters_aligned\monthly\LST\LST_Day_2021_12.tif,True,
2021,12,2021_12,NDVI,E:\Geospatial\Precipitation Downscaling\Precipitation-Downscaling-Khulna\data\processed\rasters_aligned\monthly\NDVI\NDVI_2021_12.tif,True,
2021,12,2021_12,PDIR,E:\Geospatial\Precipitation Downscaling\Precipitation-Downscaling-Khulna\data\processed\rasters_aligned\monthly\PDIR\2021_12.tif,True,
2021,12,2021_12,PERSIANN,E:\Geospatial\Precipitation Downscaling\Precipitation-Downscaling-Khulna\data\processed\rasters_aligned\monthly\PERSIANN\2021_12.tif,True,
2021,12,2021_12,Distance_Sea_meter,E:\Geospatial\Precipitation Downscaling\Precipitation-Downscaling-Khulna\data\processed\rasters_aligned\static\Distance_Sea_meter.tif,True,
2021,12,2021_12,Land_Aspect_Degree_30m,E:\Geospatial\Precipitation Downscaling\Precipitation-Downscaling-Khulna\data\processed\rasters_aligned\static\Land_Aspect_Degree_30m.tif,True,
2021,12,2021_12,Land_Khulna_SRTM_DEM,E:\Geospatial\Precipitation Downscaling\Precipitation-Downscaling-Khulna\data\processed\rasters_aligned\static\Land_Khulna_SRTM_DEM.tif,True,
2021,12,2021_12,Land_Slope_Degree_30m,E:\Geospatial\Precipitation Downscaling\Precipitation-Downscaling-Khulna\data\processed\rasters_aligned\static\Land_Slope_Degree_30m.tif,True,
2022,1,2022_01,CCS,E:\Geospatial\Precipitation Downscaling\Precipitation-Downscaling-Khulna\data\processed\rasters_aligned\monthly\CCS\2022_01.tif,True,
2022,1,2022_01,CDR,E:\Geospatial\Precipitation Downscaling\Precipitation-Downscaling-Khulna\data\processed\rasters_aligned\monthly\CDR\2022_01.tif,True,
2022,1,2022_01,CHIRPS,E:\Geospatial\Precipitation Downscaling\Precipitation-Downscaling-Khulna\data\processed\rasters_aligned\monthly\CHIRPS\2022_01.tif,True,
2022,1,2022_01,ERA5,E:\Geospatial\Precipitation Downscaling\Precipitation-Downscaling-Khulna\data\processed\rasters_aligned\monthly\ERA5\2022_01.tif,True,
2022,1,2022_01,GSMaP_Gauge,E:\Geospatial\Precipitation Downscaling\Precipitation-Downscaling-Khulna\data\processed\rasters_aligned\monthly\GSMaP_Gauge\2022_01.tif,True,
2022,1,2022_01,GSMaP_MVK,E:\Geospatial\Precipitation Downscaling\Precipitation-Downscaling-Khulna\data\processed\rasters_aligned\monthly\GSMaP_MVK\2022_01.tif,True,
2022,1,2022_01,IMERG,E:\Geospatial\Precipitation Downscaling\Precipitation-Downscaling-Khulna\data\processed\rasters_aligned\monthly\IMERG\2022_01.tif,True,
2022,1,2022_01,LST,E:\Geospatial\Precipitation Downscaling\Precipitation-Downscaling-Khulna\data\processed\rasters_aligned\monthly\LST\LST_Day_2022_1.tif,True,
2022,1,2022_01,NDVI,E:\Geospatial\Precipitation Downscaling\Precipitation-Downscaling-Khulna\data\processed\rasters_aligned\monthly\NDVI\NDVI_2022_1.tif,True,
2022,1,2022_01,PDIR,E:\Geospatial\Precipitation Downscaling\Precipitation-Downscaling-Khulna\data\processed\rasters_aligned\monthly\PDIR\2022_01.tif,True,
2022,1,2022_01,PERSIANN,E:\Geospatial\Precipitation Downscaling\Precipitation-Downscaling-Khulna\data\processed\rasters_aligned\monthly\PERSIANN\2022_01.tif,True,
2022,1,2022_01,Distance_Sea_meter,E:\Geospatial\Precipitation Downscaling\Precipitation-Downscaling-Khulna\data\processed\rasters_aligned\static\Distance_Sea_meter.tif,True,
2022,1,2022_01,Land_Aspect_Degree_30m,E:\Geospatial\Precipitation Downscaling\Precipitation-Downscaling-Khulna\data\processed\rasters_aligned\static\Land_Aspect_Degree_30m.tif,True,
2022,1,2022_01,Land_Khulna_SRTM_DEM,E:\Geospatial\Precipitation Downscaling\Precipitation-Downscaling-Khulna\data\processed\rasters_aligned\static\Land_Khulna_SRTM_DEM.tif,True,
2022,1,2022_01,Land_Slope_Degree_30m,E:\Geospatial\Precipitation Downscaling\Precipitation-Downscaling-Khulna\data\processed\rasters_aligned\static\Land_Slope_Degree_30m.tif,True,
2022,2,2022_02,CCS,E:\Geospatial\Precipitation Downscaling\Precipitation-Downscaling-Khulna\data\processed\rasters_aligned\monthly\CCS\2022_02.tif,True,
2022,2,2022_02,CDR,E:\Geospatial\Precipitation Downscaling\Precipitation-Downscaling-Khulna\data\processed\rasters_aligned\monthly\CDR\2022_02.tif,True,
2022,2,2022_02,CHIRPS,E:\Geospatial\Precipitation Downscaling\Precipitation-Downscaling-Khulna\data\processed\rasters_aligned\monthly\CHIRPS\2022_02.tif,True,
2022,2,2022_02,ERA5,E:\Geospatial\Precipitation Downscaling\Precipitation-Downscaling-Khulna\data\processed\rasters_aligned\monthly\ERA5\2022_02.tif,True,
2022,2,2022_02,GSMaP_Gauge,E:\Geospatial\Precipitation Downscaling\Precipitation-Downscaling-Khulna\data\processed\rasters_aligned\monthly\GSMaP_Gauge\2022_02.tif,True,
2022,2,2022_02,GSMaP_MVK,E:\Geospatial\Precipitation Downscaling\Precipitation-Downscaling-Khulna\data\processed\rasters_aligned\monthly\GSMaP_MVK\2022_02.tif,True,
2022,2,2022_02,IMERG,E:\Geospatial\Precipitation Downscaling\Precipitation-Downscaling-Khulna\data\processed\rasters_aligned\monthly\IMERG\2022_02.tif,True,
2022,2,2022_02,LST,E:\Geospatial\Precipitation Downscaling\Precipitation-Downscaling-Khulna\data\processed\rasters_aligned\monthly\LST\LST_Day_2022_2.tif,True,
2022,2,2022_02,NDVI,E:\Geospatial\Precipitation Downscaling\Precipitation-Downscaling-Khulna\data\processed\rasters_aligned\monthly\NDVI\NDVI_2022_2.tif,True,
2022,2,2022_02,PDIR,E:\Geospatial\Precipitation Downscaling\Precipitation-Downscaling-Khulna\data\processed\rasters_aligned\monthly\PDIR\2022_02.tif,True,
2022,2,2022_02,PERSIANN,E:\Geospatial\Precipitation Downscaling\Precipitation-Downscaling-Khulna\data\processed\rasters_aligned\monthly\PERSIANN\2022_02.tif,True,
2022,2,2022_02,Distance_Sea_meter,E:\Geospatial\Precipitation Downscaling\Precipitation-Downscaling-Khulna\data\processed\rasters_aligned\static\Distance_Sea_meter.tif,True,
2022,2,2022_02,Land_Aspect_Degree_30m,E:\Geospatial\Precipitation Downscaling\Precipitation-Downscaling-Khulna\data\processed\rasters_aligned\static\Land_Aspect_Degree_30m.tif,True,
2022,2,2022_02,Land_Khulna_SRTM_DEM,E:\Geospatial\Precipitation Downscaling\Precipitation-Downscaling-Khulna\data\processed\rasters_aligned\static\Land_Khulna_SRTM_DEM.tif,True,
2022,2,2022_02,Land_Slope_Degree_30m,E:\Geospatial\Precipitation Downscaling\Precipitation-Downscaling-Khulna\data\processed\rasters_aligned\static\Land_Slope_Degree_30m.tif,True,
2022,3,2022_03,CCS,E:\Geospatial\Precipitation Downscaling\Precipitation-Downscaling-Khulna\data\processed\rasters_aligned\monthly\CCS\2022_03.tif,True,
2022,3,2022_03,CDR,E:\Geospatial\Precipitation Downscaling\Precipitation-Downscaling-Khulna\data\processed\rasters_aligned\monthly\CDR\2022_03.tif,True,
2022,3,2022_03,CHIRPS,E:\Geospatial\Precipitation Downscaling\Precipitation-Downscaling-Khulna\data\processed\rasters_aligned\monthly\CHIRPS\2022_03.tif,True,
2022,3,2022_03,ERA5,E:\Geospatial\Precipitation Downscaling\Precipitation-Downscaling-Khulna\data\processed\rasters_aligned\monthly\ERA5\2022_03.tif,True,
2022,3,2022_03,GSMaP_Gauge,E:\Geospatial\Precipitation Downscaling\Precipitation-Downscaling-Khulna\data\processed\rasters_aligned\monthly\GSMaP_Gauge\2022_03.tif,True,
2022,3,2022_03,GSMaP_MVK,E:\Geospatial\Precipitation Downscaling\Precipitation-Downscaling-Khulna\data\processed\rasters_aligned\monthly\GSMaP_MVK\2022_03.tif,True,
2022,3,2022_03,IMERG,E:\Geospatial\Precipitation Downscaling\Precipitation-Downscaling-Khulna\data\processed\rasters_aligned\monthly\IMERG\2022_03.tif,True,
2022,3,2022_03,LST,E:\Geospatial\Precipitation Downscaling\Precipitation-Downscaling-Khulna\data\processed\rasters_aligned\monthly\LST\LST_Day_2022_3.tif,True,
2022,3,2022_03,NDVI,E:\Geospatial\Precipitation Downscaling\Precipitation-Downscaling-Khulna\data\processed\rasters_aligned\monthly\NDVI\NDVI_2022_3.tif,True,
2022,3,2022_03,PDIR,E:\Geospatial\Precipitation Downscaling\Precipitation-Downscaling-Khulna\data\processed\rasters_aligned\monthly\PDIR\2022_03.tif,True,
2022,3,2022_03,PERSIANN,E:\Geospatial\Precipitation Downscaling\Precipitation-Downscaling-Khulna\data\processed\rasters_aligned\monthly\PERSIANN\2022_03.tif,True,
2022,3,2022_03,Distance_Sea_meter,E:\Geospatial\Precipitation Downscaling\Precipitation-Downscaling-Khulna\data\processed\rasters_aligned\static\Distance_Sea_meter.tif,True,
2022,3,2022_03,Land_Aspect_Degree_30m,E:\Geospatial\Precipitation Downscaling\Precipitation-Downscaling-Khulna\data\processed\rasters_aligned\static\Land_Aspect_Degree_30m.tif,True,
2022,3,2022_03,Land_Khulna_SRTM_DEM,E:\Geospatial\Precipitation Downscaling\Precipitation-Downscaling-Khulna\data\processed\rasters_aligned\static\Land_Khulna_SRTM_DEM.tif,True,
2022,3,2022_03,Land_Slope_Degree_30m,E:\Geospatial\Precipitation Downscaling\Precipitation-Downscaling-Khulna\data\processed\rasters_aligned\static\Land_Slope_Degree_30m.tif,True,
2022,4,2022_04,CCS,E:\Geospatial\Precipitation Downscaling\Precipitation-Downscaling-Khulna\data\processed\rasters_aligned\monthly\CCS\2022_04.tif,True,
2022,4,2022_04,CDR,E:\Geospatial\Precipitation Downscaling\Precipitation-Downscaling-Khulna\data\processed\rasters_aligned\monthly\CDR\2022_04.tif,True,
2022,4,2022_04,CHIRPS,E:\Geospatial\Precipitation Downscaling\Precipitation-Downscaling-Khulna\data\processed\rasters_aligned\monthly\CHIRPS\2022_04.tif,True,
2022,4,2022_04,ERA5,E:\Geospatial\Precipitation Downscaling\Precipitation-Downscaling-Khulna\data\processed\rasters_aligned\monthly\ERA5\2022_04.tif,True,
2022,4,2022_04,GSMaP_Gauge,E:\Geospatial\Precipitation Downscaling\Precipitation-Downscaling-Khulna\data\processed\rasters_aligned\monthly\GSMaP_Gauge\2022_04.tif,True,
2022,4,2022_04,GSMaP_MVK,E:\Geospatial\Precipitation Downscaling\Precipitation-Downscaling-Khulna\data\processed\rasters_aligned\monthly\GSMaP_MVK\2022_04.tif,True,
2022,4,2022_04,IMERG,E:\Geospatial\Precipitation Downscaling\Precipitation-Downscaling-Khulna\data\processed\rasters_aligned\monthly\IMERG\2022_04.tif,True,
2022,4,2022_04,LST,E:\Geospatial\Precipitation Downscaling\Precipitation-Downscaling-Khulna\data\processed\rasters_aligned\monthly\LST\LST_Day_2022_4.tif,True,
2022,4,2022_04,NDVI,E:\Geospatial\Precipitation Downscaling\Precipitation-Downscaling-Khulna\data\processed\rasters_aligned\monthly\NDVI\NDVI_2022_4.tif,True,
2022,4,2022_04,PDIR,E:\Geospatial\Precipitation Downscaling\Precipitation-Downscaling-Khulna\data\processed\rasters_aligned\monthly\PDIR\2022_04.tif,True,
2022,4,2022_04,PERSIANN,E:\Geospatial\Precipitation Downscaling\Precipitation-Downscaling-Khulna\data\processed\rasters_aligned\monthly\PERSIANN\2022_04.tif,True,
2022,4,2022_04,Distance_Sea_meter,E:\Geospatial\Precipitation Downscaling\Precipitation-Downscaling-Khulna\data\processed\rasters_aligned\static\Distance_Sea_meter.tif,True,
2022,4,2022_04,Land_Aspect_Degree_30m,E:\Geospatial\Precipitation Downscaling\Precipitation-Downscaling-Khulna\data\processed\rasters_aligned\static\Land_Aspect_Degree_30m.tif,True,
2022,4,2022_04,Land_Khulna_SRTM_DEM,E:\Geospatial\Precipitation Downscaling\Precipitation-Downscaling-Khulna\data\processed\rasters_aligned\static\Land_Khulna_SRTM_DEM.tif,True,
2022,4,2022_04,Land_Slope_Degree_30m,E:\Geospatial\Precipitation Downscaling\Precipitation-Downscaling-Khulna\data\processed\rasters_aligned\static\Land_Slope_Degree_30m.tif,True,
2022,5,2022_05,CCS,E:\Geospatial\Precipitation Downscaling\Precipitation-Downscaling-Khulna\data\processed\rasters_aligned\monthly\CCS\2022_05.tif,True,
2022,5,2022_05,CDR,E:\Geospatial\Precipitation Downscaling\Precipitation-Downscaling-Khulna\data\processed\rasters_aligned\monthly\CDR\2022_05.tif,True,
2022,5,2022_05,CHIRPS,E:\Geospatial\Precipitation Downscaling\Precipitation-Downscaling-Khulna\data\processed\rasters_aligned\monthly\CHIRPS\2022_05.tif,True,
2022,5,2022_05,ERA5,E:\Geospatial\Precipitation Downscaling\Precipitation-Downscaling-Khulna\data\processed\rasters_aligned\monthly\ERA5\2022_05.tif,True,
2022,5,2022_05,GSMaP_Gauge,E:\Geospatial\Precipitation Downscaling\Precipitation-Downscaling-Khulna\data\processed\rasters_aligned\monthly\GSMaP_Gauge\2022_05.tif,True,
2022,5,2022_05,GSMaP_MVK,E:\Geospatial\Precipitation Downscaling\Precipitation-Downscaling-Khulna\data\processed\rasters_aligned\monthly\GSMaP_MVK\2022_05.tif,True,
2022,5,2022_05,IMERG,E:\Geospatial\Precipitation Downscaling\Precipitation-Downscaling-Khulna\data\processed\rasters_aligned\monthly\IMERG\2022_05.tif,True,
2022,5,2022_05,LST,E:\Geospatial\Precipitation Downscaling\Precipitation-Downscaling-Khulna\data\processed\rasters_aligned\monthly\LST\LST_Day_2022_5.tif,True,
2022,5,2022_05,NDVI,E:\Geospatial\Precipitation Downscaling\Precipitation-Downscaling-Khulna\data\processed\rasters_aligned\monthly\NDVI\NDVI_2022_5.tif,True,
2022,5,2022_05,PDIR,E:\Geospatial\Precipitation Downscaling\Precipitation-Downscaling-Khulna\data\processed\rasters_aligned\monthly\PDIR\2022_05.tif,True,
2022,5,2022_05,PERSIANN,E:\Geospatial\Precipitation Downscaling\Precipitation-Downscaling-Khulna\data\processed\rasters_aligned\monthly\PERSIANN\2022_05.tif,True,
2022,5,2022_05,Distance_Sea_meter,E:\Geospatial\Precipitation Downscaling\Precipitation-Downscaling-Khulna\data\processed\rasters_aligned\static\Distance_Sea_meter.tif,True,
2022,5,2022_05,Land_Aspect_Degree_30m,E:\Geospatial\Precipitation Downscaling\Precipitation-Downscaling-Khulna\data\processed\rasters_aligned\static\Land_Aspect_Degree_30m.tif,True,
2022,5,2022_05,Land_Khulna_SRTM_DEM,E:\Geospatial\Precipitation Downscaling\Precipitation-Downscaling-Khulna\data\processed\rasters_aligned\static\Land_Khulna_SRTM_DEM.tif,True,
2022,5,2022_05,Land_Slope_Degree_30m,E:\Geospatial\Precipitation Downscaling\Precipitation-Downscaling-Khulna\data\processed\rasters_aligned\static\Land_Slope_Degree_30m.tif,True,
2022,6,2022_06,CCS,E:\Geospatial\Precipitation Downscaling\Precipitation-Downscaling-Khulna\data\processed\rasters_aligned\monthly\CCS\2022_06.tif,True,
2022,6,2022_06,CDR,E:\Geospatial\Precipitation Downscaling\Precipitation-Downscaling-Khulna\data\processed\rasters_aligned\monthly\CDR\2022_06.tif,True,
2022,6,2022_06,CHIRPS,E:\Geospatial\Precipitation Downscaling\Precipitation-Downscaling-Khulna\data\processed\rasters_aligned\monthly\CHIRPS\2022_06.tif,True,
2022,6,2022_06,ERA5,E:\Geospatial\Precipitation Downscaling\Precipitation-Downscaling-Khulna\data\processed\rasters_aligned\monthly\ERA5\2022_06.tif,True,
2022,6,2022_06,GSMaP_Gauge,E:\Geospatial\Precipitation Downscaling\Precipitation-Downscaling-Khulna\data\processed\rasters_aligned\monthly\GSMaP_Gauge\2022_06.tif,True,
2022,6,2022_06,GSMaP_MVK,E:\Geospatial\Precipitation Downscaling\Precipitation-Downscaling-Khulna\data\processed\rasters_aligned\monthly\GSMaP_MVK\2022_06.tif,True,
2022,6,2022_06,IMERG,E:\Geospatial\Precipitation Downscaling\Precipitation-Downscaling-Khulna\data\processed\rasters_aligned\monthly\IMERG\2022_06.tif,True,
2022,6,2022_06,LST,E:\Geospatial\Precipitation Downscaling\Precipitation-Downscaling-Khulna\data\processed\rasters_aligned\monthly\LST\LST_Day_2022_6.tif,True,
2022,6,2022_06,NDVI,E:\Geospatial\Precipitation Downscaling\Precipitation-Downscaling-Khulna\data\processed\rasters_aligned\monthly\NDVI\NDVI_2022_6.tif,True,
2022,6,2022_06,PDIR,E:\Geospatial\Precipitation Downscaling\Precipitation-Downscaling-Khulna\data\processed\rasters_aligned\monthly\PDIR\2022_06.tif,True,
2022,6,2022_06,PERSIANN,E:\Geospatial\Precipitation Downscaling\Precipitation-Downscaling-Khulna\data\processed\rasters_aligned\monthly\PERSIANN\2022_06.tif,True,
2022,6,2022_06,Distance_Sea_meter,E:\Geospatial\Precipitation Downscaling\Precipitation-Downscaling-Khulna\data\processed\rasters_aligned\static\Distance_Sea_meter.tif,True,
2022,6,2022_06,Land_Aspect_Degree_30m,E:\Geospatial\Precipitation Downscaling\Precipitation-Downscaling-Khulna\data\processed\rasters_aligned\static\Land_Aspect_Degree_30m.tif,True,
2022,6,2022_06,Land_Khulna_SRTM_DEM,E:\Geospatial\Precipitation Downscaling\Precipitation-Downscaling-Khulna\data\processed\rasters_aligned\static\Land_Khulna_SRTM_DEM.tif,True,
2022,6,2022_06,Land_Slope_Degree_30m,E:\Geospatial\Precipitation Downscaling\Precipitation-Downscaling-Khulna\data\processed\rasters_aligned\static\Land_Slope_Degree_30m.tif,True,
2022,7,2022_07,CCS,E:\Geospatial\Precipitation Downscaling\Precipitation-Downscaling-Khulna\data\processed\rasters_aligned\monthly\CCS\2022_07.tif,True,
2022,7,2022_07,CDR,E:\Geospatial\Precipitation Downscaling\Precipitation-Downscaling-Khulna\data\processed\rasters_aligned\monthly\CDR\2022_07.tif,True,
2022,7,2022_07,CHIRPS,E:\Geospatial\Precipitation Downscaling\Precipitation-Downscaling-Khulna\data\processed\rasters_aligned\monthly\CHIRPS\2022_07.tif,True,
2022,7,2022_07,ERA5,E:\Geospatial\Precipitation Downscaling\Precipitation-Downscaling-Khulna\data\processed\rasters_aligned\monthly\ERA5\2022_07.tif,True,
2022,7,2022_07,GSMaP_Gauge,E:\Geospatial\Precipitation Downscaling\Precipitation-Downscaling-Khulna\data\processed\rasters_aligned\monthly\GSMaP_Gauge\2022_07.tif,True,
2022,7,2022_07,GSMaP_MVK,E:\Geospatial\Precipitation Downscaling\Precipitation-Downscaling-Khulna\data\processed\rasters_aligned\monthly\GSMaP_MVK\2022_07.tif,True,
2022,7,2022_07,IMERG,E:\Geospatial\Precipitation Downscaling\Precipitation-Downscaling-Khulna\data\processed\rasters_aligned\monthly\IMERG\2022_07.tif,True,
2022,7,2022_07,LST,E:\Geospatial\Precipitation Downscaling\Precipitation-Downscaling-Khulna\data\processed\rasters_aligned\monthly\LST\LST_Day_2022_7.tif,True,
2022,7,2022_07,NDVI,E:\Geospatial\Precipitation Downscaling\Precipitation-Downscaling-Khulna\data\processed\rasters_aligned\monthly\NDVI\NDVI_2022_7.tif,True,
2022,7,2022_07,PDIR,E:\Geospatial\Precipitation Downscaling\Precipitation-Downscaling-Khulna\data\processed\rasters_aligned\monthly\PDIR\2022_07.tif,True,
2022,7,2022_07,PERSIANN,E:\Geospatial\Precipitation Downscaling\Precipitation-Downscaling-Khulna\data\processed\rasters_aligned\monthly\PERSIANN\2022_07.tif,True,
2022,7,2022_07,Distance_Sea_meter,E:\Geospatial\Precipitation Downscaling\Precipitation-Downscaling-Khulna\data\processed\rasters_aligned\static\Distance_Sea_meter.tif,True,
2022,7,2022_07,Land_Aspect_Degree_30m,E:\Geospatial\Precipitation Downscaling\Precipitation-Downscaling-Khulna\data\processed\rasters_aligned\static\Land_Aspect_Degree_30m.tif,True,
2022,7,2022_07,Land_Khulna_SRTM_DEM,E:\Geospatial\Precipitation Downscaling\Precipitation-Downscaling-Khulna\data\processed\rasters_aligned\static\Land_Khulna_SRTM_DEM.tif,True,
2022,7,2022_07,Land_Slope_Degree_30m,E:\Geospatial\Precipitation Downscaling\Precipitation-Downscaling-Khulna\data\processed\rasters_aligned\static\Land_Slope_Degree_30m.tif,True,
2022,8,2022_08,CCS,E:\Geospatial\Precipitation Downscaling\Precipitation-Downscaling-Khulna\data\processed\rasters_aligned\monthly\CCS\2022_08.tif,True,
2022,8,2022_08,CDR,E:\Geospatial\Precipitation Downscaling\Precipitation-Downscaling-Khulna\data\processed\rasters_aligned\monthly\CDR\2022_08.tif,True,
2022,8,2022_08,CHIRPS,E:\Geospatial\Precipitation Downscaling\Precipitation-Downscaling-Khulna\data\processed\rasters_aligned\monthly\CHIRPS\2022_08.tif,True,
2022,8,2022_08,ERA5,E:\Geospatial\Precipitation Downscaling\Precipitation-Downscaling-Khulna\data\processed\rasters_aligned\monthly\ERA5\2022_08.tif,True,
2022,8,2022_08,GSMaP_Gauge,E:\Geospatial\Precipitation Downscaling\Precipitation-Downscaling-Khulna\data\processed\rasters_aligned\monthly\GSMaP_Gauge\2022_08.tif,True,
2022,8,2022_08,GSMaP_MVK,E:\Geospatial\Precipitation Downscaling\Precipitation-Downscaling-Khulna\data\processed\rasters_aligned\monthly\GSMaP_MVK\2022_08.tif,True,
2022,8,2022_08,IMERG,E:\Geospatial\Precipitation Downscaling\Precipitation-Downscaling-Khulna\data\processed\rasters_aligned\monthly\IMERG\2022_08.tif,True,
2022,8,2022_08,LST,E:\Geospatial\Precipitation Downscaling\Precipitation-Downscaling-Khulna\data\processed\rasters_aligned\monthly\LST\LST_Day_2022_8.tif,True,
2022,8,2022_08,NDVI,E:\Geospatial\Precipitation Downscaling\Precipitation-Downscaling-Khulna\data\processed\rasters_aligned\monthly\NDVI\NDVI_2022_8.tif,True,
2022,8,2022_08,PDIR,E:\Geospatial\Precipitation Downscaling\Precipitation-Downscaling-Khulna\data\processed\rasters_aligned\monthly\PDIR\2022_08.tif,True,
2022,8,2022_08,PERSIANN,E:\Geospatial\Precipitation Downscaling\Precipitation-Downscaling-Khulna\data\processed\rasters_aligned\monthly\PERSIANN\2022_08.tif,True,
2022,8,2022_08,Distance_Sea_meter,E:\Geospatial\Precipitation Downscaling\Precipitation-Downscaling-Khulna\data\processed\rasters_aligned\static\Distance_Sea_meter.tif,True,
2022,8,2022_08,Land_Aspect_Degree_30m,E:\Geospatial\Precipitation Downscaling\Precipitation-Downscaling-Khulna\data\processed\rasters_aligned\static\Land_Aspect_Degree_30m.tif,True,
2022,8,2022_08,Land_Khulna_SRTM_DEM,E:\Geospatial\Precipitation Downscaling\Precipitation-Downscaling-Khulna\data\processed\rasters_aligned\static\Land_Khulna_SRTM_DEM.tif,True,
2022,8,2022_08,Land_Slope_Degree_30m,E:\Geospatial\Precipitation Downscaling\Precipitation-Downscaling-Khulna\data\processed\rasters_aligned\static\Land_Slope_Degree_30m.tif,True,
2022,9,2022_09,CCS,E:\Geospatial\Precipitation Downscaling\Precipitation-Downscaling-Khulna\data\processed\rasters_aligned\monthly\CCS\2022_09.tif,True,
2022,9,2022_09,CDR,E:\Geospatial\Precipitation Downscaling\Precipitation-Downscaling-Khulna\data\processed\rasters_aligned\monthly\CDR\2022_09.tif,True,
2022,9,2022_09,CHIRPS,E:\Geospatial\Precipitation Downscaling\Precipitation-Downscaling-Khulna\data\processed\rasters_aligned\monthly\CHIRPS\2022_09.tif,True,
2022,9,2022_09,ERA5,E:\Geospatial\Precipitation Downscaling\Precipitation-Downscaling-Khulna\data\processed\rasters_aligned\monthly\ERA5\2022_09.tif,True,
2022,9,2022_09,GSMaP_Gauge,E:\Geospatial\Precipitation Downscaling\Precipitation-Downscaling-Khulna\data\processed\rasters_aligned\monthly\GSMaP_Gauge\2022_09.tif,True,
2022,9,2022_09,GSMaP_MVK,E:\Geospatial\Precipitation Downscaling\Precipitation-Downscaling-Khulna\data\processed\rasters_aligned\monthly\GSMaP_MVK\2022_09.tif,True,
2022,9,2022_09,IMERG,E:\Geospatial\Precipitation Downscaling\Precipitation-Downscaling-Khulna\data\processed\rasters_aligned\monthly\IMERG\2022_09.tif,True,
2022,9,2022_09,LST,E:\Geospatial\Precipitation Downscaling\Precipitation-Downscaling-Khulna\data\processed\rasters_aligned\monthly\LST\LST_Day_2022_9.tif,True,
2022,9,2022_09,NDVI,E:\Geospatial\Precipitation Downscaling\Precipitation-Downscaling-Khulna\data\processed\rasters_aligned\monthly\NDVI\NDVI_2022_9.tif,True,
2022,9,2022_09,PDIR,E:\Geospatial\Precipitation Downscaling\Precipitation-Downscaling-Khulna\data\processed\rasters_aligned\monthly\PDIR\2022_09.tif,True,
2022,9,2022_09,PERSIANN,E:\Geospatial\Precipitation Downscaling\Precipitation-Downscaling-Khulna\data\processed\rasters_aligned\monthly\PERSIANN\2022_09.tif,True,
2022,9,2022_09,Distance_Sea_meter,E:\Geospatial\Precipitation Downscaling\Precipitation-Downscaling-Khulna\data\processed\rasters_aligned\static\Distance_Sea_meter.tif,True,
2022,9,2022_09,Land_Aspect_Degree_30m,E:\Geospatial\Precipitation Downscaling\Precipitation-Downscaling-Khulna\data\processed\rasters_aligned\static\Land_Aspect_Degree_30m.tif,True,
2022,9,2022_09,Land_Khulna_SRTM_DEM,E:\Geospatial\Precipitation Downscaling\Precipitation-Downscaling-Khulna\data\processed\rasters_aligned\static\Land_Khulna_SRTM_DEM.tif,True,
2022,9,2022_09,Land_Slope_Degree_30m,E:\Geospatial\Precipitation Downscaling\Precipitation-Downscaling-Khulna\data\processed\rasters_aligned\static\Land_Slope_Degree_30m.tif,True,
2022,10,2022_10,CCS,E:\Geospatial\Precipitation Downscaling\Precipitation-Downscaling-Khulna\data\processed\rasters_aligned\monthly\CCS\2022_10.tif,True,
2022,10,2022_10,CDR,E:\Geospatial\Precipitation Downscaling\Precipitation-Downscaling-Khulna\data\processed\rasters_aligned\monthly\CDR\2022_10.tif,True,
2022,10,2022_10,CHIRPS,E:\Geospatial\Precipitation Downscaling\Precipitation-Downscaling-Khulna\data\processed\rasters_aligned\monthly\CHIRPS\2022_10.tif,True,
2022,10,2022_10,ERA5,E:\Geospatial\Precipitation Downscaling\Precipitation-Downscaling-Khulna\data\processed\rasters_aligned\monthly\ERA5\2022_10.tif,True,
2022,10,2022_10,GSMaP_Gauge,E:\Geospatial\Precipitation Downscaling\Precipitation-Downscaling-Khulna\data\processed\rasters_aligned\monthly\GSMaP_Gauge\2022_10.tif,True,
2022,10,2022_10,GSMaP_MVK,E:\Geospatial\Precipitation Downscaling\Precipitation-Downscaling-Khulna\data\processed\rasters_aligned\monthly\GSMaP_MVK\2022_10.tif,True,
2022,10,2022_10,IMERG,E:\Geospatial\Precipitation Downscaling\Precipitation-Downscaling-Khulna\data\processed\rasters_aligned\monthly\IMERG\2022_10.tif,True,
2022,10,2022_10,LST,E:\Geospatial\Precipitation Downscaling\Precipitation-Downscaling-Khulna\data\processed\rasters_aligned\monthly\LST\LST_Day_2022_10.tif,True,
2022,10,2022_10,NDVI,E:\Geospatial\Precipitation Downscaling\Precipitation-Downscaling-Khulna\data\processed\rasters_aligned\monthly\NDVI\NDVI_2022_10.tif,True,
2022,10,2022_10,PDIR,E:\Geospatial\Precipitation Downscaling\Precipitation-Downscaling-Khulna\data\processed\rasters_aligned\monthly\PDIR\2022_10.tif,True,
2022,10,2022_10,PERSIANN,E:\Geospatial\Precipitation Downscaling\Precipitation-Downscaling-Khulna\data\processed\rasters_aligned\monthly\PERSIANN\2022_10.tif,True,
2022,10,2022_10,Distance_Sea_meter,E:\Geospatial\Precipitation Downscaling\Precipitation-Downscaling-Khulna\data\processed\rasters_aligned\static\Distance_Sea_meter.tif,True,
2022,10,2022_10,Land_Aspect_Degree_30m,E:\Geospatial\Precipitation Downscaling\Precipitation-Downscaling-Khulna\data\processed\rasters_aligned\static\Land_Aspect_Degree_30m.tif,True,
2022,10,2022_10,Land_Khulna_SRTM_DEM,E:\Geospatial\Precipitation Downscaling\Precipitation-Downscaling-Khulna\data\processed\rasters_aligned\static\Land_Khulna_SRTM_DEM.tif,True,
2022,10,2022_10,Land_Slope_Degree_30m,E:\Geospatial\Precipitation Downscaling\Precipitation-Downscaling-Khulna\data\processed\rasters_aligned\static\Land_Slope_Degree_30m.tif,True,
2022,11,2022_11,CCS,E:\Geospatial\Precipitation Downscaling\Precipitation-Downscaling-Khulna\data\processed\rasters_aligned\monthly\CCS\2022_11.tif,True,
2022,11,2022_11,CDR,E:\Geospatial\Precipitation Downscaling\Precipitation-Downscaling-Khulna\data\processed\rasters_aligned\monthly\CDR\2022_11.tif,True,
2022,11,2022_11,CHIRPS,E:\Geospatial\Precipitation Downscaling\Precipitation-Downscaling-Khulna\data\processed\rasters_aligned\monthly\CHIRPS\2022_11.tif,True,
2022,11,2022_11,ERA5,E:\Geospatial\Precipitation Downscaling\Precipitation-Downscaling-Khulna\data\processed\rasters_aligned\monthly\ERA5\2022_11.tif,True,
2022,11,2022_11,GSMaP_Gauge,E:\Geospatial\Precipitation Downscaling\Precipitation-Downscaling-Khulna\data\processed\rasters_aligned\monthly\GSMaP_Gauge\2022_11.tif,True,
2022,11,2022_11,GSMaP_MVK,E:\Geospatial\Precipitation Downscaling\Precipitation-Downscaling-Khulna\data\processed\rasters_aligned\monthly\GSMaP_MVK\2022_11.tif,True,
2022,11,2022_11,IMERG,E:\Geospatial\Precipitation Downscaling\Precipitation-Downscaling-Khulna\data\processed\rasters_aligned\monthly\IMERG\2022_11.tif,True,
2022,11,2022_11,LST,E:\Geospatial\Precipitation Downscaling\Precipitation-Downscaling-Khulna\data\processed\rasters_aligned\monthly\LST\LST_Day_2022_11.tif,True,
2022,11,2022_11,NDVI,E:\Geospatial\Precipitation Downscaling\Precipitation-Downscaling-Khulna\data\processed\rasters_aligned\monthly\NDVI\NDVI_2022_11.tif,True,
2022,11,2022_11,PDIR,E:\Geospatial\Precipitation Downscaling\Precipitation-Downscaling-Khulna\data\processed\rasters_aligned\monthly\PDIR\2022_11.tif,True,
2022,11,2022_11,PERSIANN,E:\Geospatial\Precipitation Downscaling\Precipitation-Downscaling-Khulna\data\processed\rasters_aligned\monthly\PERSIANN\2022_11.tif,True,
2022,11,2022_11,Distance_Sea_meter,E:\Geospatial\Precipitation Downscaling\Precipitation-Downscaling-Khulna\data\processed\rasters_aligned\static\Distance_Sea_meter.tif,True,
2022,11,2022_11,Land_Aspect_Degree_30m,E:\Geospatial\Precipitation Downscaling\Precipitation-Downscaling-Khulna\data\processed\rasters_aligned\static\Land_Aspect_Degree_30m.tif,True,
2022,11,2022_11,Land_Khulna_SRTM_DEM,E:\Geospatial\Precipitation Downscaling\Precipitation-Downscaling-Khulna\data\processed\rasters_aligned\static\Land_Khulna_SRTM_DEM.tif,True,
2022,11,2022_11,Land_Slope_Degree_30m,E:\Geospatial\Precipitation Downscaling\Precipitation-Downscaling-Khulna\data\processed\rasters_aligned\static\Land_Slope_Degree_30m.tif,True,
2022,12,2022_12,CCS,E:\Geospatial\Precipitation Downscaling\Precipitation-Downscaling-Khulna\data\processed\rasters_aligned\monthly\CCS\2022_12.tif,True,
2022,12,2022_12,CDR,E:\Geospatial\Precipitation Downscaling\Precipitation-Downscaling-Khulna\data\processed\rasters_aligned\monthly\CDR\2022_12.tif,True,
2022,12,2022_12,CHIRPS,E:\Geospatial\Precipitation Downscaling\Precipitation-Downscaling-Khulna\data\processed\rasters_aligned\monthly\CHIRPS\2022_12.tif,True,
2022,12,2022_12,ERA5,E:\Geospatial\Precipitation Downscaling\Precipitation-Downscaling-Khulna\data\processed\rasters_aligned\monthly\ERA5\2022_12.tif,True,
2022,12,2022_12,GSMaP_Gauge,E:\Geospatial\Precipitation Downscaling\Precipitation-Downscaling-Khulna\data\processed\rasters_aligned\monthly\GSMaP_Gauge\2022_12.tif,True,
2022,12,2022_12,GSMaP_MVK,E:\Geospatial\Precipitation Downscaling\Precipitation-Downscaling-Khulna\data\processed\rasters_aligned\monthly\GSMaP_MVK\2022_12.tif,True,
2022,12,2022_12,IMERG,E:\Geospatial\Precipitation Downscaling\Precipitation-Downscaling-Khulna\data\processed\rasters_aligned\monthly\IMERG\2022_12.tif,True,
2022,12,2022_12,LST,E:\Geospatial\Precipitation Downscaling\Precipitation-Downscaling-Khulna\data\processed\rasters_aligned\monthly\LST\LST_Day_2022_12.tif,True,
2022,12,2022_12,NDVI,E:\Geospatial\Precipitation Downscaling\Precipitation-Downscaling-Khulna\data\processed\rasters_aligned\monthly\NDVI\NDVI_2022_12.tif,True,
2022,12,2022_12,PDIR,E:\Geospatial\Precipitation Downscaling\Precipitation-Downscaling-Khulna\data\processed\rasters_aligned\monthly\PDIR\2022_12.tif,True,
2022,12,2022_12,PERSIANN,E:\Geospatial\Precipitation Downscaling\Precipitation-Downscaling-Khulna\data\processed\rasters_aligned\monthly\PERSIANN\2022_12.tif,True,
2022,12,2022_12,Distance_Sea_meter,E:\Geospatial\Precipitation Downscaling\Precipitation-Downscaling-Khulna\data\processed\rasters_aligned\static\Distance_Sea_meter.tif,True,
2022,12,2022_12,Land_Aspect_Degree_30m,E:\Geospatial\Precipitation Downscaling\Precipitation-Downscaling-Khulna\data\processed\rasters_aligned\static\Land_Aspect_Degree_30m.tif,True,
2022,12,2022_12,Land_Khulna_SRTM_DEM,E:\Geospatial\Precipitation Downscaling\Precipitation-Downscaling-Khulna\data\processed\rasters_aligned\static\Land_Khulna_SRTM_DEM.tif,True,
2022,12,2022_12,Land_Slope_Degree_30m,E:\Geospatial\Precipitation Downscaling\Precipitation-Downscaling-Khulna\data\processed\rasters_aligned\static\Land_Slope_Degree_30m.tif,True,
