station_id,station_name,latitude,longitude,year,month,date,month_id,season,month_sin,month_cos,rainfall_mm,CCS,CDR,CHIRPS,ERA5,GSMaP_Gauge,GSMaP_MVK,IMERG,LST,NDVI,PDIR,PERSIANN,Distance_Sea_meter,Land_Aspect_Degree_30m,Land_Khulna_SRTM_DEM,Land_Slope_Degree_30m,raster_x,raster_y,inside_raster_bounds,valid_predictor_count,missing_predictor_count,all_predictors_available
CL503,Chalna,22.6012,89.5195,2017,1,2017-01-01,2017_01,Winter,0.4999999999999999,0.8660254037844387,0.0,0.4019501507282257,,4.38778018951416,0.2787535190582275,0.0,1.765300154685974,0.0,23.280000686645508,0.3041000068187713,10.4671630859375,,31467.640625,108.51805877685548,3.4914283752441406,1.7203952074050903,89.5195,22.6012,True,13,2,False
CL504,Dumuria,22.8093,89.4145,2017,1,2017-01-01,2017_01,Winter,0.4999999999999999,0.8660254037844387,0.0,1.0,5.44762659072876,3.7757585048675537,0.4241399765014648,0.0,3.242605209350586,0.0010000000474974,22.76499938964844,0.4519999921321869,12.070197105407717,0.0485039800405502,57738.24609375,152.4185333251953,5.504084587097168,1.9329872131347656,89.4145,22.8093,True,15,0,True
CL509,Kapilmuni,22.6887,89.3088,2017,1,2017-01-01,2017_01,Winter,0.4999999999999999,0.8660254037844387,0.0,,4.464537620544434,3.3646609783172607,0.4086854159832001,0.0,3.2736167907714844,0.0010000000474974,22.815000534057617,0.3264999985694885,,0.0,48315.43359375,157.5592803955078,4.3667826652526855,1.917250394821167,89.3088,22.6887,True,13,2,False
CL510,Khulna,22.8319,89.55,2017,1,2017-01-01,2017_01,Winter,0.4999999999999999,0.8660254037844387,0.0,1.0,6.215548515319824,4.313318729400635,0.4090563058853149,0.0,2.5015628337860107,1.850521039159503e-05,24.895000457763672,0.3783000111579895,11.374858856201172,0.2605306208133697,56018.875,154.1371307373047,6.754478931427002,2.105170726776123,89.55,22.8319,True,15,0,True
CL515,Paikgacha,22.585,89.3182,2017,1,2017-01-01,2017_01,Winter,0.4999999999999999,0.8660254037844387,0.0,0.6250718832015991,4.270296573638916,4.934360027313232,0.3701248466968536,0.0,2.5667271614074707,0.0010000000474974,23.049999237060547,0.2904999852180481,4.497903823852539,0.0,37890.0703125,129.93092346191406,4.656047344207764,1.6002691984176636,89.3182,22.585,True,15,0,True
CL517,Rupsa,22.79,89.59,2017,1,2017-01-01,2017_01,Winter,0.4999999999999999,0.8660254037844387,0.0,1.0,6.369730472564697,5.610559463500977,0.3673664629459381,0.0,1.89395534992218,0.0002770677383523,23.170000076293945,0.3680000007152557,12.297443389892578,0.3266940414905548,50599.09375,140.3240509033203,3.7103257179260254,1.5449576377868652,89.59,22.79,True,15,0,True
CL503,Chalna,22.6012,89.5195,2017,2,2017-02-01,2017_02,Winter,0.8660254037844386,0.5000000000000001,0.0,0.0,,5.731336116790772,3.2802157402038574,0.5223605632781982,0.0,0.0031354101374745,27.739999771118164,0.3495000004768371,0.0,,31467.640625,108.51805877685548,3.4914283752441406,1.7203952074050903,89.5195,22.6012,True,13,2,False
CL504,Dumuria,22.8093,89.4145,2017,2,2017-02-01,2017_02,Winter,0.8660254037844386,0.5000000000000001,0.0,0.0,0.0,5.261413097381592,2.83451247215271,0.456497460603714,2.186530113220215,0.0023738772142678,26.540000915527344,0.5673999786376953,0.0,0.0,57738.24609375,152.4185333251953,5.504084587097168,1.9329872131347656,89.4145,22.8093,True,15,0,True
CL509,Kapilmuni,22.6887,89.3088,2017,2,2017-02-01,2017_02,Winter,0.8660254037844386,0.5000000000000001,0.0,,0.0,6.11046314239502,2.5614452362060547,0.5778337717056274,0.5782321691513062,0.0046141813509166,26.424999237060547,0.4192000031471252,,0.0,48315.43359375,157.5592803955078,4.3667826652526855,1.917250394821167,89.3088,22.6887,True,13,2,False
CL510,Khulna,22.8319,89.55,2017,2,2017-02-01,2017_02,Winter,0.8660254037844386,0.5000000000000001,0.0,0.0,0.0,5.011327743530273,3.353447914123535,0.9344951510429382,6.169003009796143,0.0029850888531655,29.075000762939453,0.3811999857425689,0.0,0.0,56018.875,154.1371307373047,6.754478931427002,2.105170726776123,89.55,22.8319,True,15,0,True
CL515,Paikgacha,22.585,89.3182,2017,2,2017-02-01,2017_02,Winter,0.8660254037844386,0.5000000000000001,0.0,0.0,0.0,6.224285125732422,2.4654946327209477,0.2406346797943115,0.0,0.0058266837149858,26.420000076293945,0.3136999905109405,0.0,0.0,37890.0703125,129.93092346191406,4.656047344207764,1.6002691984176636,89.3182,22.585,True,15,0,True
CL517,Rupsa,22.79,89.59,2017,2,2017-02-01,2017_02,Winter,0.8660254037844386,0.5000000000000001,0.0,0.0,0.0,5.437217712402344,3.558164119720459,0.871608316898346,2.106011152267456,0.003000000026077,27.065000534057617,0.3804999887943268,0.0,0.0,50599.09375,140.3240509033203,3.7103257179260254,1.5449576377868652,89.59,22.79,True,15,0,True
CL503,Chalna,22.6012,89.5195,2017,3,2017-03-01,2017_03,Pre_Monsoon,1.0,6.123233995736766e-17,345.0,2.7440202236175537,,46.87693405151367,105.24278259277344,116.10933685302734,58.0058479309082,0.0984799489378929,29.209999084472656,0.3115000128746032,14.767939567565918,,31467.640625,108.51805877685548,3.4914283752441406,1.7203952074050903,89.5195,22.6012,True,13,2,False
CL504,Dumuria,22.8093,89.4145,2017,3,2017-03-01,2017_03,Pre_Monsoon,1.0,6.123233995736766e-17,45.3,1.209463119506836,29.185630798339844,46.57527923583984,94.10717010498048,104.29589080810548,40.09891891479492,0.0871526449918747,27.68000030517578,0.6751000285148621,19.1273193359375,4.051131725311279,57738.24609375,152.4185333251953,5.504084587097168,1.9329872131347656,89.4145,22.8093,True,15,0,True
CL509,Kapilmuni,22.6887,89.3088,2017,3,2017-03-01,2017_03,Pre_Monsoon,1.0,6.123233995736766e-17,97.0,,36.96887969970703,39.154727935791016,102.2804946899414,101.26112365722656,51.060096740722656,0.0886794775724411,28.274999618530277,0.5289000272750854,,4.369974613189697,48315.43359375,157.5592803955078,4.3667826652526855,1.917250394821167,89.3088,22.6887,True,13,2,False
CL510,Khulna,22.8319,89.55,2017,3,2017-03-01,2017_03,Pre_Monsoon,1.0,6.123233995736766e-17,82.0,1.942852258682251,29.622970581054688,48.65273284912109,94.20515441894533,111.24446105957033,40.49989318847656,0.0913144126534462,30.98500061035156,0.4691999852657318,18.68099975585937,5.113947868347168,56018.875,154.1371307373047,6.754478931427002,2.105170726776123,89.55,22.8319,True,15,0,True
CL515,Paikgacha,22.585,89.3182,2017,3,2017-03-01,2017_03,Pre_Monsoon,1.0,6.123233995736766e-17,72.0,1.12716805934906,43.89655303955078,41.1439208984375,107.8869400024414,100.6636734008789,66.19490051269531,0.0950682163238525,28.1200008392334,0.4146000146865845,10.30284309387207,5.171968460083008,37890.0703125,129.93092346191406,4.656047344207764,1.6002691984176636,89.3182,22.585,True,15,0,True
CL517,Rupsa,22.79,89.59,2017,3,2017-03-01,2017_03,Pre_Monsoon,1.0,6.123233995736766e-17,125.1,1.6631284952163696,30.59374046325684,47.63445663452149,96.16213989257812,120.72447967529295,42.67280578613281,0.0954247787594795,27.940000534057617,0.5239999890327454,19.46890640258789,5.505076885223389,50599.09375,140.3240509033203,3.7103257179260254,1.5449576377868652,89.59,22.79,True,15,0,True
CL503,Chalna,22.6012,89.5195,2017,4,2017-04-01,2017_04,Pre_Monsoon,0.8660254037844387,-0.4999999999999998,270.0,24.58600807189941,,89.94352722167969,77.85518646240234,131.0172882080078,280.9670715332031,0.1393634378910064,31.950000762939453,0.3005000054836273,59.72010040283203,,31467.640625,108.51805877685548,3.4914283752441406,1.7203952074050903,89.5195,22.6012,True,13,2,False
CL504,Dumuria,22.8093,89.4145,2017,4,2017-04-01,2017_04,Pre_Monsoon,0.8660254037844387,-0.4999999999999998,152.3,43.26873397827149,103.59473419189452,91.6747817993164,97.7466049194336,126.94550323486328,315.0303039550781,0.154740035533905,30.549999237060547,0.5590999722480774,71.73521423339844,98.79840087890624,57738.24609375,152.4185333251953,5.504084587097168,1.9329872131347656,89.4145,22.8093,True,15,0,True
CL509,Kapilmuni,22.6887,89.3088,2017,4,2017-04-01,2017_04,Pre_Monsoon,0.8660254037844387,-0.4999999999999998,24.0,,98.81122589111328,71.44239807128906,75.4842758178711,87.06598663330078,233.9349822998047,0.134091779589653,30.036666870117188,0.4720999896526336,,87.09156799316406,48315.43359375,157.5592803955078,4.3667826652526855,1.917250394821167,89.3088,22.6887,True,13,2,False
CL510,Khulna,22.8319,89.55,2017,4,2017-04-01,2017_04,Pre_Monsoon,0.8660254037844387,-0.4999999999999998,106.0,68.10215759277344,117.345458984375,114.84046936035156,109.51277923583984,219.11099243164065,391.9819030761719,0.1763846576213836,32.24333190917969,0.4438000023365021,99.01174926757812,109.3413314819336,56018.875,154.1371307373047,6.754478931427002,2.105170726776123,89.55,22.8319,True,15,0,True
CL515,Paikgacha,22.585,89.3182,2017,4,2017-04-01,2017_04,Pre_Monsoon,0.8660254037844387,-0.4999999999999998,197.0,42.360084533691406,93.4624252319336,69.52942657470703,66.47954559326172,84.02977752685547,230.169677734375,0.1245606169104576,29.270000457763672,0.2669000029563904,80.48725128173828,85.29838562011719,37890.0703125,129.93092346191406,4.656047344207764,1.6002691984176636,89.3182,22.585,True,15,0,True
CL517,Rupsa,22.79,89.59,2017,4,2017-04-01,2017_04,Pre_Monsoon,0.8660254037844387,-0.4999999999999998,142.1,57.40389633178711,121.46307373046876,115.64031982421876,106.42444610595705,169.7224578857422,415.6298828125,0.1808773577213287,30.676666259765625,0.4422000050544739,98.69358825683594,111.6475830078125,50599.09375,140.3240509033203,3.7103257179260254,1.5449576377868652,89.59,22.79,True,15,0,True
CL503,Chalna,22.6012,89.5195,2017,5,2017-05-01,2017_05,Pre_Monsoon,0.4999999999999999,-0.8660254037844387,783.0,63.4977912902832,,153.1618194580078,101.70044708251952,145.2929229736328,113.0980224609375,0.1633165329694748,32.38999938964844,0.450300008058548,126.361572265625,,31467.640625,108.51805877685548,3.4914283752441406,1.7203952074050903,89.5195,22.6012,True,13,2,False
CL504,Dumuria,22.8093,89.4145,2017,5,2017-05-01,2017_05,Pre_Monsoon,0.4999999999999999,-0.8660254037844387,6.9,72.28823852539062,122.73860168457033,186.10769653320312,110.27947235107422,187.7878875732422,203.31643676757807,0.1773710548877716,33.290000915527344,0.5008999705314636,127.01284790039062,146.8968505859375,57738.24609375,152.4185333251953,5.504084587097168,1.9329872131347656,89.4145,22.8093,True,15,0,True
CL509,Kapilmuni,22.6887,89.3088,2017,5,2017-05-01,2017_05,Pre_Monsoon,0.4999999999999999,-0.8660254037844387,69.0,,119.15518188476562,118.03341674804688,99.0951156616211,182.250244140625,158.56442260742188,0.1636635065078735,31.299999237060547,0.4058000147342682,,137.8041229248047,48315.43359375,157.5592803955078,4.3667826652526855,1.917250394821167,89.3088,22.6887,True,13,2,False
CL510,Khulna,22.8319,89.55,2017,5,2017-05-01,2017_05,Pre_Monsoon,0.4999999999999999,-0.8660254037844387,234.0,54.54630279541016,128.80113220214844,171.6942901611328,115.32898712158205,180.47027587890625,191.915771484375,0.1816509366035461,34.040000915527344,0.4402999877929687,116.12860870361328,138.62124633789062,56018.875,154.1371307373047,6.754478931427002,2.105170726776123,89.55,22.8319,True,15,0,True
CL515,Paikgacha,22.585,89.3182,2017,5,2017-05-01,2017_05,Pre_Monsoon,0.4999999999999999,-0.8660254037844387,194.0,73.09782409667969,115.8418960571289,108.01226043701172,93.9297332763672,168.272705078125,118.43428802490234,0.1612545400857925,29.7549991607666,0.3553999960422516,122.89356994628906,128.08937072753906,37890.0703125,129.93092346191406,4.656047344207764,1.6002691984176636,89.3182,22.585,True,15,0,True
CL517,Rupsa,22.79,89.59,2017,5,2017-05-01,2017_05,Pre_Monsoon,0.4999999999999999,-0.8660254037844387,255.7,54.89383316040039,130.46051025390625,158.72430419921875,114.4032211303711,181.10003662109372,187.48475646972656,0.1766168177127838,31.46999931335449,0.4476000070571899,124.32311248779295,134.8761749267578,50599.09375,140.3240509033203,3.7103257179260254,1.5449576377868652,89.59,22.79,True,15,0,True
CL503,Chalna,22.6012,89.5195,2017,6,2017-06-01,2017_06,Monsoon,1.2246467991473532e-16,-1.0,212.7,594.4813232421875,,321.5810241699219,359.3154602050781,415.322998046875,433.5811767578125,0.5061184763908386,30.43000030517578,0.3034000098705292,837.4379272460938,,31467.640625,108.51805877685548,3.4914283752441406,1.7203952074050903,89.5195,22.6012,True,13,2,False
CL504,Dumuria,22.8093,89.4145,2017,6,2017-06-01,2017_06,Monsoon,1.2246467991473532e-16,-1.0,114.3,647.1091918945312,416.6460876464844,349.75079345703125,365.14544677734375,376.4000854492188,658.820068359375,0.4731560051441192,32.22999954223633,0.5644000172615051,830.4907836914062,586.4852294921875,57738.24609375,152.4185333251953,5.504084587097168,1.9329872131347656,89.4145,22.8093,True,15,0,True
CL509,Kapilmuni,22.6887,89.3088,2017,6,2017-06-01,2017_06,Monsoon,1.2246467991473532e-16,-1.0,304.0,,413.7957458496094,344.2401428222656,333.14996337890625,349.8753967285156,451.9334716796875,0.4555037915706634,30.36000061035156,0.5013999938964844,,557.033935546875,48315.43359375,157.5592803955078,4.3667826652526855,1.917250394821167,89.3088,22.6887,True,13,2,False
CL510,Khulna,22.8319,89.55,2017,6,2017-06-01,2017_06,Monsoon,1.2246467991473532e-16,-1.0,456.0,728.1311645507812,435.9090270996094,365.2119140625,387.8407897949219,412.4395751953125,728.8864135742188,0.5018065571784973,30.46999931335449,0.4740999937057495,873.6295166015625,627.28955078125,56018.875,154.1371307373047,6.754478931427002,2.105170726776123,89.55,22.8319,True,15,0,True
CL515,Paikgacha,22.585,89.3182,2017,6,2017-06-01,2017_06,Monsoon,1.2246467991473532e-16,-1.0,624.0,550.3270874023438,415.4376220703125,339.3491516113281,325.2250366210937,353.0617370605469,324.7289428710937,0.4671918451786041,30.36000061035156,0.3858000040054321,839.0213012695312,541.75048828125,37890.0703125,129.93092346191406,4.656047344207764,1.6002691984176636,89.3182,22.585,True,15,0,True
CL517,Rupsa,22.79,89.59,2017,6,2017-06-01,2017_06,Monsoon,1.2246467991473532e-16,-1.0,331.1,648.3245849609375,442.0848083496094,343.17791748046875,389.339111328125,415.3482055664063,709.695068359375,0.5167378783226013,29.729999542236328,0.3526999950408935,851.0066528320312,637.8936767578125,50599.09375,140.3240509033203,3.7103257179260254,1.5449576377868652,89.59,22.79,True,15,0,True
CL503,Chalna,22.6012,89.5195,2017,7,2017-07-01,2017_07,Monsoon,-0.4999999999999997,-0.8660254037844388,426.5,521.230712890625,,621.074462890625,467.1607971191406,1071.4490966796875,406.4087524414063,0.8314363360404968,,0.3080999851226806,605.4791870117188,,31467.640625,108.51805877685548,3.4914283752441406,1.7203952074050903,89.5195,22.6012,True,12,3,False
CL504,Dumuria,22.8093,89.4145,2017,7,2017-07-01,2017_07,Monsoon,-0.4999999999999997,-0.8660254037844388,637.0,538.9912109375,533.2269287109375,670.9545288085938,439.36529541015625,1048.2618408203125,382.6331787109375,0.7977726459503174,,0.5644000172615051,592.4515991210938,381.8952026367188,57738.24609375,152.4185333251953,5.504084587097168,1.9329872131347656,89.4145,22.8093,True,14,1,False
CL509,Kapilmuni,22.6887,89.3088,2017,7,2017-07-01,2017_07,Monsoon,-0.4999999999999997,-0.8660254037844388,606.0,,546.2539672851562,618.2156982421875,466.19049072265625,1067.0523681640625,400.3859252929688,0.8171030282974243,28.209999084472656,0.4528999924659729,,387.4576110839844,48315.43359375,157.5592803955078,4.3667826652526855,1.917250394821167,89.3088,22.6887,True,13,2,False
CL510,Khulna,22.8319,89.55,2017,7,2017-07-01,2017_07,Monsoon,-0.4999999999999997,-0.8660254037844388,720.0,533.2642211914062,557.3556518554688,662.8722534179688,432.3529052734375,1049.847900390625,399.0827941894531,0.7963146567344666,,0.3973999917507171,593.7542114257812,382.5155029296875,56018.875,154.1371307373047,6.754478931427002,2.105170726776123,89.55,22.8319,True,14,1,False
CL515,Paikgacha,22.585,89.3182,2017,7,2017-07-01,2017_07,Monsoon,-0.4999999999999997,-0.8660254037844388,687.0,538.3988647460938,551.3002319335938,612.36279296875,483.2467956542969,1055.496337890625,408.9248352050781,0.8365566730499268,26.46999931335449,0.1928000003099441,570.6531372070312,396.4943237304688,37890.0703125,129.93092346191406,4.656047344207764,1.6002691984176636,89.3182,22.585,True,15,0,True
CL517,Rupsa,22.79,89.59,2017,7,2017-07-01,2017_07,Monsoon,-0.4999999999999997,-0.8660254037844388,587.5,536.114501953125,566.847900390625,640.8585815429688,435.9945373535156,1037.0643310546875,394.0111999511719,0.8035966753959656,,0.3526999950408935,617.603759765625,383.312744140625,50599.09375,140.3240509033203,3.7103257179260254,1.5449576377868652,89.59,22.79,True,14,1,False
CL503,Chalna,22.6012,89.5195,2017,8,2017-08-01,2017_08,Monsoon,-0.8660254037844385,-0.5000000000000004,236.9,295.72967529296875,,363.51953125,370.0822448730469,507.9938659667969,,0.4550184905529022,,0.567799985408783,453.9537963867188,,31467.640625,108.51805877685548,3.4914283752441406,1.7203952074050903,89.5195,22.6012,True,11,4,False
CL504,Dumuria,22.8093,89.4145,2017,8,2017-08-01,2017_08,Monsoon,-0.8660254037844385,-0.5000000000000004,165.5,384.5021057128906,422.39208984375,339.9882507324219,353.6378479003906,406.6220397949219,242.43099975585935,0.4356352686882019,31.56999969482422,0.7103999853134155,463.9288635253906,223.63397216796875,57738.24609375,152.4185333251953,5.504084587097168,1.9329872131347656,89.4145,22.8093,True,15,0,True
CL509,Kapilmuni,22.6887,89.3088,2017,8,2017-08-01,2017_08,Monsoon,-0.8660254037844385,-0.5000000000000004,209.0,,402.52740478515625,347.0026550292969,368.90240478515625,398.6454162597656,,0.4399034678936004,28.770000457763672,0.5055999755859375,,221.81430053710935,48315.43359375,157.5592803955078,4.3667826652526855,1.917250394821167,89.3088,22.6887,True,12,3,False
CL510,Khulna,22.8319,89.55,2017,8,2017-08-01,2017_08,Monsoon,-0.8660254037844385,-0.5000000000000004,449.5,390.8896484375,426.0252075195313,364.2854919433594,356.5522766113281,566.9747314453125,225.38021850585935,0.4428410232067108,,0.3794000148773193,502.47119140625,243.30599975585935,56018.875,154.1371307373047,6.754478931427002,2.105170726776123,89.55,22.8319,True,14,1,False
CL515,Paikgacha,22.585,89.3182,2017,8,2017-08-01,2017_08,Monsoon,-0.8660254037844385,-0.5000000000000004,259.4,277.7033996582031,394.9594421386719,350.8601989746094,375.8931274414063,434.3628234863281,,0.44995978474617,30.88999938964844,0.5069000124931335,444.7225341796875,225.76573181152344,37890.0703125,129.93092346191406,4.656047344207764,1.6002691984176636,89.3182,22.585,True,14,1,False
CL517,Rupsa,22.79,89.59,2017,8,2017-08-01,2017_08,Monsoon,-0.8660254037844385,-0.5000000000000004,239.5,346.3155517578125,425.14459228515625,357.0419616699219,358.8773803710937,549.1478881835938,221.8468780517578,0.4511826932430267,,0.3287999927997589,505.4096984863281,249.7283935546875,50599.09375,140.3240509033203,3.7103257179260254,1.5449576377868652,89.59,22.79,True,14,1,False
CL503,Chalna,22.6012,89.5195,2017,9,2017-09-01,2017_09,Monsoon,-1.0,-1.8369701987210294e-16,161.4,329.9422607421875,,196.3355255126953,261.8717956542969,350.0442810058594,314.47174072265625,0.3386460244655609,30.983333587646484,0.5662000179290771,538.4859008789062,,31467.640625,108.51805877685548,3.4914283752441406,1.7203952074050903,89.5195,22.6012,True,13,2,False
CL504,Dumuria,22.8093,89.4145,2017,9,2017-09-01,2017_09,Monsoon,-1.0,-1.8369701987210294e-16,193.6,277.52978515625,280.9236145019531,177.7333221435547,293.8680419921875,253.62730407714844,211.1174774169922,0.3206205368041992,30.58333396911621,0.7276999950408936,389.478271484375,251.2536163330078,57738.24609375,152.4185333251953,5.504084587097168,1.9329872131347656,89.4145,22.8093,True,15,0,True
CL509,Kapilmuni,22.6887,89.3088,2017,9,2017-09-01,2017_09,Monsoon,-1.0,-1.8369701987210294e-16,93.0,,283.2078552246094,195.60623168945312,285.2565002441406,242.10348510742188,187.9235382080078,0.3210965692996979,29.809999465942383,0.4851000010967254,,253.7552795410156,48315.43359375,157.5592803955078,4.3667826652526855,1.917250394821167,89.3088,22.6887,True,13,2,False
CL510,Khulna,22.8319,89.55,2017,9,2017-09-01,2017_09,Monsoon,-1.0,-1.8369701987210294e-16,213.0,295.5818786621094,291.981689453125,177.11753845214844,288.2962646484375,304.1723937988281,236.9289703369141,0.3283234238624573,32.07666778564453,0.5874000191688538,413.3799133300781,277.8189697265625,56018.875,154.1371307373047,6.754478931427002,2.105170726776123,89.55,22.8319,True,15,0,True
CL515,Paikgacha,22.585,89.3182,2017,9,2017-09-01,2017_09,Monsoon,-1.0,-1.8369701987210294e-16,393.0,328.9671630859375,288.8719482421875,205.4071807861328,275.7062072753906,281.2574768066406,194.3035430908203,0.3323100507259369,30.09666633605957,0.336899995803833,471.0258483886719,259.7890625,37890.0703125,129.93092346191406,4.656047344207764,1.6002691984176636,89.3182,22.585,True,15,0,True
CL517,Rupsa,22.79,89.59,2017,9,2017-09-01,2017_09,Monsoon,-1.0,-1.8369701987210294e-16,155.3,324.989013671875,295.9418640136719,170.06446838378906,279.5148010253906,294.3345031738281,250.23812866210935,0.331836849451065,30.670000076293945,0.703000009059906,457.5291137695313,287.01666259765625,50599.09375,140.3240509033203,3.7103257179260254,1.5449576377868652,89.59,22.79,True,15,0,True
CL503,Chalna,22.6012,89.5195,2017,10,2017-10-01,2017_10,Post_Monsoon,-0.8660254037844386,0.5000000000000001,587.5,234.95748901367188,,423.8368835449219,222.068603515625,676.0239868164062,331.27545166015625,0.5265615582466125,27.183332443237305,0.6881999969482422,391.4468994140625,,31467.640625,108.51805877685548,3.4914283752441406,1.7203952074050903,89.5195,22.6012,True,13,2,False
CL504,Dumuria,22.8093,89.4145,2017,10,2017-10-01,2017_10,Post_Monsoon,-0.8660254037844386,0.5000000000000001,704.3,212.65689086914065,261.8665466308594,380.276123046875,225.40182495117188,635.1213989257812,296.300048828125,0.5101298093795776,28.88999938964844,0.6050000190734863,243.95187377929688,161.41590881347656,57738.24609375,152.4185333251953,5.504084587097168,1.9329872131347656,89.4145,22.8093,True,15,0,True
CL509,Kapilmuni,22.6887,89.3088,2017,10,2017-10-01,2017_10,Post_Monsoon,-0.8660254037844386,0.5000000000000001,528.0,,271.03326416015625,435.1360168457031,228.77102661132807,592.0367431640625,322.46685791015625,0.5000737905502319,28.60333251953125,0.4228000044822693,,174.74819946289062,48315.43359375,157.5592803955078,4.3667826652526855,1.917250394821167,89.3088,22.6887,True,13,2,False
CL510,Khulna,22.8319,89.55,2017,10,2017-10-01,2017_10,Post_Monsoon,-0.8660254037844386,0.5000000000000001,325.0,184.3636779785156,260.220458984375,339.78253173828125,231.03895568847656,683.4063720703125,296.308349609375,0.5107915997505188,31.209999084472656,0.5372999906539917,245.7198944091797,165.87680053710938,56018.875,154.1371307373047,6.754478931427002,2.105170726776123,89.55,22.8319,True,15,0,True
CL515,Paikgacha,22.585,89.3182,2017,10,2017-10-01,2017_10,Post_Monsoon,-0.8660254037844386,0.5000000000000001,442.0,258.1963195800781,285.3441162109375,451.0262451171875,228.94297790527344,626.3214111328125,358.2123413085937,0.5105531215667725,29.049999237060547,0.45660001039505,373.1638793945313,188.4850616455078,37890.0703125,129.93092346191406,4.656047344207764,1.6002691984176636,89.3182,22.585,True,15,0,True
CL517,Rupsa,22.79,89.59,2017,10,2017-10-01,2017_10,Post_Monsoon,-0.8660254037844386,0.5000000000000001,435.2,164.8421173095703,260.6370544433594,324.2369384765625,230.16612243652344,673.483642578125,288.310791015625,0.5145132541656494,28.450000762939453,0.6399000287055969,263.0467224121094,168.78781127929688,50599.09375,140.3240509033203,3.7103257179260254,1.5449576377868652,89.59,22.79,True,15,0,True
CL503,Chalna,22.6012,89.5195,2017,11,2017-11-01,2017_11,Post_Monsoon,-0.5000000000000004,0.8660254037844384,0.0,37.30381774902344,,26.507843017578125,44.3842658996582,37.9873275756836,89.39862823486328,0.0355759970843791,25.94499969482422,0.5702999830245972,38.31814956665039,,31467.640625,108.51805877685548,3.4914283752441406,1.7203952074050903,89.5195,22.6012,True,13,2,False
CL504,Dumuria,22.8093,89.4145,2017,11,2017-11-01,2017_11,Post_Monsoon,-0.5000000000000004,0.8660254037844384,0.0,72.15234375,22.87349510192871,25.39308738708496,37.22478866577149,42.53903579711914,122.33871459960938,0.0389610901474952,27.06999969482422,0.6243000030517578,60.961463928222656,69.8961410522461,57738.24609375,152.4185333251953,5.504084587097168,1.9329872131347656,89.4145,22.8093,True,15,0,True
CL509,Kapilmuni,22.6887,89.3088,2017,11,2017-11-01,2017_11,Post_Monsoon,-0.5000000000000004,0.8660254037844384,0.0,,23.17215156555176,31.50544548034668,43.01991271972656,42.57108688354492,108.89090728759766,0.0417997613549232,26.82999992370605,0.4984000027179718,,64.47632598876953,48315.43359375,157.5592803955078,4.3667826652526855,1.917250394821167,89.3088,22.6887,True,13,2,False
CL510,Khulna,22.8319,89.55,2017,11,2017-11-01,2017_11,Post_Monsoon,-0.5000000000000004,0.8660254037844384,25.0,78.78138732910156,21.653053283691406,22.283626556396484,34.9825325012207,37.43382263183594,108.52578735351562,0.0368278846144676,29.200000762939453,0.5275999903678894,61.66868209838867,72.56568908691406,56018.875,154.1371307373047,6.754478931427002,2.105170726776123,89.55,22.8319,True,15,0,True
CL515,Paikgacha,22.585,89.3182,2017,11,2017-11-01,2017_11,Post_Monsoon,-0.5000000000000004,0.8660254037844384,11.0,35.83383560180664,23.184648513793945,35.25038146972656,47.64273452758789,43.10091400146485,100.88385772705078,0.0422817729413509,26.584999084472656,0.4970000088214874,47.08773040771485,62.07557678222656,37890.0703125,129.93092346191406,4.656047344207764,1.6002691984176636,89.3182,22.585,True,15,0,True
CL517,Rupsa,22.79,89.59,2017,11,2017-11-01,2017_11,Post_Monsoon,-0.5000000000000004,0.8660254037844384,4.2,58.343353271484375,21.27427101135254,24.18739891052246,35.8795280456543,36.544189453125,103.01563262939452,0.0356489121913909,27.09000015258789,0.661899983882904,60.3642692565918,72.8897705078125,50599.09375,140.3240509033203,3.7103257179260254,1.5449576377868652,89.59,22.79,True,15,0,True
CL503,Chalna,22.6012,89.5195,2017,12,2017-12-01,2017_12,Winter,-2.4492935982947064e-16,1.0,53.0,9.634010314941406,,19.55474090576172,88.4830093383789,97.42839813232422,121.02767181396484,0.0783310681581497,24.200000762939453,0.4325999915599823,32.50008010864258,,31467.640625,108.51805877685548,3.4914283752441406,1.7203952074050903,89.5195,22.6012,True,13,2,False
CL504,Dumuria,22.8093,89.4145,2017,12,2017-12-01,2017_12,Winter,-2.4492935982947064e-16,1.0,10.0,4.611607074737549,55.47282409667969,19.722244262695312,85.63365936279297,100.35997772216795,113.23121643066406,0.0676656514406204,23.9950008392334,0.5519999861717224,14.449459075927734,24.818883895874023,57738.24609375,152.4185333251953,5.504084587097168,1.9329872131347656,89.4145,22.8093,True,15,0,True
CL509,Kapilmuni,22.6887,89.3088,2017,12,2017-12-01,2017_12,Winter,-2.4492935982947064e-16,1.0,39.0,,57.07746887207031,20.099369049072266,82.07121276855469,100.15576934814452,114.97278594970705,0.0671187564730644,23.645000457763672,0.5361999869346619,,32.01337432861328,48315.43359375,157.5592803955078,4.3667826652526855,1.917250394821167,89.3088,22.6887,True,13,2,False
CL510,Khulna,22.8319,89.55,2017,12,2017-12-01,2017_12,Winter,-2.4492935982947064e-16,1.0,45.0,1.732926368713379,59.73414611816406,19.228979110717773,91.42705535888672,96.0325164794922,115.54519653320312,0.0715307220816612,25.84499931335449,0.4629000127315521,16.719602584838867,26.50066566467285,56018.875,154.1371307373047,6.754478931427002,2.105170726776123,89.55,22.8319,True,15,0,True
CL515,Paikgacha,22.585,89.3182,2017,12,2017-12-01,2017_12,Winter,-2.4492935982947064e-16,1.0,28.0,8.38501262664795,58.56445693969727,21.79868507385254,81.52603912353516,101.66263580322266,122.98485565185548,0.0700422823429107,23.225000381469727,0.4557999968528747,25.889951705932617,37.76728820800781,37890.0703125,129.93092346191406,4.656047344207764,1.6002691984176636,89.3182,22.585,True,15,0,True
CL517,Rupsa,22.79,89.59,2017,12,2017-12-01,2017_12,Winter,-2.4492935982947064e-16,1.0,23.7,2.230647325515747,61.33688735961914,15.139525413513184,92.8871078491211,96.50182342529295,117.0418701171875,0.074529230594635,24.57999992370605,0.4796000123023987,15.268487930297852,27.827587127685547,50599.09375,140.3240509033203,3.7103257179260254,1.5449576377868652,89.59,22.79,True,15,0,True
CL503,Chalna,22.6012,89.5195,2018,1,2018-01-01,2018_01,Winter,0.4999999999999999,0.8660254037844387,0.0,3.0,,6.260989665985107,0.0074315802194178,0.0,0.4290668964385986,0.0,21.895000457763672,0.3133000135421753,5.547920227050781,,31467.640625,108.51805877685548,3.4914283752441406,1.7203952074050903,89.5195,22.6012,True,13,2,False
CL504,Dumuria,22.8093,89.4145,2018,1,2018-01-01,2018_01,Winter,0.4999999999999999,0.8660254037844387,0.0,1.1265356540679932,5.91526985168457,5.197333812713623,0.0219406653195619,0.0,4.273915767669678,0.0,21.375,0.4765999913215637,6.0,19.649808883666992,57738.24609375,152.4185333251953,5.504084587097168,1.9329872131347656,89.4145,22.8093,True,15,0,True
CL509,Kapilmuni,22.6887,89.3088,2018,1,2018-01-01,2018_01,Winter,0.4999999999999999,0.8660254037844387,0.0,,6.643837928771973,5.222752571105957,0.0062490007840096,0.0,0.0,0.0004439454060047,21.61000061035156,0.2775000035762787,,21.10910987854004,48315.43359375,157.5592803955078,4.3667826652526855,1.917250394821167,89.3088,22.6887,True,13,2,False
CL510,Khulna,22.8319,89.55,2018,1,2018-01-01,2018_01,Winter,0.4999999999999999,0.8660254037844387,0.0,1.1568297147750854,6.857882022857666,5.833812713623047,0.0314911268651485,0.0,0.1025792732834816,0.0,23.059999465942383,0.425599992275238,5.72236442565918,22.314428329467773,56018.875,154.1371307373047,6.754478931427002,2.105170726776123,89.55,22.8319,True,15,0,True
CL515,Paikgacha,22.585,89.3182,2018,1,2018-01-01,2018_01,Winter,0.4999999999999999,0.8660254037844387,0.0,1.7965545654296875,7.493883609771728,6.605417251586914,0.0025390104856342,0.0,1.312245488166809,0.0003541142796166,21.31999969482422,0.3454999923706054,5.0,23.02764129638672,37890.0703125,129.93092346191406,4.656047344207764,1.6002691984176636,89.3182,22.585,True,15,0,True
CL517,Rupsa,22.79,89.59,2018,1,2018-01-01,2018_01,Winter,0.4999999999999999,0.8660254037844387,0.0,3.0955519676208496,7.251952171325684,7.445221900939941,0.0286123473197221,0.0,0.0,0.0,21.51499938964844,0.3039999902248382,5.423454284667969,23.364879608154297,50599.09375,140.3240509033203,3.7103257179260254,1.5449576377868652,89.59,22.79,True,15,0,True
CL503,Chalna,22.6012,89.5195,2018,2,2018-02-01,2018_02,Winter,0.8660254037844386,0.5000000000000001,0.0,3.1698896884918213,,15.604304313659668,0.8887445330619812,2.881824254989624,6.468300342559815,0.0024701762013137,27.520000457763672,0.2718000113964081,14.767939567565918,,31467.640625,108.51805877685548,3.4914283752441406,1.7203952074050903,89.5195,22.6012,True,13,2,False
CL504,Dumuria,22.8093,89.4145,2018,2,2018-02-01,2018_02,Winter,0.8660254037844386,0.5000000000000001,0.0,5.790536880493164,7.283226013183594,14.95350742340088,2.0538601875305176,1.5220255851745603,1.5053554773330688,0.0043890746310353,26.670000076293945,0.5884000062942505,41.64653015136719,1.8923341035842896,57738.24609375,152.4185333251953,5.504084587097168,1.9329872131347656,89.4145,22.8093,True,15,0,True
CL509,Kapilmuni,22.6887,89.3088,2018,2,2018-02-01,2018_02,Winter,0.8660254037844386,0.5000000000000001,0.0,,7.550872325897217,18.56837272644043,1.2256596088409424,1.9744601249694824,0.5122661590576172,0.0036488445475697,27.0,0.3289999961853027,,2.0390987396240234,48315.43359375,157.5592803955078,4.3667826652526855,1.917250394821167,89.3088,22.6887,True,13,2,False
CL510,Khulna,22.8319,89.55,2018,2,2018-02-01,2018_02,Winter,0.8660254037844386,0.5000000000000001,0.0,13.338417053222656,7.154187202453613,15.370426177978516,2.129473924636841,1.264338493347168,3.720142364501953,0.0046115703880786,28.809999465942383,0.3722000122070312,44.03156661987305,2.837773323059082,56018.875,154.1371307373047,6.754478931427002,2.105170726776123,89.55,22.8319,True,15,0,True
CL515,Paikgacha,22.585,89.3182,2018,2,2018-02-01,2018_02,Winter,0.8660254037844386,0.5000000000000001,0.0,10.052699089050291,7.525013446807861,17.710479736328125,0.8872508406639099,3.190953016281128,2.662322521209717,0.0031346855685114,26.59000015258789,0.2818999886512756,20.31587791442871,1.9767096042633057,37890.0703125,129.93092346191406,4.656047344207764,1.6002691984176636,89.3182,22.585,True,15,0,True
CL517,Rupsa,22.79,89.59,2018,2,2018-02-01,2018_02,Winter,0.8660254037844386,0.5000000000000001,0.0,12.813676834106444,7.1391215324401855,16.719959259033203,1.852971434593201,1.0692157745361328,3.6726365089416495,0.0039903270080685,27.239999771118164,0.3163999915122986,37.87271881103516,3.1712217330932617,50599.09375,140.3240509033203,3.7103257179260254,1.5449576377868652,89.59,22.79,True,15,0,True
CL503,Chalna,22.6012,89.5195,2018,3,2018-03-01,2018_03,Pre_Monsoon,1.0,6.123233995736766e-17,25.0,11.830110549926758,,21.540939331054688,24.380659103393555,3.89557695388794,16.7482852935791,0.0075298240408301,31.57999992370605,0.2755999863147735,42.97608184814453,,31467.640625,108.51805877685548,3.4914283752441406,1.7203952074050903,89.5195,22.6012,True,13,2,False
CL504,Dumuria,22.8093,89.4145,2018,3,2018-03-01,2018_03,Pre_Monsoon,1.0,6.123233995736766e-17,0.0,12.629868507385254,21.86729049682617,20.11363410949707,26.34144592285156,3.8586556911468506,8.935731887817383,0.0073969797231256,29.315000534057617,0.6703000068664551,24.838987350463867,49.26505279541016,57738.24609375,152.4185333251953,5.504084587097168,1.9329872131347656,89.4145,22.8093,True,15,0,True
CL509,Kapilmuni,22.6887,89.3088,2018,3,2018-03-01,2018_03,Pre_Monsoon,1.0,6.123233995736766e-17,0.0,,19.70088768005371,16.89634132385254,24.95881080627441,5.077467441558838,15.011406898498535,0.0068364120088517,29.09499931335449,0.4401000142097473,,50.7548713684082,48315.43359375,157.5592803955078,4.3667826652526855,1.917250394821167,89.3088,22.6887,True,13,2,False
CL510,Khulna,22.8319,89.55,2018,3,2018-03-01,2018_03,Pre_Monsoon,1.0,6.123233995736766e-17,0.0,10.110243797302246,19.22600746154785,21.344337463378903,25.59630012512207,2.794963121414185,6.595705509185791,0.0078057856298983,31.7450008392334,0.4417000114917755,33.72540664672852,42.62214279174805,56018.875,154.1371307373047,6.754478931427002,2.105170726776123,89.55,22.8319,True,15,0,True
CL515,Paikgacha,22.585,89.3182,2018,3,2018-03-01,2018_03,Pre_Monsoon,1.0,6.123233995736766e-17,8.0,13.629263877868652,17.7386417388916,17.985321044921875,23.98200798034668,5.30031156539917,16.41109848022461,0.0078390836715698,29.450000762939453,0.3783999979496002,44.81967544555664,55.293216705322266,37890.0703125,129.93092346191406,4.656047344207764,1.6002691984176636,89.3182,22.585,True,15,0,True
CL517,Rupsa,22.79,89.59,2018,3,2018-03-01,2018_03,Pre_Monsoon,1.0,6.123233995736766e-17,6.4,8.94234561920166,18.108570098876957,21.469669342041016,25.22909164428711,2.5693068504333496,7.121716499328613,0.0073566297069191,30.13999938964844,0.4478000104427337,34.49919128417969,40.54605102539063,50599.09375,140.3240509033203,3.7103257179260254,1.5449576377868652,89.59,22.79,True,15,0,True
CL503,Chalna,22.6012,89.5195,2018,4,2018-04-01,2018_04,Pre_Monsoon,0.8660254037844387,-0.4999999999999998,157.0,101.83757019042967,,122.18571472167967,126.2045440673828,122.08696746826172,260.8050537109375,0.1430527716875076,31.236665725708008,0.3328000009059906,297.7895812988281,,31467.640625,108.51805877685548,3.4914283752441406,1.7203952074050903,89.5195,22.6012,True,13,2,False
CL504,Dumuria,22.8093,89.4145,2018,4,2018-04-01,2018_04,Pre_Monsoon,0.8660254037844387,-0.4999999999999998,115.0,86.9499740600586,163.87643432617188,120.14558410644533,138.99154663085938,137.2021026611328,418.5176086425781,0.176693320274353,29.0766658782959,0.5842000246047974,217.07052612304688,209.0193634033203,57738.24609375,152.4185333251953,5.504084587097168,1.9329872131347656,89.4145,22.8093,True,15,0,True
CL509,Kapilmuni,22.6887,89.3088,2018,4,2018-04-01,2018_04,Pre_Monsoon,0.8660254037844387,-0.4999999999999998,58.0,,169.95230102539062,120.70821380615234,120.95252227783205,121.99694061279295,367.4303588867188,0.1599620580673217,28.809999465942383,0.5322999954223633,,210.33670043945312,48315.43359375,157.5592803955078,4.3667826652526855,1.917250394821167,89.3088,22.6887,True,13,2,False
CL510,Khulna,22.8319,89.55,2018,4,2018-04-01,2018_04,Pre_Monsoon,0.8660254037844387,-0.4999999999999998,135.0,139.17620849609375,177.19317626953125,124.87223052978516,153.82005310058594,131.45480346679688,326.0818176269531,0.1864554584026336,31.196666717529297,0.4896000027656555,228.09634399414065,214.8697967529297,56018.875,154.1371307373047,6.754478931427002,2.105170726776123,89.55,22.8319,True,15,0,True
CL515,Paikgacha,22.585,89.3182,2018,4,2018-04-01,2018_04,Pre_Monsoon,0.8660254037844387,-0.4999999999999998,109.0,102.34127044677734,176.89503479003906,116.88951110839844,114.37767028808594,106.6410675048828,301.569580078125,0.1447974592447281,30.156665802001957,0.4083000123500824,303.0728759765625,205.3491973876953,37890.0703125,129.93092346191406,4.656047344207764,1.6002691984176636,89.3182,22.585,True,15,0,True
CL517,Rupsa,22.79,89.59,2018,4,2018-04-01,2018_04,Pre_Monsoon,0.8660254037844387,-0.4999999999999998,108.9,121.3461456298828,182.31411743164065,121.1283721923828,152.81192016601562,135.6471710205078,299.5727844238281,0.1803554147481918,30.06333351135254,0.479200005531311,221.0574951171875,216.97650146484372,50599.09375,140.3240509033203,3.7103257179260254,1.5449576377868652,89.59,22.79,True,15,0,True
CL503,Chalna,22.6012,89.5195,2018,5,2018-05-01,2018_05,Pre_Monsoon,0.4999999999999999,-0.8660254037844387,149.8,66.58905029296875,,176.71461486816406,294.7318725585937,273.92724609375,310.64508056640625,0.3078608512878418,28.8700008392334,0.4490000009536743,142.712646484375,,31467.640625,108.51805877685548,3.4914283752441406,1.7203952074050903,89.5195,22.6012,True,13,2,False
CL504,Dumuria,22.8093,89.4145,2018,5,2018-05-01,2018_05,Pre_Monsoon,0.4999999999999999,-0.8660254037844387,237.2,98.4189453125,245.2681884765625,229.13705444335935,309.84619140625,236.4146270751953,312.1781311035156,0.2959136664867401,29.31999969482422,0.555899977684021,168.8253631591797,176.12583923339844,57738.24609375,152.4185333251953,5.504084587097168,1.9329872131347656,89.4145,22.8093,True,15,0,True
CL509,Kapilmuni,22.6887,89.3088,2018,5,2018-05-01,2018_05,Pre_Monsoon,0.4999999999999999,-0.8660254037844387,162.0,,223.43955993652344,153.1450653076172,293.7153015136719,219.0030517578125,222.8000946044922,0.2766646444797516,26.75,0.4499000012874603,,164.52084350585938,48315.43359375,157.5592803955078,4.3667826652526855,1.917250394821167,89.3088,22.6887,True,13,2,False
CL510,Khulna,22.8319,89.55,2018,5,2018-05-01,2018_05,Pre_Monsoon,0.4999999999999999,-0.8660254037844387,220.0,122.40364837646484,295.4701232910156,235.84312438964844,324.2228088378906,287.7333068847656,347.10498046875,0.3061155378818512,28.325000762939453,0.3156000077724457,194.16102600097656,205.3544769287109,56018.875,154.1371307373047,6.754478931427002,2.105170726776123,89.55,22.8319,True,15,0,True
CL515,Paikgacha,22.585,89.3182,2018,5,2018-05-01,2018_05,Pre_Monsoon,0.4999999999999999,-0.8660254037844387,109.0,68.78239440917969,217.25393676757807,143.76255798339844,285.6752014160156,227.3541717529297,210.1484222412109,0.2896054089069366,25.559999465942383,0.4083999991416931,127.82805633544922,159.53831481933594,37890.0703125,129.93092346191406,4.656047344207764,1.6002691984176636,89.3182,22.585,True,15,0,True
CL517,Rupsa,22.79,89.59,2018,5,2018-05-01,2018_05,Pre_Monsoon,0.4999999999999999,-0.8660254037844387,174.5,94.85311889648438,310.041015625,226.69212341308597,322.1883544921875,287.3013916015625,388.4598083496094,0.3092277348041534,27.020000457763672,0.4126000106334686,169.0443115234375,213.95480346679688,50599.09375,140.3240509033203,3.7103257179260254,1.5449576377868652,89.59,22.79,True,15,0,True
CL503,Chalna,22.6012,89.5195,2018,6,2018-06-01,2018_06,Monsoon,1.2246467991473532e-16,-1.0,416.2,444.7740478515625,,296.3318786621094,358.9996643066406,440.4751892089844,385.9976501464844,0.4803522527217865,,0.5393000245094299,545.1029052734375,,31467.640625,108.51805877685548,3.4914283752441406,1.7203952074050903,89.5195,22.6012,True,12,3,False
CL504,Dumuria,22.8093,89.4145,2018,6,2018-06-01,2018_06,Monsoon,1.2246467991473532e-16,-1.0,135.0,297.3377990722656,333.2440490722656,259.814208984375,318.1389465332031,354.7690734863281,258.5923156738281,0.3903402388095855,,0.5235999822616577,345.5063171386719,315.0763854980469,57738.24609375,152.4185333251953,5.504084587097168,1.9329872131347656,89.4145,22.8093,True,14,1,False
CL509,Kapilmuni,22.6887,89.3088,2018,6,2018-06-01,2018_06,Monsoon,1.2246467991473532e-16,-1.0,220.0,,359.48272705078125,286.66033935546875,319.36773681640625,363.0962524414063,275.9633483886719,0.4165571928024292,29.13999938964844,0.4120000004768371,,356.66339111328125,48315.43359375,157.5592803955078,4.3667826652526855,1.917250394821167,89.3088,22.6887,True,13,2,False
CL510,Khulna,22.8319,89.55,2018,6,2018-06-01,2018_06,Monsoon,1.2246467991473532e-16,-1.0,240.0,351.9052734375,346.1209716796875,258.8233947753906,340.63055419921875,394.8547058105469,295.8572998046875,0.4048641920089721,,0.3120999932289123,402.7109680175781,310.3772277832031,56018.875,154.1371307373047,6.754478931427002,2.105170726776123,89.55,22.8319,True,14,1,False
CL515,Paikgacha,22.585,89.3182,2018,6,2018-06-01,2018_06,Monsoon,1.2246467991473532e-16,-1.0,148.0,435.0530395507813,382.3494567871094,297.0251159667969,325.39019775390625,389.65576171875,374.1551513671875,0.4567264318466186,28.549999237060547,0.4828999936580658,530.3423461914062,389.3890380859375,37890.0703125,129.93092346191406,4.656047344207764,1.6002691984176636,89.3182,22.585,True,15,0,True
CL517,Rupsa,22.79,89.59,2018,6,2018-06-01,2018_06,Monsoon,1.2246467991473532e-16,-1.0,224.3,357.7212829589844,353.22784423828125,249.811279296875,354.26287841796875,396.7462463378906,328.1847839355469,0.4312188327312469,28.01000022888184,0.4704000055789947,406.6408386230469,313.1982727050781,50599.09375,140.3240509033203,3.7103257179260254,1.5449576377868652,89.59,22.79,True,15,0,True
CL503,Chalna,22.6012,89.5195,2018,7,2018-07-01,2018_07,Monsoon,-0.4999999999999997,-0.8660254037844388,716.7,364.5092468261719,,372.2409973144531,349.2197570800781,563.3392944335938,185.87586975097656,0.583590567111969,28.690000534057617,0.5550000071525574,467.6222839355469,,31467.640625,108.51805877685548,3.4914283752441406,1.7203952074050903,89.5195,22.6012,True,13,2,False
CL504,Dumuria,22.8093,89.4145,2018,7,2018-07-01,2018_07,Monsoon,-0.4999999999999997,-0.8660254037844388,266.2,305.1018371582031,379.8236999511719,378.9885864257813,360.1806030273437,445.8266296386719,152.7213592529297,0.5431756973266602,,0.7376999855041504,342.8466491699219,240.98773193359372,57738.24609375,152.4185333251953,5.504084587097168,1.9329872131347656,89.4145,22.8093,True,14,1,False
CL509,Kapilmuni,22.6887,89.3088,2018,7,2018-07-01,2018_07,Monsoon,-0.4999999999999997,-0.8660254037844388,569.0,,388.3291015625,419.0350341796875,364.25396728515625,428.9237976074219,198.54046630859372,0.5598520040512085,31.01000022888184,0.4833999872207641,,245.51388549804688,48315.43359375,157.5592803955078,4.3667826652526855,1.917250394821167,89.3088,22.6887,True,13,2,False
CL510,Khulna,22.8319,89.55,2018,7,2018-07-01,2018_07,Monsoon,-0.4999999999999997,-0.8660254037844388,267.0,314.2630920410156,382.7245178222656,357.7993469238281,353.7587280273437,520.9962158203125,149.9713592529297,0.541382908821106,,0.5029000043869019,373.1681518554688,257.31201171875,56018.875,154.1371307373047,6.754478931427002,2.105170726776123,89.55,22.8319,True,14,1,False
CL515,Paikgacha,22.585,89.3182,2018,7,2018-07-01,2018_07,Monsoon,-0.4999999999999997,-0.8660254037844388,425.0,361.5401916503906,397.0032958984375,407.9876403808594,364.8565368652344,465.7307739257813,229.9093170166016,0.5775142908096313,29.950000762939453,0.321399986743927,423.7251586914063,257.2324523925781,37890.0703125,129.93092346191406,4.656047344207764,1.6002691984176636,89.3182,22.585,True,15,0,True
CL517,Rupsa,22.79,89.59,2018,7,2018-07-01,2018_07,Monsoon,-0.4999999999999997,-0.8660254037844388,428.5,319.57672119140625,384.6000671386719,337.9445495605469,348.9808654785156,539.8223266601562,156.66937255859375,0.5549994707107544,31.56999969482422,0.4704000055789947,380.8208312988281,263.2802734375,50599.09375,140.3240509033203,3.7103257179260254,1.5449576377868652,89.59,22.79,True,15,0,True
CL503,Chalna,22.6012,89.5195,2018,8,2018-08-01,2018_08,Monsoon,-0.8660254037844385,-0.5000000000000004,583.5,277.8423156738281,,182.64697265625,234.0155029296875,252.9168243408203,,0.323003202676773,,0.2737999856472015,471.9140625,,31467.640625,108.51805877685548,3.4914283752441406,1.7203952074050903,89.5195,22.6012,True,11,4,False
CL504,Dumuria,22.8093,89.4145,2018,8,2018-08-01,2018_08,Monsoon,-0.8660254037844385,-0.5000000000000004,190.3,218.1147003173828,213.30682373046875,189.10610961914065,214.74009704589844,241.71324157714844,89.90235137939453,0.2724640369415283,,0.7529000043869019,342.86285400390625,192.93014526367188,57738.24609375,152.4185333251953,5.504084587097168,1.9329872131347656,89.4145,22.8093,True,14,1,False
CL509,Kapilmuni,22.6887,89.3088,2018,8,2018-08-01,2018_08,Monsoon,-0.8660254037844385,-0.5000000000000004,143.0,,218.32183837890625,192.1750640869141,243.5917510986328,234.49526977539065,,0.3023739755153656,28.983333587646484,0.4318999946117401,,189.55242919921875,48315.43359375,157.5592803955078,4.3667826652526855,1.917250394821167,89.3088,22.6887,True,12,3,False
CL510,Khulna,22.8319,89.55,2018,8,2018-08-01,2018_08,Monsoon,-0.8660254037844385,-0.5000000000000004,78.0,261.13873291015625,221.77801513671875,195.14649963378903,201.55674743652344,223.03762817382807,102.95968627929688,0.2659547328948974,,0.4510000050067901,405.9390869140625,212.58663940429688,56018.875,154.1371307373047,6.754478931427002,2.105170726776123,89.55,22.8319,True,14,1,False
CL515,Paikgacha,22.585,89.3182,2018,8,2018-08-01,2018_08,Monsoon,-0.8660254037844385,-0.5000000000000004,150.0,222.07809448242188,225.68869018554688,185.1407012939453,255.8992462158203,268.6708068847656,,0.3335347771644592,28.100000381469727,0.4438999891281128,379.2908020019531,191.9663848876953,37890.0703125,129.93092346191406,4.656047344207764,1.6002691984176636,89.3182,22.585,True,14,1,False
CL517,Rupsa,22.79,89.59,2018,8,2018-08-01,2018_08,Monsoon,-0.8660254037844385,-0.5000000000000004,206.7,298.9908447265625,225.1573028564453,191.2061767578125,203.0032501220703,203.47332763671875,104.5924072265625,0.2777584791183471,,0.3373999893665313,399.3630981445313,218.83892822265625,50599.09375,140.3240509033203,3.7103257179260254,1.5449576377868652,89.59,22.79,True,14,1,False
CL503,Chalna,22.6012,89.5195,2018,9,2018-09-01,2018_09,Monsoon,-1.0,-1.8369701987210294e-16,311.0,196.45755004882807,,150.3140106201172,176.7949676513672,185.20301818847656,101.89057159423828,0.2181771695613861,30.10333251953125,0.6205999851226807,276.6231689453125,,31467.640625,108.51805877685548,3.4914283752441406,1.7203952074050903,89.5195,22.6012,True,13,2,False
CL504,Dumuria,22.8093,89.4145,2018,9,2018-09-01,2018_09,Monsoon,-1.0,-1.8369701987210294e-16,11.3,361.9353637695313,176.90936279296875,133.72836303710938,154.92355346679688,168.3668975830078,86.3232650756836,0.1948430091142654,31.325000762939453,0.7135000228881836,207.5001678466797,101.92501068115234,57738.24609375,152.4185333251953,5.504084587097168,1.9329872131347656,89.4145,22.8093,True,15,0,True
CL509,Kapilmuni,22.6887,89.3088,2018,9,2018-09-01,2018_09,Monsoon,-1.0,-1.8369701987210294e-16,148.0,,167.6727752685547,145.27052307128906,164.8559112548828,178.9458465576172,110.04136657714844,0.2247203290462494,30.899999618530277,0.57669997215271,,92.75100708007812,48315.43359375,157.5592803955078,4.3667826652526855,1.917250394821167,89.3088,22.6887,True,13,2,False
CL510,Khulna,22.8319,89.55,2018,9,2018-09-01,2018_09,Monsoon,-1.0,-1.8369701987210294e-16,165.0,190.0856170654297,186.2277984619141,142.50267028808594,156.71168518066406,158.94674682617188,84.50365447998047,0.1896241605281829,33.45000076293945,0.6460000276565552,214.1080474853516,113.24427032470705,56018.875,154.1371307373047,6.754478931427002,2.105170726776123,89.55,22.8319,True,15,0,True
CL515,Paikgacha,22.585,89.3182,2018,9,2018-09-01,2018_09,Monsoon,-1.0,-1.8369701987210294e-16,193.0,317.2606811523437,168.80950927734375,156.59947204589844,171.08984375,216.18960571289065,116.06764221191406,0.2479679733514785,31.670000076293945,0.4490000009536743,306.7428283691406,93.73421478271484,37890.0703125,129.93092346191406,4.656047344207764,1.6002691984176636,89.3182,22.585,True,15,0,True
CL517,Rupsa,22.79,89.59,2018,9,2018-09-01,2018_09,Monsoon,-1.0,-1.8369701987210294e-16,122.0,186.2533416748047,188.3837127685547,140.05548095703125,162.10243225097656,146.48207092285156,92.9311981201172,0.1903461962938308,31.690000534057617,0.6184999942779541,237.4139709472656,116.07962036132812,50599.09375,140.3240509033203,3.7103257179260254,1.5449576377868652,89.59,22.79,True,15,0,True
CL503,Chalna,22.6012,89.5195,2018,10,2018-10-01,2018_10,Post_Monsoon,-0.8660254037844386,0.5000000000000001,11.0,77.849609375,,84.096923828125,137.39662170410156,81.66781616210938,196.43988037109372,0.1505530774593353,27.60333251953125,0.5655999779701233,140.27989196777344,,31467.640625,108.51805877685548,3.4914283752441406,1.7203952074050903,89.5195,22.6012,True,13,2,False
CL504,Dumuria,22.8093,89.4145,2018,10,2018-10-01,2018_10,Post_Monsoon,-0.8660254037844386,0.5000000000000001,13.8,131.84066772460938,125.63916015625,78.20376586914062,112.93463134765624,62.64633941650391,111.9329071044922,0.1275192201137542,29.8700008392334,0.6366999745368958,105.94049835205078,81.69148254394531,57738.24609375,152.4185333251953,5.504084587097168,1.9329872131347656,89.4145,22.8093,True,15,0,True
CL509,Kapilmuni,22.6887,89.3088,2018,10,2018-10-01,2018_10,Post_Monsoon,-0.8660254037844386,0.5000000000000001,90.0,,127.40462493896484,75.47360229492188,119.75990295410156,64.5361099243164,134.03335571289062,0.1349125057458877,29.209999084472656,0.5710999965667725,,89.15361022949219,48315.43359375,157.5592803955078,4.3667826652526855,1.917250394821167,89.3088,22.6887,True,13,2,False
CL510,Khulna,22.8319,89.55,2018,10,2018-10-01,2018_10,Post_Monsoon,-0.8660254037844386,0.5000000000000001,46.0,105.96307373046876,135.79977416992188,81.39015197753906,119.92157745361328,67.04487609863281,127.82096862792967,0.1322669833898544,32.1966667175293,0.5503000020980835,99.67229461669922,84.92079162597656,56018.875,154.1371307373047,6.754478931427002,2.105170726776123,89.55,22.8319,True,15,0,True
CL515,Paikgacha,22.585,89.3182,2018,10,2018-10-01,2018_10,Post_Monsoon,-0.8660254037844386,0.5000000000000001,91.0,270.8419494628906,132.67425537109375,83.10797119140625,125.94392395019533,74.30016326904297,172.8807373046875,0.1436417698860168,28.956666946411133,0.4401000142097473,105.6264190673828,98.31961059570312,37890.0703125,129.93092346191406,4.656047344207764,1.6002691984176636,89.3182,22.585,True,15,0,True
CL517,Rupsa,22.79,89.59,2018,10,2018-10-01,2018_10,Post_Monsoon,-0.8660254037844386,0.5000000000000001,42.4,87.72509002685547,139.40325927734375,77.83061981201172,126.26914978027344,69.57530975341797,148.5811767578125,0.137933924794197,28.94333267211914,0.6492000222206116,99.61141204833984,86.79641723632812,50599.09375,140.3240509033203,3.7103257179260254,1.5449576377868652,89.59,22.79,True,15,0,True
CL503,Chalna,22.6012,89.5195,2018,11,2018-11-01,2018_11,Post_Monsoon,-0.5000000000000004,0.8660254037844384,0.0,1.0,,4.756712436676025,3.891577243804932,0.2766258418560028,0.2881274223327636,0.0022879985626786,25.875,0.521399974822998,0.0,,31467.640625,108.51805877685548,3.4914283752441406,1.7203952074050903,89.5195,22.6012,True,13,2,False
CL504,Dumuria,22.8093,89.4145,2018,11,2018-11-01,2018_11,Post_Monsoon,-0.5000000000000004,0.8660254037844384,0.0,2.2804503440856934,2.635737180709839,5.104951858520508,4.306020259857178,0.0938021466135978,6.752465724945068,0.0023659721482545,26.565000534057617,0.6096000075340271,8.308619499206543,0.3847914338111877,57738.24609375,152.4185333251953,5.504084587097168,1.9329872131347656,89.4145,22.8093,True,15,0,True
CL509,Kapilmuni,22.6887,89.3088,2018,11,2018-11-01,2018_11,Post_Monsoon,-0.5000000000000004,0.8660254037844384,0.0,,2.0444414615631104,6.680892467498779,4.547176837921143,0.1565628200769424,4.716285705566406,0.0043558152392506,27.149999618530277,0.5164999961853027,,0.2115145027637481,48315.43359375,157.5592803955078,4.3667826652526855,1.917250394821167,89.3088,22.6887,True,13,2,False
CL510,Khulna,22.8319,89.55,2018,11,2018-11-01,2018_11,Post_Monsoon,-0.5000000000000004,0.8660254037844384,0.0,0.942852258682251,3.631190538406372,5.125629425048828,4.213407039642334,0.0874587371945381,5.324394702911377,0.0020000000949949,29.625,0.4891999959945678,3.9363417625427246,0.1639564931392669,56018.875,154.1371307373047,6.754478931427002,2.105170726776123,89.55,22.8319,True,15,0,True
CL515,Paikgacha,22.585,89.3182,2018,11,2018-11-01,2018_11,Post_Monsoon,-0.5000000000000004,0.8660254037844384,0.0,3.1402032375335693,1.927213788032532,6.127057075500488,4.521761417388916,0.4189072251319885,3.219377040863037,0.0047082286328077,26.69499969482422,0.3980000019073486,6.434661388397217,0.0852551311254501,37890.0703125,129.93092346191406,4.656047344207764,1.6002691984176636,89.3182,22.585,True,15,0,True
CL517,Rupsa,22.79,89.59,2018,11,2018-11-01,2018_11,Post_Monsoon,-0.5000000000000004,0.8660254037844384,0.0,1.0,3.90334677696228,4.89740514755249,4.077657222747803,0.1165056824684143,2.669713020324707,0.0020000000949949,27.270000457763672,0.6262000203132629,2.9120593070983887,0.0713598653674125,50599.09375,140.3240509033203,3.7103257179260254,1.5449576377868652,89.59,22.79,True,15,0,True
CL503,Chalna,22.6012,89.5195,2018,12,2018-12-01,2018_12,Winter,-2.4492935982947064e-16,1.0,0.0,0.0,,3.7688100337982178,14.686301231384276,18.47494125366211,25.97489356994629,0.0144234094768762,23.315000534057617,0.4332999885082245,11.657930374145508,,31467.640625,108.51805877685548,3.4914283752441406,1.7203952074050903,89.5195,22.6012,True,13,2,False
CL504,Dumuria,22.8093,89.4145,2018,12,2018-12-01,2018_12,Winter,-2.4492935982947064e-16,1.0,0.0,1.0,12.426512718200684,5.179353713989258,26.25770378112793,18.56561279296875,23.77835273742676,0.0169920958578586,23.59000015258789,0.5471000075340271,8.9992094039917,0.225779578089714,57738.24609375,152.4185333251953,5.504084587097168,1.9329872131347656,89.4145,22.8093,True,15,0,True
CL509,Kapilmuni,22.6887,89.3088,2018,12,2018-12-01,2018_12,Winter,-2.4492935982947064e-16,1.0,0.0,,13.399648666381836,5.702276706695557,21.581430435180664,17.406015396118164,26.732271194458008,0.0175607148557901,23.20499992370605,0.3935999870300293,,0.1700000017881393,48315.43359375,157.5592803955078,4.3667826652526855,1.917250394821167,89.3088,22.6887,True,13,2,False
CL510,Khulna,22.8319,89.55,2018,12,2018-12-01,2018_12,Winter,-2.4492935982947064e-16,1.0,0.0,1.673904538154602,10.15096664428711,4.14420747756958,22.824670791625977,23.73829460144043,20.25422096252441,0.0150334173813462,25.38999938964844,0.4084999859333038,12.9496488571167,0.469610184431076,56018.875,154.1371307373047,6.754478931427002,2.105170726776123,89.55,22.8319,True,15,0,True
CL515,Paikgacha,22.585,89.3182,2018,12,2018-12-01,2018_12,Winter,-2.4492935982947064e-16,1.0,0.0,1.0,13.450295448303224,6.22412633895874,18.21887588500977,16.8781795501709,26.608766555786133,0.0170885752886533,22.25,0.4250999987125397,15.610336303710938,0.1700000017881393,37890.0703125,129.93092346191406,4.656047344207764,1.6002691984176636,89.3182,22.585,True,15,0,True
CL517,Rupsa,22.79,89.59,2018,12,2018-12-01,2018_12,Winter,-2.4492935982947064e-16,1.0,0.0,11.279102325439451,9.488773345947266,2.838512897491455,19.717416763305664,22.0574893951416,23.75055885314941,0.0147229330614209,23.46500015258789,0.4535000026226043,16.78449058532715,0.5456981062889099,50599.09375,140.3240509033203,3.7103257179260254,1.5449576377868652,89.59,22.79,True,15,0,True
CL503,Chalna,22.6012,89.5195,2019,1,2019-01-01,2019_01,Winter,0.4999999999999999,0.8660254037844387,0.0,0.0,,4.7437005043029785,0.2985553443431854,0.0,0.7363502383232117,0.0031354101374745,23.65999984741211,0.3264000117778778,20.61680030822754,,31467.640625,108.51805877685548,3.4914283752441406,1.7203952074050903,89.5195,22.6012,True,13,2,False
CL504,Dumuria,22.8093,89.4145,2019,1,2019-01-01,2019_01,Winter,0.4999999999999999,0.8660254037844387,0.0,0.0,0.1825441420078277,3.717154502868652,0.6205214858055115,0.0,0.5792600512504578,0.0056261229328811,23.459999084472656,0.4560000002384186,11.634710311889648,0.0,57738.24609375,152.4185333251953,5.504084587097168,1.9329872131347656,89.4145,22.8093,True,15,0,True
CL509,Kapilmuni,22.6887,89.3088,2019,1,2019-01-01,2019_01,Winter,0.4999999999999999,0.8660254037844387,0.0,,0.6271955966949463,3.4047563076019287,0.5396762490272522,0.0,0.4437043070793152,0.0049292016774415,23.3700008392334,0.3549000024795532,,0.0,48315.43359375,157.5592803955078,4.3667826652526855,1.917250394821167,89.3088,22.6887,True,13,2,False
CL510,Khulna,22.8319,89.55,2019,1,2019-01-01,2019_01,Winter,0.4999999999999999,0.8660254037844387,0.0,0.0,0.0515377260744571,4.65851354598999,0.5267146229743958,0.0,0.0359944105148315,0.0056151645258069,25.274999618530277,0.3876999914646148,9.934164047241213,0.0,56018.875,154.1371307373047,6.754478931427002,2.105170726776123,89.55,22.8319,True,15,0,True
CL515,Paikgacha,22.585,89.3182,2019,1,2019-01-01,2019_01,Winter,0.4999999999999999,0.8660254037844387,0.0,0.0,0.7108795046806335,4.913541316986084,0.4428599178791046,0.0,0.5791622996330261,0.0051084551960229,23.040000915527344,0.3720999956130981,26.82262420654297,0.0,37890.0703125,129.93092346191406,4.656047344207764,1.6002691984176636,89.3182,22.585,True,15,0,True
CL517,Rupsa,22.79,89.59,2019,1,2019-01-01,2019_01,Winter,0.4999999999999999,0.8660254037844387,0.0,0.0,0.0545430481433868,6.251903057098389,0.4386868178844452,0.0,0.0676663666963577,0.0044361916370689,23.28499984741211,0.3082000017166137,8.007495880126953,0.0,50599.09375,140.3240509033203,3.7103257179260254,1.5449576377868652,89.59,22.79,True,15,0,True
CL503,Chalna,22.6012,89.5195,2019,2,2019-02-01,2019_02,Winter,0.8660254037844386,0.5000000000000001,40.5,13.854029655456545,,49.27634048461914,44.721797943115234,133.47145080566406,152.57168579101562,0.1579392999410629,25.46500015258789,0.265500009059906,22.669971466064453,,31467.640625,108.51805877685548,3.4914283752441406,1.7203952074050903,89.5195,22.6012,True,13,2,False
CL504,Dumuria,22.8093,89.4145,2019,2,2019-02-01,2019_02,Winter,0.8660254037844386,0.5000000000000001,152.0,16.694303512573242,82.42486572265625,43.71076965332031,43.69967269897461,126.61517333984376,171.4614715576172,0.1667978763580322,25.48500061035156,0.5070000290870667,44.305809020996094,99.78797912597656,57738.24609375,152.4185333251953,5.504084587097168,1.9329872131347656,89.4145,22.8093,True,15,0,True
CL509,Kapilmuni,22.6887,89.3088,2019,2,2019-02-01,2019_02,Winter,0.8660254037844386,0.5000000000000001,185.0,,94.83782196044922,51.00116729736328,48.12127685546875,138.87753295898438,162.03013610839844,0.166334867477417,25.13500022888184,0.307200014591217,,116.25328826904295,48315.43359375,157.5592803955078,4.3667826652526855,1.917250394821167,89.3088,22.6887,True,13,2,False
CL510,Khulna,22.8319,89.55,2019,2,2019-02-01,2019_02,Winter,0.8660254037844386,0.5000000000000001,170.0,14.603432655334473,76.31845092773438,41.83624649047852,42.1331787109375,118.49359893798828,174.11524963378906,0.1634254455566406,27.780000686645508,0.3454999923706054,34.53907012939453,60.8570442199707,56018.875,154.1371307373047,6.754478931427002,2.105170726776123,89.55,22.8319,True,15,0,True
CL515,Paikgacha,22.585,89.3182,2019,2,2019-02-01,2019_02,Winter,0.8660254037844386,0.5000000000000001,128.0,16.2946834564209,104.20658111572266,62.48475646972656,49.72964859008789,142.88717651367188,166.68798828125,0.159739688038826,24.55500030517578,0.3668999969959259,30.44951438903809,114.89615631103516,37890.0703125,129.93092346191406,4.656047344207764,1.6002691984176636,89.3182,22.585,True,15,0,True
CL517,Rupsa,22.79,89.59,2019,2,2019-02-01,2019_02,Winter,0.8660254037844386,0.5000000000000001,130.0,12.259575843811035,75.57876586914062,42.22710037231445,42.08365631103516,122.9947509765625,138.4283905029297,0.1631151884794235,25.75,0.3068000078201294,39.12459564208984,49.50856018066406,50599.09375,140.3240509033203,3.7103257179260254,1.5449576377868652,89.59,22.79,True,15,0,True
CL503,Chalna,22.6012,89.5195,2019,3,2019-03-01,2019_03,Pre_Monsoon,1.0,6.123233995736766e-17,139.0,31.83452796936035,,82.94014739990234,41.46065139770508,65.00337219238281,206.1331787109375,0.0931391194462776,29.13500022888184,0.2834999859333038,100.90415954589844,,31467.640625,108.51805877685548,3.4914283752441406,1.7203952074050903,89.5195,22.6012,True,13,2,False
CL504,Dumuria,22.8093,89.4145,2019,3,2019-03-01,2019_03,Pre_Monsoon,1.0,6.123233995736766e-17,45.0,26.44552230834961,85.10118865966797,79.23628997802734,54.143463134765625,73.5520248413086,317.0106201171875,0.0925737991929054,28.229999542236328,0.6685000061988831,76.98141479492188,82.86100006103516,57738.24609375,152.4185333251953,5.504084587097168,1.9329872131347656,89.4145,22.8093,True,15,0,True
CL509,Kapilmuni,22.6887,89.3088,2019,3,2019-03-01,2019_03,Pre_Monsoon,1.0,6.123233995736766e-17,47.7,,81.65699768066406,66.15234375,53.873313903808594,78.07925415039062,395.5386962890625,0.0942518264055252,27.9950008392334,0.557200014591217,,76.27658081054688,48315.43359375,157.5592803955078,4.3667826652526855,1.917250394821167,89.3088,22.6887,True,13,2,False
CL510,Khulna,22.8319,89.55,2019,3,2019-03-01,2019_03,Pre_Monsoon,1.0,6.123233995736766e-17,70.3,21.04499244689941,84.15049743652344,83.7524185180664,50.186859130859375,71.44419860839844,252.66477966308597,0.0964205935597419,30.88999938964844,0.4160999953746795,80.69213104248047,66.05557250976562,56018.875,154.1371307373047,6.754478931427002,2.105170726776123,89.55,22.8319,True,15,0,True
CL515,Paikgacha,22.585,89.3182,2019,3,2019-03-01,2019_03,Pre_Monsoon,1.0,6.123233995736766e-17,65.0,23.77343368530273,81.37117004394531,67.2591781616211,52.82745742797852,71.45640563964844,295.6331787109375,0.1035407856106758,27.645000457763672,0.4444000124931335,74.93256378173828,70.78363037109375,37890.0703125,129.93092346191406,4.656047344207764,1.6002691984176636,89.3182,22.585,True,15,0,True
CL517,Rupsa,22.79,89.59,2019,3,2019-03-01,2019_03,Pre_Monsoon,1.0,6.123233995736766e-17,71.6,22.37624168395996,83.46630859375,84.42539978027344,46.11064147949219,69.79703521728516,256.6689453125,0.089808389544487,28.670000076293945,0.4381999969482422,77.27621459960938,59.70769882202149,50599.09375,140.3240509033203,3.7103257179260254,1.5449576377868652,89.59,22.79,True,15,0,True
CL503,Chalna,22.6012,89.5195,2019,4,2019-04-01,2019_04,Pre_Monsoon,0.8660254037844387,-0.4999999999999998,30.0,25.634010314941406,,95.00106048583984,111.9917984008789,75.81837463378906,227.0767974853516,0.1472159475088119,31.11666679382324,0.3267000019550323,67.91390991210938,,31467.640625,108.51805877685548,3.4914283752441406,1.7203952074050903,89.5195,22.6012,True,13,2,False
CL504,Dumuria,22.8093,89.4145,2019,4,2019-04-01,2019_04,Pre_Monsoon,0.8660254037844387,-0.4999999999999998,14.9,42.556396484375,139.5366973876953,96.86924743652344,121.1553726196289,89.8484878540039,357.9970092773437,0.1569364815950393,30.31666755676269,0.642799973487854,90.77499389648438,251.7279052734375,57738.24609375,152.4185333251953,5.504084587097168,1.9329872131347656,89.4145,22.8093,True,15,0,True
CL509,Kapilmuni,22.6887,89.3088,2019,4,2019-04-01,2019_04,Pre_Monsoon,0.8660254037844387,-0.4999999999999998,63.0,,110.94065856933594,91.95833587646484,103.24311065673828,78.24929809570312,263.16485595703125,0.1400631368160247,29.91666603088379,0.5022000074386597,,215.21910095214844,48315.43359375,157.5592803955078,4.3667826652526855,1.917250394821167,89.3088,22.6887,True,13,2,False
CL510,Khulna,22.8319,89.55,2019,4,2019-04-01,2019_04,Pre_Monsoon,0.8660254037844387,-0.4999999999999998,61.0,51.091156005859375,134.27978515625,105.43063354492188,137.13092041015625,85.60820007324219,376.7307739257813,0.1647684276103973,32.61000061035156,0.4471000134944916,102.57684326171876,214.38015747070312,56018.875,154.1371307373047,6.754478931427002,2.105170726776123,89.55,22.8319,True,15,0,True
CL515,Paikgacha,22.585,89.3182,2019,4,2019-04-01,2019_04,Pre_Monsoon,0.8660254037844387,-0.4999999999999998,75.0,24.67131233215332,94.13581085205078,90.57523345947266,96.51605224609376,76.57990264892578,236.66357421875,0.1445819437503814,29.649999618530277,0.4212999939918518,77.13487243652344,191.4016876220703,37890.0703125,129.93092346191406,4.656047344207764,1.6002691984176636,89.3182,22.585,True,15,0,True
CL517,Rupsa,22.79,89.59,2019,4,2019-04-01,2019_04,Pre_Monsoon,0.8660254037844387,-0.4999999999999998,46.3,35.98655319213867,129.48573303222656,107.05948638916016,137.06532287597656,87.20492553710938,341.1463623046875,0.1601702123880386,31.023332595825195,0.4918000102043152,84.35684967041016,197.95774841308597,50599.09375,140.3240509033203,3.7103257179260254,1.5449576377868652,89.59,22.79,True,15,0,True
CL503,Chalna,22.6012,89.5195,2019,5,2019-05-01,2019_05,Pre_Monsoon,0.4999999999999999,-0.8660254037844387,115.0,106.62654876708984,,150.13668823242188,85.29705047607422,204.22935485839844,206.24301147460935,0.1983922868967056,32.9033317565918,0.3420000076293945,173.1819305419922,,31467.640625,108.51805877685548,3.4914283752441406,1.7203952074050903,89.5195,22.6012,True,13,2,False
CL504,Dumuria,22.8093,89.4145,2019,5,2019-05-01,2019_05,Pre_Monsoon,0.4999999999999999,-0.8660254037844387,104.2,126.29825592041016,177.437255859375,178.4278106689453,110.64618682861328,184.3710479736328,174.87696838378906,0.1945917308330536,32.05500030517578,0.4810999929904938,138.68212890625,224.6591033935547,57738.24609375,152.4185333251953,5.504084587097168,1.9329872131347656,89.4145,22.8093,True,15,0,True
CL509,Kapilmuni,22.6887,89.3088,2019,5,2019-05-01,2019_05,Pre_Monsoon,0.4999999999999999,-0.8660254037844387,168.0,,168.1499786376953,125.80841827392578,88.1030502319336,175.4894561767578,175.6466827392578,0.1979659646749496,30.63999938964844,0.3876000046730041,,202.6164093017578,48315.43359375,157.5592803955078,4.3667826652526855,1.917250394821167,89.3088,22.6887,True,13,2,False
CL510,Khulna,22.8319,89.55,2019,5,2019-05-01,2019_05,Pre_Monsoon,0.4999999999999999,-0.8660254037844387,79.0,114.8548812866211,187.68551635742188,179.9637451171875,120.10527801513672,245.01124572753903,182.4253845214844,0.1967208236455917,32.599998474121094,0.447299987077713,137.48379516601562,188.4029541015625,56018.875,154.1371307373047,6.754478931427002,2.105170726776123,89.55,22.8319,True,15,0,True
CL515,Paikgacha,22.585,89.3182,2019,5,2019-05-01,2019_05,Pre_Monsoon,0.4999999999999999,-0.8660254037844387,87.0,104.44554138183594,162.92367553710938,112.49920654296876,78.48780059814453,158.14646911621094,170.62620544433594,0.2010212838649749,29.540000915527344,0.4083999991416931,149.00564575195312,183.03082275390625,37890.0703125,129.93092346191406,4.656047344207764,1.6002691984176636,89.3182,22.585,True,15,0,True
CL517,Rupsa,22.79,89.59,2019,5,2019-05-01,2019_05,Pre_Monsoon,0.4999999999999999,-0.8660254037844387,109.9,104.49789428710938,190.14874267578125,175.85841369628906,115.37735748291016,224.0933380126953,184.71763610839844,0.1988806575536728,30.6299991607666,0.4009999930858612,143.4581756591797,173.87855529785156,50599.09375,140.3240509033203,3.7103257179260254,1.5449576377868652,89.59,22.79,True,15,0,True
CL503,Chalna,22.6012,89.5195,2019,6,2019-06-01,2019_06,Monsoon,1.2246467991473532e-16,-1.0,275.0,158.66571044921875,,213.7088165283203,239.1536407470703,231.9107208251953,197.8003387451172,0.3134526312351227,28.96999931335449,0.4665000140666961,239.76963806152344,,31467.640625,108.51805877685548,3.4914283752441406,1.7203952074050903,89.5195,22.6012,True,13,2,False
CL504,Dumuria,22.8093,89.4145,2019,6,2019-06-01,2019_06,Monsoon,1.2246467991473532e-16,-1.0,51.1,143.39854431152344,190.77850341796875,186.74449157714844,291.49761962890625,181.3670654296875,137.80140686035156,0.2701949775218963,29.96999931335449,0.5192000269889832,211.9536895751953,374.11712646484375,57738.24609375,152.4185333251953,5.504084587097168,1.9329872131347656,89.4145,22.8093,True,15,0,True
CL509,Kapilmuni,22.6887,89.3088,2019,6,2019-06-01,2019_06,Monsoon,1.2246467991473532e-16,-1.0,163.0,,190.55758666992188,189.6969451904297,269.5755310058594,164.57611083984375,160.89892578125,0.2811692059040069,28.530000686645508,0.5228999853134155,,455.8865661621094,48315.43359375,157.5592803955078,4.3667826652526855,1.917250394821167,89.3088,22.6887,True,13,2,False
CL510,Khulna,22.8319,89.55,2019,6,2019-06-01,2019_06,Monsoon,1.2246467991473532e-16,-1.0,168.0,143.84539794921875,201.7728729248047,187.51109313964844,276.320068359375,202.25848388671875,135.31417846679688,0.2797312438488006,29.3700008392334,0.5228999853134155,228.85549926757807,263.92144775390625,56018.875,154.1371307373047,6.754478931427002,2.105170726776123,89.55,22.8319,True,15,0,True
CL515,Paikgacha,22.585,89.3182,2019,6,2019-06-01,2019_06,Monsoon,1.2246467991473532e-16,-1.0,139.0,191.90821838378903,196.0027313232422,206.0547332763672,253.0974578857422,185.7115936279297,189.0474853515625,0.2958982586860657,29.0766658782959,0.4648999869823456,263.4544982910156,487.1914978027344,37890.0703125,129.93092346191406,4.656047344207764,1.6002691984176636,89.3182,22.585,True,15,0,True
CL517,Rupsa,22.79,89.59,2019,6,2019-06-01,2019_06,Monsoon,1.2246467991473532e-16,-1.0,154.1,123.2482452392578,205.4464874267578,181.85153198242188,262.47515869140625,200.21331787109372,136.8479766845703,0.2932971119880676,28.739999771118164,0.4666000008583069,244.0970764160156,235.5205078125,50599.09375,140.3240509033203,3.7103257179260254,1.5449576377868652,89.59,22.79,True,15,0,True
CL503,Chalna,22.6012,89.5195,2019,7,2019-07-01,2019_07,Monsoon,-0.4999999999999997,-0.8660254037844388,468.5,399.2469482421875,,444.9382934570313,240.8120574951172,452.1726989746094,203.65460205078125,0.4434954822063446,30.09000015258789,0.5842999815940857,492.53619384765625,,31467.640625,108.51805877685548,3.4914283752441406,1.7203952074050903,89.5195,22.6012,True,13,2,False
CL504,Dumuria,22.8093,89.4145,2019,7,2019-07-01,2019_07,Monsoon,-0.4999999999999997,-0.8660254037844388,359.5,416.1879577636719,415.6568298339844,457.1354370117188,235.22628784179688,321.1880187988281,223.623291015625,0.3947488069534302,30.809999465942383,0.6711000204086304,440.8276977539063,426.4826049804688,57738.24609375,152.4185333251953,5.504084587097168,1.9329872131347656,89.4145,22.8093,True,15,0,True
CL509,Kapilmuni,22.6887,89.3088,2019,7,2019-07-01,2019_07,Monsoon,-0.4999999999999997,-0.8660254037844388,259.0,,422.7902526855469,414.29248046875,237.73873901367188,276.36407470703125,221.06983947753903,0.3880065977573395,31.11000061035156,0.5030999779701233,,406.4685974121094,48315.43359375,157.5592803955078,4.3667826652526855,1.917250394821167,89.3088,22.6887,True,13,2,False
CL510,Khulna,22.8319,89.55,2019,7,2019-07-01,2019_07,Monsoon,-0.4999999999999997,-0.8660254037844388,287.0,492.04876708984375,443.5245971679688,495.4514465332031,237.6300811767578,439.66943359375,208.90765380859372,0.4208214282989502,32.15999984741211,0.4893999993801117,438.8516845703125,366.1624450683594,56018.875,154.1371307373047,6.754478931427002,2.105170726776123,89.55,22.8319,True,15,0,True
CL515,Paikgacha,22.585,89.3182,2019,7,2019-07-01,2019_07,Monsoon,-0.4999999999999997,-0.8660254037844388,360.0,322.30181884765625,434.4891662597656,413.53167724609375,241.5233612060547,311.307373046875,193.836181640625,0.39920175075531,33.369998931884766,0.4814000129699707,425.647705078125,391.5648498535156,37890.0703125,129.93092346191406,4.656047344207764,1.6002691984176636,89.3182,22.585,True,15,0,True
CL517,Rupsa,22.79,89.59,2019,7,2019-07-01,2019_07,Monsoon,-0.4999999999999997,-0.8660254037844388,331.1,430.0278015136719,453.6504211425781,500.8547058105469,238.0771331787109,441.0033264160156,208.84385681152344,0.4355812072753906,33.33000183105469,0.2382999956607818,451.6117248535156,343.7608947753906,50599.09375,140.3240509033203,3.7103257179260254,1.5449576377868652,89.59,22.79,True,15,0,True
CL503,Chalna,22.6012,89.5195,2019,8,2019-08-01,2019_08,Monsoon,-0.8660254037844385,-0.5000000000000004,365.0,324.4548034667969,,304.0165100097656,290.2562561035156,837.3118896484375,,0.5407447814941406,,0.4065999984741211,535.6051635742188,,31467.640625,108.51805877685548,3.4914283752441406,1.7203952074050903,89.5195,22.6012,True,11,4,False
CL504,Dumuria,22.8093,89.4145,2019,8,2019-08-01,2019_08,Monsoon,-0.8660254037844385,-0.5000000000000004,539.4,323.7880859375,310.5860900878906,301.98785400390625,307.46905517578125,688.2191162109375,168.86692810058594,0.4839274883270263,,0.6741999983787537,457.5946960449219,343.4700012207031,57738.24609375,152.4185333251953,5.504084587097168,1.9329872131347656,89.4145,22.8093,True,14,1,False
CL509,Kapilmuni,22.6887,89.3088,2019,8,2019-08-01,2019_08,Monsoon,-0.8660254037844385,-0.5000000000000004,480.5,,312.4937744140625,296.85626220703125,325.6768493652344,685.2634887695312,,0.5289875268936157,29.09000015258789,0.5375000238418579,,357.9087829589844,48315.43359375,157.5592803955078,4.3667826652526855,1.917250394821167,89.3088,22.6887,True,12,3,False
CL510,Khulna,22.8319,89.55,2019,8,2019-08-01,2019_08,Monsoon,-0.8660254037844385,-0.5000000000000004,508.0,365.6441650390625,326.09918212890625,308.61297607421875,293.6640319824219,803.9363403320312,185.89794921875,0.468841552734375,,0.4629000127315521,490.7105102539063,313.8760986328125,56018.875,154.1371307373047,6.754478931427002,2.105170726776123,89.55,22.8319,True,14,1,False
CL515,Paikgacha,22.585,89.3182,2019,8,2019-08-01,2019_08,Monsoon,-0.8660254037844385,-0.5000000000000004,442.0,306.0027160644531,319.6212463378906,299.0959167480469,331.9615173339844,695.8112182617188,,0.5608078837394714,28.25,0.3481999933719635,484.55670166015625,358.251708984375,37890.0703125,129.93092346191406,4.656047344207764,1.6002691984176636,89.3182,22.585,True,14,1,False
CL517,Rupsa,22.79,89.59,2019,8,2019-08-01,2019_08,Monsoon,-0.8660254037844385,-0.5000000000000004,421.6,308.55303955078125,331.5175170898437,312.191162109375,285.9350891113281,792.608642578125,196.7910614013672,0.478088766336441,,0.4056000113487243,503.50982666015625,305.45281982421875,50599.09375,140.3240509033203,3.7103257179260254,1.5449576377868652,89.59,22.79,True,14,1,False
CL503,Chalna,22.6012,89.5195,2019,9,2019-09-01,2019_09,Monsoon,-1.0,-1.8369701987210294e-16,130.0,147.3967742919922,,208.56126403808597,200.0009613037109,418.10693359375,192.06884765625,0.3930293619632721,30.049999237060547,0.392300009727478,317.279296875,,31467.640625,108.51805877685548,3.4914283752441406,1.7203952074050903,89.5195,22.6012,True,13,2,False
CL504,Dumuria,22.8093,89.4145,2019,9,2019-09-01,2019_09,Monsoon,-1.0,-1.8369701987210294e-16,75.7,162.28848266601562,311.1045227050781,211.177001953125,186.66477966308597,378.9163208007813,149.56048583984375,0.3677993714809418,30.59000015258789,0.7045000195503235,332.1385803222656,251.0250701904297,57738.24609375,152.4185333251953,5.504084587097168,1.9329872131347656,89.4145,22.8093,True,15,0,True
CL509,Kapilmuni,22.6887,89.3088,2019,9,2019-09-01,2019_09,Monsoon,-1.0,-1.8369701987210294e-16,292.0,,294.3348693847656,239.9664001464844,198.7636260986328,379.00286865234375,178.96900939941406,0.4069717228412628,28.05666732788086,0.6959999799728394,,257.0592956542969,48315.43359375,157.5592803955078,4.3667826652526855,1.917250394821167,89.3088,22.6887,True,13,2,False
CL510,Khulna,22.8319,89.55,2019,9,2019-09-01,2019_09,Monsoon,-1.0,-1.8369701987210294e-16,238.0,166.04986572265625,315.6799011230469,185.56884765625,184.0332489013672,371.2784729003906,168.0010528564453,0.3555145859718323,33.70000076293945,0.579800009727478,309.28271484375,223.95184326171875,56018.875,154.1371307373047,6.754478931427002,2.105170726776123,89.55,22.8319,True,15,0,True
CL515,Paikgacha,22.585,89.3182,2019,9,2019-09-01,2019_09,Monsoon,-1.0,-1.8369701987210294e-16,208.0,206.6425018310547,292.4473571777344,242.26998901367188,205.8969268798828,423.73529052734375,196.17889404296875,0.4268870651721954,30.22333335876465,0.4860000014305115,369.1255798339844,265.7266540527344,37890.0703125,129.93092346191406,4.656047344207764,1.6002691984176636,89.3182,22.585,True,15,0,True
CL517,Rupsa,22.79,89.59,2019,9,2019-09-01,2019_09,Monsoon,-1.0,-1.8369701987210294e-16,139.0,147.32022094726562,315.44366455078125,168.8421173095703,186.00328063964844,374.2822265625,173.23196411132812,0.3601663112640381,30.989999771118164,0.5562999844551086,328.7251281738281,215.4867401123047,50599.09375,140.3240509033203,3.7103257179260254,1.5449576377868652,89.59,22.79,True,15,0,True
CL503,Chalna,22.6012,89.5195,2019,10,2019-10-01,2019_10,Post_Monsoon,-0.8660254037844386,0.5000000000000001,503.3,84.04175567626953,,179.5789031982422,137.03297424316406,260.5137634277344,166.5410614013672,0.226827010512352,28.78333282470703,0.5861999988555908,161.0382537841797,,31467.640625,108.51805877685548,3.4914283752441406,1.7203952074050903,89.5195,22.6012,True,13,2,False
CL504,Dumuria,22.8093,89.4145,2019,10,2019-10-01,2019_10,Post_Monsoon,-0.8660254037844386,0.5000000000000001,332.6,43.535552978515625,178.93006896972656,163.32115173339844,156.60061645507812,235.26254272460935,135.66558837890625,0.214805781841278,29.36333274841309,0.6425999999046326,116.0158920288086,92.81202697753906,57738.24609375,152.4185333251953,5.504084587097168,1.9329872131347656,89.4145,22.8093,True,15,0,True
CL509,Kapilmuni,22.6887,89.3088,2019,10,2019-10-01,2019_10,Post_Monsoon,-0.8660254037844386,0.5000000000000001,301.5,,211.0032501220703,167.02621459960938,152.38613891601562,203.60107421875,145.80397033691406,0.2354951500892639,28.0766658782959,0.7217000126838684,,111.81696319580078,48315.43359375,157.5592803955078,4.3667826652526855,1.917250394821167,89.3088,22.6887,True,13,2,False
CL510,Khulna,22.8319,89.55,2019,10,2019-10-01,2019_10,Post_Monsoon,-0.8660254037844386,0.5000000000000001,318.2,40.46109771728516,164.9236297607422,151.30404663085938,149.3544464111328,261.3318176269531,137.56515502929688,0.2167177498340606,31.023332595825195,0.6075999736785889,104.0157699584961,81.17182159423828,56018.875,154.1371307373047,6.754478931427002,2.105170726776123,89.55,22.8319,True,15,0,True
CL515,Paikgacha,22.585,89.3182,2019,10,2019-10-01,2019_10,Post_Monsoon,-0.8660254037844386,0.5000000000000001,229.1,94.210693359375,231.30340576171875,171.44432067871094,147.93682861328125,220.067626953125,156.2635955810547,0.2482863366603851,29.46999931335449,0.5289999842643738,150.57020568847656,126.49492645263672,37890.0703125,129.93092346191406,4.656047344207764,1.6002691984176636,89.3182,22.585,True,15,0,True
CL517,Rupsa,22.79,89.59,2019,10,2019-10-01,2019_10,Post_Monsoon,-0.8660254037844386,0.5000000000000001,161.9,49.1820182800293,163.60813903808594,139.19308471679688,143.38015747070312,253.24400329589844,149.14414978027344,0.2195883840322494,29.143333435058597,0.546999990940094,107.6827392578125,79.26896667480469,50599.09375,140.3240509033203,3.7103257179260254,1.5449576377868652,89.59,22.79,True,15,0,True
CL503,Chalna,22.6012,89.5195,2019,11,2019-11-01,2019_11,Post_Monsoon,-0.5000000000000004,0.8660254037844384,180.1,88.6894760131836,,61.61956405639648,195.5052032470703,257.8982849121094,293.4929504394531,0.2483043223619461,26.924999237060547,0.5002999901771545,92.9215316772461,,31467.640625,108.51805877685548,3.4914283752441406,1.7203952074050903,89.5195,22.6012,True,13,2,False
CL504,Dumuria,22.8093,89.4145,2019,11,2019-11-01,2019_11,Post_Monsoon,-0.5000000000000004,0.8660254037844384,93.7,51.06196594238281,119.69223022460938,55.244747161865234,148.06787109375,259.1054992675781,297.5218811035156,0.2061775922775268,28.07999992370605,0.6191999912261963,68.2221908569336,115.31906127929688,57738.24609375,152.4185333251953,5.504084587097168,1.9329872131347656,89.4145,22.8093,True,15,0,True
CL509,Kapilmuni,22.6887,89.3088,2019,11,2019-11-01,2019_11,Post_Monsoon,-0.5000000000000004,0.8660254037844384,51.4,,135.5811004638672,59.28145599365234,161.01731872558594,226.41140747070312,281.8513488769531,0.2173992395401001,27.334999084472656,0.6245999932289124,,130.03680419921875,48315.43359375,157.5592803955078,4.3667826652526855,1.917250394821167,89.3088,22.6887,True,13,2,False
CL510,Khulna,22.8319,89.55,2019,11,2019-11-01,2019_11,Post_Monsoon,-0.5000000000000004,0.8660254037844384,117.0,54.66463088989258,121.67301940917967,55.89384841918945,157.40347290039062,253.78341674804688,337.0256652832031,0.2102389633655548,29.88999938964844,0.5289999842643738,74.12643432617188,112.33236694335938,56018.875,154.1371307373047,6.754478931427002,2.105170726776123,89.55,22.8319,True,15,0,True
CL515,Paikgacha,22.585,89.3182,2019,11,2019-11-01,2019_11,Post_Monsoon,-0.5000000000000004,0.8660254037844384,113.8,73.43567657470703,147.4273681640625,64.60350799560547,175.90687561035156,237.5868377685547,281.99432373046875,0.2346288859844207,26.895000457763672,0.4514000117778778,77.94853973388672,140.2930450439453,37890.0703125,129.93092346191406,4.656047344207764,1.6002691984176636,89.3182,22.585,True,15,0,True
CL517,Rupsa,22.79,89.59,2019,11,2019-11-01,2019_11,Post_Monsoon,-0.5000000000000004,0.8660254037844384,22.9,58.68280029296875,124.02062225341795,60.41839218139648,169.7178192138672,260.164306640625,335.8406066894531,0.2186751216650009,27.920000076293945,0.567799985408783,78.05915832519531,112.8856430053711,50599.09375,140.3240509033203,3.7103257179260254,1.5449576377868652,89.59,22.79,True,15,0,True
CL503,Chalna,22.6012,89.5195,2019,12,2019-12-01,2019_12,Winter,-2.4492935982947064e-16,1.0,38.0,0.2559798657894134,,7.127081394195557,9.67689323425293,26.333797454833984,8.327371597290039,0.0146652348339557,23.1299991607666,0.4032999873161316,10.196099281311035,,31467.640625,108.51805877685548,3.4914283752441406,1.7203952074050903,89.5195,22.6012,True,13,2,False
CL504,Dumuria,22.8093,89.4145,2019,12,2019-12-01,2019_12,Winter,-2.4492935982947064e-16,1.0,32.9,1.0,6.719533920288086,5.181497573852539,9.468832015991213,27.910276412963867,4.949481964111328,0.0137708568945527,22.55500030517578,0.5821999907493591,5.6033806800842285,0.7851357460021973,57738.24609375,152.4185333251953,5.504084587097168,1.9329872131347656,89.4145,22.8093,True,15,0,True
CL509,Kapilmuni,22.6887,89.3088,2019,12,2019-12-01,2019_12,Winter,-2.4492935982947064e-16,1.0,16.0,,6.2584404945373535,8.897031784057617,10.220821380615234,24.968490600585938,6.117362976074219,0.0136728240177035,22.065000534057617,0.4603999853134155,,1.4803251028060913,48315.43359375,157.5592803955078,4.3667826652526855,1.917250394821167,89.3088,22.6887,True,13,2,False
CL510,Khulna,22.8319,89.55,2019,12,2019-12-01,2019_12,Winter,-2.4492935982947064e-16,1.0,46.5,0.7900741100311279,7.260131359100342,4.649412631988525,8.80139446258545,26.988039016723636,5.523412227630615,0.0140000004321336,23.95499992370605,0.4577000141143799,6.1456828117370605,0.5506536364555359,56018.875,154.1371307373047,6.754478931427002,2.105170726776123,89.55,22.8319,True,15,0,True
CL515,Paikgacha,22.585,89.3182,2019,12,2019-12-01,2019_12,Winter,-2.4492935982947064e-16,1.0,45.5,1.8007467985153198,6.2445831298828125,9.299032211303713,10.4511079788208,24.54753875732422,8.64785385131836,0.0144002269953489,21.565000534057617,0.4323999881744385,18.87702369689941,1.741020441055298,37890.0703125,129.93092346191406,4.656047344207764,1.6002691984176636,89.3182,22.585,True,15,0,True
CL517,Rupsa,22.79,89.59,2019,12,2019-12-01,2019_12,Winter,-2.4492935982947064e-16,1.0,1.5,4.969483375549316,7.393116474151611,3.963880062103272,8.784619331359863,27.36706924438477,5.719337463378906,0.0140000004321336,22.709999084472656,0.3535999953746795,10.837594032287598,0.5453786253929138,50599.09375,140.3240509033203,3.7103257179260254,1.5449576377868652,89.59,22.79,True,15,0,True
CL503,Chalna,22.6012,89.5195,2020,1,2020-01-01,2020_01,Winter,0.4999999999999999,0.8660254037844387,0.0,4.023919582366943,,27.096473693847656,25.52027702331543,59.76339721679688,139.63999938964844,0.0595298260450363,22.440000534057617,0.3605999946594238,89.20797729492188,,31467.640625,108.51805877685548,3.4914283752441406,1.7203952074050903,89.5195,22.6012,True,13,2,False
CL504,Dumuria,22.8093,89.4145,2020,1,2020-01-01,2020_01,Winter,0.4999999999999999,0.8660254037844387,0.0,15.571382522583008,24.668516159057617,20.714439392089844,21.38861656188965,48.53170394897461,96.3227996826172,0.0533738806843757,22.77666664123535,0.5203999876976013,34.46580123901367,16.403705596923828,57738.24609375,152.4185333251953,5.504084587097168,1.9329872131347656,89.4145,22.8093,True,15,0,True
CL509,Kapilmuni,22.6887,89.3088,2020,1,2020-01-01,2020_01,Winter,0.4999999999999999,0.8660254037844387,0.0,,23.79182243347168,20.3552360534668,24.074316024780277,48.985496520996094,95.9703140258789,0.0579526685178279,22.05500030517578,0.391400009393692,,16.266408920288086,48315.43359375,157.5592803955078,4.3667826652526855,1.917250394821167,89.3088,22.6887,True,13,2,False
CL510,Khulna,22.8319,89.55,2020,1,2020-01-01,2020_01,Winter,0.4999999999999999,0.8660254037844387,0.0,1.0,28.69570541381836,24.227235794067383,19.83130645751953,57.88376235961914,106.09479522705078,0.0541757121682167,23.165000915527344,0.4101000130176544,27.42914581298828,13.438568115234377,56018.875,154.1371307373047,6.754478931427002,2.105170726776123,89.55,22.8319,True,15,0,True
CL515,Paikgacha,22.585,89.3182,2020,1,2020-01-01,2020_01,Winter,0.4999999999999999,0.8660254037844387,0.0,6.983231067657471,24.144166946411133,25.56726837158203,26.234811782836918,48.964988708496094,97.27867889404295,0.0608390867710113,21.71999931335449,0.3628999888896942,79.05577087402344,16.09001922607422,37890.0703125,129.93092346191406,4.656047344207764,1.6002691984176636,89.3182,22.585,True,15,0,True
CL517,Rupsa,22.79,89.59,2020,1,2020-01-01,2020_01,Winter,0.4999999999999999,0.8660254037844387,0.0,0.7116984724998474,29.95711708068848,31.986722946166992,20.413454055786133,59.90077590942383,109.00602722167967,0.0547668598592281,22.200000762939453,0.3138000071048736,17.8482666015625,12.426973342895508,50599.09375,140.3240509033203,3.7103257179260254,1.5449576377868652,89.59,22.79,True,15,0,True
CL503,Chalna,22.6012,89.5195,2020,2,2020-02-01,2020_02,Winter,0.8660254037844386,0.5000000000000001,16.5,0.0,,9.471017837524414,6.6666340827941895,7.529781341552734,38.84975814819336,0.0067581748589873,26.040000915527344,0.2874999940395355,4.880239486694336,,31467.640625,108.51805877685548,3.4914283752441406,1.7203952074050903,89.5195,22.6012,True,13,2,False
CL504,Dumuria,22.8093,89.4145,2020,2,2020-02-01,2020_02,Winter,0.8660254037844386,0.5000000000000001,62.1,1.0,13.500752449035645,8.432151794433594,5.85026741027832,5.592951774597168,26.899677276611328,0.0100151980295777,25.565000534057617,0.5611000061035156,13.1281156539917,3.63840126991272,57738.24609375,152.4185333251953,5.504084587097168,1.9329872131347656,89.4145,22.8093,True,15,0,True
CL509,Kapilmuni,22.6887,89.3088,2020,2,2020-02-01,2020_02,Winter,0.8660254037844386,0.5000000000000001,75.5,,15.261077880859377,9.394436836242676,5.816901683807373,6.822781085968018,33.73054885864258,0.0088124331086874,25.4950008392334,0.421999990940094,,1.8213276863098145,48315.43359375,157.5592803955078,4.3667826652526855,1.917250394821167,89.3088,22.6887,True,13,2,False
CL510,Khulna,22.8319,89.55,2020,2,2020-02-01,2020_02,Winter,0.8660254037844386,0.5000000000000001,69.4,1.0,12.830934524536133,8.39728832244873,6.837039470672607,5.218849182128906,24.416553497314453,0.0096264816820621,27.84000015258789,0.4239000082015991,18.285017013549805,2.9725139141082764,56018.875,154.1371307373047,6.754478931427002,2.105170726776123,89.55,22.8319,True,15,0,True
CL515,Paikgacha,22.585,89.3182,2020,2,2020-02-01,2020_02,Winter,0.8660254037844386,0.5000000000000001,52.3,0.0,14.449152946472168,9.565817832946776,6.129274845123291,8.39269733428955,35.31096267700195,0.0081346863880753,24.799999237060547,0.4657999873161316,7.044314384460449,0.8267295956611633,37890.0703125,129.93092346191406,4.656047344207764,1.6002691984176636,89.3182,22.585,True,15,0,True
CL517,Rupsa,22.79,89.59,2020,2,2020-02-01,2020_02,Winter,0.8660254037844386,0.5000000000000001,53.1,0.7116984724998474,12.791996002197266,9.178473472595217,7.119772434234619,5.593812942504883,30.03789329528809,0.0087132593616843,25.424999237060547,0.3470999896526336,27.327672958374023,2.55629825592041,50599.09375,140.3240509033203,3.7103257179260254,1.5449576377868652,89.59,22.79,True,15,0,True
CL503,Chalna,22.6012,89.5195,2020,3,2020-03-01,2020_03,Pre_Monsoon,1.0,6.123233995736766e-17,154.2,6.0,,51.79579162597656,26.22976303100586,82.41365051269531,30.537656784057617,0.0375759974122047,31.645000457763672,0.3152999877929687,41.0478401184082,,31467.640625,108.51805877685548,3.4914283752441406,1.7203952074050903,89.5195,22.6012,True,13,2,False
CL504,Dumuria,22.8093,89.4145,2020,3,2020-03-01,2020_03,Pre_Monsoon,1.0,6.123233995736766e-17,30.1,4.364168167114258,34.14872360229492,60.17803192138672,28.93586158752441,101.32975006103516,58.15544891357422,0.0422212406992912,29.959999084472656,0.6463000178337097,42.078643798828125,24.80595016479492,57738.24609375,152.4185333251953,5.504084587097168,1.9329872131347656,89.4145,22.8093,True,15,0,True
CL509,Kapilmuni,22.6887,89.3088,2020,3,2020-03-01,2020_03,Pre_Monsoon,1.0,6.123233995736766e-17,44.5,,34.80733108520508,54.1444091796875,33.88076400756836,121.91514587402344,67.39891815185547,0.0418124347925186,30.040000915527344,0.4991999864578247,,22.86045265197754,48315.43359375,157.5592803955078,4.3667826652526855,1.917250394821167,89.3088,22.6887,True,13,2,False
CL510,Khulna,22.8319,89.55,2020,3,2020-03-01,2020_03,Pre_Monsoon,1.0,6.123233995736766e-17,49.9,8.67577838897705,33.55403137207031,57.115631103515625,25.27549362182617,67.27298736572266,41.5882682800293,0.0398427993059158,33.80500030517578,0.4151000082492828,42.91362380981445,23.83186149597168,56018.875,154.1371307373047,6.754478931427002,2.105170726776123,89.55,22.8319,True,15,0,True
CL515,Paikgacha,22.585,89.3182,2020,3,2020-03-01,2020_03,Pre_Monsoon,1.0,6.123233995736766e-17,47.8,3.311685800552368,34.314388275146484,59.40286636352539,35.473602294921875,104.48435974121094,49.72500228881836,0.0421932004392147,29.55500030517578,0.3910000026226043,39.93629837036133,21.371566772460938,37890.0703125,129.93092346191406,4.656047344207764,1.6002691984176636,89.3182,22.585,True,15,0,True
CL517,Rupsa,22.79,89.59,2020,3,2020-03-01,2020_03,Pre_Monsoon,1.0,6.123233995736766e-17,63.7,7.142649173736572,33.42375946044922,52.0986328125,23.73931884765625,61.5941047668457,36.95595169067383,0.0384953320026397,30.934999465942383,0.4596999883651733,49.12118911743164,23.298418045043945,50599.09375,140.3240509033203,3.7103257179260254,1.5449576377868652,89.59,22.79,True,15,0,True
CL503,Chalna,22.6012,89.5195,2020,4,2020-04-01,2020_04,Pre_Monsoon,0.8660254037844387,-0.4999999999999998,134.3,42.08609008789063,,93.18205261230467,255.15380859375,283.3895874023437,223.02691650390625,0.1641287356615066,33.72999954223633,0.3303999900817871,117.1459732055664,,31467.640625,108.51805877685548,3.4914283752441406,1.7203952074050903,89.5195,22.6012,True,13,2,False
CL504,Dumuria,22.8093,89.4145,2020,4,2020-04-01,2020_04,Pre_Monsoon,0.8660254037844387,-0.4999999999999998,83.8,50.23121643066406,119.77751922607422,83.42823791503906,272.3319091796875,252.26292419433597,241.5384063720703,0.1568662822246551,30.959999084472656,0.5823000073432922,123.00822448730467,111.94905853271484,57738.24609375,152.4185333251953,5.504084587097168,1.9329872131347656,89.4145,22.8093,True,15,0,True
CL509,Kapilmuni,22.6887,89.3088,2020,4,2020-04-01,2020_04,Pre_Monsoon,0.8660254037844387,-0.4999999999999998,51.3,,118.74845123291016,84.70784759521484,275.95684814453125,216.61898803710935,196.0180511474609,0.1411512643098831,30.13999938964844,0.5073000192642212,,104.65943908691406,48315.43359375,157.5592803955078,4.3667826652526855,1.917250394821167,89.3088,22.6887,True,13,2,False
CL510,Khulna,22.8319,89.55,2020,4,2020-04-01,2020_04,Pre_Monsoon,0.8660254037844387,-0.4999999999999998,97.3,46.17547607421875,128.29412841796875,89.55096435546875,265.74249267578125,382.6228637695313,287.26202392578125,0.1726254075765609,35.290000915527344,0.4857999980449676,111.57884216308594,103.55250549316406,56018.875,154.1371307373047,6.754478931427002,2.105170726776123,89.55,22.8319,True,15,0,True
CL515,Paikgacha,22.585,89.3182,2020,4,2020-04-01,2020_04,Pre_Monsoon,0.8660254037844387,-0.4999999999999998,117.9,46.92837142944336,119.39627838134766,83.96194458007812,274.06866455078125,212.5367584228516,161.4547576904297,0.1461318135261535,30.815000534057617,0.3743000030517578,97.05927276611328,103.87123107910156,37890.0703125,129.93092346191406,4.656047344207764,1.6002691984176636,89.3182,22.585,True,15,0,True
CL517,Rupsa,22.79,89.59,2020,4,2020-04-01,2020_04,Pre_Monsoon,0.8660254037844387,-0.4999999999999998,91.9,59.80999755859375,131.04904174804688,89.91493225097656,260.0916442871094,372.34576416015625,278.8258972167969,0.1810329407453537,32.290000915527344,0.4982999861240387,108.17010498046876,99.95759582519533,50599.09375,140.3240509033203,3.7103257179260254,1.5449576377868652,89.59,22.79,True,15,0,True
CL503,Chalna,22.6012,89.5195,2020,5,2020-05-01,2020_05,Pre_Monsoon,0.4999999999999999,-0.8660254037844387,299.2,154.16226196289062,,282.1410217285156,141.21339416503906,362.5345764160156,388.03662109375,0.3562367260456085,32.189998626708984,0.3632000088691711,301.11944580078125,,31467.640625,108.51805877685548,3.4914283752441406,1.7203952074050903,89.5195,22.6012,True,13,2,False
CL504,Dumuria,22.8093,89.4145,2020,5,2020-05-01,2020_05,Pre_Monsoon,0.4999999999999999,-0.8660254037844387,123.4,176.74130249023438,307.20538330078125,312.8074035644531,168.10694885253906,362.6899719238281,381.3581237792969,0.3780626058578491,31.143333435058597,0.5317000150680542,307.3789367675781,136.70864868164062,57738.24609375,152.4185333251953,5.504084587097168,1.9329872131347656,89.4145,22.8093,True,15,0,True
CL509,Kapilmuni,22.6887,89.3088,2020,5,2020-05-01,2020_05,Pre_Monsoon,0.4999999999999999,-0.8660254037844387,140.4,,295.29296875,264.44012451171875,162.98712158203125,390.5260925292969,382.3410949707031,0.377041608095169,30.899999618530277,0.5117999911308289,,134.5795135498047,48315.43359375,157.5592803955078,4.3667826652526855,1.917250394821167,89.3088,22.6887,True,13,2,False
CL510,Khulna,22.8319,89.55,2020,5,2020-05-01,2020_05,Pre_Monsoon,0.4999999999999999,-0.8660254037844387,166.0,162.8292694091797,312.5262145996094,277.5832824707031,153.1161651611328,344.9680480957031,358.5865173339844,0.3677281737327575,32.130001068115234,0.5195000171661377,271.9203796386719,133.12417602539062,56018.875,154.1371307373047,6.754478931427002,2.105170726776123,89.55,22.8319,True,15,0,True
CL515,Paikgacha,22.585,89.3182,2020,5,2020-05-01,2020_05,Pre_Monsoon,0.4999999999999999,-0.8660254037844387,122.0,208.5298614501953,285.554443359375,262.42926025390625,157.2347869873047,383.0236511230469,371.9784851074219,0.3757832944393158,31.729999542236328,0.5091000199317932,409.9520568847656,133.8103790283203,37890.0703125,129.93092346191406,4.656047344207764,1.6002691984176636,89.3182,22.585,True,15,0,True
CL517,Rupsa,22.79,89.59,2020,5,2020-05-01,2020_05,Pre_Monsoon,0.4999999999999999,-0.8660254037844387,169.1,139.56314086914062,313.0546875,251.3054656982422,144.62588500976562,336.031005859375,376.8697509765625,0.3610550761222839,31.71999931335449,0.5164999961853027,247.43096923828125,131.6935272216797,50599.09375,140.3240509033203,3.7103257179260254,1.5449576377868652,89.59,22.79,True,15,0,True
CL503,Chalna,22.6012,89.5195,2020,6,2020-06-01,2020_06,Monsoon,1.2246467991473532e-16,-1.0,306.0,372.4807434082031,,391.1043701171875,291.8936462402344,470.8847961425781,639.2653198242188,0.549813985824585,30.549999237060547,0.5166000127792358,353.7748107910156,,31467.640625,108.51805877685548,3.4914283752441406,1.7203952074050903,89.5195,22.6012,True,13,2,False
CL504,Dumuria,22.8093,89.4145,2020,6,2020-06-01,2020_06,Monsoon,1.2246467991473532e-16,-1.0,95.4,337.01837158203125,365.42584228515625,346.90496826171875,278.9169921875,397.91400146484375,481.3239135742188,0.4859704971313476,27.61000061035156,0.5425999760627747,251.97352600097656,376.6492004394531,57738.24609375,152.4185333251953,5.504084587097168,1.9329872131347656,89.4145,22.8093,True,15,0,True
CL509,Kapilmuni,22.6887,89.3088,2020,6,2020-06-01,2020_06,Monsoon,1.2246467991473532e-16,-1.0,218.4,,381.50103759765625,382.4826965332031,277.9629821777344,397.5433044433594,649.5473022460938,0.5168102383613586,25.82999992370605,0.689300000667572,,397.67193603515625,48315.43359375,157.5592803955078,4.3667826652526855,1.917250394821167,89.3088,22.6887,True,13,2,False
CL510,Khulna,22.8319,89.55,2020,6,2020-06-01,2020_06,Monsoon,1.2246467991473532e-16,-1.0,266.4,291.3498229980469,371.88134765625,343.8644104003906,293.0648498535156,441.794189453125,449.0039978027344,0.4966595470905304,31.32999992370605,0.4954000115394592,236.6011199951172,371.0584106445313,56018.875,154.1371307373047,6.754478931427002,2.105170726776123,89.55,22.8319,True,15,0,True
CL515,Paikgacha,22.585,89.3182,2020,6,2020-06-01,2020_06,Monsoon,1.2246467991473532e-16,-1.0,267.3,369.6368713378906,399.5272216796875,402.5924682617188,283.2952880859375,425.2043762207031,769.3670043945312,0.5569446086883545,27.1299991607666,0.4180999994277954,337.3741455078125,407.9759521484375,37890.0703125,129.93092346191406,4.656047344207764,1.6002691984176636,89.3182,22.585,True,15,0,True
CL517,Rupsa,22.79,89.59,2020,6,2020-06-01,2020_06,Monsoon,1.2246467991473532e-16,-1.0,223.2,315.0176086425781,375.7533264160156,346.1214294433594,296.9244689941406,420.3296813964844,482.240966796875,0.5090057849884033,29.8799991607666,0.3684999942779541,249.8342437744141,371.4033203125,50599.09375,140.3240509033203,3.7103257179260254,1.5449576377868652,89.59,22.79,True,15,0,True
CL503,Chalna,22.6012,89.5195,2020,7,2020-07-01,2020_07,Monsoon,-0.4999999999999997,-0.8660254037844388,540.4,273.72027587890625,,340.40826416015625,322.36767578125,312.43048095703125,298.50787353515625,0.4861221611499786,,0.4153999984264374,355.2921142578125,,31467.640625,108.51805877685548,3.4914283752441406,1.7203952074050903,89.5195,22.6012,True,12,3,False
CL504,Dumuria,22.8093,89.4145,2020,7,2020-07-01,2020_07,Monsoon,-0.4999999999999997,-0.8660254037844388,400.1,259.77496337890625,408.4631958007813,334.0083312988281,389.9763793945313,262.1746826171875,185.1766357421875,0.4400114417076111,,0.5992000102996826,286.89215087890625,198.0889892578125,57738.24609375,152.4185333251953,5.504084587097168,1.9329872131347656,89.4145,22.8093,True,14,1,False
CL509,Kapilmuni,22.6887,89.3088,2020,7,2020-07-01,2020_07,Monsoon,-0.4999999999999997,-0.8660254037844388,452.0,,422.6548156738281,345.8958435058594,334.13238525390625,257.7483215332031,225.00938415527344,0.4496232271194458,26.950000762939453,0.479200005531311,,220.2642822265625,48315.43359375,157.5592803955078,4.3667826652526855,1.917250394821167,89.3088,22.6887,True,13,2,False
CL510,Khulna,22.8319,89.55,2020,7,2020-07-01,2020_07,Monsoon,-0.4999999999999997,-0.8660254037844388,392.2,276.984375,415.3484191894531,335.1698303222656,401.1015319824219,274.6611022949219,218.53741455078125,0.4499166309833526,,0.3269000053405761,299.9357604980469,184.80780029296875,56018.875,154.1371307373047,6.754478931427002,2.105170726776123,89.55,22.8319,True,14,1,False
CL515,Paikgacha,22.585,89.3182,2020,7,2020-07-01,2020_07,Monsoon,-0.4999999999999997,-0.8660254037844388,466.1,288.1192321777344,438.6409912109375,351.21014404296875,320.673095703125,267.2636108398437,270.64715576171875,0.4733993113040924,26.170000076293945,0.3255000114440918,328.9568176269531,232.73423767089844,37890.0703125,129.93092346191406,4.656047344207764,1.6002691984176636,89.3182,22.585,True,15,0,True
CL517,Rupsa,22.79,89.59,2020,7,2020-07-01,2020_07,Monsoon,-0.4999999999999997,-0.8660254037844388,429.8,283.0821533203125,419.1655883789063,334.5907287597656,384.078369140625,285.2070007324219,238.69122314453125,0.4642780423164367,,0.4677999913692474,310.0663146972656,182.68865966796875,50599.09375,140.3240509033203,3.7103257179260254,1.5449576377868652,89.59,22.79,True,14,1,False
CL503,Chalna,22.6012,89.5195,2020,8,2020-08-01,2020_08,Monsoon,-0.8660254037844385,-0.5000000000000004,404.7,270.2800598144531,,331.7462158203125,360.64599609375,486.6755676269531,,0.5631097555160522,,0.3673999905586242,487.8453674316406,,31467.640625,108.51805877685548,3.4914283752441406,1.7203952074050903,89.5195,22.6012,True,11,4,False
CL504,Dumuria,22.8093,89.4145,2020,8,2020-08-01,2020_08,Monsoon,-0.8660254037844385,-0.5000000000000004,326.4,367.4132385253906,342.6119689941406,311.4576110839844,318.4189147949219,420.2042541503906,451.97314453125,0.5052546262741089,31.049999237060547,0.6898000240325928,448.6444091796875,311.4383544921875,57738.24609375,152.4185333251953,5.504084587097168,1.9329872131347656,89.4145,22.8093,True,15,0,True
CL509,Kapilmuni,22.6887,89.3088,2020,8,2020-08-01,2020_08,Monsoon,-0.8660254037844385,-0.5000000000000004,297.9,,351.6219177246094,326.4828186035156,370.8629760742188,434.5010986328125,,0.5318738222122192,28.229999542236328,0.625,,320.5753479003906,48315.43359375,157.5592803955078,4.3667826652526855,1.917250394821167,89.3088,22.6887,True,12,3,False
CL510,Khulna,22.8319,89.55,2020,8,2020-08-01,2020_08,Monsoon,-0.8660254037844385,-0.5000000000000004,349.6,339.4148864746094,360.8049926757813,320.9362487792969,303.0115966796875,416.2317199707031,450.0103454589844,0.4971200227737427,33.04999923706055,0.5674999952316284,450.4138793945313,276.8020935058594,56018.875,154.1371307373047,6.754478931427002,2.105170726776123,89.55,22.8319,True,15,0,True
CL515,Paikgacha,22.585,89.3182,2020,8,2020-08-01,2020_08,Monsoon,-0.8660254037844385,-0.5000000000000004,297.5,247.3709716796875,369.1666870117188,329.926025390625,394.0648498535156,484.1156921386719,,0.5534379482269287,28.11000061035156,0.2883999943733215,447.66748046875,325.3085632324219,37890.0703125,129.93092346191406,4.656047344207764,1.6002691984176636,89.3182,22.585,True,14,1,False
CL517,Rupsa,22.79,89.59,2020,8,2020-08-01,2020_08,Monsoon,-0.8660254037844385,-0.5000000000000004,302.9,311.0692138671875,367.8761291503906,326.6713562011719,308.76885986328125,404.369384765625,469.2072143554688,0.5140791535377502,28.229999542236328,0.4677999913692474,428.9715270996094,266.1221923828125,50599.09375,140.3240509033203,3.7103257179260254,1.5449576377868652,89.59,22.79,True,15,0,True
CL503,Chalna,22.6012,89.5195,2020,9,2020-09-01,2020_09,Monsoon,-1.0,-1.8369701987210294e-16,198.4,324.88311767578125,,180.9491729736328,222.675537109375,293.36798095703125,355.1224670410156,0.3175440430641174,26.68000030517578,0.5005999803543091,547.0935668945312,,31467.640625,108.51805877685548,3.4914283752441406,1.7203952074050903,89.5195,22.6012,True,13,2,False
CL504,Dumuria,22.8093,89.4145,2020,9,2020-09-01,2020_09,Monsoon,-1.0,-1.8369701987210294e-16,84.7,253.25836181640625,249.26486206054688,158.1707305908203,224.60728454589844,221.6326904296875,168.9232177734375,0.2966456711292267,,0.6875,343.7391357421875,219.79498291015625,57738.24609375,152.4185333251953,5.504084587097168,1.9329872131347656,89.4145,22.8093,True,14,1,False
CL509,Kapilmuni,22.6887,89.3088,2020,9,2020-09-01,2020_09,Monsoon,-1.0,-1.8369701987210294e-16,192.6,,245.5023651123047,154.27450561523438,219.7618865966797,214.98719787597656,200.22247314453125,0.2917886972427368,29.543333053588867,0.6496999859809875,,230.51654052734372,48315.43359375,157.5592803955078,4.3667826652526855,1.917250394821167,89.3088,22.6887,True,13,2,False
CL510,Khulna,22.8319,89.55,2020,9,2020-09-01,2020_09,Monsoon,-1.0,-1.8369701987210294e-16,207.2,271.4812927246094,251.74110412597656,170.2528076171875,218.842041015625,269.0330810546875,186.0618133544922,0.3132003545761108,32.0099983215332,0.5674999952316284,370.9360961914063,216.64599609375,56018.875,154.1371307373047,6.754478931427002,2.105170726776123,89.55,22.8319,True,15,0,True
CL515,Paikgacha,22.585,89.3182,2020,9,2020-09-01,2020_09,Monsoon,-1.0,-1.8369701987210294e-16,250.8,298.2530822753906,245.80758666992188,164.0642852783203,222.3049468994141,228.29605102539065,265.197021484375,0.3019959926605224,31.209999084472656,0.5516999959945679,472.4568786621094,244.7052154541016,37890.0703125,129.93092346191406,4.656047344207764,1.6002691984176636,89.3182,22.585,True,15,0,True
CL517,Rupsa,22.79,89.59,2020,9,2020-09-01,2020_09,Monsoon,-1.0,-1.8369701987210294e-16,137.5,269.5433654785156,252.1755828857422,173.50633239746094,217.1161193847656,274.4551086425781,220.82406616210935,0.3213307559490204,30.90999984741211,0.4370999932289123,398.7737731933594,216.72178649902344,50599.09375,140.3240509033203,3.7103257179260254,1.5449576377868652,89.59,22.79,True,15,0,True
CL503,Chalna,22.6012,89.5195,2020,10,2020-10-01,2020_10,Post_Monsoon,-0.8660254037844386,0.5000000000000001,361.0,148.7266387939453,,141.67506408691406,174.9973907470703,329.103759765625,502.0417785644531,0.2988311648368835,27.9950008392334,0.5306000113487244,395.7652282714844,,31467.640625,108.51805877685548,3.4914283752441406,1.7203952074050903,89.5195,22.6012,True,13,2,False
CL504,Dumuria,22.8093,89.4145,2020,10,2020-10-01,2020_10,Post_Monsoon,-0.8660254037844386,0.5000000000000001,322.4,130.82467651367188,158.20457458496094,124.69438934326172,153.8426055908203,236.0508728027344,347.8295288085937,0.248471051454544,29.76000022888184,0.6654999852180481,274.4965515136719,149.78233337402344,57738.24609375,152.4185333251953,5.504084587097168,1.9329872131347656,89.4145,22.8093,True,15,0,True
CL509,Kapilmuni,22.6887,89.3088,2020,10,2020-10-01,2020_10,Post_Monsoon,-0.8660254037844386,0.5000000000000001,289.5,,163.9433135986328,102.16300201416016,169.35250854492188,203.60140991210935,294.0631408691406,0.2522974014282226,29.020000457763672,0.6916000247001648,,153.96315002441406,48315.43359375,157.5592803955078,4.3667826652526855,1.917250394821167,89.3088,22.6887,True,13,2,False
CL510,Khulna,22.8319,89.55,2020,10,2020-10-01,2020_10,Post_Monsoon,-0.8660254037844386,0.5000000000000001,229.2,164.07559204101562,155.0791778564453,154.92434692382812,150.18338012695312,293.3330993652344,418.8385009765625,0.2654599547386169,31.51499938964844,0.5490999817848206,302.8876953125,169.37710571289062,56018.875,154.1371307373047,6.754478931427002,2.105170726776123,89.55,22.8319,True,15,0,True
CL515,Paikgacha,22.585,89.3182,2020,10,2020-10-01,2020_10,Post_Monsoon,-0.8660254037844386,0.5000000000000001,238.1,106.9967041015625,171.12002563476562,115.75621032714844,178.25579833984375,229.69674682617188,316.5019836425781,0.2724393606185913,28.309999465942383,0.5633999705314636,306.541748046875,164.9225616455078,37890.0703125,129.93092346191406,4.656047344207764,1.6002691984176636,89.3182,22.585,True,15,0,True
CL517,Rupsa,22.79,89.59,2020,10,2020-10-01,2020_10,Post_Monsoon,-0.8660254037844386,0.5000000000000001,192.7,171.20028686523438,154.63555908203125,154.75950622558594,154.18948364257812,313.39990234375,448.13873291015625,0.2806202173233032,29.53499984741211,0.6284999847412109,321.5853576660156,176.40855407714844,50599.09375,140.3240509033203,3.7103257179260254,1.5449576377868652,89.59,22.79,True,15,0,True
CL503,Chalna,22.6012,89.5195,2020,11,2020-11-01,2020_11,Post_Monsoon,-0.5000000000000004,0.8660254037844384,73.5,2.4281601905822754,,11.119382858276367,21.763538360595703,23.46315193176269,4.379342555999756,0.0322294160723686,25.803333282470703,0.4729000031948089,9.095840454101562,,31467.640625,108.51805877685548,3.4914283752441406,1.7203952074050903,89.5195,22.6012,True,13,2,False
CL504,Dumuria,22.8093,89.4145,2020,11,2020-11-01,2020_11,Post_Monsoon,-0.5000000000000004,0.8660254037844384,38.2,5.922698020935059,9.513418197631836,10.903386116027832,16.739639282226562,12.403524398803713,7.274925708770752,0.0291368290781974,27.88999938964844,0.6412000060081482,7.589069843292236,3.4954640865325928,57738.24609375,152.4185333251953,5.504084587097168,1.9329872131347656,89.4145,22.8093,True,15,0,True
CL509,Kapilmuni,22.6887,89.3088,2020,11,2020-11-01,2020_11,Post_Monsoon,-0.5000000000000004,0.8660254037844384,21.0,,11.453277587890623,13.332819938659668,16.48887825012207,8.171975135803223,3.521549701690674,0.0337182804942131,27.51666641235352,0.5493999719619751,,3.885106086730957,48315.43359375,157.5592803955078,4.3667826652526855,1.917250394821167,89.3088,22.6887,True,13,2,False
CL510,Khulna,22.8319,89.55,2020,11,2020-11-01,2020_11,Post_Monsoon,-0.5000000000000004,0.8660254037844384,54.2,3.309022903442383,8.98431396484375,8.609527587890625,16.939661026000977,12.030259132385254,5.424386501312256,0.0282091274857521,29.88333320617676,0.5051000118255615,8.928238868713379,4.379231929779053,56018.875,154.1371307373047,6.754478931427002,2.105170726776123,89.55,22.8319,True,15,0,True
CL515,Paikgacha,22.585,89.3182,2020,11,2020-11-01,2020_11,Post_Monsoon,-0.5000000000000004,0.8660254037844384,49.3,4.692506313323975,12.449251174926758,15.170490264892578,18.097347259521484,8.688644409179688,3.246817350387573,0.0371669679880142,25.86333274841309,0.4745000004768371,11.163323402404783,4.379055500030518,37890.0703125,129.93092346191406,4.656047344207764,1.6002691984176636,89.3182,22.585,True,15,0,True
CL517,Rupsa,22.79,89.59,2020,11,2020-11-01,2020_11,Post_Monsoon,-0.5000000000000004,0.8660254037844384,10.4,3.807250499725342,9.011693000793455,10.909958839416504,18.173023223876957,12.044393539428713,4.436028480529785,0.0295046716928482,26.976667404174805,0.6202999949455261,12.230589866638184,4.717646598815918,50599.09375,140.3240509033203,3.7103257179260254,1.5449576377868652,89.59,22.79,True,15,0,True
CL503,Chalna,22.6012,89.5195,2020,12,2020-12-01,2020_12,Winter,-2.4492935982947064e-16,1.0,29.2,0.0,,2.551547050476074,0.0493676960468292,0.0627259165048599,0.0009281435632146,0.0031525886151939,22.280000686645508,0.3210999965667724,0.0,,31467.640625,108.51805877685548,3.4914283752441406,1.7203952074050903,89.5195,22.6012,True,13,2,False
CL504,Dumuria,22.8093,89.4145,2020,12,2020-12-01,2020_12,Winter,-2.4492935982947064e-16,1.0,16.0,0.0,0.0,2.716778516769409,0.1862779706716537,0.0016536582261323,0.0,0.0023969796020537,22.989999771118164,0.5049999952316284,0.0,0.0,57738.24609375,152.4185333251953,5.504084587097168,1.9329872131347656,89.4145,22.8093,True,15,0,True
CL509,Kapilmuni,22.6887,89.3088,2020,12,2020-12-01,2020_12,Winter,-2.4492935982947064e-16,1.0,16.6,,0.0,2.827583312988281,0.1041700169444084,0.0042774099856615,0.0,0.0027482816949486,23.299999237060547,0.3865000009536743,,0.0,48315.43359375,157.5592803955078,4.3667826652526855,1.917250394821167,89.3088,22.6887,True,13,2,False
CL510,Khulna,22.8319,89.55,2020,12,2020-12-01,2020_12,Winter,-2.4492935982947064e-16,1.0,30.6,0.0,0.0,2.5520565509796143,0.1650855392217636,0.2125719934701919,0.0,0.0029964060522615,25.2549991607666,0.4311999976634979,0.0,0.0,56018.875,154.1371307373047,6.754478931427002,2.105170726776123,89.55,22.8319,True,15,0,True
CL515,Paikgacha,22.585,89.3182,2020,12,2020-12-01,2020_12,Winter,-2.4492935982947064e-16,1.0,25.8,0.0,0.0,3.336649179458618,0.066516101360321,0.0,0.0037691495381295,0.0045934244990348,22.28499984741211,0.3797999918460846,0.0,0.0,37890.0703125,129.93092346191406,4.656047344207764,1.6002691984176636,89.3182,22.585,True,15,0,True
CL517,Rupsa,22.79,89.59,2020,12,2020-12-01,2020_12,Winter,-2.4492935982947064e-16,1.0,6.7,0.0,0.0,1.8879338502883911,0.1307862997055053,0.7879700064659119,0.0,0.0031535828020423,23.479999542236328,0.4097000062465668,0.0,0.0,50599.09375,140.3240509033203,3.7103257179260254,1.5449576377868652,89.59,22.79,True,15,0,True
CL503,Chalna,22.6012,89.5195,2021,1,2021-01-01,2021_01,Winter,0.4999999999999999,0.8660254037844387,0.0,0.0,,4.387771129608154,1.3008782863616943,1.5049399137496948,0.0079945353791117,0.0032879987265914,23.6299991607666,0.2633000016212463,0.0,,31467.640625,108.51805877685548,3.4914283752441406,1.7203952074050903,89.5195,22.6012,True,13,2,False
CL504,Dumuria,22.8093,89.4145,2021,1,2021-01-01,2021_01,Winter,0.4999999999999999,0.8660254037844387,0.0,0.0,0.0,3.6144280433654794,2.4443790912628174,1.0658365488052368,0.0078943334519863,0.0055179977789521,23.1299991607666,0.5339000225067139,0.0,0.0,57738.24609375,152.4185333251953,5.504084587097168,1.9329872131347656,89.4145,22.8093,True,15,0,True
CL509,Kapilmuni,22.6887,89.3088,2021,1,2021-01-01,2021_01,Winter,0.4999999999999999,0.8660254037844387,0.0,,0.0,3.3646645545959477,1.7081820964813232,0.4766540825366974,0.0043608164414763,0.007869710214436,23.405000686645508,0.3892000019550323,,0.0,48315.43359375,157.5592803955078,4.3667826652526855,1.917250394821167,89.3088,22.6887,True,13,2,False
CL510,Khulna,22.8319,89.55,2021,1,2021-01-01,2021_01,Winter,0.4999999999999999,0.8660254037844387,0.0,0.0,0.0,4.313313007354736,2.1347172260284424,2.1097443103790283,0.0124667268246412,0.0069991033524274,25.174999237060547,0.3955000042915344,0.0,0.0,56018.875,154.1371307373047,6.754478931427002,2.105170726776123,89.55,22.8319,True,15,0,True
CL515,Paikgacha,22.585,89.3182,2021,1,2021-01-01,2021_01,Winter,0.4999999999999999,0.8660254037844387,0.0,0.0,0.423669159412384,4.934350490570068,1.333568453788757,0.1039444580674171,0.0021351133473217,0.0094674890860915,23.020000457763672,0.3952000141143799,0.0,0.0,37890.0703125,129.93092346191406,4.656047344207764,1.6002691984176636,89.3182,22.585,True,15,0,True
CL517,Rupsa,22.79,89.59,2021,1,2021-01-01,2021_01,Winter,0.4999999999999999,0.8660254037844387,0.0,0.0,0.0,5.610561370849609,1.852156162261963,3.321272611618042,0.0044622453860938,0.0044759823940694,23.26000022888184,0.3188000023365021,0.0,0.0,50599.09375,140.3240509033203,3.7103257179260254,1.5449576377868652,89.59,22.79,True,15,0,True
CL503,Chalna,22.6012,89.5195,2021,2,2021-02-01,2021_02,Winter,0.8660254037844386,0.5000000000000001,19.6,2.511959791183472,,6.83799409866333,0.3607498705387115,3.362670421600342,23.69808959960937,0.0040929410606622,27.475000381469727,0.2538000047206878,18.53587913513184,,31467.640625,108.51805877685548,3.4914283752441406,1.7203952074050903,89.5195,22.6012,True,13,2,False
CL504,Dumuria,22.8093,89.4145,2021,2,2021-02-01,2021_02,Winter,0.8660254037844386,0.5000000000000001,73.5,7.536675453186035,2.5383341312408447,6.249505043029785,1.3780595064163208,4.676896572113037,26.631511688232425,0.006229143589735,26.31999969482422,0.5593000054359436,33.79931640625,18.737977981567383,57738.24609375,152.4185333251953,5.504084587097168,1.9329872131347656,89.4145,22.8093,True,15,0,True
CL509,Kapilmuni,22.6887,89.3088,2021,2,2021-02-01,2021_02,Winter,0.8660254037844386,0.5000000000000001,89.4,,2.306980609893799,7.338189125061035,0.7255023717880249,4.623110294342041,20.449567794799805,0.0055560548789799,26.145000457763672,0.3822999894618988,,17.853479385375977,48315.43359375,157.5592803955078,4.3667826652526855,1.917250394821167,89.3088,22.6887,True,13,2,False
CL510,Khulna,22.8319,89.55,2021,2,2021-02-01,2021_02,Winter,0.8660254037844386,0.5000000000000001,82.2,15.7044038772583,2.486473560333252,5.915687561035156,1.2136688232421875,3.432591676712036,22.182090759277344,0.006000000052154,28.7450008392334,0.4052999913692474,57.69747161865234,28.53933906555176,56018.875,154.1371307373047,6.754478931427002,2.105170726776123,89.55,22.8319,True,15,0,True
CL515,Paikgacha,22.585,89.3182,2021,2,2021-02-01,2021_02,Winter,0.8660254037844386,0.5000000000000001,61.9,10.809706687927246,2.1339962482452397,7.495278358459473,0.4472484290599823,4.382085800170898,18.385576248168945,0.0050262310542166,25.82999992370605,0.3476999998092651,28.23598289489746,19.36603546142578,37890.0703125,129.93092346191406,4.656047344207764,1.6002691984176636,89.3182,22.585,True,15,0,True
CL517,Rupsa,22.79,89.59,2021,2,2021-02-01,2021_02,Winter,0.8660254037844386,0.5000000000000001,62.8,6.699610710144043,2.4445505142211914,6.420398712158203,0.958553433418274,3.15839958190918,22.32964134216309,0.006000000052154,26.729999542236328,0.3483999967575073,48.19886016845703,31.74156379699707,50599.09375,140.3240509033203,3.7103257179260254,1.5449576377868652,89.59,22.79,True,15,0,True
CL503,Chalna,22.6012,89.5195,2021,3,2021-03-01,2021_03,Pre_Monsoon,1.0,6.123233995736766e-17,138.8,1.0,,12.187769889831545,6.784300804138184,0.2223004847764969,0.1864276230335235,0.0010000000474974,31.979999542236328,0.2354000061750412,7.511959552764893,,31467.640625,108.51805877685548,3.4914283752441406,1.7203952074050903,89.5195,22.6012,True,13,2,False
CL504,Dumuria,22.8093,89.4145,2021,3,2021-03-01,2021_03,Pre_Monsoon,1.0,6.123233995736766e-17,30.1,0.0,4.664663791656494,11.094985961914062,8.695210456848145,0.0966593027114868,0.3162637948989868,0.0010000000474974,29.899999618530277,0.6381999850273132,4.327212333679199,0.72549968957901,57738.24609375,152.4185333251953,5.504084587097168,1.9329872131347656,89.4145,22.8093,True,15,0,True
CL509,Kapilmuni,22.6887,89.3088,2021,3,2021-03-01,2021_03,Pre_Monsoon,1.0,6.123233995736766e-17,40.8,,6.311009407043457,8.653397560119629,7.70997953414917,0.1621874570846557,0.0465642251074314,0.0016315128887072,29.479999542236328,0.446399986743927,,0.7953065633773804,48315.43359375,157.5592803955078,4.3667826652526855,1.917250394821167,89.3088,22.6887,True,13,2,False
CL510,Khulna,22.8319,89.55,2021,3,2021-03-01,2021_03,Pre_Monsoon,1.0,6.123233995736766e-17,49.0,1.0,5.487629413604736,12.366631507873535,7.688489437103271,0.2630659341812134,0.1275421530008316,0.0017908739391714,33.5,0.388399988412857,5.794710636138916,0.7247062921524048,56018.875,154.1371307373047,6.754478931427002,2.105170726776123,89.55,22.8319,True,15,0,True
CL515,Paikgacha,22.585,89.3182,2021,3,2021-03-01,2021_03,Pre_Monsoon,1.0,6.123233995736766e-17,47.3,0.0,7.244985103607178,9.198565483093262,7.19824743270874,0.3483457863330841,0.3360408842563629,0.0022194287739694,30.18000030517578,0.3447000086307525,3.2898077964782715,0.8816070556640625,37890.0703125,129.93092346191406,4.656047344207764,1.6002691984176636,89.3182,22.585,True,15,0,True
CL517,Rupsa,22.79,89.59,2021,3,2021-03-01,2021_03,Pre_Monsoon,1.0,6.123233995736766e-17,59.7,1.0,5.938596248626709,12.500144004821776,7.19194221496582,0.1440967470407486,0.0782723054289817,0.0016336973058059,31.100000381469727,0.4620999991893768,9.286713600158691,0.7318272590637207,50599.09375,140.3240509033203,3.7103257179260254,1.5449576377868652,89.59,22.79,True,15,0,True
CL503,Chalna,22.6012,89.5195,2021,4,2021-04-01,2021_04,Pre_Monsoon,0.8660254037844387,-0.4999999999999998,116.3,3.0,,17.920612335205078,6.648556232452393,2.833092451095581,4.927970409393311,0.0203680600970983,33.310001373291016,0.3185000121593475,24.710350036621094,,31467.640625,108.51805877685548,3.4914283752441406,1.7203952074050903,89.5195,22.6012,True,13,2,False
CL504,Dumuria,22.8093,89.4145,2021,4,2021-04-01,2021_04,Pre_Monsoon,0.8660254037844387,-0.4999999999999998,73.5,16.70435333251953,29.133331298828125,19.479982376098636,12.410391807556152,2.738608837127685,10.183793067932127,0.0271830335259437,32.776668548583984,0.5184999704360962,34.821414947509766,21.344446182250977,57738.24609375,152.4185333251953,5.504084587097168,1.9329872131347656,89.4145,22.8093,True,15,0,True
CL509,Kapilmuni,22.6887,89.3088,2021,4,2021-04-01,2021_04,Pre_Monsoon,0.8660254037844387,-0.4999999999999998,54.2,,28.598011016845703,21.17379570007324,8.355622291564941,2.30598521232605,6.663095951080322,0.0243858192116022,31.8700008392334,0.4271999895572662,,21.48781013488769,48315.43359375,157.5592803955078,4.3667826652526855,1.917250394821167,89.3088,22.6887,True,13,2,False
CL510,Khulna,22.8319,89.55,2021,4,2021-04-01,2021_04,Pre_Monsoon,0.8660254037844387,-0.4999999999999998,93.9,4.728874683380127,29.789283752441406,18.99400329589844,14.229022979736328,3.1596038341522217,8.964273452758789,0.0258505195379257,35.16999816894531,0.4153000116348266,27.794109344482425,18.54378890991211,56018.875,154.1371307373047,6.754478931427002,2.105170726776123,89.55,22.8319,True,15,0,True
CL515,Paikgacha,22.585,89.3182,2021,4,2021-04-01,2021_04,Pre_Monsoon,0.8660254037844387,-0.4999999999999998,108.7,4.330613613128662,27.96356964111328,21.73923110961914,7.038113594055176,2.140523672103882,5.6594648361206055,0.022773090749979,31.12333297729492,0.335999995470047,32.381961822509766,20.869903564453125,37890.0703125,129.93092346191406,4.656047344207764,1.6002691984176636,89.3182,22.585,True,15,0,True
CL517,Rupsa,22.79,89.59,2021,4,2021-04-01,2021_04,Pre_Monsoon,0.8660254037844387,-0.4999999999999998,84.7,3.0379552841186523,29.953201293945312,18.01943588256836,12.882349967956545,2.9432408809661865,5.689073085784912,0.0248024947941303,33.05666732788086,0.4171000123023987,18.793746948242188,17.617204666137695,50599.09375,140.3240509033203,3.7103257179260254,1.5449576377868652,89.59,22.79,True,15,0,True
CL503,Chalna,22.6012,89.5195,2021,5,2021-05-01,2021_05,Pre_Monsoon,0.4999999999999999,-0.8660254037844387,249.1,97.52933502197266,,192.89198303222656,188.1334381103516,150.23614501953125,142.77590942382812,0.1903721094131469,33.4900016784668,0.3307999968528747,245.4116973876953,,31467.640625,108.51805877685548,3.4914283752441406,1.7203952074050903,89.5195,22.6012,True,13,2,False
CL504,Dumuria,22.8093,89.4145,2021,5,2021-05-01,2021_05,Pre_Monsoon,0.4999999999999999,-0.8660254037844387,130.7,120.01139831542967,190.6925201416016,240.3085784912109,195.61001586914065,167.16737365722656,221.92645263671875,0.2058095484972,35.20000076293945,0.4790000021457672,248.60598754882807,173.23455810546875,57738.24609375,152.4185333251953,5.504084587097168,1.9329872131347656,89.4145,22.8093,True,15,0,True
CL509,Kapilmuni,22.6887,89.3088,2021,5,2021-05-01,2021_05,Pre_Monsoon,0.4999999999999999,-0.8660254037844387,147.8,,172.6222686767578,202.5669403076172,178.30014038085938,162.71893310546875,158.07675170898438,0.219664990901947,31.665000915527344,0.4025000035762787,,171.52769470214844,48315.43359375,157.5592803955078,4.3667826652526855,1.917250394821167,89.3088,22.6887,True,13,2,False
CL510,Khulna,22.8319,89.55,2021,5,2021-05-01,2021_05,Pre_Monsoon,0.4999999999999999,-0.8660254037844387,154.4,106.18680572509766,171.45997619628906,199.7094573974609,204.6324615478516,154.8757781982422,246.5118103027344,0.1949982047080993,35.79999923706055,0.4383000135421753,249.10348510742188,156.06478881835938,56018.875,154.1371307373047,6.754478931427002,2.105170726776123,89.55,22.8319,True,15,0,True
CL515,Paikgacha,22.585,89.3182,2021,5,2021-05-01,2021_05,Pre_Monsoon,0.4999999999999999,-0.8660254037844387,114.0,96.66587829589844,166.26197814941406,197.0437469482422,172.25086975097656,159.24594116210938,136.8084259033203,0.2231568545103073,30.75,0.3736000061035156,225.42593383789065,169.0030975341797,37890.0703125,129.93092346191406,4.656047344207764,1.6002691984176636,89.3182,22.585,True,15,0,True
CL517,Rupsa,22.79,89.59,2021,5,2021-05-01,2021_05,Pre_Monsoon,0.4999999999999999,-0.8660254037844387,158.2,93.99120330810548,163.0803985595703,185.7242126464844,204.46766662597656,143.555908203125,220.05657958984372,0.1930643767118454,34.540000915527344,0.3400999903678894,237.3192443847656,150.110595703125,50599.09375,140.3240509033203,3.7103257179260254,1.5449576377868652,89.59,22.79,True,15,0,True
CL503,Chalna,22.6012,89.5195,2021,6,2021-06-01,2021_06,Monsoon,1.2246467991473532e-16,-1.0,310.6,426.6942138671875,,436.86468505859375,455.9452819824219,529.8060913085938,548.6339111328125,0.7069762945175171,30.8700008392334,0.2614000141620636,401.1720275878906,,31467.640625,108.51805877685548,3.4914283752441406,1.7203952074050903,89.5195,22.6012,True,13,2,False
CL504,Dumuria,22.8093,89.4145,2021,6,2021-06-01,2021_06,Monsoon,1.2246467991473532e-16,-1.0,90.7,467.829345703125,477.9252624511719,397.9482116699219,470.16058349609375,494.8947448730469,508.0270385742188,0.6810262799263,32.5099983215332,0.5960999727249146,366.2535095214844,366.6697387695313,57738.24609375,152.4185333251953,5.504084587097168,1.9329872131347656,89.4145,22.8093,True,15,0,True
CL509,Kapilmuni,22.6887,89.3088,2021,6,2021-06-01,2021_06,Monsoon,1.2246467991473532e-16,-1.0,207.9,,511.5227355957031,401.8501892089844,452.34967041015625,481.1592102050781,528.2782592773438,0.6641445159912109,32.189998626708984,0.414900004863739,,384.6560363769531,48315.43359375,157.5592803955078,4.3667826652526855,1.917250394821167,89.3088,22.6887,True,13,2,False
CL510,Khulna,22.8319,89.55,2021,6,2021-06-01,2021_06,Monsoon,1.2246467991473532e-16,-1.0,244.8,425.3495788574219,502.1719055175781,446.3028869628906,483.3476257324219,497.2564086914063,515.3506469726562,0.6974677443504333,35.130001068115234,0.3736999928951263,378.32373046875,363.5257873535156,56018.875,154.1371307373047,6.754478931427002,2.105170726776123,89.55,22.8319,True,15,0,True
CL515,Paikgacha,22.585,89.3182,2021,6,2021-06-01,2021_06,Monsoon,1.2246467991473532e-16,-1.0,230.9,451.92620849609375,536.2432250976562,417.7496337890625,450.5551452636719,497.6749877929688,496.7189025878906,0.6922353506088257,29.239999771118164,0.3170999884605407,419.2226867675781,389.3408203125,37890.0703125,129.93092346191406,4.656047344207764,1.6002691984176636,89.3182,22.585,True,15,0,True
CL517,Rupsa,22.79,89.59,2021,6,2021-06-01,2021_06,Monsoon,1.2246467991473532e-16,-1.0,209.9,365.7212219238281,513.8807983398438,443.4256591796875,479.8790588378906,499.4972229003906,570.8246459960938,0.6962221264839172,33.75,0.2633000016212463,386.8348083496094,364.3721008300781,50599.09375,140.3240509033203,3.7103257179260254,1.5449576377868652,89.59,22.79,True,15,0,True
CL503,Chalna,22.6012,89.5195,2021,7,2021-07-01,2021_07,Monsoon,-0.4999999999999997,-0.8660254037844388,543.5,393.6422424316406,,516.3026733398438,421.6224365234375,505.6729736328125,416.7809753417969,0.7658894658088684,,0.2894999980926513,523.9188232421875,,31467.640625,108.51805877685548,3.4914283752441406,1.7203952074050903,89.5195,22.6012,True,12,3,False
CL504,Dumuria,22.8093,89.4145,2021,7,2021-07-01,2021_07,Monsoon,-0.4999999999999997,-0.8660254037844388,379.3,261.93853759765625,409.275390625,474.8815307617188,384.96624755859375,468.6398010253906,294.650634765625,0.6287317872047424,,0.635699987411499,382.4353637695313,241.59085083007807,57738.24609375,152.4185333251953,5.504084587097168,1.9329872131347656,89.4145,22.8093,True,14,1,False
CL509,Kapilmuni,22.6887,89.3088,2021,7,2021-07-01,2021_07,Monsoon,-0.4999999999999997,-0.8660254037844388,426.0,,431.0895080566406,516.3345336914062,416.2289733886719,462.7853698730469,357.6365051269531,0.7015382051467896,,0.4262999892234802,,278.32000732421875,48315.43359375,157.5592803955078,4.3667826652526855,1.917250394821167,89.3088,22.6887,True,12,3,False
CL510,Khulna,22.8319,89.55,2021,7,2021-07-01,2021_07,Monsoon,-0.4999999999999997,-0.8660254037844388,359.7,285.9918212890625,402.4186401367188,487.7294921875,381.1754150390625,470.2081604003906,268.759521484375,0.6232312917709351,,0.3165000081062317,420.90045166015625,227.45242309570312,56018.875,154.1371307373047,6.754478931427002,2.105170726776123,89.55,22.8319,True,14,1,False
CL515,Paikgacha,22.585,89.3182,2021,7,2021-07-01,2021_07,Monsoon,-0.4999999999999997,-0.8660254037844388,441.6,330.9721069335937,450.0315551757813,551.2077026367188,430.3700256347656,489.35107421875,439.4157104492188,0.772221565246582,,0.335099995136261,448.9681396484375,310.5157165527344,37890.0703125,129.93092346191406,4.656047344207764,1.6002691984176636,89.3182,22.585,True,14,1,False
CL517,Rupsa,22.79,89.59,2021,7,2021-07-01,2021_07,Monsoon,-0.4999999999999997,-0.8660254037844388,410.6,305.3544616699219,402.4216003417969,483.3218078613281,387.7501831054688,461.5284423828125,305.21978759765625,0.639280378818512,,0.2371000051498413,412.8028564453125,226.58526611328125,50599.09375,140.3240509033203,3.7103257179260254,1.5449576377868652,89.59,22.79,True,14,1,False
CL503,Chalna,22.6012,89.5195,2021,8,2021-08-01,2021_08,Monsoon,-0.8660254037844385,-0.5000000000000004,414.3,219.0563201904297,,279.35382080078125,319.23455810546875,316.4477233886719,,0.4957949221134186,,0.4156999886035919,377.10845947265625,,31467.640625,108.51805877685548,3.4914283752441406,1.7203952074050903,89.5195,22.6012,True,11,4,False
CL504,Dumuria,22.8093,89.4145,2021,8,2021-08-01,2021_08,Monsoon,-0.8660254037844385,-0.5000000000000004,354.5,191.65724182128903,342.0223388671875,266.4066772460937,377.66156005859375,284.2373962402344,145.06529235839844,0.4471412301063537,,0.635699987411499,295.9019470214844,168.7395782470703,57738.24609375,152.4185333251953,5.504084587097168,1.9329872131347656,89.4145,22.8093,True,14,1,False
CL509,Kapilmuni,22.6887,89.3088,2021,8,2021-08-01,2021_08,Monsoon,-0.8660254037844385,-0.5000000000000004,318.2,,337.9853515625,260.2704772949219,338.4945678710937,283.3466796875,,0.4779434502124786,30.489999771118164,0.515999972820282,,177.24717712402344,48315.43359375,157.5592803955078,4.3667826652526855,1.917250394821167,89.3088,22.6887,True,12,3,False
CL510,Khulna,22.8319,89.55,2021,8,2021-08-01,2021_08,Monsoon,-0.8660254037844385,-0.5000000000000004,353.9,260.4418029785156,344.8432312011719,278.557373046875,359.0706481933594,299.50994873046875,163.79397583007812,0.4514299929141998,,0.569100022315979,302.7120361328125,173.4207305908203,56018.875,154.1371307373047,6.754478931427002,2.105170726776123,89.55,22.8319,True,14,1,False
CL515,Paikgacha,22.585,89.3182,2021,8,2021-08-01,2021_08,Monsoon,-0.8660254037844385,-0.5000000000000004,311.2,349.9134521484375,344.0309143066406,264.7015686035156,322.2156982421875,290.883056640625,,0.4977423250675201,28.770000457763672,0.2269999980926513,397.50390625,184.8716583251953,37890.0703125,129.93092346191406,4.656047344207764,1.6002691984176636,89.3182,22.585,True,14,1,False
CL517,Rupsa,22.79,89.59,2021,8,2021-08-01,2021_08,Monsoon,-0.8660254037844385,-0.5000000000000004,316.6,169.06375122070312,345.36456298828125,284.6869506835937,342.7577209472656,290.6400146484375,186.92041015625,0.4669212102890014,,0.4699999988079071,302.9478454589844,175.8951873779297,50599.09375,140.3240509033203,3.7103257179260254,1.5449576377868652,89.59,22.79,True,14,1,False
CL503,Chalna,22.6012,89.5195,2021,9,2021-09-01,2021_09,Monsoon,-1.0,-1.8369701987210294e-16,196.1,296.8931884765625,,331.601806640625,310.519775390625,424.6453552246094,449.7126159667969,0.6239979267120361,23.8799991607666,0.4973999857902527,515.59228515625,,31467.640625,108.51805877685548,3.4914283752441406,1.7203952074050903,89.5195,22.6012,True,13,2,False
CL504,Dumuria,22.8093,89.4145,2021,9,2021-09-01,2021_09,Monsoon,-1.0,-1.8369701987210294e-16,75.8,281.80718994140625,382.8727416992188,339.7033996582031,287.27593994140625,366.5998840332031,398.6134643554688,0.5582312941551208,30.536666870117188,0.6118999719619751,408.86669921875,277.6557312011719,57738.24609375,152.4185333251953,5.504084587097168,1.9329872131347656,89.4145,22.8093,True,15,0,True
CL509,Kapilmuni,22.6887,89.3088,2021,9,2021-09-01,2021_09,Monsoon,-1.0,-1.8369701987210294e-16,207.5,,402.0997009277344,362.1884765625,299.5327453613281,380.3038940429688,451.80474853515625,0.6078020930290222,29.683332443237305,0.6783000230789185,,275.2414855957031,48315.43359375,157.5592803955078,4.3667826652526855,1.917250394821167,89.3088,22.6887,True,13,2,False
CL510,Khulna,22.8319,89.55,2021,9,2021-09-01,2021_09,Monsoon,-1.0,-1.8369701987210294e-16,209.1,306.5682678222656,400.8235473632813,326.62255859375,279.9617614746094,347.6755676269531,416.572509765625,0.5386936664581299,34.38999938964844,0.5922999978065491,457.9241943359375,289.6874084472656,56018.875,154.1371307373047,6.754478931427002,2.105170726776123,89.55,22.8319,True,15,0,True
CL515,Paikgacha,22.585,89.3182,2021,9,2021-09-01,2021_09,Monsoon,-1.0,-1.8369701987210294e-16,236.9,288.2729187011719,414.43701171875,377.2845458984375,305.5479431152344,434.944091796875,465.7724609375,0.6524341106414795,30.920000076293945,0.4533999860286712,442.4424743652344,278.1820373535156,37890.0703125,129.93092346191406,4.656047344207764,1.6002691984176636,89.3182,22.585,True,15,0,True
CL517,Rupsa,22.79,89.59,2021,9,2021-09-01,2021_09,Monsoon,-1.0,-1.8369701987210294e-16,136.3,305.4978942871094,408.8945617675781,299.59637451171875,284.74725341796875,339.81268310546875,423.1275329589844,0.554246723651886,30.489999771118164,0.6985999941825867,470.2657165527344,293.47772216796875,50599.09375,140.3240509033203,3.7103257179260254,1.5449576377868652,89.59,22.79,True,15,0,True
CL503,Chalna,22.6012,89.5195,2021,10,2021-10-01,2021_10,Post_Monsoon,-0.8660254037844386,0.5000000000000001,354.6,148.02713012695312,,176.90673828125,145.45985412597656,246.67019653320312,291.86474609375,0.3894986808300018,28.28333282470703,0.5728999972343445,280.89776611328125,,31467.640625,108.51805877685548,3.4914283752441406,1.7203952074050903,89.5195,22.6012,True,13,2,False
CL504,Dumuria,22.8093,89.4145,2021,10,2021-10-01,2021_10,Post_Monsoon,-0.8660254037844386,0.5000000000000001,294.5,105.8099136352539,216.7529296875,159.0504913330078,127.3795166015625,215.8544158935547,241.32614135742188,0.3453386127948761,28.77666664123535,0.6481999754905701,172.85678100585938,150.42239379882812,57738.24609375,152.4185333251953,5.504084587097168,1.9329872131347656,89.4145,22.8093,True,15,0,True
CL509,Kapilmuni,22.6887,89.3088,2021,10,2021-10-01,2021_10,Post_Monsoon,-0.8660254037844386,0.5000000000000001,272.5,,243.9906005859375,171.14013671875,138.90380859375,226.59703063964844,302.6229553222656,0.3642382025718689,27.50333404541016,0.6194999814033508,,172.35580444335938,48315.43359375,157.5592803955078,4.3667826652526855,1.917250394821167,89.3088,22.6887,True,13,2,False
CL510,Khulna,22.8319,89.55,2021,10,2021-10-01,2021_10,Post_Monsoon,-0.8660254037844386,0.5000000000000001,228.7,130.06375122070312,218.84239196777344,165.47067260742188,128.11358642578125,220.9656524658203,217.4346160888672,0.3540186882019043,30.979999542236328,0.5802000164985657,173.06521606445312,144.67701721191406,56018.875,154.1371307373047,6.754478931427002,2.105170726776123,89.55,22.8319,True,15,0,True
CL515,Paikgacha,22.585,89.3182,2021,10,2021-10-01,2021_10,Post_Monsoon,-0.8660254037844386,0.5000000000000001,222.1,164.4681854248047,257.8511047363281,183.2930450439453,145.21714782714844,249.98312377929688,329.67266845703125,0.3955236673355102,28.636667251586918,0.527899980545044,247.60546875,188.8066253662109,37890.0703125,129.93092346191406,4.656047344207764,1.6002691984176636,89.3182,22.585,True,15,0,True
CL517,Rupsa,22.79,89.59,2021,10,2021-10-01,2021_10,Post_Monsoon,-0.8660254037844386,0.5000000000000001,172.2,103.94266510009766,222.42759704589844,165.3630828857422,132.28973388671875,217.5577392578125,218.40219116210935,0.3593842387199402,29.296667098999023,0.7103999853134155,176.64166259765625,145.0662841796875,50599.09375,140.3240509033203,3.7103257179260254,1.5449576377868652,89.59,22.79,True,15,0,True
CL503,Chalna,22.6012,89.5195,2021,11,2021-11-01,2021_11,Post_Monsoon,-0.5000000000000004,0.8660254037844384,87.0,0.3420699834823608,,7.085613250732422,24.20162773132324,9.813722610473633,0.8840348720550537,0.0160757638514041,25.815000534057617,0.4713000059127807,0.3420699834823608,,31467.640625,108.51805877685548,3.4914283752441406,1.7203952074050903,89.5195,22.6012,True,13,2,False
CL504,Dumuria,22.8093,89.4145,2021,11,2021-11-01,2021_11,Post_Monsoon,-0.5000000000000004,0.8660254037844384,45.3,0.0,11.963089942932127,8.03498363494873,27.578903198242188,11.620081901550291,5.103357791900635,0.0208243541419506,27.09000015258789,0.628000020980835,1.8179160356521609,0.2653543651103973,57738.24609375,152.4185333251953,5.504084587097168,1.9329872131347656,89.4145,22.8093,True,15,0,True
CL509,Kapilmuni,22.6887,89.3088,2021,11,2021-11-01,2021_11,Post_Monsoon,-0.5000000000000004,0.8660254037844384,24.8,,14.488951683044434,9.28005599975586,27.6131649017334,11.189289093017578,0.6913684010505676,0.0297115743160247,27.040000915527344,0.5457000136375427,,0.6088358759880066,48315.43359375,157.5592803955078,4.3667826652526855,1.917250394821167,89.3088,22.6887,True,13,2,False
CL510,Khulna,22.8319,89.55,2021,11,2021-11-01,2021_11,Post_Monsoon,-0.5000000000000004,0.8660254037844384,61.1,0.0,15.363951683044434,7.619250774383545,27.364425659179688,10.464381217956545,5.824772357940674,0.0200736615806818,28.774999618530277,0.5005000233650208,1.0,0.0900043472647667,56018.875,154.1371307373047,6.754478931427002,2.105170726776123,89.55,22.8319,True,15,0,True
CL515,Paikgacha,22.585,89.3182,2021,11,2021-11-01,2021_11,Post_Monsoon,-0.5000000000000004,0.8660254037844384,57.0,1.1992532014846802,14.899307250976562,8.779523849487305,25.337158203125,10.02945613861084,0.6855562329292297,0.0353489145636558,26.364999771118164,0.5133000016212463,5.8053975105285645,0.7349337339401245,37890.0703125,129.93092346191406,4.656047344207764,1.6002691984176636,89.3182,22.585,True,15,0,True
CL517,Rupsa,22.79,89.59,2021,11,2021-11-01,2021_11,Post_Monsoon,-0.5000000000000004,0.8660254037844384,11.8,1.999942421913147,16.77484893798828,9.638516426086426,26.85381317138672,9.854532241821287,2.259897470474243,0.0183673817664384,27.309999465942383,0.6693000197410583,4.414197444915772,0.0673916563391685,50599.09375,140.3240509033203,3.7103257179260254,1.5449576377868652,89.59,22.79,True,15,0,True
CL503,Chalna,22.6012,89.5195,2021,12,2021-12-01,2021_12,Winter,-2.4492935982947064e-16,1.0,28.1,20.306108474731445,,30.392980575561523,89.3833236694336,71.58177947998047,115.84288024902344,0.1379865407943725,23.303333282470703,0.3867000043392181,52.57854843139648,,31467.640625,108.51805877685548,3.4914283752441406,1.7203952074050903,89.5195,22.6012,True,13,2,False
CL504,Dumuria,22.8093,89.4145,2021,12,2021-12-01,2021_12,Winter,-2.4492935982947064e-16,1.0,17.8,19.41363906860352,80.52754211425781,30.53578186035156,139.71466064453125,90.5864715576172,131.8489990234375,0.1410620212554931,23.100000381469727,0.520799994468689,39.2740364074707,48.6098861694336,57738.24609375,152.4185333251953,5.504084587097168,1.9329872131347656,89.4145,22.8093,True,15,0,True
CL509,Kapilmuni,22.6887,89.3088,2021,12,2021-12-01,2021_12,Winter,-2.4492935982947064e-16,1.0,14.9,,80.7956314086914,33.566490173339844,109.4412078857422,84.08623504638672,130.6142578125,0.1370366662740707,23.13999938964844,0.4595000147819519,,50.252628326416016,48315.43359375,157.5592803955078,4.3667826652526855,1.917250394821167,89.3088,22.6887,True,13,2,False
CL510,Khulna,22.8319,89.55,2021,12,2021-12-01,2021_12,Winter,-2.4492935982947064e-16,1.0,30.7,13.45369815826416,87.61466217041016,28.464698791503903,140.83103942871094,76.3315658569336,124.31808471679688,0.1434024572372436,24.989999771118164,0.4084999859333038,20.97786903381348,44.03770065307617,56018.875,154.1371307373047,6.754478931427002,2.105170726776123,89.55,22.8319,True,15,0,True
CL515,Paikgacha,22.585,89.3182,2021,12,2021-12-01,2021_12,Winter,-2.4492935982947064e-16,1.0,27.1,16.465940475463867,81.7184829711914,37.71564865112305,94.49632263183594,76.25432586669922,119.7335968017578,0.1367182433605194,22.440000534057617,0.4814000129699707,55.39078903198242,50.67238235473633,37890.0703125,129.93092346191406,4.656047344207764,1.6002691984176636,89.3182,22.585,True,15,0,True
CL517,Rupsa,22.79,89.59,2021,12,2021-12-01,2021_12,Winter,-2.4492935982947064e-16,1.0,5.1,17.21230697631836,90.02616882324219,24.044279098510746,128.90023803710938,71.63172912597656,119.00462341308594,0.141055017709732,23.334999084472656,0.4754000008106231,34.29263687133789,42.67409896850586,50599.09375,140.3240509033203,3.7103257179260254,1.5449576377868652,89.59,22.79,True,15,0,True
CL503,Chalna,22.6012,89.5195,2022,1,2022-01-01,2022_01,Winter,0.4999999999999999,0.8660254037844387,0.0,1.767939567565918,,12.29200553894043,24.10711097717285,22.31976318359375,36.20980072021485,0.0100461738184094,22.53499984741211,0.2624000012874603,30.69601821899414,,31467.640625,108.51805877685548,3.4914283752441406,1.7203952074050903,89.5195,22.6012,True,13,2,False
CL504,Dumuria,22.8093,89.4145,2022,1,2022-01-01,2022_01,Winter,0.4999999999999999,0.8660254037844387,0.0,14.67785930633545,17.87544059753418,10.219975471496582,20.59317398071289,21.228759765625,25.7034912109375,0.0151210185140371,22.3799991607666,0.5703999996185303,49.75447845458984,8.535139083862305,57738.24609375,152.4185333251953,5.504084587097168,1.9329872131347656,89.4145,22.8093,True,15,0,True
CL509,Kapilmuni,22.6887,89.3088,2022,1,2022-01-01,2022_01,Winter,0.4999999999999999,0.8660254037844387,0.0,,18.99508476257324,9.43884563446045,22.303823471069336,21.53515625,29.990947723388672,0.0165367368608713,22.104999542236328,0.419400006532669,,6.977572441101074,48315.43359375,157.5592803955078,4.3667826652526855,1.917250394821167,89.3088,22.6887,True,13,2,False
CL510,Khulna,22.8319,89.55,2022,1,2022-01-01,2022_01,Winter,0.4999999999999999,0.8660254037844387,0.0,16.17142677307129,17.051681518554688,12.010583877563477,20.832395553588867,24.12890625,28.04752349853516,0.0136300753802061,24.239999771118164,0.4311999976634979,39.901065826416016,10.452343940734863,56018.875,154.1371307373047,6.754478931427002,2.105170726776123,89.55,22.8319,True,15,0,True
CL515,Paikgacha,22.585,89.3182,2022,1,2022-01-01,2022_01,Winter,0.4999999999999999,0.8660254037844387,0.0,3.733312129974365,19.37740898132324,13.715411186218262,23.18825340270996,22.10784149169922,36.2700424194336,0.0154426880180835,21.940000534057617,0.482699990272522,24.18509292602539,6.430321216583252,37890.0703125,129.93092346191406,4.656047344207764,1.6002691984176636,89.3182,22.585,True,15,0,True
CL517,Rupsa,22.79,89.59,2022,1,2022-01-01,2022_01,Winter,0.4999999999999999,0.8660254037844387,0.0,15.623615264892578,16.893173217773438,15.581923484802246,21.67998504638672,24.5556640625,25.970630645751957,0.0127132590860128,22.61000061035156,0.3224999904632568,47.41405487060547,10.932188987731934,50599.09375,140.3240509033203,3.7103257179260254,1.5449576377868652,89.59,22.79,True,15,0,True
CL503,Chalna,22.6012,89.5195,2022,2,2022-02-01,2022_02,Winter,0.8660254037844386,0.5000000000000001,22.6,0.5980498194694519,,32.6731071472168,36.795841217041016,83.15907287597656,33.560760498046875,0.0758548229932785,25.565000534057617,0.2922999858856201,11.76564884185791,,31467.640625,108.51805877685548,3.4914283752441406,1.7203952074050903,89.5195,22.6012,True,13,2,False
CL504,Dumuria,22.8093,89.4145,2022,2,2022-02-01,2022_02,Winter,0.8660254037844386,0.5000000000000001,84.9,4.845294952392578,45.53087615966797,31.090126037597656,45.42727279663086,93.10271453857422,47.83382034301758,0.0739314034581184,24.809999465942383,0.6193000078201294,22.596168518066406,11.612319946289062,57738.24609375,152.4185333251953,5.504084587097168,1.9329872131347656,89.4145,22.8093,True,15,0,True
CL509,Kapilmuni,22.6887,89.3088,2022,2,2022-02-01,2022_02,Winter,0.8660254037844386,0.5000000000000001,103.3,,51.07225036621094,35.601287841796875,39.53997421264648,89.05936431884766,45.550662994384766,0.0754699185490608,24.84499931335449,0.4406999945640564,,8.98470687866211,48315.43359375,157.5592803955078,4.3667826652526855,1.917250394821167,89.3088,22.6887,True,13,2,False
CL510,Khulna,22.8319,89.55,2022,2,2022-02-01,2022_02,Winter,0.8660254037844386,0.5000000000000001,94.9,4.515482425689697,58.01200866699219,29.620216369628903,45.116207122802734,87.6679458618164,46.19077301025391,0.0806906223297119,27.299999237060547,0.4341000020503998,24.92999267578125,12.880825996398926,56018.875,154.1371307373047,6.754478931427002,2.105170726776123,89.55,22.8319,True,15,0,True
CL515,Paikgacha,22.585,89.3182,2022,2,2022-02-01,2022_02,Winter,0.8660254037844386,0.5000000000000001,71.5,3.120591878890991,61.97517013549805,35.908565521240234,36.597747802734375,82.91592407226562,37.0965690612793,0.0773066952824592,24.45499992370605,0.4354999959468841,10.544602394104004,8.066239356994629,37890.0703125,129.93092346191406,4.656047344207764,1.6002691984176636,89.3182,22.585,True,15,0,True
CL517,Rupsa,22.79,89.59,2022,2,2022-02-01,2022_02,Winter,0.8660254037844386,0.5000000000000001,72.6,3.04703950881958,62.79539489746094,31.87919044494629,43.106571197509766,84.27579498291016,42.15098190307617,0.079495333135128,24.920000076293945,0.3786999881267547,28.748065948486328,13.029294967651367,50599.09375,140.3240509033203,3.7103257179260254,1.5449576377868652,89.59,22.79,True,15,0,True
CL503,Chalna,22.6012,89.5195,2022,3,2022-03-01,2022_03,Pre_Monsoon,1.0,6.123233995736766e-17,123.3,1.145970344543457,,13.246299743652344,3.380903959274292,0.5571221709251404,1.1964303255081177,0.003000000026077,30.614999771118164,0.2378000020980835,5.119760513305664,,31467.640625,108.51805877685548,3.4914283752441406,1.7203952074050903,89.5195,22.6012,True,13,2,False
CL504,Dumuria,22.8093,89.4145,2022,3,2022-03-01,2022_03,Pre_Monsoon,1.0,6.123233995736766e-17,30.0,0.0281692817807197,16.804243087768555,11.793095588684082,3.731767892837525,1.0581767559051514,0.4142807424068451,0.0022370486985892,29.174999237060547,0.6277999877929688,1.616448998451233,0.1055706441402435,57738.24609375,152.4185333251953,5.504084587097168,1.9329872131347656,89.4145,22.8093,True,15,0,True
CL509,Kapilmuni,22.6887,89.3088,2022,3,2022-03-01,2022_03,Pre_Monsoon,1.0,6.123233995736766e-17,37.1,,19.890941619873047,11.153953552246094,3.002703189849853,2.7587132453918457,2.264925718307495,0.002982668345794,29.040000915527344,0.5131000280380249,,0.039649598300457,48315.43359375,157.5592803955078,4.3667826652526855,1.917250394821167,89.3088,22.6887,True,13,2,False
CL510,Khulna,22.8319,89.55,2022,3,2022-03-01,2022_03,Pre_Monsoon,1.0,6.123233995736766e-17,48.1,1.4239033460617063,14.531279563903809,14.595429420471191,3.75387191772461,0.583972692489624,0.0632532089948654,0.0029850888531655,31.96500015258789,0.4510000050067901,9.10373306274414,0.0458983592689037,56018.875,154.1371307373047,6.754478931427002,2.105170726776123,89.55,22.8319,True,15,0,True
CL515,Paikgacha,22.585,89.3182,2022,3,2022-03-01,2022_03,Pre_Monsoon,1.0,6.123233995736766e-17,46.8,5.754623889923096,21.796085357666016,11.522198677062988,2.899831771850586,1.5428433418273926,1.4623498916625977,0.0047043985687196,29.334999084472656,0.3429000079631805,14.951493263244627,0.0176938455551862,37890.0703125,129.93092346191406,4.656047344207764,1.6002691984176636,89.3182,22.585,True,15,0,True
CL517,Rupsa,22.79,89.59,2022,3,2022-03-01,2022_03,Pre_Monsoon,1.0,6.123233995736766e-17,55.6,4.807192802429199,14.093634605407717,14.71284008026123,3.6624515056610103,0.5095513463020325,0.0652436986565589,0.0031535828020423,29.959999084472656,0.516700029373169,10.672212600708008,0.0188563093543052,50599.09375,140.3240509033203,3.7103257179260254,1.5449576377868652,89.59,22.79,True,15,0,True
CL503,Chalna,22.6012,89.5195,2022,4,2022-04-01,2022_04,Pre_Monsoon,0.8660254037844387,-0.4999999999999998,98.3,0.0,,21.732128143310547,9.780851364135742,3.9876575469970703,7.2587151527404785,0.033792532980442,30.62333297729492,0.4963999986648559,4.770230293273926,,31467.640625,108.51805877685548,3.4914283752441406,1.7203952074050903,89.5195,22.6012,True,13,2,False
CL504,Dumuria,22.8093,89.4145,2022,4,2022-04-01,2022_04,Pre_Monsoon,0.8660254037844387,-0.4999999999999998,63.1,1.0,26.06375312805176,17.907787322998047,23.214216232299805,8.042755126953125,15.2471342086792,0.0389403849840164,31.0766658782959,0.5358999967575073,6.633468151092529,8.388092041015625,57738.24609375,152.4185333251953,5.504084587097168,1.9329872131347656,89.4145,22.8093,True,15,0,True
CL509,Kapilmuni,22.6887,89.3088,2022,4,2022-04-01,2022_04,Pre_Monsoon,0.8660254037844387,-0.4999999999999998,57.1,,17.40315055847168,20.135343551635746,13.390121459960938,3.127482414245605,7.277233600616455,0.0355595760047435,29.74333381652832,0.4758999943733215,,5.708987712860107,48315.43359375,157.5592803955078,4.3667826652526855,1.917250394821167,89.3088,22.6887,True,13,2,False
CL510,Khulna,22.8319,89.55,2022,4,2022-04-01,2022_04,Pre_Monsoon,0.8660254037844387,-0.4999999999999998,90.5,1.0,30.08193588256836,17.542577743530273,25.65226554870605,12.410028457641602,22.993989944458008,0.0422010421752929,32.52333450317383,0.4259000122547149,7.004636287689209,6.685954570770264,56018.875,154.1371307373047,6.754478931427002,2.105170726776123,89.55,22.8319,True,15,0,True
CL515,Paikgacha,22.585,89.3182,2022,4,2022-04-01,2022_04,Pre_Monsoon,0.8660254037844387,-0.4999999999999998,99.6,0.0762774273753166,13.549951553344728,20.19761276245117,9.602505683898926,2.8360090255737305,7.907582759857178,0.0342431403696537,29.6299991607666,0.3010999858379364,6.4133501052856445,3.86445951461792,37890.0703125,129.93092346191406,4.656047344207764,1.6002691984176636,89.3182,22.585,True,15,0,True
CL517,Rupsa,22.79,89.59,2022,4,2022-04-01,2022_04,Pre_Monsoon,0.8660254037844387,-0.4999999999999998,77.5,0.1441795378923416,30.51654052734375,17.67561149597168,22.569395065307617,12.141226768493652,20.06587028503418,0.0420256368815898,30.83666610717773,0.5551999807357788,3.950014591217041,5.830057144165039,50599.09375,140.3240509033203,3.7103257179260254,1.5449576377868652,89.59,22.79,True,15,0,True
CL503,Chalna,22.6012,89.5195,2022,5,2022-05-01,2022_05,Pre_Monsoon,0.4999999999999999,-0.8660254037844387,199.0,79.54579162597656,,204.2358856201172,163.67872619628906,214.2486724853516,152.47537231445312,0.2984083592891693,32.86000061035156,0.3007000088691711,119.399658203125,,31467.640625,108.51805877685548,3.4914283752441406,1.7203952074050903,89.5195,22.6012,True,13,2,False
CL504,Dumuria,22.8093,89.4145,2022,5,2022-05-01,2022_05,Pre_Monsoon,0.4999999999999999,-0.8660254037844387,138.0,42.276737213134766,187.72093200683597,206.46566772460935,173.07650756835938,220.8850555419922,149.31048583984375,0.3036892414093017,32.529998779296875,0.4492000043392181,69.4716567993164,75.02539825439453,57738.24609375,152.4185333251953,5.504084587097168,1.9329872131347656,89.4145,22.8093,True,15,0,True
CL509,Kapilmuni,22.6887,89.3088,2022,5,2022-05-01,2022_05,Pre_Monsoon,0.4999999999999999,-0.8660254037844387,155.3,,186.4074859619141,176.7129669189453,151.2884521484375,198.99842834472656,143.31849670410156,0.296746015548706,30.3700008392334,0.4038000106811523,,90.38829040527344,48315.43359375,157.5592803955078,4.3667826652526855,1.917250394821167,89.3088,22.6887,True,13,2,False
CL510,Khulna,22.8319,89.55,2022,5,2022-05-01,2022_05,Pre_Monsoon,0.4999999999999999,-0.8660254037844387,142.8,42.05120468139648,182.8558654785156,189.63031005859372,186.46820068359372,244.33741760253903,128.4983673095703,0.2973411679267883,33.630001068115234,0.4386999905109405,67.47004699707031,70.69680786132812,56018.875,154.1371307373047,6.754478931427002,2.105170726776123,89.55,22.8319,True,15,0,True
CL515,Paikgacha,22.585,89.3182,2022,5,2022-05-01,2022_05,Pre_Monsoon,0.4999999999999999,-0.8660254037844387,105.9,54.18451690673828,200.3692321777344,174.80148315429688,147.4823760986328,188.9791412353516,141.025390625,0.3045578598976135,29.33666610717773,0.3580000102519989,98.17205047607422,104.41374206542967,37890.0703125,129.93092346191406,4.656047344207764,1.6002691984176636,89.3182,22.585,True,15,0,True
CL517,Rupsa,22.79,89.59,2022,5,2022-05-01,2022_05,Pre_Monsoon,0.4999999999999999,-0.8660254037844387,147.2,39.38090896606445,181.0809326171875,197.61257934570312,185.1678771972656,228.5744171142578,127.59829711914062,0.3005980551242828,31.86000061035156,0.4440999925136566,73.4338150024414,70.86713409423828,50599.09375,140.3240509033203,3.7103257179260254,1.5449576377868652,89.59,22.79,True,15,0,True
CL503,Chalna,22.6012,89.5195,2022,6,2022-06-01,2022_06,Monsoon,1.2246467991473532e-16,-1.0,315.3,235.93841552734372,,185.5103302001953,183.1230010986328,140.34385681152344,102.84795379638672,0.2856146097183227,,0.3314000070095062,265.86376953125,,31467.640625,108.51805877685548,3.4914283752441406,1.7203952074050903,89.5195,22.6012,True,12,3,False
CL504,Dumuria,22.8093,89.4145,2022,6,2022-06-01,2022_06,Monsoon,1.2246467991473532e-16,-1.0,85.9,229.5465850830078,245.5973052978516,178.31130981445312,166.07733154296875,117.57960510253906,100.3603515625,0.2363922446966171,,0.6402000188827515,232.9544677734375,210.13113403320312,57738.24609375,152.4185333251953,5.504084587097168,1.9329872131347656,89.4145,22.8093,True,14,1,False
CL509,Kapilmuni,22.6887,89.3088,2022,6,2022-06-01,2022_06,Monsoon,1.2246467991473532e-16,-1.0,197.3,,249.35528564453125,159.2325439453125,161.67137145996094,109.9506607055664,74.52989196777344,0.2478298246860504,,0.5364999771118164,,201.5660400390625,48315.43359375,157.5592803955078,4.3667826652526855,1.917250394821167,89.3088,22.6887,True,12,3,False
CL510,Khulna,22.8319,89.55,2022,6,2022-06-01,2022_06,Monsoon,1.2246467991473532e-16,-1.0,223.2,285.81414794921875,275.2886047363281,191.89047241210935,184.2442321777344,138.36404418945312,135.2586212158203,0.2607819139957428,,0.4287000000476837,269.3683166503906,228.74542236328125,56018.875,154.1371307373047,6.754478931427002,2.105170726776123,89.55,22.8319,True,14,1,False
CL515,Paikgacha,22.585,89.3182,2022,6,2022-06-01,2022_06,Monsoon,1.2246467991473532e-16,-1.0,194.5,243.76287841796875,256.1439208984375,173.8645782470703,165.00692749023438,113.8915786743164,78.5547866821289,0.2694815993309021,26.649999618530277,0.2164999991655349,224.27178955078125,199.6028289794922,37890.0703125,129.93092346191406,4.656047344207764,1.6002691984176636,89.3182,22.585,True,15,0,True
CL517,Rupsa,22.79,89.59,2022,6,2022-06-01,2022_06,Monsoon,1.2246467991473532e-16,-1.0,196.7,253.60585021972656,285.6703796386719,186.85858154296875,189.7603912353516,142.61776733398438,153.44895935058594,0.2737347781658172,,0.4882000088691711,261.88629150390625,234.09825134277344,50599.09375,140.3240509033203,3.7103257179260254,1.5449576377868652,89.59,22.79,True,14,1,False
CL503,Chalna,22.6012,89.5195,2022,7,2022-07-01,2022_07,Monsoon,-0.4999999999999997,-0.8660254037844388,546.7,77.68184661865234,,134.79946899414062,190.80392456054688,148.06781005859375,74.24051666259766,0.2562839090824127,,0.4318000078201294,169.97666931152344,,31467.640625,108.51805877685548,3.4914283752441406,1.7203952074050903,89.5195,22.6012,True,12,3,False
CL504,Dumuria,22.8093,89.4145,2022,7,2022-07-01,2022_07,Monsoon,-0.4999999999999997,-0.8660254037844388,358.5,62.3862533569336,157.0867919921875,127.6677474975586,169.8643341064453,122.72991943359376,36.02845764160156,0.1962873190641403,,0.6550999879837036,111.0186996459961,46.85244369506836,57738.24609375,152.4185333251953,5.504084587097168,1.9329872131347656,89.4145,22.8093,True,14,1,False
CL509,Kapilmuni,22.6887,89.3088,2022,7,2022-07-01,2022_07,Monsoon,-0.4999999999999997,-0.8660254037844388,399.9,,147.15187072753906,113.9094009399414,175.67379760742188,128.3246307373047,40.08241653442383,0.2255247384309768,29.549999237060547,0.5429999828338623,,52.34773254394531,48315.43359375,157.5592803955078,4.3667826652526855,1.917250394821167,89.3088,22.6887,True,13,2,False
CL510,Khulna,22.8319,89.55,2022,7,2022-07-01,2022_07,Monsoon,-0.4999999999999997,-0.8660254037844388,327.2,69.05455780029297,156.51177978515625,121.47718048095705,168.5256805419922,124.23274230957033,50.69384002685547,0.1975912749767303,,0.4287000000476837,117.21729278564452,45.39651107788086,56018.875,154.1371307373047,6.754478931427002,2.105170726776123,89.55,22.8319,True,14,1,False
CL515,Paikgacha,22.585,89.3182,2022,7,2022-07-01,2022_07,Monsoon,-0.4999999999999997,-0.8660254037844388,417.1,62.969512939453125,144.23521423339844,114.2117156982422,183.3243865966797,146.72134399414062,49.88246536254883,0.2529328465461731,27.270000457763672,0.4172999858856201,114.61248016357422,57.73331832885742,37890.0703125,129.93092346191406,4.656047344207764,1.6002691984176636,89.3182,22.585,True,15,0,True
CL517,Rupsa,22.79,89.59,2022,7,2022-07-01,2022_07,Monsoon,-0.4999999999999997,-0.8660254037844388,391.3,73.22256469726562,155.26699829101562,124.83094787597656,172.58970642089844,126.1419448852539,67.76661682128906,0.2161926031112671,,0.5005999803543091,133.8022918701172,45.48851013183594,50599.09375,140.3240509033203,3.7103257179260254,1.5449576377868652,89.59,22.79,True,14,1,False
CL503,Chalna,22.6012,89.5195,2022,8,2022-08-01,2022_08,Monsoon,-0.8660254037844385,-0.5000000000000004,424.0,196.09950256347656,,250.0026397705078,261.2281494140625,294.6143493652344,,0.4603859186172485,31.149999618530277,0.5576000213623047,320.6730041503906,,31467.640625,108.51805877685548,3.4914283752441406,1.7203952074050903,89.5195,22.6012,True,12,3,False
CL504,Dumuria,22.8093,89.4145,2022,8,2022-08-01,2022_08,Monsoon,-0.8660254037844385,-0.5000000000000004,382.5,229.263427734375,304.0115661621094,277.6936340332031,232.3930206298828,207.83839416503903,274.4323425292969,0.3939205408096313,,0.713100016117096,313.4629821777344,176.8032684326172,57738.24609375,152.4185333251953,5.504084587097168,1.9329872131347656,89.4145,22.8093,True,14,1,False
CL509,Kapilmuni,22.6887,89.3088,2022,8,2022-08-01,2022_08,Monsoon,-0.8660254037844385,-0.5000000000000004,338.6,,303.5161437988281,265.4540710449219,246.75863647460935,213.95001220703125,,0.4285982251167297,29.89666748046875,0.5698000192642212,,181.33775329589844,48315.43359375,157.5592803955078,4.3667826652526855,1.917250394821167,89.3088,22.6887,True,12,3,False
CL510,Khulna,22.8319,89.55,2022,8,2022-08-01,2022_08,Monsoon,-0.8660254037844385,-0.5000000000000004,358.3,202.44818115234372,306.47235107421875,278.1153564453125,239.18344116210935,248.40333557128903,296.5141296386719,0.390565425157547,,0.5310999751091003,296.7305908203125,169.6340789794922,56018.875,154.1371307373047,6.754478931427002,2.105170726776123,89.55,22.8319,True,14,1,False
CL515,Paikgacha,22.585,89.3182,2022,8,2022-08-01,2022_08,Monsoon,-0.8660254037844385,-0.5000000000000004,324.9,193.8487091064453,305.6432189941406,252.6314849853516,258.4451904296875,252.6845550537109,,0.4634360074996948,28.290000915527344,0.4564999938011169,285.3457946777344,186.11676025390625,37890.0703125,129.93092346191406,4.656047344207764,1.6002691984176636,89.3182,22.585,True,14,1,False
CL517,Rupsa,22.79,89.59,2022,8,2022-08-01,2022_08,Monsoon,-0.8660254037844385,-0.5000000000000004,330.3,207.8649444580078,307.2474060058594,272.6435852050781,245.63754272460935,253.28073120117188,308.167724609375,0.4051333963871002,29.690000534057617,0.5313000082969666,296.9412841796875,167.70323181152344,50599.09375,140.3240509033203,3.7103257179260254,1.5449576377868652,89.59,22.79,True,15,0,True
CL503,Chalna,22.6012,89.5195,2022,9,2022-09-01,2022_09,Monsoon,-1.0,-1.8369701987210294e-16,193.7,196.00503540039065,,159.04908752441406,269.3785095214844,401.9450988769531,258.4112243652344,0.4362044930458069,29.456666946411133,0.4724999964237213,293.9296264648437,,31467.640625,108.51805877685548,3.4914283752441406,1.7203952074050903,89.5195,22.6012,True,13,2,False
CL504,Dumuria,22.8093,89.4145,2022,9,2022-09-01,2022_09,Monsoon,-1.0,-1.8369701987210294e-16,67.0,190.1153717041016,265.8022155761719,140.71826171875,245.3402557373047,350.9325866699219,179.15061950683594,0.4058005511760711,28.729999542236328,0.7113000154495239,252.4130706787109,184.3089904785156,57738.24609375,152.4185333251953,5.504084587097168,1.9329872131347656,89.4145,22.8093,True,15,0,True
CL509,Kapilmuni,22.6887,89.3088,2022,9,2022-09-01,2022_09,Monsoon,-1.0,-1.8369701987210294e-16,222.4,,269.6726379394531,152.14109802246094,248.3469696044922,369.6722717285156,216.82318115234372,0.418611079454422,29.71999931335449,0.6298999786376953,,195.6683654785156,48315.43359375,157.5592803955078,4.3667826652526855,1.917250394821167,89.3088,22.6887,True,13,2,False
CL510,Khulna,22.8319,89.55,2022,9,2022-09-01,2022_09,Monsoon,-1.0,-1.8369701987210294e-16,211.0,192.85580444335935,266.2445678710937,157.4420166015625,246.66476440429688,347.6756591796875,184.53607177734372,0.4119191765785217,32.72999954223633,0.5310999751091003,252.92437744140625,172.7413330078125,56018.875,154.1371307373047,6.754478931427002,2.105170726776123,89.55,22.8319,True,15,0,True
CL515,Paikgacha,22.585,89.3182,2022,9,2022-09-01,2022_09,Monsoon,-1.0,-1.8369701987210294e-16,223.0,201.23709106445312,275.6376647949219,179.2904052734375,257.3223571777344,377.6834411621094,236.2179107666016,0.4461345374584198,29.07999992370605,0.4611000120639801,326.4734191894531,205.45233154296875,37890.0703125,129.93092346191406,4.656047344207764,1.6002691984176636,89.3182,22.585,True,15,0,True
CL517,Rupsa,22.79,89.59,2022,9,2022-09-01,2022_09,Monsoon,-1.0,-1.8369701987210294e-16,135.1,192.31283569335935,266.80291748046875,157.7290496826172,251.97276306152344,353.6736755371094,192.6928253173828,0.4135091602802276,29.290000915527344,0.6628000140190125,271.8057556152344,170.05372619628906,50599.09375,140.3240509033203,3.7103257179260254,1.5449576377868652,89.59,22.79,True,15,0,True
CL503,Chalna,22.6012,89.5195,2022,10,2022-10-01,2022_10,Post_Monsoon,-0.8660254037844386,0.5000000000000001,348.3,257.0621643066406,,277.5998840332031,234.2544860839844,324.2776184082031,368.2785339355469,0.3290375471115112,27.739999771118164,0.3713000118732452,543.3009033203125,,31467.640625,108.51805877685548,3.4914283752441406,1.7203952074050903,89.5195,22.6012,True,13,2,False
CL504,Dumuria,22.8093,89.4145,2022,10,2022-10-01,2022_10,Post_Monsoon,-0.8660254037844386,0.5000000000000001,266.6,258.0091247558594,207.9672393798828,249.01759338378903,220.70083618164065,250.1492919921875,282.9547119140625,0.2956860959529876,29.239999771118164,0.6851999759674072,395.6967468261719,185.8925323486328,57738.24609375,152.4185333251953,5.504084587097168,1.9329872131347656,89.4145,22.8093,True,15,0,True
CL509,Kapilmuni,22.6887,89.3088,2022,10,2022-10-01,2022_10,Post_Monsoon,-0.8660254037844386,0.5000000000000001,255.5,,213.32130432128903,235.5505523681641,262.1132202148437,220.34249877929688,278.9479064941406,0.2920324206352234,28.190000534057617,0.6657999753952026,,189.78732299804688,48315.43359375,157.5592803955078,4.3667826652526855,1.917250394821167,89.3088,22.6887,True,13,2,False
CL510,Khulna,22.8319,89.55,2022,10,2022-10-01,2022_10,Post_Monsoon,-0.8660254037844386,0.5000000000000001,228.2,271.9718933105469,212.17588806152344,261.1121826171875,203.68502807617188,329.8544006347656,325.7247619628906,0.3080991804599762,31.350000381469727,0.5006999969482422,436.1251220703125,188.54156494140625,56018.875,154.1371307373047,6.754478931427002,2.105170726776123,89.55,22.8319,True,15,0,True
CL515,Paikgacha,22.585,89.3182,2022,10,2022-10-01,2022_10,Post_Monsoon,-0.8660254037844386,0.5000000000000001,206.1,202.5789337158203,218.82650756835935,245.4065704345703,272.1405334472656,229.1591796875,302.3720092773437,0.3034633100032806,28.6299991607666,0.5200999975204468,464.931884765625,194.1694793701172,37890.0703125,129.93092346191406,4.656047344207764,1.6002691984176636,89.3182,22.585,True,15,0,True
CL517,Rupsa,22.79,89.59,2022,10,2022-10-01,2022_10,Post_Monsoon,-0.8660254037844386,0.5000000000000001,151.7,275.8905639648437,214.15773010253903,264.01617431640625,203.6875915527344,340.6053466796875,336.7845458984375,0.3268239796161651,28.559999465942383,0.625,478.1572265625,189.84451293945312,50599.09375,140.3240509033203,3.7103257179260254,1.5449576377868652,89.59,22.79,True,15,0,True
CL503,Chalna,22.6012,89.5195,2022,11,2022-11-01,2022_11,Post_Monsoon,-0.5000000000000004,0.8660254037844384,100.6,0.3420699834823608,,3.833998680114746,0.1100989207625389,1.3326722383499146,0.0131526561453938,0.0040000001899898,25.82999992370605,0.463699996471405,1.0,,31467.640625,108.51805877685548,3.4914283752441406,1.7203952074050903,89.5195,22.6012,True,13,2,False
CL504,Dumuria,22.8093,89.4145,2022,11,2022-11-01,2022_11,Post_Monsoon,-0.5000000000000004,0.8660254037844384,52.3,0.1539147049188614,0.6634384989738464,3.5451202392578125,0.2351424694061279,0.132012739777565,2.463172435760498,0.0036340281367301,26.959999084472656,0.6504999995231628,1.490703582763672,0.6897482872009277,57738.24609375,152.4185333251953,5.504084587097168,1.9329872131347656,89.4145,22.8093,True,15,0,True
CL509,Kapilmuni,22.6887,89.3088,2022,11,2022-11-01,2022_11,Post_Monsoon,-0.5000000000000004,0.8660254037844384,28.7,,0.908986270427704,4.014382362365723,0.106305681169033,0.0043418160639703,0.0132168754935264,0.004823740106076,26.5,0.5958999991416931,,0.7375218868255615,48315.43359375,157.5592803955078,4.3667826652526855,1.917250394821167,89.3088,22.6887,True,13,2,False
CL510,Khulna,22.8319,89.55,2022,11,2022-11-01,2022_11,Post_Monsoon,-0.5000000000000004,0.8660254037844384,68.0,0.6332443952560425,0.5307005047798157,3.451311588287353,0.327673852443695,0.8504470586776733,1.7329853773117063,0.0055817477405071,29.399999618530277,0.5049999952316284,5.160296440124512,0.5026537775993347,56018.875,154.1371307373047,6.754478931427002,2.105170726776123,89.55,22.8319,True,15,0,True
CL515,Paikgacha,22.585,89.3182,2022,11,2022-11-01,2022_11,Post_Monsoon,-0.5000000000000004,0.8660254037844384,64.7,0.0762774273753166,1.2224739789962769,4.296103000640869,0.0678732097148895,0.0133863175287842,0.0063239471055567,0.0063278838060796,26.05500030517578,0.4438999891281128,1.3051097393035889,0.8476375937461853,37890.0703125,129.93092346191406,4.656047344207764,1.6002691984176636,89.3182,22.585,True,15,0,True
CL517,Rupsa,22.79,89.59,2022,11,2022-11-01,2022_11,Post_Monsoon,-0.5000000000000004,0.8660254037844384,13.2,0.9043904542922974,0.5120521783828735,3.771698474884033,0.3058968782424927,1.4096187353134155,0.4360337555408478,0.0050204247236251,27.239999771118164,0.588100016117096,5.614558696746826,0.4447968602180481,50599.09375,140.3240509033203,3.7103257179260254,1.5449576377868652,89.59,22.79,True,15,0,True
CL503,Chalna,22.6012,89.5195,2022,12,2022-12-01,2022_12,Winter,-2.4492935982947064e-16,1.0,27.0,2.047838926315308,,2.58943510055542,1.2298686504364014,0.0817628055810928,0.041730523109436,0.000470176077215,23.39666748046875,0.7117999792098999,3.0837996006011963,,31467.640625,108.51805877685548,3.4914283752441406,1.7203952074050903,89.5195,22.6012,True,13,2,False
CL504,Dumuria,22.8093,89.4145,2022,12,2022-12-01,2022_12,Winter,-2.4492935982947064e-16,1.0,19.5,1.0,1.7877490520477295,2.708158493041992,1.0130122900009155,0.1397352963685989,0.1532533913850784,0.0010000000474974,23.239999771118164,0.539900004863739,5.863097667694092,1.1459739208221436,57738.24609375,152.4185333251953,5.504084587097168,1.9329872131347656,89.4145,22.8093,True,15,0,True
CL509,Kapilmuni,22.6887,89.3088,2022,12,2022-12-01,2022_12,Winter,-2.4492935982947064e-16,1.0,13.1,,1.9320721626281736,3.0312678813934326,0.7864340543746948,0.0,0.0259341467171907,0.0008364118402823,23.26499938964844,0.4580999910831451,,1.2579598426818848,48315.43359375,157.5592803955078,4.3667826652526855,1.917250394821167,89.3088,22.6887,True,13,2,False
CL510,Khulna,22.8319,89.55,2022,12,2022-12-01,2022_12,Winter,-2.4492935982947064e-16,1.0,30.8,7.824928283691406,1.9663872718811035,3.390418529510498,1.138564944267273,0.3434278964996338,0.0566296242177486,0.0010000000474974,24.9950008392334,0.4291999936103821,5.053096294403076,1.1129798889160156,56018.875,154.1371307373047,6.754478931427002,2.105170726776123,89.55,22.8319,True,15,0,True
CL515,Paikgacha,22.585,89.3182,2022,12,2022-12-01,2022_12,Winter,-2.4492935982947064e-16,1.0,28.4,0.9409499764442444,2.226848840713501,3.2446305751800537,0.7805312275886536,0.0,0.0137168671935796,0.0003803449799306,22.76499938964844,0.3851999938488006,1.813781976699829,1.5532903671264648,37890.0703125,129.93092346191406,4.656047344207764,1.6002691984176636,89.3182,22.585,True,15,0,True
CL517,Rupsa,22.79,89.59,2022,12,2022-12-01,2022_12,Winter,-2.4492935982947064e-16,1.0,3.4,2.4280049800872803,2.0417304039001465,2.289783000946045,1.2136143445968628,0.4493847489356994,0.0779671743512153,0.0010000000474974,23.25,0.4388999938964844,1.3353986740112305,1.1137367486953735,50599.09375,140.3240509033203,3.7103257179260254,1.5449576377868652,89.59,22.79,True,15,0,True
